[
  {
    "stopID": "8",
    "stopQueryTime": 1571276460646,
    "count": 0,
    "results": []
  },
  {
    "stopID": "9",
    "stopQueryTime": 1571276460665,
    "count": 0,
    "results": []
  },
  {
    "stopID": "2",
    "stopQueryTime": 1571276460712,
    "count": 0,
    "results": []
  },
  {
    "stopID": "4",
    "stopQueryTime": 1571276460753,
    "count": 0,
    "results": []
  },
  {
    "stopID": "3",
    "stopQueryTime": 1571276460755,
    "count": 0,
    "results": []
  },
  {
    "stopID": "19",
    "stopQueryTime": 1571276460758,
    "count": 0,
    "results": []
  },
  {
    "stopID": "29",
    "stopQueryTime": 1571276460760,
    "count": 0,
    "results": []
  },
  {
    "stopID": "23",
    "stopQueryTime": 1571276460762,
    "count": 0,
    "results": []
  },
  {
    "stopID": "13",
    "stopQueryTime": 1571276460769,
    "count": 0,
    "results": []
  },
  {
    "stopID": "12",
    "stopQueryTime": 1571276460770,
    "count": 0,
    "results": []
  },
  {
    "stopID": "34",
    "stopQueryTime": 1571276460778,
    "count": 0,
    "results": []
  },
  {
    "stopID": "7",
    "stopQueryTime": 1571276460782,
    "count": 0,
    "results": []
  },
  {
    "stopID": "14",
    "stopQueryTime": 1571276460784,
    "count": 0,
    "results": []
  },
  {
    "stopID": "42",
    "stopQueryTime": 1571276460788,
    "count": 0,
    "results": []
  },
  {
    "stopID": "33",
    "stopQueryTime": 1571276460789,
    "count": 0,
    "results": []
  },
  {
    "stopID": "5",
    "stopQueryTime": 1571276460791,
    "count": 0,
    "results": []
  },
  {
    "stopID": "25",
    "stopQueryTime": 1571276460799,
    "count": 0,
    "results": []
  },
  {
    "stopID": "20",
    "stopQueryTime": 1571276460802,
    "count": 0,
    "results": []
  },
  {
    "stopID": "21",
    "stopQueryTime": 1571276460806,
    "count": 0,
    "results": []
  },
  {
    "stopID": "39",
    "stopQueryTime": 1571276460809,
    "count": 0,
    "results": []
  },
  {
    "stopID": "27",
    "stopQueryTime": 1571276460810,
    "count": 0,
    "results": []
  },
  {
    "stopID": "15",
    "stopQueryTime": 1571276460818,
    "count": 0,
    "results": []
  },
  {
    "stopID": "54",
    "stopQueryTime": 1571276460820,
    "count": 0,
    "results": []
  },
  {
    "stopID": "44",
    "stopQueryTime": 1571276460822,
    "count": 0,
    "results": []
  },
  {
    "stopID": "43",
    "stopQueryTime": 1571276460823,
    "count": 0,
    "results": []
  },
  {
    "stopID": "50",
    "stopQueryTime": 1571276460828,
    "count": 0,
    "results": []
  },
  {
    "stopID": "22",
    "stopQueryTime": 1571276460829,
    "count": 0,
    "results": []
  },
  {
    "stopID": "18",
    "stopQueryTime": 1571276460831,
    "count": 0,
    "results": []
  },
  {
    "stopID": "51",
    "stopQueryTime": 1571276460840,
    "count": 0,
    "results": []
  },
  {
    "stopID": "45",
    "stopQueryTime": 1571276460849,
    "count": 0,
    "results": []
  },
  {
    "stopID": "26",
    "stopQueryTime": 1571276460851,
    "count": 0,
    "results": []
  },
  {
    "stopID": "36",
    "stopQueryTime": 1571276460852,
    "count": 0,
    "results": []
  },
  {
    "stopID": "53",
    "stopQueryTime": 1571276460853,
    "count": 0,
    "results": []
  },
  {
    "stopID": "48",
    "stopQueryTime": 1571276460855,
    "count": 0,
    "results": []
  },
  {
    "stopID": "28",
    "stopQueryTime": 1571276460860,
    "count": 0,
    "results": []
  },
  {
    "stopID": "37",
    "stopQueryTime": 1571276460861,
    "count": 0,
    "results": []
  },
  {
    "stopID": "10",
    "stopQueryTime": 1571276460874,
    "count": 0,
    "results": []
  },
  {
    "stopID": "1",
    "stopQueryTime": 1571276460880,
    "count": 0,
    "results": []
  },
  {
    "stopID": "30",
    "stopQueryTime": 1571276460881,
    "count": 0,
    "results": []
  },
  {
    "stopID": "17",
    "stopQueryTime": 1571276460882,
    "count": 0,
    "results": []
  },
  {
    "stopID": "35",
    "stopQueryTime": 1571276460884,
    "count": 0,
    "results": []
  },
  {
    "stopID": "11",
    "stopQueryTime": 1571276460888,
    "count": 0,
    "results": []
  },
  {
    "stopID": "32",
    "stopQueryTime": 1571276460892,
    "count": 0,
    "results": []
  },
  {
    "stopID": "6",
    "stopQueryTime": 1571276460897,
    "count": 0,
    "results": []
  },
  {
    "stopID": "16",
    "stopQueryTime": 1571276460899,
    "count": 0,
    "results": []
  },
  {
    "stopID": "38",
    "stopQueryTime": 1571276460909,
    "count": 0,
    "results": []
  },
  {
    "stopID": "24",
    "stopQueryTime": 1571276460911,
    "count": 0,
    "results": []
  },
  {
    "stopID": "46",
    "stopQueryTime": 1571276460912,
    "count": 0,
    "results": []
  },
  {
    "stopID": "31",
    "stopQueryTime": 1571276460913,
    "count": 0,
    "results": []
  },
  {
    "stopID": "40",
    "stopQueryTime": 1571276460921,
    "count": 0,
    "results": []
  },
  {
    "stopID": "56",
    "stopQueryTime": 1571276460922,
    "count": 0,
    "results": []
  },
  {
    "stopID": "49",
    "stopQueryTime": 1571276461107,
    "count": 0,
    "results": []
  },
  {
    "stopID": "55",
    "stopQueryTime": 1571276461109,
    "count": 0,
    "results": []
  },
  {
    "stopID": "57",
    "stopQueryTime": 1571276461112,
    "count": 0,
    "results": []
  },
  {
    "stopID": "47",
    "stopQueryTime": 1571276461114,
    "count": 0,
    "results": []
  },
  {
    "stopID": "58",
    "stopQueryTime": 1571276461115,
    "count": 0,
    "results": []
  },
  {
    "stopID": "52",
    "stopQueryTime": 1571276461127,
    "count": 0,
    "results": []
  }
]