[
  {
    "stopID": "7",
    "stopQueryTime": 1571280960277,
    "count": 0,
    "results": []
  },
  {
    "stopID": "18",
    "stopQueryTime": 1571280960279,
    "count": 0,
    "results": []
  },
  {
    "stopID": "10",
    "stopQueryTime": 1571280960281,
    "count": 0,
    "results": []
  },
  {
    "stopID": "15",
    "stopQueryTime": 1571280960299,
    "count": 0,
    "results": []
  },
  {
    "stopID": "12",
    "stopQueryTime": 1571280960308,
    "count": 0,
    "results": []
  },
  {
    "stopID": "4",
    "stopQueryTime": 1571280960338,
    "count": 0,
    "results": []
  },
  {
    "stopID": "6",
    "stopQueryTime": 1571280960509,
    "count": 0,
    "results": []
  },
  {
    "stopID": "5",
    "stopQueryTime": 1571280960510,
    "count": 0,
    "results": []
  },
  {
    "stopID": "3",
    "stopQueryTime": 1571280960521,
    "count": 0,
    "results": []
  },
  {
    "stopID": "8",
    "stopQueryTime": 1571280960541,
    "count": 0,
    "results": []
  },
  {
    "stopID": "26",
    "stopQueryTime": 1571280960548,
    "count": 0,
    "results": []
  },
  {
    "stopID": "33",
    "stopQueryTime": 1571280960556,
    "count": 0,
    "results": []
  },
  {
    "stopID": "36",
    "stopQueryTime": 1571280960786,
    "count": 0,
    "results": []
  },
  {
    "stopID": "43",
    "stopQueryTime": 1571280960792,
    "count": 0,
    "results": []
  },
  {
    "stopID": "46",
    "stopQueryTime": 1571280960802,
    "count": 0,
    "results": []
  },
  {
    "stopID": "21",
    "stopQueryTime": 1571280960832,
    "count": 0,
    "results": []
  },
  {
    "stopID": "30",
    "stopQueryTime": 1571280960840,
    "count": 0,
    "results": []
  },
  {
    "stopID": "42",
    "stopQueryTime": 1571280960843,
    "count": 0,
    "results": []
  },
  {
    "stopID": "17",
    "stopQueryTime": 1571280961040,
    "count": 0,
    "results": []
  },
  {
    "stopID": "44",
    "stopQueryTime": 1571280961041,
    "count": 0,
    "results": []
  },
  {
    "stopID": "23",
    "stopQueryTime": 1571280961048,
    "count": 0,
    "results": []
  },
  {
    "stopID": "40",
    "stopQueryTime": 1571280961098,
    "count": 0,
    "results": []
  },
  {
    "stopID": "9",
    "stopQueryTime": 1571280961100,
    "count": 0,
    "results": []
  },
  {
    "stopID": "49",
    "stopQueryTime": 1571280961104,
    "count": 0,
    "results": []
  },
  {
    "stopID": "31",
    "stopQueryTime": 1571280961280,
    "count": 0,
    "results": []
  },
  {
    "stopID": "47",
    "stopQueryTime": 1571280961282,
    "count": 0,
    "results": []
  },
  {
    "stopID": "32",
    "stopQueryTime": 1571280961289,
    "count": 0,
    "results": []
  },
  {
    "stopID": "22",
    "stopQueryTime": 1571280961368,
    "count": 0,
    "results": []
  },
  {
    "stopID": "34",
    "stopQueryTime": 1571280961376,
    "count": 0,
    "results": []
  },
  {
    "stopID": "27",
    "stopQueryTime": 1571280961385,
    "count": 0,
    "results": []
  },
  {
    "stopID": "45",
    "stopQueryTime": 1571280961614,
    "count": 0,
    "results": []
  },
  {
    "stopID": "38",
    "stopQueryTime": 1571280961623,
    "count": 0,
    "results": []
  },
  {
    "stopID": "37",
    "stopQueryTime": 1571280961635,
    "count": 0,
    "results": []
  },
  {
    "stopID": "14",
    "stopQueryTime": 1571280961642,
    "count": 0,
    "results": []
  },
  {
    "stopID": "39",
    "stopQueryTime": 1571280961643,
    "count": 0,
    "results": []
  },
  {
    "stopID": "19",
    "stopQueryTime": 1571280961645,
    "count": 0,
    "results": []
  },
  {
    "stopID": "11",
    "stopQueryTime": 1571280961646,
    "count": 0,
    "results": []
  },
  {
    "stopID": "35",
    "stopQueryTime": 1571280961650,
    "count": 0,
    "results": []
  },
  {
    "stopID": "25",
    "stopQueryTime": 1571280961676,
    "count": 0,
    "results": []
  },
  {
    "stopID": "48",
    "stopQueryTime": 1571280961690,
    "count": 0,
    "results": []
  },
  {
    "stopID": "24",
    "stopQueryTime": 1571280961701,
    "count": 0,
    "results": []
  },
  {
    "stopID": "13",
    "stopQueryTime": 1571280961780,
    "count": 0,
    "results": []
  },
  {
    "stopID": "20",
    "stopQueryTime": 1571280961786,
    "count": 0,
    "results": []
  },
  {
    "stopID": "1",
    "stopQueryTime": 1571280961803,
    "count": 0,
    "results": []
  },
  {
    "stopID": "2",
    "stopQueryTime": 1571280961981,
    "count": 0,
    "results": []
  },
  {
    "stopID": "52",
    "stopQueryTime": 1571280961995,
    "count": 0,
    "results": []
  },
  {
    "stopID": "16",
    "stopQueryTime": 1571280961997,
    "count": 0,
    "results": []
  },
  {
    "stopID": "29",
    "stopQueryTime": 1571280961998,
    "count": 0,
    "results": []
  },
  {
    "stopID": "28",
    "stopQueryTime": 1571280962006,
    "count": 0,
    "results": []
  },
  {
    "stopID": "51",
    "stopQueryTime": 1571280962007,
    "count": 0,
    "results": []
  },
  {
    "stopID": "54",
    "stopQueryTime": 1571280962009,
    "count": 0,
    "results": []
  },
  {
    "stopID": "50",
    "stopQueryTime": 1571280962017,
    "count": 0,
    "results": []
  },
  {
    "stopID": "58",
    "stopQueryTime": 1571280962050,
    "count": 0,
    "results": []
  },
  {
    "stopID": "56",
    "stopQueryTime": 1571280962053,
    "count": 0,
    "results": []
  },
  {
    "stopID": "53",
    "stopQueryTime": 1571280962068,
    "count": 0,
    "results": []
  },
  {
    "stopID": "55",
    "stopQueryTime": 1571280962094,
    "count": 0,
    "results": []
  },
  {
    "stopID": "57",
    "stopQueryTime": 1571280962096,
    "count": 0,
    "results": []
  }
]