[
  {
    "stopID": "15",
    "stopQueryTime": 1571280840301,
    "count": 0,
    "results": []
  },
  {
    "stopID": "4",
    "stopQueryTime": 1571280840311,
    "count": 0,
    "results": []
  },
  {
    "stopID": "17",
    "stopQueryTime": 1571280840318,
    "count": 0,
    "results": []
  },
  {
    "stopID": "22",
    "stopQueryTime": 1571280840321,
    "count": 0,
    "results": []
  },
  {
    "stopID": "10",
    "stopQueryTime": 1571280840324,
    "count": 0,
    "results": []
  },
  {
    "stopID": "12",
    "stopQueryTime": 1571280840326,
    "count": 0,
    "results": []
  },
  {
    "stopID": "5",
    "stopQueryTime": 1571280840349,
    "count": 0,
    "results": []
  },
  {
    "stopID": "26",
    "stopQueryTime": 1571280840572,
    "count": 0,
    "results": []
  },
  {
    "stopID": "11",
    "stopQueryTime": 1571280840579,
    "count": 0,
    "results": []
  },
  {
    "stopID": "3",
    "stopQueryTime": 1571280840583,
    "count": 0,
    "results": []
  },
  {
    "stopID": "27",
    "stopQueryTime": 1571280840588,
    "count": 0,
    "results": []
  },
  {
    "stopID": "1",
    "stopQueryTime": 1571280840591,
    "count": 0,
    "results": []
  },
  {
    "stopID": "40",
    "stopQueryTime": 1571280840592,
    "count": 0,
    "results": []
  },
  {
    "stopID": "7",
    "stopQueryTime": 1571280840600,
    "count": 0,
    "results": []
  },
  {
    "stopID": "6",
    "stopQueryTime": 1571280840879,
    "count": 0,
    "results": []
  },
  {
    "stopID": "13",
    "stopQueryTime": 1571280840880,
    "count": 0,
    "results": []
  },
  {
    "stopID": "8",
    "stopQueryTime": 1571280840885,
    "count": 0,
    "results": []
  },
  {
    "stopID": "44",
    "stopQueryTime": 1571280840888,
    "count": 0,
    "results": []
  },
  {
    "stopID": "29",
    "stopQueryTime": 1571280840890,
    "count": 0,
    "results": []
  },
  {
    "stopID": "2",
    "stopQueryTime": 1571280840899,
    "count": 0,
    "results": []
  },
  {
    "stopID": "16",
    "stopQueryTime": 1571280840905,
    "count": 0,
    "results": []
  },
  {
    "stopID": "14",
    "stopQueryTime": 1571280841145,
    "count": 0,
    "results": []
  },
  {
    "stopID": "35",
    "stopQueryTime": 1571280841147,
    "count": 0,
    "results": []
  },
  {
    "stopID": "21",
    "stopQueryTime": 1571280841154,
    "count": 0,
    "results": []
  },
  {
    "stopID": "39",
    "stopQueryTime": 1571280841157,
    "count": 0,
    "results": []
  },
  {
    "stopID": "36",
    "stopQueryTime": 1571280841163,
    "count": 0,
    "results": []
  },
  {
    "stopID": "34",
    "stopQueryTime": 1571280841169,
    "count": 0,
    "results": []
  },
  {
    "stopID": "19",
    "stopQueryTime": 1571280841176,
    "count": 0,
    "results": []
  },
  {
    "stopID": "37",
    "stopQueryTime": 1571280841378,
    "count": 0,
    "results": []
  },
  {
    "stopID": "30",
    "stopQueryTime": 1571280841387,
    "count": 0,
    "results": []
  },
  {
    "stopID": "9",
    "stopQueryTime": 1571280841388,
    "count": 0,
    "results": []
  },
  {
    "stopID": "20",
    "stopQueryTime": 1571280841397,
    "count": 0,
    "results": []
  },
  {
    "stopID": "24",
    "stopQueryTime": 1571280841399,
    "count": 0,
    "results": []
  },
  {
    "stopID": "42",
    "stopQueryTime": 1571280841413,
    "count": 0,
    "results": []
  },
  {
    "stopID": "25",
    "stopQueryTime": 1571280841441,
    "count": 0,
    "results": []
  },
  {
    "stopID": "47",
    "stopQueryTime": 1571280841626,
    "count": 0,
    "results": []
  },
  {
    "stopID": "31",
    "stopQueryTime": 1571280841629,
    "count": 0,
    "results": []
  },
  {
    "stopID": "45",
    "stopQueryTime": 1571280841637,
    "count": 0,
    "results": []
  },
  {
    "stopID": "46",
    "stopQueryTime": 1571280841647,
    "count": 0,
    "results": []
  },
  {
    "stopID": "32",
    "stopQueryTime": 1571280841660,
    "count": 0,
    "results": []
  },
  {
    "stopID": "54",
    "stopQueryTime": 1571280841672,
    "count": 0,
    "results": []
  },
  {
    "stopID": "18",
    "stopQueryTime": 1571280841720,
    "count": 0,
    "results": []
  },
  {
    "stopID": "23",
    "stopQueryTime": 1571280841930,
    "count": 0,
    "results": []
  },
  {
    "stopID": "49",
    "stopQueryTime": 1571280841935,
    "count": 0,
    "results": []
  },
  {
    "stopID": "48",
    "stopQueryTime": 1571280841939,
    "count": 0,
    "results": []
  },
  {
    "stopID": "51",
    "stopQueryTime": 1571280841950,
    "count": 0,
    "results": []
  },
  {
    "stopID": "57",
    "stopQueryTime": 1571280841965,
    "count": 0,
    "results": []
  },
  {
    "stopID": "52",
    "stopQueryTime": 1571280841969,
    "count": 0,
    "results": []
  },
  {
    "stopID": "53",
    "stopQueryTime": 1571280841974,
    "count": 0,
    "results": []
  },
  {
    "stopID": "28",
    "stopQueryTime": 1571280842178,
    "count": 0,
    "results": []
  },
  {
    "stopID": "38",
    "stopQueryTime": 1571280842184,
    "count": 0,
    "results": []
  },
  {
    "stopID": "56",
    "stopQueryTime": 1571280842195,
    "count": 0,
    "results": []
  },
  {
    "stopID": "55",
    "stopQueryTime": 1571280842204,
    "count": 0,
    "results": []
  },
  {
    "stopID": "58",
    "stopQueryTime": 1571280842225,
    "count": 0,
    "results": []
  },
  {
    "stopID": "43",
    "stopQueryTime": 1571280842228,
    "count": 0,
    "results": []
  },
  {
    "stopID": "33",
    "stopQueryTime": 1571280842237,
    "count": 0,
    "results": []
  },
  {
    "stopID": "50",
    "stopQueryTime": 1571280842402,
    "count": 0,
    "results": []
  }
]