[
  {
    "stopID": "8",
    "stopQueryTime": 1571280360489,
    "count": 0,
    "results": []
  },
  {
    "stopID": "13",
    "stopQueryTime": 1571280360515,
    "count": 0,
    "results": []
  },
  {
    "stopID": "17",
    "stopQueryTime": 1571280360522,
    "count": 0,
    "results": []
  },
  {
    "stopID": "11",
    "stopQueryTime": 1571280360533,
    "count": 0,
    "results": []
  },
  {
    "stopID": "6",
    "stopQueryTime": 1571280360541,
    "count": 0,
    "results": []
  },
  {
    "stopID": "33",
    "stopQueryTime": 1571280360680,
    "count": 0,
    "results": []
  },
  {
    "stopID": "5",
    "stopQueryTime": 1571280360682,
    "count": 0,
    "results": []
  },
  {
    "stopID": "22",
    "stopQueryTime": 1571280360689,
    "count": 0,
    "results": []
  },
  {
    "stopID": "3",
    "stopQueryTime": 1571280360702,
    "count": 0,
    "results": []
  },
  {
    "stopID": "1",
    "stopQueryTime": 1571280360712,
    "count": 0,
    "results": []
  },
  {
    "stopID": "26",
    "stopQueryTime": 1571280360717,
    "count": 0,
    "results": []
  },
  {
    "stopID": "2",
    "stopQueryTime": 1571280360897,
    "count": 0,
    "results": []
  },
  {
    "stopID": "43",
    "stopQueryTime": 1571280360922,
    "count": 0,
    "results": []
  },
  {
    "stopID": "12",
    "stopQueryTime": 1571280360933,
    "count": 0,
    "results": []
  },
  {
    "stopID": "29",
    "stopQueryTime": 1571280360944,
    "count": 0,
    "results": []
  },
  {
    "stopID": "25",
    "stopQueryTime": 1571280360950,
    "count": 0,
    "results": []
  },
  {
    "stopID": "27",
    "stopQueryTime": 1571280361122,
    "count": 0,
    "results": []
  },
  {
    "stopID": "23",
    "stopQueryTime": 1571280361142,
    "count": 0,
    "results": []
  },
  {
    "stopID": "32",
    "stopQueryTime": 1571280361145,
    "count": 0,
    "results": []
  },
  {
    "stopID": "35",
    "stopQueryTime": 1571280361164,
    "count": 0,
    "results": []
  },
  {
    "stopID": "30",
    "stopQueryTime": 1571280361172,
    "count": 0,
    "results": []
  },
  {
    "stopID": "54",
    "stopQueryTime": 1571280361191,
    "count": 0,
    "results": []
  },
  {
    "stopID": "19",
    "stopQueryTime": 1571280361318,
    "count": 0,
    "results": []
  },
  {
    "stopID": "28",
    "stopQueryTime": 1571280361382,
    "count": 0,
    "results": []
  },
  {
    "stopID": "39",
    "stopQueryTime": 1571280361444,
    "count": 0,
    "results": []
  },
  {
    "stopID": "18",
    "stopQueryTime": 1571280361449,
    "count": 0,
    "results": []
  },
  {
    "stopID": "15",
    "stopQueryTime": 1571280361459,
    "count": 0,
    "results": []
  },
  {
    "stopID": "14",
    "stopQueryTime": 1571280361749,
    "count": 0,
    "results": []
  },
  {
    "stopID": "4",
    "stopQueryTime": 1571280361783,
    "count": 0,
    "results": []
  },
  {
    "stopID": "21",
    "stopQueryTime": 1571280361806,
    "count": 0,
    "results": []
  },
  {
    "stopID": "37",
    "stopQueryTime": 1571280361820,
    "count": 0,
    "results": []
  },
  {
    "stopID": "10",
    "stopQueryTime": 1571280361822,
    "count": 0,
    "results": []
  },
  {
    "stopID": "34",
    "stopQueryTime": 1571280361829,
    "count": 0,
    "results": []
  },
  {
    "stopID": "9",
    "stopQueryTime": 1571280361832,
    "count": 0,
    "results": []
  },
  {
    "stopID": "20",
    "stopQueryTime": 1571280361857,
    "count": 0,
    "results": []
  },
  {
    "stopID": "49",
    "stopQueryTime": 1571280361870,
    "count": 0,
    "results": []
  },
  {
    "stopID": "36",
    "stopQueryTime": 1571280361879,
    "count": 0,
    "results": []
  },
  {
    "stopID": "38",
    "stopQueryTime": 1571280361901,
    "count": 0,
    "results": []
  },
  {
    "stopID": "40",
    "stopQueryTime": 1571280362203,
    "count": 0,
    "results": []
  },
  {
    "stopID": "47",
    "stopQueryTime": 1571280362233,
    "count": 0,
    "results": []
  },
  {
    "stopID": "57",
    "stopQueryTime": 1571280362243,
    "count": 0,
    "results": []
  },
  {
    "stopID": "31",
    "stopQueryTime": 1571280362253,
    "count": 0,
    "results": []
  },
  {
    "stopID": "44",
    "stopQueryTime": 1571280362260,
    "count": 0,
    "results": []
  },
  {
    "stopID": "24",
    "stopQueryTime": 1571280362263,
    "count": 0,
    "results": []
  },
  {
    "stopID": "46",
    "stopQueryTime": 1571280362264,
    "count": 0,
    "results": []
  },
  {
    "stopID": "7",
    "stopQueryTime": 1571280362266,
    "count": 0,
    "results": []
  },
  {
    "stopID": "16",
    "stopQueryTime": 1571280362311,
    "count": 0,
    "results": []
  },
  {
    "stopID": "50",
    "stopQueryTime": 1571280362365,
    "count": 0,
    "results": []
  },
  {
    "stopID": "55",
    "stopQueryTime": 1571280362386,
    "count": 0,
    "results": []
  },
  {
    "stopID": "48",
    "stopQueryTime": 1571280362571,
    "count": 0,
    "results": []
  },
  {
    "stopID": "52",
    "stopQueryTime": 1571280362606,
    "count": 0,
    "results": []
  },
  {
    "stopID": "53",
    "stopQueryTime": 1571280362612,
    "count": 0,
    "results": []
  },
  {
    "stopID": "58",
    "stopQueryTime": 1571280362618,
    "count": 0,
    "results": []
  },
  {
    "stopID": "42",
    "stopQueryTime": 1571280362639,
    "count": 0,
    "results": []
  },
  {
    "stopID": "45",
    "stopQueryTime": 1571280362687,
    "count": 0,
    "results": []
  },
  {
    "stopID": "51",
    "stopQueryTime": 1571280362726,
    "count": 0,
    "results": []
  },
  {
    "stopID": "56",
    "stopQueryTime": 1571280362728,
    "count": 0,
    "results": []
  }
]