[
  {
    "stopID": "4",
    "stopQueryTime": 1571282760704,
    "count": 0,
    "results": []
  },
  {
    "stopID": "9",
    "stopQueryTime": 1571282760757,
    "count": 0,
    "results": []
  },
  {
    "stopID": "26",
    "stopQueryTime": 1571282760766,
    "count": 0,
    "results": []
  },
  {
    "stopID": "14",
    "stopQueryTime": 1571282760768,
    "count": 0,
    "results": []
  },
  {
    "stopID": "36",
    "stopQueryTime": 1571282760778,
    "count": 0,
    "results": []
  },
  {
    "stopID": "18",
    "stopQueryTime": 1571282760781,
    "count": 0,
    "results": []
  },
  {
    "stopID": "25",
    "stopQueryTime": 1571282760785,
    "count": 0,
    "results": []
  },
  {
    "stopID": "12",
    "stopQueryTime": 1571282760798,
    "count": 0,
    "results": []
  },
  {
    "stopID": "30",
    "stopQueryTime": 1571282760800,
    "count": 0,
    "results": []
  },
  {
    "stopID": "19",
    "stopQueryTime": 1571282760802,
    "count": 0,
    "results": []
  },
  {
    "stopID": "24",
    "stopQueryTime": 1571282760803,
    "count": 0,
    "results": []
  },
  {
    "stopID": "23",
    "stopQueryTime": 1571282760805,
    "count": 0,
    "results": []
  },
  {
    "stopID": "35",
    "stopQueryTime": 1571282760812,
    "count": 0,
    "results": []
  },
  {
    "stopID": "2",
    "stopQueryTime": 1571282760814,
    "count": 0,
    "results": []
  },
  {
    "stopID": "17",
    "stopQueryTime": 1571282760815,
    "count": 0,
    "results": []
  },
  {
    "stopID": "11",
    "stopQueryTime": 1571282760849,
    "count": 0,
    "results": []
  },
  {
    "stopID": "13",
    "stopQueryTime": 1571282760850,
    "count": 0,
    "results": []
  },
  {
    "stopID": "8",
    "stopQueryTime": 1571282760852,
    "count": 0,
    "results": []
  },
  {
    "stopID": "10",
    "stopQueryTime": 1571282760858,
    "count": 0,
    "results": []
  },
  {
    "stopID": "33",
    "stopQueryTime": 1571282760860,
    "count": 0,
    "results": []
  },
  {
    "stopID": "27",
    "stopQueryTime": 1571282760876,
    "count": 0,
    "results": []
  },
  {
    "stopID": "20",
    "stopQueryTime": 1571282760885,
    "count": 0,
    "results": []
  },
  {
    "stopID": "38",
    "stopQueryTime": 1571282760887,
    "count": 0,
    "results": []
  },
  {
    "stopID": "22",
    "stopQueryTime": 1571282760890,
    "count": 0,
    "results": []
  },
  {
    "stopID": "31",
    "stopQueryTime": 1571282760896,
    "count": 0,
    "results": []
  },
  {
    "stopID": "54",
    "stopQueryTime": 1571282760897,
    "count": 0,
    "results": []
  },
  {
    "stopID": "46",
    "stopQueryTime": 1571282760899,
    "count": 0,
    "results": []
  },
  {
    "stopID": "15",
    "stopQueryTime": 1571282760900,
    "count": 0,
    "results": []
  },
  {
    "stopID": "34",
    "stopQueryTime": 1571282760905,
    "count": 0,
    "results": []
  },
  {
    "stopID": "7",
    "stopQueryTime": 1571282760908,
    "count": 0,
    "results": []
  },
  {
    "stopID": "21",
    "stopQueryTime": 1571282760915,
    "count": 0,
    "results": []
  },
  {
    "stopID": "52",
    "stopQueryTime": 1571282760916,
    "count": 0,
    "results": []
  },
  {
    "stopID": "44",
    "stopQueryTime": 1571282760918,
    "count": 0,
    "results": []
  },
  {
    "stopID": "16",
    "stopQueryTime": 1571282760928,
    "count": 0,
    "results": []
  },
  {
    "stopID": "6",
    "stopQueryTime": 1571282760930,
    "count": 0,
    "results": []
  },
  {
    "stopID": "1",
    "stopQueryTime": 1571282760941,
    "count": 0,
    "results": []
  },
  {
    "stopID": "3",
    "stopQueryTime": 1571282760948,
    "count": 0,
    "results": []
  },
  {
    "stopID": "29",
    "stopQueryTime": 1571282760950,
    "count": 0,
    "results": []
  },
  {
    "stopID": "53",
    "stopQueryTime": 1571282760952,
    "count": 0,
    "results": []
  },
  {
    "stopID": "39",
    "stopQueryTime": 1571282760953,
    "count": 0,
    "results": []
  },
  {
    "stopID": "43",
    "stopQueryTime": 1571282760953,
    "count": 0,
    "results": []
  },
  {
    "stopID": "42",
    "stopQueryTime": 1571282760960,
    "count": 0,
    "results": []
  },
  {
    "stopID": "58",
    "stopQueryTime": 1571282760961,
    "count": 0,
    "results": []
  },
  {
    "stopID": "48",
    "stopQueryTime": 1571282760967,
    "count": 0,
    "results": []
  },
  {
    "stopID": "28",
    "stopQueryTime": 1571282760968,
    "count": 0,
    "results": []
  },
  {
    "stopID": "55",
    "stopQueryTime": 1571282760971,
    "count": 0,
    "results": []
  },
  {
    "stopID": "45",
    "stopQueryTime": 1571282760971,
    "count": 0,
    "results": []
  },
  {
    "stopID": "49",
    "stopQueryTime": 1571282760977,
    "count": 0,
    "results": []
  },
  {
    "stopID": "37",
    "stopQueryTime": 1571282760979,
    "count": 0,
    "results": []
  },
  {
    "stopID": "50",
    "stopQueryTime": 1571282760981,
    "count": 0,
    "results": []
  },
  {
    "stopID": "32",
    "stopQueryTime": 1571282760989,
    "count": 0,
    "results": []
  },
  {
    "stopID": "57",
    "stopQueryTime": 1571282760991,
    "count": 0,
    "results": []
  },
  {
    "stopID": "51",
    "stopQueryTime": 1571282761007,
    "count": 0,
    "results": []
  },
  {
    "stopID": "5",
    "stopQueryTime": 1571282761010,
    "count": 0,
    "results": []
  },
  {
    "stopID": "56",
    "stopQueryTime": 1571282761012,
    "count": 0,
    "results": []
  },
  {
    "stopID": "47",
    "stopQueryTime": 1571282761013,
    "count": 0,
    "results": []
  },
  {
    "stopID": "40",
    "stopQueryTime": 1571282761014,
    "count": 0,
    "results": []
  }
]