[
  {
    "stopID": "14",
    "stopQueryTime": 1571285640776,
    "count": 0,
    "results": []
  },
  {
    "stopID": "19",
    "stopQueryTime": 1571285640782,
    "count": 0,
    "results": []
  },
  {
    "stopID": "5",
    "stopQueryTime": 1571285640803,
    "count": 1,
    "results": [
      {
        "Direction": "Outbound",
        "Destination": "Tallaght",
        "Time": "00:17:27",
        "AVLS": "00:18:07",
        "Tram": "4004",
        "Action": "d",
        "Msg Sent": "17/10/2019 05:13:54",
        "Msg Received": "17/10/2019 05:13:54",
        "Msg Processed": "17/10/2019 05:13:54",
        "XML ID": "79",
        "Total Lag": "0.0708423",
        "Create Lag": "0.0395759",
        "Process Lag": "0.0312664"
      }
    ]
  },
  {
    "stopID": "25",
    "stopQueryTime": 1571285640812,
    "count": 1,
    "results": [
      {
        "Direction": "Outbound",
        "Destination": "Bride's Glen",
        "Time": "00:17:25",
        "AVLS": "00:18:05",
        "Tram": "5021",
        "Action": "a",
        "Msg Sent": "17/10/2019 05:13:54",
        "Msg Received": "17/10/2019 05:13:54",
        "Msg Processed": "17/10/2019 05:13:54",
        "XML ID": "79",
        "Total Lag": "0.1177163",
        "Create Lag": "0.0395759",
        "Process Lag": "0.0781404"
      }
    ]
  },
  {
    "stopID": "16",
    "stopQueryTime": 1571285640824,
    "count": 0,
    "results": []
  },
  {
    "stopID": "29",
    "stopQueryTime": 1571285640832,
    "count": 0,
    "results": []
  },
  {
    "stopID": "23",
    "stopQueryTime": 1571285640861,
    "count": 0,
    "results": []
  },
  {
    "stopID": "45",
    "stopQueryTime": 1571285640863,
    "count": 0,
    "results": []
  },
  {
    "stopID": "8",
    "stopQueryTime": 1571285640865,
    "count": 0,
    "results": []
  },
  {
    "stopID": "17",
    "stopQueryTime": 1571285640878,
    "count": 0,
    "results": []
  },
  {
    "stopID": "10",
    "stopQueryTime": 1571285640880,
    "count": 0,
    "results": []
  },
  {
    "stopID": "18",
    "stopQueryTime": 1571285640886,
    "count": 0,
    "results": []
  },
  {
    "stopID": "31",
    "stopQueryTime": 1571285640897,
    "count": 0,
    "results": []
  },
  {
    "stopID": "30",
    "stopQueryTime": 1571285640906,
    "count": 0,
    "results": []
  },
  {
    "stopID": "40",
    "stopQueryTime": 1571285640908,
    "count": 0,
    "results": []
  },
  {
    "stopID": "11",
    "stopQueryTime": 1571285640910,
    "count": 0,
    "results": []
  },
  {
    "stopID": "7",
    "stopQueryTime": 1571285640911,
    "count": 0,
    "results": []
  },
  {
    "stopID": "53",
    "stopQueryTime": 1571285640919,
    "count": 0,
    "results": []
  },
  {
    "stopID": "42",
    "stopQueryTime": 1571285640923,
    "count": 0,
    "results": []
  },
  {
    "stopID": "33",
    "stopQueryTime": 1571285640926,
    "count": 0,
    "results": []
  },
  {
    "stopID": "15",
    "stopQueryTime": 1571285640934,
    "count": 0,
    "results": []
  },
  {
    "stopID": "51",
    "stopQueryTime": 1571285640936,
    "count": 0,
    "results": []
  },
  {
    "stopID": "24",
    "stopQueryTime": 1571285640945,
    "count": 1,
    "results": [
      {
        "Direction": "Outbound",
        "Destination": "Bride's Glen",
        "Time": "00:15:27",
        "AVLS": "00:16:07",
        "Tram": "5021",
        "Action": "d",
        "Msg Sent": "17/10/2019 05:13:54",
        "Msg Received": "17/10/2019 05:13:54",
        "Msg Processed": "17/10/2019 05:13:54",
        "XML ID": "79",
        "Total Lag": "0.1177163",
        "Create Lag": "0.0395759",
        "Process Lag": "0.0781404"
      }
    ]
  },
  {
    "stopID": "47",
    "stopQueryTime": 1571285640956,
    "count": 1,
    "results": [
      {
        "Direction": "Inbound",
        "Destination": "Broombridge",
        "Time": "00:16:35",
        "AVLS": "00:17:15",
        "Tram": "5011",
        "Action": "a",
        "Msg Sent": "17/10/2019 05:13:54",
        "Msg Received": "17/10/2019 05:13:54",
        "Msg Processed": "17/10/2019 05:13:54",
        "XML ID": "79",
        "Total Lag": "0.1020801",
        "Create Lag": "0.0395759",
        "Process Lag": "0.0625042"
      }
    ]
  },
  {
    "stopID": "49",
    "stopQueryTime": 1571285640958,
    "count": 0,
    "results": []
  },
  {
    "stopID": "9",
    "stopQueryTime": 1571285640962,
    "count": 0,
    "results": []
  },
  {
    "stopID": "38",
    "stopQueryTime": 1571285640998,
    "count": 1,
    "results": [
      {
        "Direction": "Outbound",
        "Destination": "Bride's Glen",
        "Time": "00:16:28",
        "AVLS": "00:17:08",
        "Tram": "5006",
        "Action": "a",
        "Msg Sent": "17/10/2019 05:13:54",
        "Msg Received": "17/10/2019 05:13:54",
        "Msg Processed": "17/10/2019 05:13:54",
        "XML ID": "79",
        "Total Lag": "0.0708423",
        "Create Lag": "0.0395759",
        "Process Lag": "0.0312664"
      }
    ]
  },
  {
    "stopID": "50",
    "stopQueryTime": 1571285641005,
    "count": 0,
    "results": []
  },
  {
    "stopID": "6",
    "stopQueryTime": 1571285641007,
    "count": 0,
    "results": []
  },
  {
    "stopID": "3",
    "stopQueryTime": 1571285641011,
    "count": 1,
    "results": [
      {
        "Direction": "Inbound",
        "Destination": "The Point",
        "Time": "00:18:22",
        "AVLS": "00:19:02",
        "Tram": "3018",
        "Action": "a",
        "Msg Sent": "17/10/2019 05:13:54",
        "Msg Received": "17/10/2019 05:13:54",
        "Msg Processed": "17/10/2019 05:13:54",
        "XML ID": "79",
        "Total Lag": "0.1020801",
        "Create Lag": "0.0395759",
        "Process Lag": "0.0625042"
      }
    ]
  },
  {
    "stopID": "39",
    "stopQueryTime": 1571285641015,
    "count": 1,
    "results": [
      {
        "Direction": "Outbound",
        "Destination": "Bride's Glen",
        "Time": "00:18:13",
        "AVLS": "00:18:53",
        "Tram": "5006",
        "Action": "a",
        "Msg Sent": "17/10/2019 05:13:54",
        "Msg Received": "17/10/2019 05:13:54",
        "Msg Processed": "17/10/2019 05:13:54",
        "XML ID": "79",
        "Total Lag": "0.0864565",
        "Create Lag": "0.0395759",
        "Process Lag": "0.0468806"
      }
    ]
  },
  {
    "stopID": "27",
    "stopQueryTime": 1571285641016,
    "count": 0,
    "results": []
  },
  {
    "stopID": "12",
    "stopQueryTime": 1571285641024,
    "count": 0,
    "results": []
  },
  {
    "stopID": "37",
    "stopQueryTime": 1571285641032,
    "count": 1,
    "results": [
      {
        "Direction": "Outbound",
        "Destination": "Bride's Glen",
        "Time": "00:15:00",
        "AVLS": "00:15:40",
        "Tram": "5006",
        "Action": "a",
        "Msg Sent": "17/10/2019 05:13:54",
        "Msg Received": "17/10/2019 05:13:54",
        "Msg Processed": "17/10/2019 05:13:54",
        "XML ID": "79",
        "Total Lag": "0.0708423",
        "Create Lag": "0.0395759",
        "Process Lag": "0.0312664"
      }
    ]
  },
  {
    "stopID": "4",
    "stopQueryTime": 1571285641034,
    "count": 0,
    "results": []
  },
  {
    "stopID": "55",
    "stopQueryTime": 1571285641036,
    "count": 1,
    "results": [
      {
        "Direction": "Outbound",
        "Destination": "Tallaght",
        "Time": "00:18:34",
        "AVLS": "00:19:14",
        "Tram": "3013",
        "Action": "a",
        "Msg Sent": "17/10/2019 05:13:57",
        "Msg Received": "17/10/2019 05:13:57",
        "Msg Processed": "17/10/2019 05:13:57",
        "XML ID": "80",
        "Total Lag": "0.0395807",
        "Create Lag": "0.0395807",
        "Process Lag": "0"
      }
    ]
  },
  {
    "stopID": "57",
    "stopQueryTime": 1571285641038,
    "count": 1,
    "results": [
      {
        "Direction": "Outbound",
        "Destination": "Tallaght",
        "Time": "00:15:56",
        "AVLS": "00:16:36",
        "Tram": "3013",
        "Action": "d",
        "Msg Sent": "17/10/2019 05:13:57",
        "Msg Received": "17/10/2019 05:13:57",
        "Msg Processed": "17/10/2019 05:13:57",
        "XML ID": "80",
        "Total Lag": "0.0395807",
        "Create Lag": "0.0395807",
        "Process Lag": "0"
      }
    ]
  },
  {
    "stopID": "32",
    "stopQueryTime": 1571285641039,
    "count": 0,
    "results": []
  },
  {
    "stopID": "2",
    "stopQueryTime": 1571285641041,
    "count": 1,
    "results": [
      {
        "Direction": "Inbound",
        "Destination": "The Point",
        "Time": "00:16:41",
        "AVLS": "00:17:21",
        "Tram": "3018",
        "Action": "a",
        "Msg Sent": "17/10/2019 05:13:54",
        "Msg Received": "17/10/2019 05:13:54",
        "Msg Processed": "17/10/2019 05:13:54",
        "XML ID": "79",
        "Total Lag": "0.1020801",
        "Create Lag": "0.0395759",
        "Process Lag": "0.0625042"
      }
    ]
  },
  {
    "stopID": "1",
    "stopQueryTime": 1571285641043,
    "count": 1,
    "results": [
      {
        "Direction": "Inbound",
        "Destination": "The Point",
        "Time": "00:15:27",
        "AVLS": "00:16:07",
        "Tram": "3018",
        "Action": "d",
        "Msg Sent": "17/10/2019 05:13:54",
        "Msg Received": "17/10/2019 05:13:54",
        "Msg Processed": "17/10/2019 05:13:54",
        "XML ID": "79",
        "Total Lag": "0.0864565",
        "Create Lag": "0.0395759",
        "Process Lag": "0.0468806"
      }
    ]
  },
  {
    "stopID": "36",
    "stopQueryTime": 1571285641052,
    "count": 2,
    "results": [
      {
        "Direction": "Inbound",
        "Destination": "Broombridge",
        "Time": "00:15:27",
        "AVLS": "00:16:07",
        "Tram": "3020",
        "Action": "d",
        "Msg Sent": "17/10/2019 05:13:54",
        "Msg Received": "17/10/2019 05:13:54",
        "Msg Processed": "17/10/2019 05:13:54",
        "XML ID": "79",
        "Total Lag": "0.0395759",
        "Create Lag": "0.0395759",
        "Process Lag": "0"
      },
      {
        "Direction": "Outbound",
        "Destination": "Bride's Glen",
        "Time": "00:12:27",
        "AVLS": "00:13:07",
        "Tram": "5006",
        "Action": "d",
        "Msg Sent": "17/10/2019 05:13:54",
        "Msg Received": "17/10/2019 05:13:54",
        "Msg Processed": "17/10/2019 05:13:54",
        "XML ID": "79",
        "Total Lag": "0.0708423",
        "Create Lag": "0.0395759",
        "Process Lag": "0.0312664"
      }
    ]
  },
  {
    "stopID": "44",
    "stopQueryTime": 1571285641054,
    "count": 0,
    "results": []
  },
  {
    "stopID": "35",
    "stopQueryTime": 1571285641066,
    "count": 1,
    "results": [
      {
        "Direction": "Inbound",
        "Destination": "Broombridge",
        "Time": "00:17:02",
        "AVLS": "00:17:42",
        "Tram": "3020",
        "Action": "a",
        "Msg Sent": "17/10/2019 05:13:54",
        "Msg Received": "17/10/2019 05:13:54",
        "Msg Processed": "17/10/2019 05:13:54",
        "XML ID": "79",
        "Total Lag": "0.0552154",
        "Create Lag": "0.0395759",
        "Process Lag": "0.0156395"
      }
    ]
  },
  {
    "stopID": "22",
    "stopQueryTime": 1571285641068,
    "count": 0,
    "results": []
  },
  {
    "stopID": "26",
    "stopQueryTime": 1571285641071,
    "count": 0,
    "results": []
  },
  {
    "stopID": "28",
    "stopQueryTime": 1571285641082,
    "count": 0,
    "results": []
  },
  {
    "stopID": "13",
    "stopQueryTime": 1571285641084,
    "count": 0,
    "results": []
  },
  {
    "stopID": "54",
    "stopQueryTime": 1571285641094,
    "count": 0,
    "results": []
  },
  {
    "stopID": "21",
    "stopQueryTime": 1571285641095,
    "count": 0,
    "results": []
  },
  {
    "stopID": "20",
    "stopQueryTime": 1571285641101,
    "count": 0,
    "results": []
  },
  {
    "stopID": "43",
    "stopQueryTime": 1571285641103,
    "count": 0,
    "results": []
  },
  {
    "stopID": "58",
    "stopQueryTime": 1571285641104,
    "count": 0,
    "results": []
  },
  {
    "stopID": "52",
    "stopQueryTime": 1571285641105,
    "count": 0,
    "results": []
  },
  {
    "stopID": "34",
    "stopQueryTime": 1571285641111,
    "count": 1,
    "results": [
      {
        "Direction": "Inbound",
        "Destination": "Broombridge",
        "Time": "00:19:02",
        "AVLS": "00:19:42",
        "Tram": "3020",
        "Action": "a",
        "Msg Sent": "17/10/2019 05:13:54",
        "Msg Received": "17/10/2019 05:13:54",
        "Msg Processed": "17/10/2019 05:13:54",
        "XML ID": "79",
        "Total Lag": "0.0708423",
        "Create Lag": "0.0395759",
        "Process Lag": "0.0312664"
      }
    ]
  },
  {
    "stopID": "46",
    "stopQueryTime": 1571285641113,
    "count": 1,
    "results": [
      {
        "Direction": "Inbound",
        "Destination": "Broombridge",
        "Time": "00:18:36",
        "AVLS": "00:19:16",
        "Tram": "5011",
        "Action": "a",
        "Msg Sent": "17/10/2019 05:13:54",
        "Msg Received": "17/10/2019 05:13:54",
        "Msg Processed": "17/10/2019 05:13:54",
        "XML ID": "79",
        "Total Lag": "0.1020801",
        "Create Lag": "0.0395759",
        "Process Lag": "0.0625042"
      }
    ]
  },
  {
    "stopID": "56",
    "stopQueryTime": 1571285641116,
    "count": 1,
    "results": [
      {
        "Direction": "Outbound",
        "Destination": "Tallaght",
        "Time": "00:16:35",
        "AVLS": "00:17:15",
        "Tram": "3013",
        "Action": "a",
        "Msg Sent": "17/10/2019 05:13:57",
        "Msg Received": "17/10/2019 05:13:57",
        "Msg Processed": "17/10/2019 05:13:57",
        "XML ID": "80",
        "Total Lag": "0.0395807",
        "Create Lag": "0.0395807",
        "Process Lag": "0"
      }
    ]
  },
  {
    "stopID": "48",
    "stopQueryTime": 1571285641117,
    "count": 1,
    "results": [
      {
        "Direction": "Inbound",
        "Destination": "Broombridge",
        "Time": "00:15:27",
        "AVLS": "00:16:07",
        "Tram": "5011",
        "Action": "d",
        "Msg Sent": "17/10/2019 05:13:54",
        "Msg Received": "17/10/2019 05:13:54",
        "Msg Processed": "17/10/2019 05:13:54",
        "XML ID": "79",
        "Total Lag": "0.1020801",
        "Create Lag": "0.0395759",
        "Process Lag": "0.0625042"
      }
    ]
  }
]