[
  {
    "stopID": "17",
    "stopQueryTime": 1571286120790,
    "count": 0,
    "results": []
  },
  {
    "stopID": "18",
    "stopQueryTime": 1571286120797,
    "count": 0,
    "results": []
  },
  {
    "stopID": "19",
    "stopQueryTime": 1571286120811,
    "count": 0,
    "results": []
  },
  {
    "stopID": "9",
    "stopQueryTime": 1571286120816,
    "count": 1,
    "results": [
      {
        "Direction": "Inbound",
        "Destination": "The Point",
        "Time": "00:12:57",
        "AVLS": "00:13:37",
        "Tram": "4003",
        "Action": "a",
        "Msg Sent": "17/10/2019 05:21:54",
        "Msg Received": "17/10/2019 05:21:54",
        "Msg Processed": "17/10/2019 05:21:54",
        "XML ID": "154",
        "Total Lag": "0.3234663",
        "Create Lag": "0.2922161",
        "Process Lag": "0.0312502"
      }
    ]
  },
  {
    "stopID": "13",
    "stopQueryTime": 1571286120824,
    "count": 1,
    "results": [
      {
        "Direction": "Inbound",
        "Destination": "The Point",
        "Time": "00:17:31",
        "AVLS": "00:18:11",
        "Tram": "4003",
        "Action": "a",
        "Msg Sent": "17/10/2019 05:21:54",
        "Msg Received": "17/10/2019 05:21:54",
        "Msg Processed": "17/10/2019 05:21:54",
        "XML ID": "154",
        "Total Lag": "0.3390903",
        "Create Lag": "0.2922161",
        "Process Lag": "0.0468742"
      }
    ]
  },
  {
    "stopID": "7",
    "stopQueryTime": 1571286120834,
    "count": 1,
    "results": [
      {
        "Direction": "Inbound",
        "Destination": "The Point",
        "Time": "00:09:29",
        "AVLS": "00:10:09",
        "Tram": "4003",
        "Action": "a",
        "Msg Sent": "17/10/2019 05:21:54",
        "Msg Received": "17/10/2019 05:21:54",
        "Msg Processed": "17/10/2019 05:21:54",
        "XML ID": "154",
        "Total Lag": "0.3234663",
        "Create Lag": "0.2922161",
        "Process Lag": "0.0312502"
      }
    ]
  },
  {
    "stopID": "20",
    "stopQueryTime": 1571286120838,
    "count": 0,
    "results": []
  },
  {
    "stopID": "15",
    "stopQueryTime": 1571286120839,
    "count": 0,
    "results": []
  },
  {
    "stopID": "52",
    "stopQueryTime": 1571286120842,
    "count": 0,
    "results": []
  },
  {
    "stopID": "26",
    "stopQueryTime": 1571286120845,
    "count": 1,
    "results": [
      {
        "Direction": "Outbound",
        "Destination": "Bride's Glen",
        "Time": "00:12:05",
        "AVLS": "00:12:45",
        "Tram": "5021",
        "Action": "a",
        "Msg Sent": "17/10/2019 05:21:54",
        "Msg Received": "17/10/2019 05:21:54",
        "Msg Processed": "17/10/2019 05:21:54",
        "XML ID": "154",
        "Total Lag": "0.4642961",
        "Create Lag": "0.2922161",
        "Process Lag": "0.17208"
      }
    ]
  },
  {
    "stopID": "21",
    "stopQueryTime": 1571286120847,
    "count": 1,
    "results": [
      {
        "Direction": "Outbound",
        "Destination": "Tallaght",
        "Time": "00:17:27",
        "AVLS": "00:18:07",
        "Tram": "3013",
        "Action": "a",
        "Msg Sent": "17/10/2019 05:21:54",
        "Msg Received": "17/10/2019 05:21:54",
        "Msg Processed": "17/10/2019 05:21:54",
        "XML ID": "154",
        "Total Lag": "0.4172166",
        "Create Lag": "0.2922161",
        "Process Lag": "0.1250005"
      }
    ]
  },
  {
    "stopID": "25",
    "stopQueryTime": 1571286120849,
    "count": 1,
    "results": [
      {
        "Direction": "Outbound",
        "Destination": "Bride's Glen",
        "Time": "00:09:25",
        "AVLS": "00:10:05",
        "Tram": "5021",
        "Action": "a",
        "Msg Sent": "17/10/2019 05:21:54",
        "Msg Received": "17/10/2019 05:21:54",
        "Msg Processed": "17/10/2019 05:21:54",
        "XML ID": "154",
        "Total Lag": "0.4642961",
        "Create Lag": "0.2922161",
        "Process Lag": "0.17208"
      }
    ]
  },
  {
    "stopID": "22",
    "stopQueryTime": 1571286120853,
    "count": 1,
    "results": [
      {
        "Direction": "Outbound",
        "Destination": "Tallaght",
        "Time": "00:13:59",
        "AVLS": "00:14:39",
        "Tram": "3013",
        "Action": "a",
        "Msg Sent": "17/10/2019 05:21:54",
        "Msg Received": "17/10/2019 05:21:54",
        "Msg Processed": "17/10/2019 05:21:54",
        "XML ID": "154",
        "Total Lag": "0.4172166",
        "Create Lag": "0.2922161",
        "Process Lag": "0.1250005"
      }
    ]
  },
  {
    "stopID": "8",
    "stopQueryTime": 1571286120858,
    "count": 1,
    "results": [
      {
        "Direction": "Inbound",
        "Destination": "The Point",
        "Time": "00:10:55",
        "AVLS": "00:11:35",
        "Tram": "4003",
        "Action": "a",
        "Msg Sent": "17/10/2019 05:21:54",
        "Msg Received": "17/10/2019 05:21:54",
        "Msg Processed": "17/10/2019 05:21:54",
        "XML ID": "154",
        "Total Lag": "0.3234663",
        "Create Lag": "0.2922161",
        "Process Lag": "0.0312502"
      }
    ]
  },
  {
    "stopID": "49",
    "stopQueryTime": 1571286120858,
    "count": 0,
    "results": []
  },
  {
    "stopID": "2",
    "stopQueryTime": 1571286120865,
    "count": 2,
    "results": [
      {
        "Direction": "Inbound",
        "Destination": "The Point",
        "Time": "00:08:41",
        "AVLS": "00:09:21",
        "Tram": "3018",
        "Action": "a",
        "Msg Sent": "17/10/2019 05:21:54",
        "Msg Received": "17/10/2019 05:21:54",
        "Msg Processed": "17/10/2019 05:21:54",
        "XML ID": "154",
        "Total Lag": "0.4172166",
        "Create Lag": "0.2922161",
        "Process Lag": "0.1250005"
      },
      {
        "Direction": "Outbound",
        "Destination": "Tallaght",
        "Time": "00:14:46",
        "AVLS": "00:15:26",
        "Tram": "4004",
        "Action": "a",
        "Msg Sent": "17/10/2019 05:21:54",
        "Msg Received": "17/10/2019 05:21:54",
        "Msg Processed": "17/10/2019 05:21:54",
        "XML ID": "154",
        "Total Lag": "0.3547164",
        "Create Lag": "0.2922161",
        "Process Lag": "0.0625003"
      }
    ]
  },
  {
    "stopID": "27",
    "stopQueryTime": 1571286120867,
    "count": 1,
    "results": [
      {
        "Direction": "Outbound",
        "Destination": "Bride's Glen",
        "Time": "00:13:33",
        "AVLS": "00:14:13",
        "Tram": "5021",
        "Action": "a",
        "Msg Sent": "17/10/2019 05:21:54",
        "Msg Received": "17/10/2019 05:21:54",
        "Msg Processed": "17/10/2019 05:21:54",
        "XML ID": "154",
        "Total Lag": "0.479933",
        "Create Lag": "0.2922161",
        "Process Lag": "0.1877169"
      }
    ]
  },
  {
    "stopID": "50",
    "stopQueryTime": 1571286120871,
    "count": 0,
    "results": []
  },
  {
    "stopID": "10",
    "stopQueryTime": 1571286120875,
    "count": 1,
    "results": [
      {
        "Direction": "Inbound",
        "Destination": "The Point",
        "Time": "00:14:07",
        "AVLS": "00:14:47",
        "Tram": "4003",
        "Action": "a",
        "Msg Sent": "17/10/2019 05:21:54",
        "Msg Received": "17/10/2019 05:21:54",
        "Msg Processed": "17/10/2019 05:21:54",
        "XML ID": "154",
        "Total Lag": "0.3234663",
        "Create Lag": "0.2922161",
        "Process Lag": "0.0312502"
      }
    ]
  },
  {
    "stopID": "48",
    "stopQueryTime": 1571286120882,
    "count": 1,
    "results": [
      {
        "Direction": "Inbound",
        "Destination": "Broombridge",
        "Time": "00:07:27",
        "AVLS": "00:08:07",
        "Tram": "5011",
        "Action": "d",
        "Msg Sent": "17/10/2019 05:21:54",
        "Msg Received": "17/10/2019 05:21:54",
        "Msg Processed": "17/10/2019 05:21:54",
        "XML ID": "154",
        "Total Lag": "0.4328406",
        "Create Lag": "0.2922161",
        "Process Lag": "0.1406245"
      }
    ]
  },
  {
    "stopID": "58",
    "stopQueryTime": 1571286120883,
    "count": 0,
    "results": []
  },
  {
    "stopID": "37",
    "stopQueryTime": 1571286120885,
    "count": 1,
    "results": [
      {
        "Direction": "Outbound",
        "Destination": "Bride's Glen",
        "Time": "00:07:00",
        "AVLS": "00:07:40",
        "Tram": "5006",
        "Action": "a",
        "Msg Sent": "17/10/2019 05:21:54",
        "Msg Received": "17/10/2019 05:21:54",
        "Msg Processed": "17/10/2019 05:21:54",
        "XML ID": "154",
        "Total Lag": "0.3547164",
        "Create Lag": "0.2922161",
        "Process Lag": "0.0625003"
      }
    ]
  },
  {
    "stopID": "29",
    "stopQueryTime": 1571286120886,
    "count": 1,
    "results": [
      {
        "Direction": "Outbound",
        "Destination": "Bride's Glen",
        "Time": "00:16:55",
        "AVLS": "00:17:35",
        "Tram": "5021",
        "Action": "a",
        "Msg Sent": "17/10/2019 05:21:54",
        "Msg Received": "17/10/2019 05:21:54",
        "Msg Processed": "17/10/2019 05:21:54",
        "XML ID": "154",
        "Total Lag": "0.479933",
        "Create Lag": "0.2922161",
        "Process Lag": "0.1877169"
      }
    ]
  },
  {
    "stopID": "47",
    "stopQueryTime": 1571286120896,
    "count": 1,
    "results": [
      {
        "Direction": "Inbound",
        "Destination": "Broombridge",
        "Time": "00:08:35",
        "AVLS": "00:09:15",
        "Tram": "5011",
        "Action": "a",
        "Msg Sent": "17/10/2019 05:21:54",
        "Msg Received": "17/10/2019 05:21:54",
        "Msg Processed": "17/10/2019 05:21:54",
        "XML ID": "154",
        "Total Lag": "0.4328406",
        "Create Lag": "0.2922161",
        "Process Lag": "0.1406245"
      }
    ]
  },
  {
    "stopID": "4",
    "stopQueryTime": 1571286120904,
    "count": 2,
    "results": [
      {
        "Direction": "Inbound",
        "Destination": "The Point",
        "Time": "00:13:27",
        "AVLS": "00:14:07",
        "Tram": "3018",
        "Action": "a",
        "Msg Sent": "17/10/2019 05:21:54",
        "Msg Received": "17/10/2019 05:21:54",
        "Msg Processed": "17/10/2019 05:21:54",
        "XML ID": "154",
        "Total Lag": "0.4328406",
        "Create Lag": "0.2922161",
        "Process Lag": "0.1406245"
      },
      {
        "Direction": "Outbound",
        "Destination": "Tallaght",
        "Time": "00:11:38",
        "AVLS": "00:12:18",
        "Tram": "4004",
        "Action": "a",
        "Msg Sent": "17/10/2019 05:21:54",
        "Msg Received": "17/10/2019 05:21:54",
        "Msg Processed": "17/10/2019 05:21:54",
        "XML ID": "154",
        "Total Lag": "0.3390903",
        "Create Lag": "0.2922161",
        "Process Lag": "0.0468742"
      }
    ]
  },
  {
    "stopID": "28",
    "stopQueryTime": 1571286120905,
    "count": 1,
    "results": [
      {
        "Direction": "Outbound",
        "Destination": "Bride's Glen",
        "Time": "00:15:27",
        "AVLS": "00:16:07",
        "Tram": "5021",
        "Action": "a",
        "Msg Sent": "17/10/2019 05:21:54",
        "Msg Received": "17/10/2019 05:21:54",
        "Msg Processed": "17/10/2019 05:21:54",
        "XML ID": "154",
        "Total Lag": "0.479933",
        "Create Lag": "0.2922161",
        "Process Lag": "0.1877169"
      }
    ]
  },
  {
    "stopID": "1",
    "stopQueryTime": 1571286120907,
    "count": 2,
    "results": [
      {
        "Direction": "Inbound",
        "Destination": "The Point",
        "Time": "00:07:27",
        "AVLS": "00:08:07",
        "Tram": "3018",
        "Action": "d",
        "Msg Sent": "17/10/2019 05:21:54",
        "Msg Received": "17/10/2019 05:21:54",
        "Msg Processed": "17/10/2019 05:21:54",
        "XML ID": "154",
        "Total Lag": "0.4172166",
        "Create Lag": "0.2922161",
        "Process Lag": "0.1250005"
      },
      {
        "Direction": "Terminating",
        "Destination": "Tallaght",
        "Time": "00:16:27",
        "AVLS": "00:17:07",
        "Tram": "4004",
        "Action": "a",
        "Msg Sent": "17/10/2019 05:21:54",
        "Msg Received": "17/10/2019 05:21:54",
        "Msg Processed": "17/10/2019 05:21:54",
        "XML ID": "154",
        "Total Lag": "0.3547164",
        "Create Lag": "0.2922161",
        "Process Lag": "0.0625003"
      }
    ]
  },
  {
    "stopID": "23",
    "stopQueryTime": 1571286120909,
    "count": 0,
    "results": []
  },
  {
    "stopID": "30",
    "stopQueryTime": 1571286120911,
    "count": 2,
    "results": [
      {
        "Direction": "Inbound",
        "Destination": "Broombridge",
        "Time": "00:18:13",
        "AVLS": "00:18:53",
        "Tram": "3020",
        "Action": "a",
        "Msg Sent": "17/10/2019 05:21:54",
        "Msg Received": "17/10/2019 05:21:54",
        "Msg Processed": "17/10/2019 05:21:54",
        "XML ID": "154",
        "Total Lag": "0.3078418",
        "Create Lag": "0.2922161",
        "Process Lag": "0.0156257"
      },
      {
        "Direction": "Outbound",
        "Destination": "Bride's Glen",
        "Time": "00:18:41",
        "AVLS": "00:19:21",
        "Tram": "5021",
        "Action": "a",
        "Msg Sent": "17/10/2019 05:21:54",
        "Msg Received": "17/10/2019 05:21:54",
        "Msg Processed": "17/10/2019 05:21:54",
        "XML ID": "154",
        "Total Lag": "0.479933",
        "Create Lag": "0.2922161",
        "Process Lag": "0.1877169"
      }
    ]
  },
  {
    "stopID": "6",
    "stopQueryTime": 1571286120914,
    "count": 2,
    "results": [
      {
        "Direction": "Inbound",
        "Destination": "The Point",
        "Time": "00:05:27",
        "AVLS": "00:06:07",
        "Tram": "4003",
        "Action": "d",
        "Msg Sent": "17/10/2019 05:21:54",
        "Msg Received": "17/10/2019 05:21:54",
        "Msg Processed": "17/10/2019 05:21:54",
        "XML ID": "154",
        "Total Lag": "0.3078418",
        "Create Lag": "0.2922161",
        "Process Lag": "0.0156257"
      },
      {
        "Direction": "Inbound",
        "Destination": "The Point",
        "Time": "00:18:27",
        "AVLS": "00:19:07",
        "Tram": "3018",
        "Action": "a",
        "Msg Sent": "17/10/2019 05:21:54",
        "Msg Received": "17/10/2019 05:21:54",
        "Msg Processed": "17/10/2019 05:21:54",
        "XML ID": "154",
        "Total Lag": "0.4328406",
        "Create Lag": "0.2922161",
        "Process Lag": "0.1406245"
      }
    ]
  },
  {
    "stopID": "55",
    "stopQueryTime": 1571286120921,
    "count": 1,
    "results": [
      {
        "Direction": "Outbound",
        "Destination": "Tallaght",
        "Time": "00:10:35",
        "AVLS": "00:11:15",
        "Tram": "3013",
        "Action": "a",
        "Msg Sent": "17/10/2019 05:21:54",
        "Msg Received": "17/10/2019 05:21:54",
        "Msg Processed": "17/10/2019 05:21:54",
        "XML ID": "154",
        "Total Lag": "0.4015906",
        "Create Lag": "0.2922161",
        "Process Lag": "0.1093745"
      }
    ]
  },
  {
    "stopID": "16",
    "stopQueryTime": 1571286120923,
    "count": 0,
    "results": []
  },
  {
    "stopID": "12",
    "stopQueryTime": 1571286120931,
    "count": 1,
    "results": [
      {
        "Direction": "Inbound",
        "Destination": "The Point",
        "Time": "00:15:58",
        "AVLS": "00:16:38",
        "Tram": "4003",
        "Action": "a",
        "Msg Sent": "17/10/2019 05:21:54",
        "Msg Received": "17/10/2019 05:21:54",
        "Msg Processed": "17/10/2019 05:21:54",
        "XML ID": "154",
        "Total Lag": "0.3234663",
        "Create Lag": "0.2922161",
        "Process Lag": "0.0312502"
      }
    ]
  },
  {
    "stopID": "43",
    "stopQueryTime": 1571286120935,
    "count": 2,
    "results": [
      {
        "Direction": "Inbound",
        "Destination": "Broombridge",
        "Time": "00:14:31",
        "AVLS": "00:15:11",
        "Tram": "5011",
        "Action": "a",
        "Msg Sent": "17/10/2019 05:21:54",
        "Msg Received": "17/10/2019 05:21:54",
        "Msg Processed": "17/10/2019 05:21:54",
        "XML ID": "154",
        "Total Lag": "0.4486732",
        "Create Lag": "0.2922161",
        "Process Lag": "0.1564571"
      },
      {
        "Direction": "Outbound",
        "Destination": "Bride's Glen",
        "Time": "00:15:22",
        "AVLS": "00:16:02",
        "Tram": "5006",
        "Action": "a",
        "Msg Sent": "17/10/2019 05:21:54",
        "Msg Received": "17/10/2019 05:21:54",
        "Msg Processed": "17/10/2019 05:21:54",
        "XML ID": "154",
        "Total Lag": "0.3859685",
        "Create Lag": "0.2922161",
        "Process Lag": "0.0937524"
      }
    ]
  },
  {
    "stopID": "42",
    "stopQueryTime": 1571286120940,
    "count": 2,
    "results": [
      {
        "Direction": "Inbound",
        "Destination": "Broombridge",
        "Time": "00:16:07",
        "AVLS": "00:16:47",
        "Tram": "5011",
        "Action": "a",
        "Msg Sent": "17/10/2019 05:21:54",
        "Msg Received": "17/10/2019 05:21:54",
        "Msg Processed": "17/10/2019 05:21:54",
        "XML ID": "154",
        "Total Lag": "0.4486732",
        "Create Lag": "0.2922161",
        "Process Lag": "0.1564571"
      },
      {
        "Direction": "Outbound",
        "Destination": "Bride's Glen",
        "Time": "00:13:49",
        "AVLS": "00:14:29",
        "Tram": "5006",
        "Action": "a",
        "Msg Sent": "17/10/2019 05:21:54",
        "Msg Received": "17/10/2019 05:21:54",
        "Msg Processed": "17/10/2019 05:21:54",
        "XML ID": "154",
        "Total Lag": "0.370341",
        "Create Lag": "0.2922161",
        "Process Lag": "0.0781249"
      }
    ]
  },
  {
    "stopID": "14",
    "stopQueryTime": 1571286120943,
    "count": 1,
    "results": [
      {
        "Direction": "Inbound",
        "Destination": "The Point",
        "Time": "00:18:24",
        "AVLS": "00:19:04",
        "Tram": "4003",
        "Action": "a",
        "Msg Sent": "17/10/2019 05:21:54",
        "Msg Received": "17/10/2019 05:21:54",
        "Msg Processed": "17/10/2019 05:21:54",
        "XML ID": "154",
        "Total Lag": "0.3390903",
        "Create Lag": "0.2922161",
        "Process Lag": "0.0468742"
      }
    ]
  },
  {
    "stopID": "46",
    "stopQueryTime": 1571286120944,
    "count": 2,
    "results": [
      {
        "Direction": "Inbound",
        "Destination": "Broombridge",
        "Time": "00:10:36",
        "AVLS": "00:11:16",
        "Tram": "5011",
        "Action": "a",
        "Msg Sent": "17/10/2019 05:21:54",
        "Msg Received": "17/10/2019 05:21:54",
        "Msg Processed": "17/10/2019 05:21:54",
        "XML ID": "154",
        "Total Lag": "0.4486732",
        "Create Lag": "0.2922161",
        "Process Lag": "0.1564571"
      },
      {
        "Direction": "Outbound",
        "Destination": "Bride's Glen",
        "Time": "00:19:18",
        "AVLS": "00:19:58",
        "Tram": "5006",
        "Action": "a",
        "Msg Sent": "17/10/2019 05:21:54",
        "Msg Received": "17/10/2019 05:21:54",
        "Msg Processed": "17/10/2019 05:21:54",
        "XML ID": "154",
        "Total Lag": "0.3859685",
        "Create Lag": "0.2922161",
        "Process Lag": "0.0937524"
      }
    ]
  },
  {
    "stopID": "53",
    "stopQueryTime": 1571286120949,
    "count": 0,
    "results": []
  },
  {
    "stopID": "24",
    "stopQueryTime": 1571286120951,
    "count": 1,
    "results": [
      {
        "Direction": "Outbound",
        "Destination": "Bride's Glen",
        "Time": "00:07:27",
        "AVLS": "00:08:07",
        "Tram": "5021",
        "Action": "d",
        "Msg Sent": "17/10/2019 05:21:54",
        "Msg Received": "17/10/2019 05:21:54",
        "Msg Processed": "17/10/2019 05:21:54",
        "XML ID": "154",
        "Total Lag": "0.4642961",
        "Create Lag": "0.2922161",
        "Process Lag": "0.17208"
      }
    ]
  },
  {
    "stopID": "11",
    "stopQueryTime": 1571286120953,
    "count": 1,
    "results": [
      {
        "Direction": "Inbound",
        "Destination": "The Point",
        "Time": "00:14:59",
        "AVLS": "00:15:39",
        "Tram": "4003",
        "Action": "a",
        "Msg Sent": "17/10/2019 05:21:54",
        "Msg Received": "17/10/2019 05:21:54",
        "Msg Processed": "17/10/2019 05:21:54",
        "XML ID": "154",
        "Total Lag": "0.3234663",
        "Create Lag": "0.2922161",
        "Process Lag": "0.0312502"
      }
    ]
  },
  {
    "stopID": "5",
    "stopQueryTime": 1571286120970,
    "count": 2,
    "results": [
      {
        "Direction": "Inbound",
        "Destination": "The Point",
        "Time": "00:15:20",
        "AVLS": "00:16:00",
        "Tram": "3018",
        "Action": "a",
        "Msg Sent": "17/10/2019 05:21:54",
        "Msg Received": "17/10/2019 05:21:54",
        "Msg Processed": "17/10/2019 05:21:54",
        "XML ID": "154",
        "Total Lag": "0.4328406",
        "Create Lag": "0.2922161",
        "Process Lag": "0.1406245"
      },
      {
        "Direction": "Outbound",
        "Destination": "Tallaght",
        "Time": "00:09:27",
        "AVLS": "00:10:07",
        "Tram": "4004",
        "Action": "d",
        "Msg Sent": "17/10/2019 05:21:54",
        "Msg Received": "17/10/2019 05:21:54",
        "Msg Processed": "17/10/2019 05:21:54",
        "XML ID": "154",
        "Total Lag": "0.3390903",
        "Create Lag": "0.2922161",
        "Process Lag": "0.0468742"
      }
    ]
  },
  {
    "stopID": "3",
    "stopQueryTime": 1571286120973,
    "count": 2,
    "results": [
      {
        "Direction": "Inbound",
        "Destination": "The Point",
        "Time": "00:10:22",
        "AVLS": "00:11:02",
        "Tram": "3018",
        "Action": "a",
        "Msg Sent": "17/10/2019 05:21:54",
        "Msg Received": "17/10/2019 05:21:54",
        "Msg Processed": "17/10/2019 05:21:54",
        "XML ID": "154",
        "Total Lag": "0.4172166",
        "Create Lag": "0.2922161",
        "Process Lag": "0.1250005"
      },
      {
        "Direction": "Outbound",
        "Destination": "Tallaght",
        "Time": "00:13:30",
        "AVLS": "00:14:10",
        "Tram": "4004",
        "Action": "a",
        "Msg Sent": "17/10/2019 05:21:54",
        "Msg Received": "17/10/2019 05:21:54",
        "Msg Processed": "17/10/2019 05:21:54",
        "XML ID": "154",
        "Total Lag": "0.3547164",
        "Create Lag": "0.2922161",
        "Process Lag": "0.0625003"
      }
    ]
  },
  {
    "stopID": "51",
    "stopQueryTime": 1571286120974,
    "count": 0,
    "results": []
  },
  {
    "stopID": "39",
    "stopQueryTime": 1571286120982,
    "count": 1,
    "results": [
      {
        "Direction": "Outbound",
        "Destination": "Bride's Glen",
        "Time": "00:10:13",
        "AVLS": "00:10:53",
        "Tram": "5006",
        "Action": "a",
        "Msg Sent": "17/10/2019 05:21:54",
        "Msg Received": "17/10/2019 05:21:54",
        "Msg Processed": "17/10/2019 05:21:54",
        "XML ID": "154",
        "Total Lag": "0.370341",
        "Create Lag": "0.2922161",
        "Process Lag": "0.0781249"
      }
    ]
  },
  {
    "stopID": "33",
    "stopQueryTime": 1571286120989,
    "count": 1,
    "results": [
      {
        "Direction": "Inbound",
        "Destination": "Broombridge",
        "Time": "00:12:45",
        "AVLS": "00:13:25",
        "Tram": "3020",
        "Action": "a",
        "Msg Sent": "17/10/2019 05:21:54",
        "Msg Received": "17/10/2019 05:21:54",
        "Msg Processed": "17/10/2019 05:21:54",
        "XML ID": "154",
        "Total Lag": "0.3078418",
        "Create Lag": "0.2922161",
        "Process Lag": "0.0156257"
      }
    ]
  },
  {
    "stopID": "34",
    "stopQueryTime": 1571286120991,
    "count": 1,
    "results": [
      {
        "Direction": "Inbound",
        "Destination": "Broombridge",
        "Time": "00:11:02",
        "AVLS": "00:11:42",
        "Tram": "3020",
        "Action": "a",
        "Msg Sent": "17/10/2019 05:21:54",
        "Msg Received": "17/10/2019 05:21:54",
        "Msg Processed": "17/10/2019 05:21:54",
        "XML ID": "154",
        "Total Lag": "0.2922161",
        "Create Lag": "0.2922161",
        "Process Lag": "0"
      }
    ]
  },
  {
    "stopID": "31",
    "stopQueryTime": 1571286120994,
    "count": 1,
    "results": [
      {
        "Direction": "Inbound",
        "Destination": "Broombridge",
        "Time": "00:16:26",
        "AVLS": "00:17:06",
        "Tram": "3020",
        "Action": "a",
        "Msg Sent": "17/10/2019 05:21:54",
        "Msg Received": "17/10/2019 05:21:54",
        "Msg Processed": "17/10/2019 05:21:54",
        "XML ID": "154",
        "Total Lag": "0.3078418",
        "Create Lag": "0.2922161",
        "Process Lag": "0.0156257"
      }
    ]
  },
  {
    "stopID": "35",
    "stopQueryTime": 1571286120995,
    "count": 1,
    "results": [
      {
        "Direction": "Inbound",
        "Destination": "Broombridge",
        "Time": "00:09:02",
        "AVLS": "00:09:42",
        "Tram": "3020",
        "Action": "a",
        "Msg Sent": "17/10/2019 05:21:54",
        "Msg Received": "17/10/2019 05:21:54",
        "Msg Processed": "17/10/2019 05:21:54",
        "XML ID": "154",
        "Total Lag": "0.2922161",
        "Create Lag": "0.2922161",
        "Process Lag": "0"
      }
    ]
  },
  {
    "stopID": "56",
    "stopQueryTime": 1571286120998,
    "count": 1,
    "results": [
      {
        "Direction": "Outbound",
        "Destination": "Tallaght",
        "Time": "00:08:36",
        "AVLS": "00:09:16",
        "Tram": "3013",
        "Action": "a",
        "Msg Sent": "17/10/2019 05:21:54",
        "Msg Received": "17/10/2019 05:21:54",
        "Msg Processed": "17/10/2019 05:21:54",
        "XML ID": "154",
        "Total Lag": "0.4015906",
        "Create Lag": "0.2922161",
        "Process Lag": "0.1093745"
      }
    ]
  },
  {
    "stopID": "38",
    "stopQueryTime": 1571286121001,
    "count": 1,
    "results": [
      {
        "Direction": "Outbound",
        "Destination": "Bride's Glen",
        "Time": "00:08:28",
        "AVLS": "00:09:08",
        "Tram": "5006",
        "Action": "a",
        "Msg Sent": "17/10/2019 05:21:54",
        "Msg Received": "17/10/2019 05:21:54",
        "Msg Processed": "17/10/2019 05:21:54",
        "XML ID": "154",
        "Total Lag": "0.370341",
        "Create Lag": "0.2922161",
        "Process Lag": "0.0781249"
      }
    ]
  },
  {
    "stopID": "32",
    "stopQueryTime": 1571286121004,
    "count": 1,
    "results": [
      {
        "Direction": "Inbound",
        "Destination": "Broombridge",
        "Time": "00:14:27",
        "AVLS": "00:15:07",
        "Tram": "3020",
        "Action": "a",
        "Msg Sent": "17/10/2019 05:21:54",
        "Msg Received": "17/10/2019 05:21:54",
        "Msg Processed": "17/10/2019 05:21:54",
        "XML ID": "154",
        "Total Lag": "0.3078418",
        "Create Lag": "0.2922161",
        "Process Lag": "0.0156257"
      }
    ]
  },
  {
    "stopID": "40",
    "stopQueryTime": 1571286121015,
    "count": 2,
    "results": [
      {
        "Direction": "Inbound",
        "Destination": "Broombridge",
        "Time": "00:18:18",
        "AVLS": "00:18:58",
        "Tram": "5011",
        "Action": "a",
        "Msg Sent": "17/10/2019 05:21:54",
        "Msg Received": "17/10/2019 05:21:54",
        "Msg Processed": "17/10/2019 05:21:54",
        "XML ID": "154",
        "Total Lag": "0.4642961",
        "Create Lag": "0.2922161",
        "Process Lag": "0.17208"
      },
      {
        "Direction": "Outbound",
        "Destination": "Bride's Glen",
        "Time": "00:11:41",
        "AVLS": "00:12:21",
        "Tram": "5006",
        "Action": "a",
        "Msg Sent": "17/10/2019 05:21:54",
        "Msg Received": "17/10/2019 05:21:54",
        "Msg Processed": "17/10/2019 05:21:54",
        "XML ID": "154",
        "Total Lag": "0.370341",
        "Create Lag": "0.2922161",
        "Process Lag": "0.0781249"
      }
    ]
  },
  {
    "stopID": "57",
    "stopQueryTime": 1571286121022,
    "count": 1,
    "results": [
      {
        "Direction": "Outbound",
        "Destination": "Tallaght",
        "Time": "00:07:57",
        "AVLS": "00:08:37",
        "Tram": "3013",
        "Action": "d",
        "Msg Sent": "17/10/2019 05:21:54",
        "Msg Received": "17/10/2019 05:21:54",
        "Msg Processed": "17/10/2019 05:21:54",
        "XML ID": "154",
        "Total Lag": "0.4015906",
        "Create Lag": "0.2922161",
        "Process Lag": "0.1093745"
      }
    ]
  },
  {
    "stopID": "45",
    "stopQueryTime": 1571286121024,
    "count": 2,
    "results": [
      {
        "Direction": "Inbound",
        "Destination": "Broombridge",
        "Time": "00:11:58",
        "AVLS": "00:12:38",
        "Tram": "5011",
        "Action": "a",
        "Msg Sent": "17/10/2019 05:21:54",
        "Msg Received": "17/10/2019 05:21:54",
        "Msg Processed": "17/10/2019 05:21:54",
        "XML ID": "154",
        "Total Lag": "0.4486732",
        "Create Lag": "0.2922161",
        "Process Lag": "0.1564571"
      },
      {
        "Direction": "Outbound",
        "Destination": "Bride's Glen",
        "Time": "00:17:55",
        "AVLS": "00:18:35",
        "Tram": "5006",
        "Action": "a",
        "Msg Sent": "17/10/2019 05:21:54",
        "Msg Received": "17/10/2019 05:21:54",
        "Msg Processed": "17/10/2019 05:21:54",
        "XML ID": "154",
        "Total Lag": "0.3859685",
        "Create Lag": "0.2922161",
        "Process Lag": "0.0937524"
      }
    ]
  },
  {
    "stopID": "44",
    "stopQueryTime": 1571286121031,
    "count": 2,
    "results": [
      {
        "Direction": "Inbound",
        "Destination": "Broombridge",
        "Time": "00:13:27",
        "AVLS": "00:14:07",
        "Tram": "5011",
        "Action": "a",
        "Msg Sent": "17/10/2019 05:21:54",
        "Msg Received": "17/10/2019 05:21:54",
        "Msg Processed": "17/10/2019 05:21:54",
        "XML ID": "154",
        "Total Lag": "0.4486732",
        "Create Lag": "0.2922161",
        "Process Lag": "0.1564571"
      },
      {
        "Direction": "Outbound",
        "Destination": "Bride's Glen",
        "Time": "00:16:27",
        "AVLS": "00:17:07",
        "Tram": "5006",
        "Action": "a",
        "Msg Sent": "17/10/2019 05:21:54",
        "Msg Received": "17/10/2019 05:21:54",
        "Msg Processed": "17/10/2019 05:21:54",
        "XML ID": "154",
        "Total Lag": "0.3859685",
        "Create Lag": "0.2922161",
        "Process Lag": "0.0937524"
      }
    ]
  },
  {
    "stopID": "36",
    "stopQueryTime": 1571286121034,
    "count": 2,
    "results": [
      {
        "Direction": "Inbound",
        "Destination": "Broombridge",
        "Time": "00:07:27",
        "AVLS": "00:08:07",
        "Tram": "3020",
        "Action": "d",
        "Msg Sent": "17/10/2019 05:21:54",
        "Msg Received": "17/10/2019 05:21:54",
        "Msg Processed": "17/10/2019 05:21:54",
        "XML ID": "154",
        "Total Lag": "0.2922161",
        "Create Lag": "0.2922161",
        "Process Lag": "0"
      },
      {
        "Direction": "Outbound",
        "Destination": "Bride's Glen",
        "Time": "00:04:27",
        "AVLS": "00:05:07",
        "Tram": "5006",
        "Action": "d",
        "Msg Sent": "17/10/2019 05:21:54",
        "Msg Received": "17/10/2019 05:21:54",
        "Msg Processed": "17/10/2019 05:21:54",
        "XML ID": "154",
        "Total Lag": "0.3547164",
        "Create Lag": "0.2922161",
        "Process Lag": "0.0625003"
      }
    ]
  },
  {
    "stopID": "54",
    "stopQueryTime": 1571286121059,
    "count": 1,
    "results": [
      {
        "Direction": "Outbound",
        "Destination": "Tallaght",
        "Time": "00:12:03",
        "AVLS": "00:12:43",
        "Tram": "3013",
        "Action": "a",
        "Msg Sent": "17/10/2019 05:21:54",
        "Msg Received": "17/10/2019 05:21:54",
        "Msg Processed": "17/10/2019 05:21:54",
        "XML ID": "154",
        "Total Lag": "0.4015906",
        "Create Lag": "0.2922161",
        "Process Lag": "0.1093745"
      }
    ]
  }
]