[
  {
    "stopID": "1",
    "stopQueryTime": 1571287680826,
    "count": 1,
    "results": [
      {
        "Direction": "Inbound",
        "Destination": "The Point",
        "Time": "00:01:27",
        "AVLS": "00:02:07",
        "Tram": "4004",
        "Action": "d",
        "Msg Sent": "17/10/2019 05:47:53",
        "Msg Received": "17/10/2019 05:47:53",
        "Msg Processed": "17/10/2019 05:47:54",
        "XML ID": "526",
        "Total Lag": "1.088339",
        "Create Lag": "0.8534023",
        "Process Lag": "0.2349367"
      }
    ]
  },
  {
    "stopID": "3",
    "stopQueryTime": 1571287680836,
    "count": 1,
    "results": [
      {
        "Direction": "Inbound",
        "Destination": "The Point",
        "Time": "00:04:22",
        "AVLS": "00:05:02",
        "Tram": "4004",
        "Action": "a",
        "Msg Sent": "17/10/2019 05:47:53",
        "Msg Received": "17/10/2019 05:47:53",
        "Msg Processed": "17/10/2019 05:47:54",
        "XML ID": "526",
        "Total Lag": "1.088339",
        "Create Lag": "0.8534023",
        "Process Lag": "0.2349367"
      }
    ]
  },
  {
    "stopID": "5",
    "stopQueryTime": 1571287680856,
    "count": 1,
    "results": [
      {
        "Direction": "Inbound",
        "Destination": "The Point",
        "Time": "00:09:20",
        "AVLS": "00:10:00",
        "Tram": "4004",
        "Action": "a",
        "Msg Sent": "17/10/2019 05:47:53",
        "Msg Received": "17/10/2019 05:47:53",
        "Msg Processed": "17/10/2019 05:47:54",
        "XML ID": "526",
        "Total Lag": "1.088339",
        "Create Lag": "0.8534023",
        "Process Lag": "0.2349367"
      }
    ]
  },
  {
    "stopID": "2",
    "stopQueryTime": 1571287680863,
    "count": 1,
    "results": [
      {
        "Direction": "Inbound",
        "Destination": "The Point",
        "Time": "00:02:41",
        "AVLS": "00:03:21",
        "Tram": "4004",
        "Action": "a",
        "Msg Sent": "17/10/2019 05:47:53",
        "Msg Received": "17/10/2019 05:47:53",
        "Msg Processed": "17/10/2019 05:47:54",
        "XML ID": "526",
        "Total Lag": "1.088339",
        "Create Lag": "0.8534023",
        "Process Lag": "0.2349367"
      }
    ]
  },
  {
    "stopID": "4",
    "stopQueryTime": 1571287680878,
    "count": 2,
    "results": [
      {
        "Direction": "Inbound",
        "Destination": "The Point",
        "Time": "00:07:27",
        "AVLS": "00:08:07",
        "Tram": "4004",
        "Action": "a",
        "Msg Sent": "17/10/2019 05:47:53",
        "Msg Received": "17/10/2019 05:47:53",
        "Msg Processed": "17/10/2019 05:47:54",
        "XML ID": "526",
        "Total Lag": "1.088339",
        "Create Lag": "0.8534023",
        "Process Lag": "0.2349367"
      },
      {
        "Direction": "Outbound",
        "Destination": "Saggart",
        "Time": "00:11:57",
        "AVLS": "00:12:37",
        "Tram": "3026",
        "Action": "a",
        "Msg Sent": "17/10/2019 05:47:53",
        "Msg Received": "17/10/2019 05:47:53",
        "Msg Processed": "17/10/2019 05:47:54",
        "XML ID": "526",
        "Total Lag": "1.0414565",
        "Create Lag": "0.8534023",
        "Process Lag": "0.1880542"
      }
    ]
  },
  {
    "stopID": "22",
    "stopQueryTime": 1571287680890,
    "count": 2,
    "results": [
      {
        "Direction": "Inbound",
        "Destination": "The Point",
        "Time": "00:16:51",
        "AVLS": "00:17:31",
        "Tram": "4003",
        "Action": "a",
        "Msg Sent": "17/10/2019 05:47:59",
        "Msg Received": "17/10/2019 05:47:59",
        "Msg Processed": "17/10/2019 05:47:59",
        "XML ID": "528",
        "Total Lag": "0.2445768",
        "Create Lag": "0.213324",
        "Process Lag": "0.0312528"
      },
      {
        "Direction": "Outbound",
        "Destination": "Tallaght",
        "Time": "00:07:59",
        "AVLS": "00:08:39",
        "Tram": "3019",
        "Action": "a",
        "Msg Sent": "17/10/2019 05:47:53",
        "Msg Received": "17/10/2019 05:47:53",
        "Msg Processed": "17/10/2019 05:47:53",
        "XML ID": "526",
        "Total Lag": "0.9961186",
        "Create Lag": "0.8534023",
        "Process Lag": "0.1427163"
      }
    ]
  },
  {
    "stopID": "6",
    "stopQueryTime": 1571287680894,
    "count": 2,
    "results": [
      {
        "Direction": "Inbound",
        "Destination": "The Point",
        "Time": "00:12:27",
        "AVLS": "00:13:07",
        "Tram": "4004",
        "Action": "a",
        "Msg Sent": "17/10/2019 05:47:53",
        "Msg Received": "17/10/2019 05:47:53",
        "Msg Processed": "17/10/2019 05:47:54",
        "XML ID": "526",
        "Total Lag": "1.088339",
        "Create Lag": "0.8534023",
        "Process Lag": "0.2349367"
      },
      {
        "Direction": "Outbound",
        "Destination": "Tallaght",
        "Time": "00:18:37",
        "AVLS": "00:19:17",
        "Tram": "3013",
        "Action": "a",
        "Msg Sent": "17/10/2019 05:47:53",
        "Msg Received": "17/10/2019 05:47:53",
        "Msg Processed": "17/10/2019 05:47:53",
        "XML ID": "526",
        "Total Lag": "0.9315409",
        "Create Lag": "0.8534023",
        "Process Lag": "0.0781386"
      }
    ]
  },
  {
    "stopID": "12",
    "stopQueryTime": 1571287680897,
    "count": 2,
    "results": [
      {
        "Direction": "Inbound",
        "Destination": "The Point",
        "Time": "00:05:15",
        "AVLS": "00:05:55",
        "Tram": "3018",
        "Action": "a",
        "Msg Sent": "17/10/2019 05:47:53",
        "Msg Received": "17/10/2019 05:47:53",
        "Msg Processed": "17/10/2019 05:47:53",
        "XML ID": "526",
        "Total Lag": "0.9471616",
        "Create Lag": "0.8534023",
        "Process Lag": "0.0937593"
      },
      {
        "Direction": "Outbound",
        "Destination": "Tallaght",
        "Time": "00:07:28",
        "AVLS": "00:08:08",
        "Tram": "3013",
        "Action": "a",
        "Msg Sent": "17/10/2019 05:47:53",
        "Msg Received": "17/10/2019 05:47:53",
        "Msg Processed": "17/10/2019 05:47:53",
        "XML ID": "526",
        "Total Lag": "0.9159158",
        "Create Lag": "0.8534023",
        "Process Lag": "0.0625135"
      }
    ]
  },
  {
    "stopID": "21",
    "stopQueryTime": 1571287680909,
    "count": 2,
    "results": [
      {
        "Direction": "Inbound",
        "Destination": "The Point",
        "Time": "00:13:47",
        "AVLS": "00:14:27",
        "Tram": "4003",
        "Action": "a",
        "Msg Sent": "17/10/2019 05:47:59",
        "Msg Received": "17/10/2019 05:47:59",
        "Msg Processed": "17/10/2019 05:47:59",
        "XML ID": "528",
        "Total Lag": "0.2445768",
        "Create Lag": "0.213324",
        "Process Lag": "0.0312528"
      },
      {
        "Direction": "Outbound",
        "Destination": "Tallaght",
        "Time": "00:11:27",
        "AVLS": "00:12:07",
        "Tram": "3019",
        "Action": "a",
        "Msg Sent": "17/10/2019 05:47:53",
        "Msg Received": "17/10/2019 05:47:53",
        "Msg Processed": "17/10/2019 05:47:53",
        "XML ID": "526",
        "Total Lag": "0.9961186",
        "Create Lag": "0.8534023",
        "Process Lag": "0.1427163"
      }
    ]
  },
  {
    "stopID": "31",
    "stopQueryTime": 1571287680912,
    "count": 2,
    "results": [
      {
        "Direction": "Inbound",
        "Destination": "Broombridge",
        "Time": "00:08:19",
        "AVLS": "00:08:59",
        "Tram": "5011",
        "Action": "a",
        "Msg Sent": "17/10/2019 05:47:56",
        "Msg Received": "17/10/2019 05:47:56",
        "Msg Processed": "17/10/2019 05:47:56",
        "XML ID": "527",
        "Total Lag": "0.2445816",
        "Create Lag": "0.2289595",
        "Process Lag": "0.0156221"
      },
      {
        "Direction": "Outbound",
        "Destination": "Bride's Glen",
        "Time": "00:17:03",
        "AVLS": "00:17:43",
        "Tram": "5029",
        "Action": "a",
        "Msg Sent": "17/10/2019 05:47:56",
        "Msg Received": "17/10/2019 05:47:56",
        "Msg Processed": "17/10/2019 05:47:56",
        "XML ID": "527",
        "Total Lag": "0.3852151",
        "Create Lag": "0.2289595",
        "Process Lag": "0.1562556"
      }
    ]
  },
  {
    "stopID": "29",
    "stopQueryTime": 1571287680916,
    "count": 2,
    "results": [
      {
        "Direction": "Inbound",
        "Destination": "Broombridge",
        "Time": "00:11:51",
        "AVLS": "00:12:31",
        "Tram": "5011",
        "Action": "a",
        "Msg Sent": "17/10/2019 05:47:56",
        "Msg Received": "17/10/2019 05:47:56",
        "Msg Processed": "17/10/2019 05:47:56",
        "XML ID": "527",
        "Total Lag": "0.2602079",
        "Create Lag": "0.2289595",
        "Process Lag": "0.0312484"
      },
      {
        "Direction": "Outbound",
        "Destination": "Bride's Glen",
        "Time": "00:13:29",
        "AVLS": "00:14:09",
        "Tram": "5029",
        "Action": "a",
        "Msg Sent": "17/10/2019 05:47:56",
        "Msg Received": "17/10/2019 05:47:56",
        "Msg Processed": "17/10/2019 05:47:56",
        "XML ID": "527",
        "Total Lag": "0.3696197",
        "Create Lag": "0.2289595",
        "Process Lag": "0.1406602"
      }
    ]
  },
  {
    "stopID": "57",
    "stopQueryTime": 1571287680918,
    "count": 1,
    "results": [
      {
        "Direction": "Outbound",
        "Destination": "Tallaght",
        "Time": "00:01:57",
        "AVLS": "00:02:37",
        "Tram": "3019",
        "Action": "d",
        "Msg Sent": "17/10/2019 05:47:53",
        "Msg Received": "17/10/2019 05:47:53",
        "Msg Processed": "17/10/2019 05:47:53",
        "XML ID": "526",
        "Total Lag": "0.9784119",
        "Create Lag": "0.8534023",
        "Process Lag": "0.1250096"
      }
    ]
  },
  {
    "stopID": "33",
    "stopQueryTime": 1571287680921,
    "count": 2,
    "results": [
      {
        "Direction": "Inbound",
        "Destination": "Broombridge",
        "Time": "00:04:38",
        "AVLS": "00:05:18",
        "Tram": "5011",
        "Action": "a",
        "Msg Sent": "17/10/2019 05:47:56",
        "Msg Received": "17/10/2019 05:47:56",
        "Msg Processed": "17/10/2019 05:47:56",
        "XML ID": "527",
        "Total Lag": "0.2445816",
        "Create Lag": "0.2289595",
        "Process Lag": "0.0156221"
      },
      {
        "Direction": "Inbound",
        "Destination": "Parnell",
        "Time": "00:16:45",
        "AVLS": "00:17:25",
        "Tram": "5003",
        "Action": "a",
        "Msg Sent": "17/10/2019 05:47:53",
        "Msg Received": "17/10/2019 05:47:53",
        "Msg Processed": "17/10/2019 05:47:53",
        "XML ID": "526",
        "Total Lag": "0.8690368",
        "Create Lag": "0.8534023",
        "Process Lag": "0.0156345"
      }
    ]
  },
  {
    "stopID": "34",
    "stopQueryTime": 1571287680926,
    "count": 2,
    "results": [
      {
        "Direction": "Inbound",
        "Destination": "Broombridge",
        "Time": "00:02:55",
        "AVLS": "00:03:35",
        "Tram": "5011",
        "Action": "a",
        "Msg Sent": "17/10/2019 05:47:56",
        "Msg Received": "17/10/2019 05:47:56",
        "Msg Processed": "17/10/2019 05:47:56",
        "XML ID": "527",
        "Total Lag": "0.2445816",
        "Create Lag": "0.2289595",
        "Process Lag": "0.0156221"
      },
      {
        "Direction": "Inbound",
        "Destination": "Parnell",
        "Time": "00:15:02",
        "AVLS": "00:15:42",
        "Tram": "5003",
        "Action": "a",
        "Msg Sent": "17/10/2019 05:47:53",
        "Msg Received": "17/10/2019 05:47:53",
        "Msg Processed": "17/10/2019 05:47:53",
        "XML ID": "526",
        "Total Lag": "0.8690368",
        "Create Lag": "0.8534023",
        "Process Lag": "0.0156345"
      }
    ]
  },
  {
    "stopID": "26",
    "stopQueryTime": 1571287680935,
    "count": 3,
    "results": [
      {
        "Direction": "Inbound",
        "Destination": "Broombridge",
        "Time": "00:01:23",
        "AVLS": "00:02:03",
        "Tram": "3020",
        "Action": "a",
        "Msg Sent": "17/10/2019 05:47:53",
        "Msg Received": "17/10/2019 05:47:53",
        "Msg Processed": "17/10/2019 05:47:54",
        "XML ID": "526",
        "Total Lag": "1.0101953",
        "Create Lag": "0.8534023",
        "Process Lag": "0.156793"
      },
      {
        "Direction": "Inbound",
        "Destination": "Broombridge",
        "Time": "00:16:12",
        "AVLS": "00:16:52",
        "Tram": "5011",
        "Action": "a",
        "Msg Sent": "17/10/2019 05:47:56",
        "Msg Received": "17/10/2019 05:47:56",
        "Msg Processed": "17/10/2019 05:47:56",
        "XML ID": "527",
        "Total Lag": "0.2602079",
        "Create Lag": "0.2289595",
        "Process Lag": "0.0312484"
      },
      {
        "Direction": "Outbound",
        "Destination": "Bride's Glen",
        "Time": "00:08:39",
        "AVLS": "00:09:19",
        "Tram": "5029",
        "Action": "a",
        "Msg Sent": "17/10/2019 05:47:56",
        "Msg Received": "17/10/2019 05:47:56",
        "Msg Processed": "17/10/2019 05:47:56",
        "XML ID": "527",
        "Total Lag": "0.354004",
        "Create Lag": "0.2289595",
        "Process Lag": "0.1250445"
      }
    ]
  },
  {
    "stopID": "17",
    "stopQueryTime": 1571287680939,
    "count": 3,
    "results": [
      {
        "Direction": "Inbound",
        "Destination": "The Point",
        "Time": "00:05:58",
        "AVLS": "00:06:38",
        "Tram": "4003",
        "Action": "a",
        "Msg Sent": "17/10/2019 05:47:59",
        "Msg Received": "17/10/2019 05:47:59",
        "Msg Processed": "17/10/2019 05:47:59",
        "XML ID": "528",
        "Total Lag": "0.2289797",
        "Create Lag": "0.213324",
        "Process Lag": "0.0156557"
      },
      {
        "Direction": "Inbound",
        "Destination": "The Point",
        "Time": "00:13:55",
        "AVLS": "00:14:35",
        "Tram": "3018",
        "Action": "a",
        "Msg Sent": "17/10/2019 05:47:53",
        "Msg Received": "17/10/2019 05:47:53",
        "Msg Processed": "17/10/2019 05:47:53",
        "XML ID": "526",
        "Total Lag": "0.9627833",
        "Create Lag": "0.8534023",
        "Process Lag": "0.109381"
      },
      {
        "Direction": "Outbound",
        "Destination": "Tallaght",
        "Time": "00:18:39",
        "AVLS": "00:19:19",
        "Tram": "3019",
        "Action": "a",
        "Msg Sent": "17/10/2019 05:47:53",
        "Msg Received": "17/10/2019 05:47:53",
        "Msg Processed": "17/10/2019 05:47:54",
        "XML ID": "526",
        "Total Lag": "1.0101953",
        "Create Lag": "0.8534023",
        "Process Lag": "0.156793"
      }
    ]
  },
  {
    "stopID": "18",
    "stopQueryTime": 1571287680946,
    "count": 3,
    "results": [
      {
        "Direction": "Inbound",
        "Destination": "The Point",
        "Time": "00:08:02",
        "AVLS": "00:08:42",
        "Tram": "4003",
        "Action": "a",
        "Msg Sent": "17/10/2019 05:47:59",
        "Msg Received": "17/10/2019 05:47:59",
        "Msg Processed": "17/10/2019 05:47:59",
        "XML ID": "528",
        "Total Lag": "0.2445768",
        "Create Lag": "0.213324",
        "Process Lag": "0.0312528"
      },
      {
        "Direction": "Inbound",
        "Destination": "The Point",
        "Time": "00:15:59",
        "AVLS": "00:16:39",
        "Tram": "3018",
        "Action": "a",
        "Msg Sent": "17/10/2019 05:47:53",
        "Msg Received": "17/10/2019 05:47:53",
        "Msg Processed": "17/10/2019 05:47:53",
        "XML ID": "526",
        "Total Lag": "0.9627833",
        "Create Lag": "0.8534023",
        "Process Lag": "0.109381"
      },
      {
        "Direction": "Outbound",
        "Destination": "Tallaght",
        "Time": "00:16:40",
        "AVLS": "00:17:20",
        "Tram": "3019",
        "Action": "a",
        "Msg Sent": "17/10/2019 05:47:53",
        "Msg Received": "17/10/2019 05:47:53",
        "Msg Processed": "17/10/2019 05:47:54",
        "XML ID": "526",
        "Total Lag": "1.0101953",
        "Create Lag": "0.8534023",
        "Process Lag": "0.156793"
      }
    ]
  },
  {
    "stopID": "20",
    "stopQueryTime": 1571287680949,
    "count": 3,
    "results": [
      {
        "Direction": "Inbound",
        "Destination": "The Point",
        "Time": "00:11:16",
        "AVLS": "00:11:56",
        "Tram": "4003",
        "Action": "a",
        "Msg Sent": "17/10/2019 05:47:59",
        "Msg Received": "17/10/2019 05:47:59",
        "Msg Processed": "17/10/2019 05:47:59",
        "XML ID": "528",
        "Total Lag": "0.2445768",
        "Create Lag": "0.213324",
        "Process Lag": "0.0312528"
      },
      {
        "Direction": "Inbound",
        "Destination": "The Point",
        "Time": "00:19:13",
        "AVLS": "00:19:53",
        "Tram": "3018",
        "Action": "a",
        "Msg Sent": "17/10/2019 05:47:53",
        "Msg Received": "17/10/2019 05:47:53",
        "Msg Processed": "17/10/2019 05:47:53",
        "XML ID": "526",
        "Total Lag": "0.9784119",
        "Create Lag": "0.8534023",
        "Process Lag": "0.1250096"
      },
      {
        "Direction": "Outbound",
        "Destination": "Tallaght",
        "Time": "00:13:39",
        "AVLS": "00:14:19",
        "Tram": "3019",
        "Action": "a",
        "Msg Sent": "17/10/2019 05:47:53",
        "Msg Received": "17/10/2019 05:47:53",
        "Msg Processed": "17/10/2019 05:47:53",
        "XML ID": "526",
        "Total Lag": "0.9961186",
        "Create Lag": "0.8534023",
        "Process Lag": "0.1427163"
      }
    ]
  },
  {
    "stopID": "37",
    "stopQueryTime": 1571287680954,
    "count": 3,
    "results": [
      {
        "Direction": "Inbound",
        "Destination": "Broombridge",
        "Time": "00:17:03",
        "AVLS": "00:17:43",
        "Tram": "5006",
        "Action": "a",
        "Msg Sent": "17/10/2019 05:47:56",
        "Msg Received": "17/10/2019 05:47:56",
        "Msg Processed": "17/10/2019 05:47:56",
        "XML ID": "527",
        "Total Lag": "0.2289595",
        "Create Lag": "0.2289595",
        "Process Lag": "0"
      },
      {
        "Direction": "Outbound",
        "Destination": "Bride's Glen",
        "Time": "00:00:26",
        "AVLS": "00:01:06",
        "Tram": "5002",
        "Action": "a",
        "Msg Sent": "17/10/2019 05:47:53",
        "Msg Received": "17/10/2019 05:47:53",
        "Msg Processed": "17/10/2019 05:47:54",
        "XML ID": "526",
        "Total Lag": "1.1039581",
        "Create Lag": "0.8534023",
        "Process Lag": "0.2505558"
      },
      {
        "Direction": "Outbound",
        "Destination": "Bride's Glen",
        "Time": "00:03:24",
        "AVLS": "00:04:04",
        "Tram": "5021",
        "Action": "a",
        "Msg Sent": "17/10/2019 05:47:56",
        "Msg Received": "17/10/2019 05:47:56",
        "Msg Processed": "17/10/2019 05:47:56",
        "XML ID": "527",
        "Total Lag": "0.2758315",
        "Create Lag": "0.2289595",
        "Process Lag": "0.046872"
      }
    ]
  },
  {
    "stopID": "56",
    "stopQueryTime": 1571287680957,
    "count": 1,
    "results": [
      {
        "Direction": "Outbound",
        "Destination": "Tallaght",
        "Time": "00:02:36",
        "AVLS": "00:03:16",
        "Tram": "3019",
        "Action": "a",
        "Msg Sent": "17/10/2019 05:47:53",
        "Msg Received": "17/10/2019 05:47:53",
        "Msg Processed": "17/10/2019 05:47:53",
        "XML ID": "526",
        "Total Lag": "0.9784119",
        "Create Lag": "0.8534023",
        "Process Lag": "0.1250096"
      }
    ]
  },
  {
    "stopID": "55",
    "stopQueryTime": 1571287680966,
    "count": 1,
    "results": [
      {
        "Direction": "Outbound",
        "Destination": "Tallaght",
        "Time": "00:04:35",
        "AVLS": "00:05:15",
        "Tram": "3019",
        "Action": "a",
        "Msg Sent": "17/10/2019 05:47:53",
        "Msg Received": "17/10/2019 05:47:53",
        "Msg Processed": "17/10/2019 05:47:53",
        "XML ID": "526",
        "Total Lag": "0.9784119",
        "Create Lag": "0.8534023",
        "Process Lag": "0.1250096"
      }
    ]
  },
  {
    "stopID": "19",
    "stopQueryTime": 1571287680973,
    "count": 3,
    "results": [
      {
        "Direction": "Inbound",
        "Destination": "The Point",
        "Time": "00:09:18",
        "AVLS": "00:09:58",
        "Tram": "4003",
        "Action": "a",
        "Msg Sent": "17/10/2019 05:47:59",
        "Msg Received": "17/10/2019 05:47:59",
        "Msg Processed": "17/10/2019 05:47:59",
        "XML ID": "528",
        "Total Lag": "0.2445768",
        "Create Lag": "0.213324",
        "Process Lag": "0.0312528"
      },
      {
        "Direction": "Inbound",
        "Destination": "The Point",
        "Time": "00:17:15",
        "AVLS": "00:17:55",
        "Tram": "3018",
        "Action": "a",
        "Msg Sent": "17/10/2019 05:47:53",
        "Msg Received": "17/10/2019 05:47:53",
        "Msg Processed": "17/10/2019 05:47:53",
        "XML ID": "526",
        "Total Lag": "0.9627833",
        "Create Lag": "0.8534023",
        "Process Lag": "0.109381"
      },
      {
        "Direction": "Outbound",
        "Destination": "Tallaght",
        "Time": "00:15:35",
        "AVLS": "00:16:15",
        "Tram": "3019",
        "Action": "a",
        "Msg Sent": "17/10/2019 05:47:53",
        "Msg Received": "17/10/2019 05:47:53",
        "Msg Processed": "17/10/2019 05:47:53",
        "XML ID": "526",
        "Total Lag": "0.9961186",
        "Create Lag": "0.8534023",
        "Process Lag": "0.1427163"
      }
    ]
  },
  {
    "stopID": "27",
    "stopQueryTime": 1571287680977,
    "count": 3,
    "results": [
      {
        "Direction": "Inbound",
        "Destination": "Broombridge",
        "Time": "00:00:02",
        "AVLS": "00:00:42",
        "Tram": "3020",
        "Action": "a",
        "Msg Sent": "17/10/2019 05:47:53",
        "Msg Received": "17/10/2019 05:47:53",
        "Msg Processed": "17/10/2019 05:47:54",
        "XML ID": "526",
        "Total Lag": "1.0101953",
        "Create Lag": "0.8534023",
        "Process Lag": "0.156793"
      },
      {
        "Direction": "Inbound",
        "Destination": "Broombridge",
        "Time": "00:14:51",
        "AVLS": "00:15:31",
        "Tram": "5011",
        "Action": "a",
        "Msg Sent": "17/10/2019 05:47:56",
        "Msg Received": "17/10/2019 05:47:56",
        "Msg Processed": "17/10/2019 05:47:56",
        "XML ID": "527",
        "Total Lag": "0.2602079",
        "Create Lag": "0.2289595",
        "Process Lag": "0.0312484"
      },
      {
        "Direction": "Outbound",
        "Destination": "Bride's Glen",
        "Time": "00:10:07",
        "AVLS": "00:10:47",
        "Tram": "5029",
        "Action": "a",
        "Msg Sent": "17/10/2019 05:47:56",
        "Msg Received": "17/10/2019 05:47:56",
        "Msg Processed": "17/10/2019 05:47:56",
        "XML ID": "527",
        "Total Lag": "0.3696197",
        "Create Lag": "0.2289595",
        "Process Lag": "0.1406602"
      }
    ]
  },
  {
    "stopID": "32",
    "stopQueryTime": 1571287680979,
    "count": 3,
    "results": [
      {
        "Direction": "Inbound",
        "Destination": "Broombridge",
        "Time": "00:06:20",
        "AVLS": "00:07:00",
        "Tram": "5011",
        "Action": "a",
        "Msg Sent": "17/10/2019 05:47:56",
        "Msg Received": "17/10/2019 05:47:56",
        "Msg Processed": "17/10/2019 05:47:56",
        "XML ID": "527",
        "Total Lag": "0.2445816",
        "Create Lag": "0.2289595",
        "Process Lag": "0.0156221"
      },
      {
        "Direction": "Inbound",
        "Destination": "Parnell",
        "Time": "00:18:27",
        "AVLS": "00:19:07",
        "Tram": "5003",
        "Action": "a",
        "Msg Sent": "17/10/2019 05:47:53",
        "Msg Received": "17/10/2019 05:47:53",
        "Msg Processed": "17/10/2019 05:47:53",
        "XML ID": "526",
        "Total Lag": "0.8690368",
        "Create Lag": "0.8534023",
        "Process Lag": "0.0156345"
      },
      {
        "Direction": "Outbound",
        "Destination": "Bride's Glen",
        "Time": "00:19:01",
        "AVLS": "00:19:41",
        "Tram": "5029",
        "Action": "a",
        "Msg Sent": "17/10/2019 05:47:56",
        "Msg Received": "17/10/2019 05:47:56",
        "Msg Processed": "17/10/2019 05:47:56",
        "XML ID": "527",
        "Total Lag": "0.3852151",
        "Create Lag": "0.2289595",
        "Process Lag": "0.1562556"
      }
    ]
  },
  {
    "stopID": "23",
    "stopQueryTime": 1571287680990,
    "count": 0,
    "results": []
  },
  {
    "stopID": "36",
    "stopQueryTime": 1571287680993,
    "count": 3,
    "results": [
      {
        "Direction": "Inbound",
        "Destination": "Broombridge",
        "Time": "00:00:00",
        "AVLS": "00:00:00",
        "Tram": "5011",
        "Action": "a",
        "Msg Sent": "17/10/2019 05:47:56",
        "Msg Received": "17/10/2019 05:47:56",
        "Msg Processed": "17/10/2019 05:47:56",
        "XML ID": "527",
        "Total Lag": "0.2289595",
        "Create Lag": "0.2289595",
        "Process Lag": "0"
      },
      {
        "Direction": "Inbound",
        "Destination": "Parnell",
        "Time": "00:11:27",
        "AVLS": "00:12:07",
        "Tram": "5003",
        "Action": "d",
        "Msg Sent": "17/10/2019 05:47:53",
        "Msg Received": "17/10/2019 05:47:53",
        "Msg Processed": "17/10/2019 05:47:53",
        "XML ID": "526",
        "Total Lag": "0.8534023",
        "Create Lag": "0.8534023",
        "Process Lag": "0"
      },
      {
        "Direction": "Outbound",
        "Destination": "Bride's Glen",
        "Time": "00:00:51",
        "AVLS": "00:01:31",
        "Tram": "5021",
        "Action": "a",
        "Msg Sent": "17/10/2019 05:47:56",
        "Msg Received": "17/10/2019 05:47:56",
        "Msg Processed": "17/10/2019 05:47:56",
        "XML ID": "527",
        "Total Lag": "0.2758315",
        "Create Lag": "0.2289595",
        "Process Lag": "0.046872"
      }
    ]
  },
  {
    "stopID": "9",
    "stopQueryTime": 1571287681011,
    "count": 2,
    "results": [
      {
        "Direction": "Inbound",
        "Destination": "The Point",
        "Time": "00:02:14",
        "AVLS": "00:02:54",
        "Tram": "3018",
        "Action": "a",
        "Msg Sent": "17/10/2019 05:47:53",
        "Msg Received": "17/10/2019 05:47:53",
        "Msg Processed": "17/10/2019 05:47:53",
        "XML ID": "526",
        "Total Lag": "0.9315409",
        "Create Lag": "0.8534023",
        "Process Lag": "0.0781386"
      },
      {
        "Direction": "Outbound",
        "Destination": "Tallaght",
        "Time": "00:10:45",
        "AVLS": "00:11:25",
        "Tram": "3013",
        "Action": "a",
        "Msg Sent": "17/10/2019 05:47:53",
        "Msg Received": "17/10/2019 05:47:53",
        "Msg Processed": "17/10/2019 05:47:53",
        "XML ID": "526",
        "Total Lag": "0.9159158",
        "Create Lag": "0.8534023",
        "Process Lag": "0.0625135"
      }
    ]
  },
  {
    "stopID": "58",
    "stopQueryTime": 1571287681015,
    "count": 0,
    "results": []
  },
  {
    "stopID": "7",
    "stopQueryTime": 1571287681020,
    "count": 2,
    "results": [
      {
        "Direction": "Inbound",
        "Destination": "The Point",
        "Time": "00:16:29",
        "AVLS": "00:17:09",
        "Tram": "4004",
        "Action": "a",
        "Msg Sent": "17/10/2019 05:47:53",
        "Msg Received": "17/10/2019 05:47:53",
        "Msg Processed": "17/10/2019 05:47:54",
        "XML ID": "526",
        "Total Lag": "1.1039581",
        "Create Lag": "0.8534023",
        "Process Lag": "0.2505558"
      },
      {
        "Direction": "Outbound",
        "Destination": "Tallaght",
        "Time": "00:14:34",
        "AVLS": "00:15:14",
        "Tram": "3013",
        "Action": "a",
        "Msg Sent": "17/10/2019 05:47:53",
        "Msg Received": "17/10/2019 05:47:53",
        "Msg Processed": "17/10/2019 05:47:53",
        "XML ID": "526",
        "Total Lag": "0.9315409",
        "Create Lag": "0.8534023",
        "Process Lag": "0.0781386"
      }
    ]
  },
  {
    "stopID": "51",
    "stopQueryTime": 1571287681024,
    "count": 3,
    "results": [
      {
        "Direction": "Inbound",
        "Destination": "Belgard",
        "Time": "00:16:58",
        "AVLS": "00:17:38",
        "Tram": "3009",
        "Action": "a",
        "Msg Sent": "17/10/2019 05:47:53",
        "Msg Received": "17/10/2019 05:47:53",
        "Msg Processed": "17/10/2019 05:47:53",
        "XML ID": "526",
        "Total Lag": "0.9002818",
        "Create Lag": "0.8534023",
        "Process Lag": "0.0468795"
      },
      {
        "Direction": "Outbound",
        "Destination": "Saggart",
        "Time": "00:05:50",
        "AVLS": "00:06:30",
        "Tram": "3009",
        "Action": "a",
        "Msg Sent": "17/10/2019 05:47:53",
        "Msg Received": "17/10/2019 05:47:53",
        "Msg Processed": "17/10/2019 05:47:53",
        "XML ID": "526",
        "Total Lag": "0.8846616",
        "Create Lag": "0.8534023",
        "Process Lag": "0.0312593"
      },
      {
        "Direction": "Outbound",
        "Destination": "Saggart",
        "Time": "00:18:57",
        "AVLS": "00:19:37",
        "Tram": "3026",
        "Action": "a",
        "Msg Sent": "17/10/2019 05:47:53",
        "Msg Received": "17/10/2019 05:47:53",
        "Msg Processed": "17/10/2019 05:47:54",
        "XML ID": "526",
        "Total Lag": "1.0570832",
        "Create Lag": "0.8534023",
        "Process Lag": "0.2036809"
      }
    ]
  },
  {
    "stopID": "43",
    "stopQueryTime": 1571287681028,
    "count": 3,
    "results": [
      {
        "Direction": "Inbound",
        "Destination": "Broombridge",
        "Time": "00:08:31",
        "AVLS": "00:09:11",
        "Tram": "5006",
        "Action": "a",
        "Msg Sent": "17/10/2019 05:47:53",
        "Msg Received": "17/10/2019 05:47:53",
        "Msg Processed": "17/10/2019 05:47:54",
        "XML ID": "526",
        "Total Lag": "1.1508412",
        "Create Lag": "0.8534023",
        "Process Lag": "0.2974389"
      },
      {
        "Direction": "Outbound",
        "Destination": "Bride's Glen",
        "Time": "00:08:48",
        "AVLS": "00:09:28",
        "Tram": "5002",
        "Action": "a",
        "Msg Sent": "17/10/2019 05:47:53",
        "Msg Received": "17/10/2019 05:47:53",
        "Msg Processed": "17/10/2019 05:47:54",
        "XML ID": "526",
        "Total Lag": "1.1195889",
        "Create Lag": "0.8534023",
        "Process Lag": "0.2661866"
      },
      {
        "Direction": "Outbound",
        "Destination": "Bride's Glen",
        "Time": "00:11:46",
        "AVLS": "00:12:26",
        "Tram": "5021",
        "Action": "a",
        "Msg Sent": "17/10/2019 05:47:56",
        "Msg Received": "17/10/2019 05:47:56",
        "Msg Processed": "17/10/2019 05:47:56",
        "XML ID": "527",
        "Total Lag": "0.291466",
        "Create Lag": "0.2289595",
        "Process Lag": "0.0625065"
      }
    ]
  },
  {
    "stopID": "10",
    "stopQueryTime": 1571287681029,
    "count": 2,
    "results": [
      {
        "Direction": "Inbound",
        "Destination": "The Point",
        "Time": "00:03:24",
        "AVLS": "00:04:04",
        "Tram": "3018",
        "Action": "a",
        "Msg Sent": "17/10/2019 05:47:53",
        "Msg Received": "17/10/2019 05:47:53",
        "Msg Processed": "17/10/2019 05:47:53",
        "XML ID": "526",
        "Total Lag": "0.9315409",
        "Create Lag": "0.8534023",
        "Process Lag": "0.0781386"
      },
      {
        "Direction": "Outbound",
        "Destination": "Tallaght",
        "Time": "00:09:29",
        "AVLS": "00:10:09",
        "Tram": "3013",
        "Action": "a",
        "Msg Sent": "17/10/2019 05:47:53",
        "Msg Received": "17/10/2019 05:47:53",
        "Msg Processed": "17/10/2019 05:47:53",
        "XML ID": "526",
        "Total Lag": "0.9159158",
        "Create Lag": "0.8534023",
        "Process Lag": "0.0625135"
      }
    ]
  },
  {
    "stopID": "11",
    "stopQueryTime": 1571287681053,
    "count": 2,
    "results": [
      {
        "Direction": "Inbound",
        "Destination": "The Point",
        "Time": "00:04:16",
        "AVLS": "00:04:56",
        "Tram": "3018",
        "Action": "a",
        "Msg Sent": "17/10/2019 05:47:53",
        "Msg Received": "17/10/2019 05:47:53",
        "Msg Processed": "17/10/2019 05:47:53",
        "XML ID": "526",
        "Total Lag": "0.9471616",
        "Create Lag": "0.8534023",
        "Process Lag": "0.0937593"
      },
      {
        "Direction": "Outbound",
        "Destination": "Tallaght",
        "Time": "00:08:33",
        "AVLS": "00:09:13",
        "Tram": "3013",
        "Action": "a",
        "Msg Sent": "17/10/2019 05:47:53",
        "Msg Received": "17/10/2019 05:47:53",
        "Msg Processed": "17/10/2019 05:47:53",
        "XML ID": "526",
        "Total Lag": "0.9159158",
        "Create Lag": "0.8534023",
        "Process Lag": "0.0625135"
      }
    ]
  },
  {
    "stopID": "35",
    "stopQueryTime": 1571287681061,
    "count": 3,
    "results": [
      {
        "Direction": "Inbound",
        "Destination": "Broombridge",
        "Time": "00:00:55",
        "AVLS": "00:01:35",
        "Tram": "5011",
        "Action": "a",
        "Msg Sent": "17/10/2019 05:47:56",
        "Msg Received": "17/10/2019 05:47:56",
        "Msg Processed": "17/10/2019 05:47:56",
        "XML ID": "527",
        "Total Lag": "0.2445816",
        "Create Lag": "0.2289595",
        "Process Lag": "0.0156221"
      },
      {
        "Direction": "Inbound",
        "Destination": "Parnell",
        "Time": "00:13:02",
        "AVLS": "00:13:42",
        "Tram": "5003",
        "Action": "a",
        "Msg Sent": "17/10/2019 05:47:53",
        "Msg Received": "17/10/2019 05:47:53",
        "Msg Processed": "17/10/2019 05:47:53",
        "XML ID": "526",
        "Total Lag": "0.8534023",
        "Create Lag": "0.8534023",
        "Process Lag": "0"
      },
      {
        "Direction": "Outbound",
        "Destination": "Bride's Glen",
        "Time": "00:00:00",
        "AVLS": "00:00:10",
        "Tram": "5021",
        "Action": "a",
        "Msg Sent": "17/10/2019 05:47:56",
        "Msg Received": "17/10/2019 05:47:56",
        "Msg Processed": "17/10/2019 05:47:56",
        "XML ID": "527",
        "Total Lag": "0.2758315",
        "Create Lag": "0.2289595",
        "Process Lag": "0.046872"
      }
    ]
  },
  {
    "stopID": "8",
    "stopQueryTime": 1571287681064,
    "count": 3,
    "results": [
      {
        "Direction": "Inbound",
        "Destination": "The Point",
        "Time": "00:00:12",
        "AVLS": "00:00:52",
        "Tram": "3018",
        "Action": "a",
        "Msg Sent": "17/10/2019 05:47:53",
        "Msg Received": "17/10/2019 05:47:53",
        "Msg Processed": "17/10/2019 05:47:53",
        "XML ID": "526",
        "Total Lag": "0.9315409",
        "Create Lag": "0.8534023",
        "Process Lag": "0.0781386"
      },
      {
        "Direction": "Inbound",
        "Destination": "The Point",
        "Time": "00:17:55",
        "AVLS": "00:18:35",
        "Tram": "4004",
        "Action": "a",
        "Msg Sent": "17/10/2019 05:47:53",
        "Msg Received": "17/10/2019 05:47:53",
        "Msg Processed": "17/10/2019 05:47:54",
        "XML ID": "526",
        "Total Lag": "1.1039581",
        "Create Lag": "0.8534023",
        "Process Lag": "0.2505558"
      },
      {
        "Direction": "Outbound",
        "Destination": "Tallaght",
        "Time": "00:13:00",
        "AVLS": "00:13:40",
        "Tram": "3013",
        "Action": "a",
        "Msg Sent": "17/10/2019 05:47:53",
        "Msg Received": "17/10/2019 05:47:53",
        "Msg Processed": "17/10/2019 05:47:53",
        "XML ID": "526",
        "Total Lag": "0.9159158",
        "Create Lag": "0.8534023",
        "Process Lag": "0.0625135"
      }
    ]
  },
  {
    "stopID": "24",
    "stopQueryTime": 1571287681067,
    "count": 2,
    "results": [
      {
        "Direction": "Inbound",
        "Destination": "Broombridge",
        "Time": "00:06:31",
        "AVLS": "00:07:11",
        "Tram": "3020",
        "Action": "a",
        "Msg Sent": "17/10/2019 05:47:53",
        "Msg Received": "17/10/2019 05:47:53",
        "Msg Processed": "17/10/2019 05:47:54",
        "XML ID": "526",
        "Total Lag": "1.0258472",
        "Create Lag": "0.8534023",
        "Process Lag": "0.1724449"
      },
      {
        "Direction": "Outbound",
        "Destination": "Bride's Glen",
        "Time": "00:04:01",
        "AVLS": "00:04:41",
        "Tram": "5029",
        "Action": "a",
        "Msg Sent": "17/10/2019 05:47:56",
        "Msg Received": "17/10/2019 05:47:56",
        "Msg Processed": "17/10/2019 05:47:56",
        "XML ID": "527",
        "Total Lag": "0.354004",
        "Create Lag": "0.2289595",
        "Process Lag": "0.1250445"
      }
    ]
  },
  {
    "stopID": "28",
    "stopQueryTime": 1571287681071,
    "count": 2,
    "results": [
      {
        "Direction": "Inbound",
        "Destination": "Broombridge",
        "Time": "00:13:20",
        "AVLS": "00:14:00",
        "Tram": "5011",
        "Action": "a",
        "Msg Sent": "17/10/2019 05:47:56",
        "Msg Received": "17/10/2019 05:47:56",
        "Msg Processed": "17/10/2019 05:47:56",
        "XML ID": "527",
        "Total Lag": "0.2602079",
        "Create Lag": "0.2289595",
        "Process Lag": "0.0312484"
      },
      {
        "Direction": "Outbound",
        "Destination": "Bride's Glen",
        "Time": "00:12:01",
        "AVLS": "00:12:41",
        "Tram": "5029",
        "Action": "a",
        "Msg Sent": "17/10/2019 05:47:56",
        "Msg Received": "17/10/2019 05:47:56",
        "Msg Processed": "17/10/2019 05:47:56",
        "XML ID": "527",
        "Total Lag": "0.3696197",
        "Create Lag": "0.2289595",
        "Process Lag": "0.1406602"
      }
    ]
  },
  {
    "stopID": "15",
    "stopQueryTime": 1571287681075,
    "count": 3,
    "results": [
      {
        "Direction": "Inbound",
        "Destination": "The Point",
        "Time": "00:01:22",
        "AVLS": "00:02:02",
        "Tram": "4003",
        "Action": "a",
        "Msg Sent": "17/10/2019 05:47:59",
        "Msg Received": "17/10/2019 05:47:59",
        "Msg Processed": "17/10/2019 05:47:59",
        "XML ID": "528",
        "Total Lag": "0.2289797",
        "Create Lag": "0.213324",
        "Process Lag": "0.0156557"
      },
      {
        "Direction": "Inbound",
        "Destination": "The Point",
        "Time": "00:09:19",
        "AVLS": "00:09:59",
        "Tram": "3018",
        "Action": "a",
        "Msg Sent": "17/10/2019 05:47:53",
        "Msg Received": "17/10/2019 05:47:53",
        "Msg Processed": "17/10/2019 05:47:53",
        "XML ID": "526",
        "Total Lag": "0.9471616",
        "Create Lag": "0.8534023",
        "Process Lag": "0.0937593"
      },
      {
        "Direction": "Outbound",
        "Destination": "Tallaght",
        "Time": "00:02:48",
        "AVLS": "00:03:28",
        "Tram": "3013",
        "Action": "a",
        "Msg Sent": "17/10/2019 05:47:53",
        "Msg Received": "17/10/2019 05:47:53",
        "Msg Processed": "17/10/2019 05:47:53",
        "XML ID": "526",
        "Total Lag": "0.9002818",
        "Create Lag": "0.8534023",
        "Process Lag": "0.0468795"
      }
    ]
  },
  {
    "stopID": "30",
    "stopQueryTime": 1571287681092,
    "count": 2,
    "results": [
      {
        "Direction": "Inbound",
        "Destination": "Broombridge",
        "Time": "00:10:06",
        "AVLS": "00:10:46",
        "Tram": "5011",
        "Action": "a",
        "Msg Sent": "17/10/2019 05:47:56",
        "Msg Received": "17/10/2019 05:47:56",
        "Msg Processed": "17/10/2019 05:47:56",
        "XML ID": "527",
        "Total Lag": "0.2445816",
        "Create Lag": "0.2289595",
        "Process Lag": "0.0156221"
      },
      {
        "Direction": "Outbound",
        "Destination": "Bride's Glen",
        "Time": "00:15:15",
        "AVLS": "00:15:55",
        "Tram": "5029",
        "Action": "a",
        "Msg Sent": "17/10/2019 05:47:56",
        "Msg Received": "17/10/2019 05:47:56",
        "Msg Processed": "17/10/2019 05:47:56",
        "XML ID": "527",
        "Total Lag": "0.3696197",
        "Create Lag": "0.2289595",
        "Process Lag": "0.1406602"
      }
    ]
  },
  {
    "stopID": "48",
    "stopQueryTime": 1571287681095,
    "count": 1,
    "results": [
      {
        "Direction": "Inbound",
        "Destination": "Broombridge",
        "Time": "00:01:27",
        "AVLS": "00:02:07",
        "Tram": "5006",
        "Action": "d",
        "Msg Sent": "17/10/2019 05:47:53",
        "Msg Received": "17/10/2019 05:47:53",
        "Msg Processed": "17/10/2019 05:47:54",
        "XML ID": "526",
        "Total Lag": "1.1352072",
        "Create Lag": "0.8534023",
        "Process Lag": "0.2818049"
      }
    ]
  },
  {
    "stopID": "14",
    "stopQueryTime": 1571287681101,
    "count": 3,
    "results": [
      {
        "Direction": "Inbound",
        "Destination": "The Point",
        "Time": "00:00:00",
        "AVLS": "00:00:24",
        "Tram": "4003",
        "Action": "a",
        "Msg Sent": "17/10/2019 05:47:59",
        "Msg Received": "17/10/2019 05:47:59",
        "Msg Processed": "17/10/2019 05:47:59",
        "XML ID": "528",
        "Total Lag": "0.2289797",
        "Create Lag": "0.213324",
        "Process Lag": "0.0156557"
      },
      {
        "Direction": "Inbound",
        "Destination": "The Point",
        "Time": "00:07:41",
        "AVLS": "00:08:21",
        "Tram": "3018",
        "Action": "a",
        "Msg Sent": "17/10/2019 05:47:53",
        "Msg Received": "17/10/2019 05:47:53",
        "Msg Processed": "17/10/2019 05:47:53",
        "XML ID": "526",
        "Total Lag": "0.9471616",
        "Create Lag": "0.8534023",
        "Process Lag": "0.0937593"
      },
      {
        "Direction": "Outbound",
        "Destination": "Tallaght",
        "Time": "00:04:47",
        "AVLS": "00:05:27",
        "Tram": "3013",
        "Action": "a",
        "Msg Sent": "17/10/2019 05:47:53",
        "Msg Received": "17/10/2019 05:47:53",
        "Msg Processed": "17/10/2019 05:47:53",
        "XML ID": "526",
        "Total Lag": "0.9002818",
        "Create Lag": "0.8534023",
        "Process Lag": "0.0468795"
      }
    ]
  },
  {
    "stopID": "16",
    "stopQueryTime": 1571287681105,
    "count": 3,
    "results": [
      {
        "Direction": "Inbound",
        "Destination": "The Point",
        "Time": "00:03:47",
        "AVLS": "00:04:27",
        "Tram": "4003",
        "Action": "a",
        "Msg Sent": "17/10/2019 05:47:59",
        "Msg Received": "17/10/2019 05:47:59",
        "Msg Processed": "17/10/2019 05:47:59",
        "XML ID": "528",
        "Total Lag": "0.2289797",
        "Create Lag": "0.213324",
        "Process Lag": "0.0156557"
      },
      {
        "Direction": "Inbound",
        "Destination": "The Point",
        "Time": "00:11:44",
        "AVLS": "00:12:24",
        "Tram": "3018",
        "Action": "a",
        "Msg Sent": "17/10/2019 05:47:53",
        "Msg Received": "17/10/2019 05:47:53",
        "Msg Processed": "17/10/2019 05:47:53",
        "XML ID": "526",
        "Total Lag": "0.9627833",
        "Create Lag": "0.8534023",
        "Process Lag": "0.109381"
      },
      {
        "Direction": "Outbound",
        "Destination": "Tallaght",
        "Time": "00:00:00",
        "AVLS": "00:00:17",
        "Tram": "3013",
        "Action": "a",
        "Msg Sent": "17/10/2019 05:47:53",
        "Msg Received": "17/10/2019 05:47:53",
        "Msg Processed": "17/10/2019 05:47:53",
        "XML ID": "526",
        "Total Lag": "0.9002818",
        "Create Lag": "0.8534023",
        "Process Lag": "0.0468795"
      }
    ]
  },
  {
    "stopID": "47",
    "stopQueryTime": 1571287681108,
    "count": 3,
    "results": [
      {
        "Direction": "Inbound",
        "Destination": "Broombridge",
        "Time": "00:02:35",
        "AVLS": "00:03:15",
        "Tram": "5006",
        "Action": "a",
        "Msg Sent": "17/10/2019 05:47:53",
        "Msg Received": "17/10/2019 05:47:53",
        "Msg Processed": "17/10/2019 05:47:54",
        "XML ID": "526",
        "Total Lag": "1.1352072",
        "Create Lag": "0.8534023",
        "Process Lag": "0.2818049"
      },
      {
        "Direction": "Outbound",
        "Destination": "Bride's Glen",
        "Time": "00:14:41",
        "AVLS": "00:15:21",
        "Tram": "5002",
        "Action": "a",
        "Msg Sent": "17/10/2019 05:47:53",
        "Msg Received": "17/10/2019 05:47:53",
        "Msg Processed": "17/10/2019 05:47:54",
        "XML ID": "526",
        "Total Lag": "1.1352072",
        "Create Lag": "0.8534023",
        "Process Lag": "0.2818049"
      },
      {
        "Direction": "Outbound",
        "Destination": "Bride's Glen",
        "Time": "00:17:39",
        "AVLS": "00:18:19",
        "Tram": "5021",
        "Action": "a",
        "Msg Sent": "17/10/2019 05:47:56",
        "Msg Received": "17/10/2019 05:47:56",
        "Msg Processed": "17/10/2019 05:47:56",
        "XML ID": "527",
        "Total Lag": "0.3070813",
        "Create Lag": "0.2289595",
        "Process Lag": "0.0781218"
      }
    ]
  },
  {
    "stopID": "54",
    "stopQueryTime": 1571287681121,
    "count": 2,
    "results": [
      {
        "Direction": "Inbound",
        "Destination": "The Point",
        "Time": "00:18:45",
        "AVLS": "00:19:25",
        "Tram": "4003",
        "Action": "a",
        "Msg Sent": "17/10/2019 05:47:59",
        "Msg Received": "17/10/2019 05:47:59",
        "Msg Processed": "17/10/2019 05:47:59",
        "XML ID": "528",
        "Total Lag": "0.2602067",
        "Create Lag": "0.213324",
        "Process Lag": "0.0468827"
      },
      {
        "Direction": "Outbound",
        "Destination": "Tallaght",
        "Time": "00:06:03",
        "AVLS": "00:06:43",
        "Tram": "3019",
        "Action": "a",
        "Msg Sent": "17/10/2019 05:47:53",
        "Msg Received": "17/10/2019 05:47:53",
        "Msg Processed": "17/10/2019 05:47:53",
        "XML ID": "526",
        "Total Lag": "0.9961186",
        "Create Lag": "0.8534023",
        "Process Lag": "0.1427163"
      }
    ]
  },
  {
    "stopID": "38",
    "stopQueryTime": 1571287681123,
    "count": 3,
    "results": [
      {
        "Direction": "Inbound",
        "Destination": "Broombridge",
        "Time": "00:15:33",
        "AVLS": "00:16:13",
        "Tram": "5006",
        "Action": "a",
        "Msg Sent": "17/10/2019 05:47:53",
        "Msg Received": "17/10/2019 05:47:53",
        "Msg Processed": "17/10/2019 05:47:54",
        "XML ID": "526",
        "Total Lag": "1.1508412",
        "Create Lag": "0.8534023",
        "Process Lag": "0.2974389"
      },
      {
        "Direction": "Outbound",
        "Destination": "Bride's Glen",
        "Time": "00:01:54",
        "AVLS": "00:02:34",
        "Tram": "5002",
        "Action": "a",
        "Msg Sent": "17/10/2019 05:47:53",
        "Msg Received": "17/10/2019 05:47:53",
        "Msg Processed": "17/10/2019 05:47:54",
        "XML ID": "526",
        "Total Lag": "1.1039581",
        "Create Lag": "0.8534023",
        "Process Lag": "0.2505558"
      },
      {
        "Direction": "Outbound",
        "Destination": "Bride's Glen",
        "Time": "00:04:52",
        "AVLS": "00:05:32",
        "Tram": "5021",
        "Action": "a",
        "Msg Sent": "17/10/2019 05:47:56",
        "Msg Received": "17/10/2019 05:47:56",
        "Msg Processed": "17/10/2019 05:47:56",
        "XML ID": "527",
        "Total Lag": "0.2758315",
        "Create Lag": "0.2289595",
        "Process Lag": "0.046872"
      }
    ]
  },
  {
    "stopID": "53",
    "stopQueryTime": 1571287681127,
    "count": 2,
    "results": [
      {
        "Direction": "Inbound",
        "Destination": "Belgard",
        "Time": "00:13:27",
        "AVLS": "00:14:07",
        "Tram": "3009",
        "Action": "d",
        "Msg Sent": "17/10/2019 05:47:53",
        "Msg Received": "17/10/2019 05:47:53",
        "Msg Processed": "17/10/2019 05:47:53",
        "XML ID": "526",
        "Total Lag": "0.8846616",
        "Create Lag": "0.8534023",
        "Process Lag": "0.0312593"
      },
      {
        "Direction": "Terminating",
        "Destination": "Saggart",
        "Time": "00:09:06",
        "AVLS": "00:09:46",
        "Tram": "3009",
        "Action": "a",
        "Msg Sent": "17/10/2019 05:47:53",
        "Msg Received": "17/10/2019 05:47:53",
        "Msg Processed": "17/10/2019 05:47:53",
        "XML ID": "526",
        "Total Lag": "0.8846616",
        "Create Lag": "0.8534023",
        "Process Lag": "0.0312593"
      }
    ]
  },
  {
    "stopID": "13",
    "stopQueryTime": 1571287681129,
    "count": 2,
    "results": [
      {
        "Direction": "Inbound",
        "Destination": "The Point",
        "Time": "00:06:48",
        "AVLS": "00:07:28",
        "Tram": "3018",
        "Action": "a",
        "Msg Sent": "17/10/2019 05:47:53",
        "Msg Received": "17/10/2019 05:47:53",
        "Msg Processed": "17/10/2019 05:47:53",
        "XML ID": "526",
        "Total Lag": "0.9471616",
        "Create Lag": "0.8534023",
        "Process Lag": "0.0937593"
      },
      {
        "Direction": "Outbound",
        "Destination": "Tallaght",
        "Time": "00:05:47",
        "AVLS": "00:06:27",
        "Tram": "3013",
        "Action": "a",
        "Msg Sent": "17/10/2019 05:47:53",
        "Msg Received": "17/10/2019 05:47:53",
        "Msg Processed": "17/10/2019 05:47:53",
        "XML ID": "526",
        "Total Lag": "0.9002818",
        "Create Lag": "0.8534023",
        "Process Lag": "0.0468795"
      }
    ]
  },
  {
    "stopID": "42",
    "stopQueryTime": 1571287681137,
    "count": 3,
    "results": [
      {
        "Direction": "Inbound",
        "Destination": "Broombridge",
        "Time": "00:10:07",
        "AVLS": "00:10:47",
        "Tram": "5006",
        "Action": "a",
        "Msg Sent": "17/10/2019 05:47:53",
        "Msg Received": "17/10/2019 05:47:53",
        "Msg Processed": "17/10/2019 05:47:54",
        "XML ID": "526",
        "Total Lag": "1.1508412",
        "Create Lag": "0.8534023",
        "Process Lag": "0.2974389"
      },
      {
        "Direction": "Outbound",
        "Destination": "Bride's Glen",
        "Time": "00:07:15",
        "AVLS": "00:07:55",
        "Tram": "5002",
        "Action": "a",
        "Msg Sent": "17/10/2019 05:47:53",
        "Msg Received": "17/10/2019 05:47:53",
        "Msg Processed": "17/10/2019 05:47:54",
        "XML ID": "526",
        "Total Lag": "1.1195889",
        "Create Lag": "0.8534023",
        "Process Lag": "0.2661866"
      },
      {
        "Direction": "Outbound",
        "Destination": "Bride's Glen",
        "Time": "00:10:13",
        "AVLS": "00:10:53",
        "Tram": "5021",
        "Action": "a",
        "Msg Sent": "17/10/2019 05:47:56",
        "Msg Received": "17/10/2019 05:47:56",
        "Msg Processed": "17/10/2019 05:47:56",
        "XML ID": "527",
        "Total Lag": "0.291466",
        "Create Lag": "0.2289595",
        "Process Lag": "0.0625065"
      }
    ]
  },
  {
    "stopID": "45",
    "stopQueryTime": 1571287681141,
    "count": 3,
    "results": [
      {
        "Direction": "Inbound",
        "Destination": "Broombridge",
        "Time": "00:05:58",
        "AVLS": "00:06:38",
        "Tram": "5006",
        "Action": "a",
        "Msg Sent": "17/10/2019 05:47:53",
        "Msg Received": "17/10/2019 05:47:53",
        "Msg Processed": "17/10/2019 05:47:54",
        "XML ID": "526",
        "Total Lag": "1.1352072",
        "Create Lag": "0.8534023",
        "Process Lag": "0.2818049"
      },
      {
        "Direction": "Outbound",
        "Destination": "Bride's Glen",
        "Time": "00:11:21",
        "AVLS": "00:12:01",
        "Tram": "5002",
        "Action": "a",
        "Msg Sent": "17/10/2019 05:47:53",
        "Msg Received": "17/10/2019 05:47:53",
        "Msg Processed": "17/10/2019 05:47:54",
        "XML ID": "526",
        "Total Lag": "1.1195889",
        "Create Lag": "0.8534023",
        "Process Lag": "0.2661866"
      },
      {
        "Direction": "Outbound",
        "Destination": "Bride's Glen",
        "Time": "00:14:19",
        "AVLS": "00:14:59",
        "Tram": "5021",
        "Action": "a",
        "Msg Sent": "17/10/2019 05:47:56",
        "Msg Received": "17/10/2019 05:47:56",
        "Msg Processed": "17/10/2019 05:47:56",
        "XML ID": "527",
        "Total Lag": "0.3070813",
        "Create Lag": "0.2289595",
        "Process Lag": "0.0781218"
      }
    ]
  },
  {
    "stopID": "44",
    "stopQueryTime": 1571287681147,
    "count": 3,
    "results": [
      {
        "Direction": "Inbound",
        "Destination": "Broombridge",
        "Time": "00:07:27",
        "AVLS": "00:08:07",
        "Tram": "5006",
        "Action": "a",
        "Msg Sent": "17/10/2019 05:47:53",
        "Msg Received": "17/10/2019 05:47:53",
        "Msg Processed": "17/10/2019 05:47:54",
        "XML ID": "526",
        "Total Lag": "1.1352072",
        "Create Lag": "0.8534023",
        "Process Lag": "0.2818049"
      },
      {
        "Direction": "Outbound",
        "Destination": "Bride's Glen",
        "Time": "00:09:53",
        "AVLS": "00:10:33",
        "Tram": "5002",
        "Action": "a",
        "Msg Sent": "17/10/2019 05:47:53",
        "Msg Received": "17/10/2019 05:47:53",
        "Msg Processed": "17/10/2019 05:47:54",
        "XML ID": "526",
        "Total Lag": "1.1195889",
        "Create Lag": "0.8534023",
        "Process Lag": "0.2661866"
      },
      {
        "Direction": "Outbound",
        "Destination": "Bride's Glen",
        "Time": "00:12:51",
        "AVLS": "00:13:31",
        "Tram": "5021",
        "Action": "a",
        "Msg Sent": "17/10/2019 05:47:56",
        "Msg Received": "17/10/2019 05:47:56",
        "Msg Processed": "17/10/2019 05:47:56",
        "XML ID": "527",
        "Total Lag": "0.291466",
        "Create Lag": "0.2289595",
        "Process Lag": "0.0625065"
      }
    ]
  },
  {
    "stopID": "49",
    "stopQueryTime": 1571287681165,
    "count": 3,
    "results": [
      {
        "Direction": "Inbound",
        "Destination": "Belgard",
        "Time": "00:01:18",
        "AVLS": "00:01:58",
        "Tram": "3026",
        "Action": "a",
        "Msg Sent": "17/10/2019 05:47:53",
        "Msg Received": "17/10/2019 05:47:53",
        "Msg Processed": "17/10/2019 05:47:54",
        "XML ID": "526",
        "Total Lag": "1.0414565",
        "Create Lag": "0.8534023",
        "Process Lag": "0.1880542"
      },
      {
        "Direction": "Outbound",
        "Destination": "Saggart",
        "Time": "00:02:31",
        "AVLS": "00:03:11",
        "Tram": "3009",
        "Action": "a",
        "Msg Sent": "17/10/2019 05:47:53",
        "Msg Received": "17/10/2019 05:47:53",
        "Msg Processed": "17/10/2019 05:47:53",
        "XML ID": "526",
        "Total Lag": "0.8690368",
        "Create Lag": "0.8534023",
        "Process Lag": "0.0156345"
      },
      {
        "Direction": "Outbound",
        "Destination": "Saggart",
        "Time": "00:15:24",
        "AVLS": "00:16:04",
        "Tram": "3026",
        "Action": "a",
        "Msg Sent": "17/10/2019 05:47:53",
        "Msg Received": "17/10/2019 05:47:53",
        "Msg Processed": "17/10/2019 05:47:54",
        "XML ID": "526",
        "Total Lag": "1.0414565",
        "Create Lag": "0.8534023",
        "Process Lag": "0.1880542"
      }
    ]
  },
  {
    "stopID": "25",
    "stopQueryTime": 1571287681179,
    "count": 3,
    "results": [
      {
        "Direction": "Inbound",
        "Destination": "Broombridge",
        "Time": "00:03:33",
        "AVLS": "00:04:13",
        "Tram": "3020",
        "Action": "a",
        "Msg Sent": "17/10/2019 05:47:53",
        "Msg Received": "17/10/2019 05:47:53",
        "Msg Processed": "17/10/2019 05:47:54",
        "XML ID": "526",
        "Total Lag": "1.0101953",
        "Create Lag": "0.8534023",
        "Process Lag": "0.156793"
      },
      {
        "Direction": "Inbound",
        "Destination": "Broombridge",
        "Time": "00:18:22",
        "AVLS": "00:19:02",
        "Tram": "5011",
        "Action": "a",
        "Msg Sent": "17/10/2019 05:47:56",
        "Msg Received": "17/10/2019 05:47:56",
        "Msg Processed": "17/10/2019 05:47:56",
        "XML ID": "527",
        "Total Lag": "0.2602079",
        "Create Lag": "0.2289595",
        "Process Lag": "0.0312484"
      },
      {
        "Direction": "Outbound",
        "Destination": "Bride's Glen",
        "Time": "00:05:59",
        "AVLS": "00:06:39",
        "Tram": "5029",
        "Action": "a",
        "Msg Sent": "17/10/2019 05:47:56",
        "Msg Received": "17/10/2019 05:47:56",
        "Msg Processed": "17/10/2019 05:47:56",
        "XML ID": "527",
        "Total Lag": "0.354004",
        "Create Lag": "0.2289595",
        "Process Lag": "0.1250445"
      }
    ]
  },
  {
    "stopID": "40",
    "stopQueryTime": 1571287681183,
    "count": 3,
    "results": [
      {
        "Direction": "Inbound",
        "Destination": "Broombridge",
        "Time": "00:12:18",
        "AVLS": "00:12:58",
        "Tram": "5006",
        "Action": "a",
        "Msg Sent": "17/10/2019 05:47:53",
        "Msg Received": "17/10/2019 05:47:53",
        "Msg Processed": "17/10/2019 05:47:54",
        "XML ID": "526",
        "Total Lag": "1.1508412",
        "Create Lag": "0.8534023",
        "Process Lag": "0.2974389"
      },
      {
        "Direction": "Outbound",
        "Destination": "Bride's Glen",
        "Time": "00:05:07",
        "AVLS": "00:05:47",
        "Tram": "5002",
        "Action": "a",
        "Msg Sent": "17/10/2019 05:47:53",
        "Msg Received": "17/10/2019 05:47:53",
        "Msg Processed": "17/10/2019 05:47:54",
        "XML ID": "526",
        "Total Lag": "1.1039581",
        "Create Lag": "0.8534023",
        "Process Lag": "0.2505558"
      },
      {
        "Direction": "Outbound",
        "Destination": "Bride's Glen",
        "Time": "00:08:05",
        "AVLS": "00:08:45",
        "Tram": "5021",
        "Action": "a",
        "Msg Sent": "17/10/2019 05:47:56",
        "Msg Received": "17/10/2019 05:47:56",
        "Msg Processed": "17/10/2019 05:47:56",
        "XML ID": "527",
        "Total Lag": "0.291466",
        "Create Lag": "0.2289595",
        "Process Lag": "0.0625065"
      }
    ]
  },
  {
    "stopID": "50",
    "stopQueryTime": 1571287681187,
    "count": 4,
    "results": [
      {
        "Direction": "Inbound",
        "Destination": "Belgard",
        "Time": "00:00:00",
        "AVLS": "00:00:10",
        "Tram": "3026",
        "Action": "a",
        "Msg Sent": "17/10/2019 05:47:53",
        "Msg Received": "17/10/2019 05:47:53",
        "Msg Processed": "17/10/2019 05:47:54",
        "XML ID": "526",
        "Total Lag": "1.0414565",
        "Create Lag": "0.8534023",
        "Process Lag": "0.1880542"
      },
      {
        "Direction": "Inbound",
        "Destination": "Belgard",
        "Time": "00:18:45",
        "AVLS": "00:19:25",
        "Tram": "3009",
        "Action": "a",
        "Msg Sent": "17/10/2019 05:47:53",
        "Msg Received": "17/10/2019 05:47:53",
        "Msg Processed": "17/10/2019 05:47:53",
        "XML ID": "526",
        "Total Lag": "0.9002818",
        "Create Lag": "0.8534023",
        "Process Lag": "0.0468795"
      },
      {
        "Direction": "Outbound",
        "Destination": "Saggart",
        "Time": "00:04:10",
        "AVLS": "00:04:50",
        "Tram": "3009",
        "Action": "a",
        "Msg Sent": "17/10/2019 05:47:53",
        "Msg Received": "17/10/2019 05:47:53",
        "Msg Processed": "17/10/2019 05:47:53",
        "XML ID": "526",
        "Total Lag": "0.8690368",
        "Create Lag": "0.8534023",
        "Process Lag": "0.0156345"
      },
      {
        "Direction": "Outbound",
        "Destination": "Saggart",
        "Time": "00:17:10",
        "AVLS": "00:17:50",
        "Tram": "3026",
        "Action": "a",
        "Msg Sent": "17/10/2019 05:47:53",
        "Msg Received": "17/10/2019 05:47:53",
        "Msg Processed": "17/10/2019 05:47:54",
        "XML ID": "526",
        "Total Lag": "1.0414565",
        "Create Lag": "0.8534023",
        "Process Lag": "0.1880542"
      }
    ]
  },
  {
    "stopID": "52",
    "stopQueryTime": 1571287681253,
    "count": 2,
    "results": [
      {
        "Direction": "Inbound",
        "Destination": "Belgard",
        "Time": "00:15:42",
        "AVLS": "00:16:22",
        "Tram": "3009",
        "Action": "a",
        "Msg Sent": "17/10/2019 05:47:53",
        "Msg Received": "17/10/2019 05:47:53",
        "Msg Processed": "17/10/2019 05:47:53",
        "XML ID": "526",
        "Total Lag": "0.8846616",
        "Create Lag": "0.8534023",
        "Process Lag": "0.0312593"
      },
      {
        "Direction": "Outbound",
        "Destination": "Saggart",
        "Time": "00:07:02",
        "AVLS": "00:07:42",
        "Tram": "3009",
        "Action": "a",
        "Msg Sent": "17/10/2019 05:47:53",
        "Msg Received": "17/10/2019 05:47:53",
        "Msg Processed": "17/10/2019 05:47:53",
        "XML ID": "526",
        "Total Lag": "0.8846616",
        "Create Lag": "0.8534023",
        "Process Lag": "0.0312593"
      }
    ]
  },
  {
    "stopID": "39",
    "stopQueryTime": 1571287681264,
    "count": 3,
    "results": [
      {
        "Direction": "Inbound",
        "Destination": "Broombridge",
        "Time": "00:13:48",
        "AVLS": "00:14:28",
        "Tram": "5006",
        "Action": "a",
        "Msg Sent": "17/10/2019 05:47:53",
        "Msg Received": "17/10/2019 05:47:53",
        "Msg Processed": "17/10/2019 05:47:54",
        "XML ID": "526",
        "Total Lag": "1.1508412",
        "Create Lag": "0.8534023",
        "Process Lag": "0.2974389"
      },
      {
        "Direction": "Outbound",
        "Destination": "Bride's Glen",
        "Time": "00:03:39",
        "AVLS": "00:04:19",
        "Tram": "5002",
        "Action": "a",
        "Msg Sent": "17/10/2019 05:47:53",
        "Msg Received": "17/10/2019 05:47:53",
        "Msg Processed": "17/10/2019 05:47:54",
        "XML ID": "526",
        "Total Lag": "1.1039581",
        "Create Lag": "0.8534023",
        "Process Lag": "0.2505558"
      },
      {
        "Direction": "Outbound",
        "Destination": "Bride's Glen",
        "Time": "00:06:37",
        "AVLS": "00:07:17",
        "Tram": "5021",
        "Action": "a",
        "Msg Sent": "17/10/2019 05:47:56",
        "Msg Received": "17/10/2019 05:47:56",
        "Msg Processed": "17/10/2019 05:47:56",
        "XML ID": "527",
        "Total Lag": "0.291466",
        "Create Lag": "0.2289595",
        "Process Lag": "0.0625065"
      }
    ]
  },
  {
    "stopID": "46",
    "stopQueryTime": 1571287681274,
    "count": 3,
    "results": [
      {
        "Direction": "Inbound",
        "Destination": "Broombridge",
        "Time": "00:04:36",
        "AVLS": "00:05:16",
        "Tram": "5006",
        "Action": "a",
        "Msg Sent": "17/10/2019 05:47:53",
        "Msg Received": "17/10/2019 05:47:53",
        "Msg Processed": "17/10/2019 05:47:54",
        "XML ID": "526",
        "Total Lag": "1.1352072",
        "Create Lag": "0.8534023",
        "Process Lag": "0.2818049"
      },
      {
        "Direction": "Outbound",
        "Destination": "Bride's Glen",
        "Time": "00:12:44",
        "AVLS": "00:13:24",
        "Tram": "5002",
        "Action": "a",
        "Msg Sent": "17/10/2019 05:47:53",
        "Msg Received": "17/10/2019 05:47:53",
        "Msg Processed": "17/10/2019 05:47:54",
        "XML ID": "526",
        "Total Lag": "1.1195889",
        "Create Lag": "0.8534023",
        "Process Lag": "0.2661866"
      },
      {
        "Direction": "Outbound",
        "Destination": "Bride's Glen",
        "Time": "00:15:42",
        "AVLS": "00:16:22",
        "Tram": "5021",
        "Action": "a",
        "Msg Sent": "17/10/2019 05:47:56",
        "Msg Received": "17/10/2019 05:47:56",
        "Msg Processed": "17/10/2019 05:47:56",
        "XML ID": "527",
        "Total Lag": "0.3070813",
        "Create Lag": "0.2289595",
        "Process Lag": "0.0781218"
      }
    ]
  }
]