[
  {
    "stopID": "23",
    "stopQueryTime": 1571288340560,
    "count": 0,
    "results": []
  },
  {
    "stopID": "7",
    "stopQueryTime": 1571288340596,
    "count": 2,
    "results": [
      {
        "Direction": "Inbound",
        "Destination": "The Point",
        "Time": "00:06:29",
        "AVLS": "00:07:09",
        "Tram": "4004",
        "Action": "a",
        "Msg Sent": "17/10/2019 05:58:56",
        "Msg Received": "17/10/2019 05:58:56",
        "Msg Processed": "17/10/2019 05:58:57",
        "XML ID": "730",
        "Total Lag": "1.1178111",
        "Create Lag": "0.9303063",
        "Process Lag": "0.1875048"
      },
      {
        "Direction": "Outbound",
        "Destination": "Tallaght",
        "Time": "00:03:56",
        "AVLS": "00:04:36",
        "Tram": "3013",
        "Action": "a",
        "Msg Sent": "17/10/2019 05:58:53",
        "Msg Received": "17/10/2019 05:58:53",
        "Msg Processed": "17/10/2019 05:58:53",
        "XML ID": "729",
        "Total Lag": "0.6482434",
        "Create Lag": "0.5857439",
        "Process Lag": "0.0624995"
      }
    ]
  },
  {
    "stopID": "39",
    "stopQueryTime": 1571288340603,
    "count": 1,
    "results": [
      {
        "Direction": "Inbound",
        "Destination": "Broombridge",
        "Time": "00:01:32",
        "AVLS": "00:02:12",
        "Tram": "5006",
        "Action": "a",
        "Msg Sent": "17/10/2019 05:58:56",
        "Msg Received": "17/10/2019 05:58:56",
        "Msg Processed": "17/10/2019 05:58:56",
        "XML ID": "730",
        "Total Lag": "0.9459329",
        "Create Lag": "0.9303063",
        "Process Lag": "0.0156266"
      }
    ]
  },
  {
    "stopID": "8",
    "stopQueryTime": 1571288340607,
    "count": 2,
    "results": [
      {
        "Direction": "Inbound",
        "Destination": "The Point",
        "Time": "00:07:55",
        "AVLS": "00:08:35",
        "Tram": "4004",
        "Action": "a",
        "Msg Sent": "17/10/2019 05:58:56",
        "Msg Received": "17/10/2019 05:58:56",
        "Msg Processed": "17/10/2019 05:58:57",
        "XML ID": "730",
        "Total Lag": "1.1178111",
        "Create Lag": "0.9303063",
        "Process Lag": "0.1875048"
      },
      {
        "Direction": "Outbound",
        "Destination": "Tallaght",
        "Time": "00:02:22",
        "AVLS": "00:03:02",
        "Tram": "3013",
        "Action": "a",
        "Msg Sent": "17/10/2019 05:58:53",
        "Msg Received": "17/10/2019 05:58:53",
        "Msg Processed": "17/10/2019 05:58:53",
        "XML ID": "729",
        "Total Lag": "0.6482434",
        "Create Lag": "0.5857439",
        "Process Lag": "0.0624995"
      }
    ]
  },
  {
    "stopID": "1",
    "stopQueryTime": 1571288340613,
    "count": 1,
    "results": [
      {
        "Direction": "Terminating",
        "Destination": "Tallaght",
        "Time": "00:18:59",
        "AVLS": "00:19:39",
        "Tram": "3013",
        "Action": "a",
        "Msg Sent": "17/10/2019 05:58:53",
        "Msg Received": "17/10/2019 05:58:53",
        "Msg Processed": "17/10/2019 05:58:53",
        "XML ID": "729",
        "Total Lag": "0.6794953",
        "Create Lag": "0.5857439",
        "Process Lag": "0.0937514"
      }
    ]
  },
  {
    "stopID": "17",
    "stopQueryTime": 1571288340615,
    "count": 2,
    "results": [
      {
        "Direction": "Inbound",
        "Destination": "The Point",
        "Time": "00:03:50",
        "AVLS": "00:04:30",
        "Tram": "3018",
        "Action": "a",
        "Msg Sent": "17/10/2019 05:58:53",
        "Msg Received": "17/10/2019 05:58:53",
        "Msg Processed": "17/10/2019 05:58:53",
        "XML ID": "729",
        "Total Lag": "0.6794953",
        "Create Lag": "0.5857439",
        "Process Lag": "0.0937514"
      },
      {
        "Direction": "Outbound",
        "Destination": "Tallaght",
        "Time": "00:06:07",
        "AVLS": "00:06:47",
        "Tram": "3019",
        "Action": "a",
        "Msg Sent": "17/10/2019 05:58:53",
        "Msg Received": "17/10/2019 05:58:53",
        "Msg Processed": "17/10/2019 05:58:53",
        "XML ID": "729",
        "Total Lag": "0.7107441",
        "Create Lag": "0.5857439",
        "Process Lag": "0.1250002"
      }
    ]
  },
  {
    "stopID": "12",
    "stopQueryTime": 1571288340618,
    "count": 2,
    "results": [
      {
        "Direction": "Inbound",
        "Destination": "The Point",
        "Time": "00:12:58",
        "AVLS": "00:13:38",
        "Tram": "4004",
        "Action": "a",
        "Msg Sent": "17/10/2019 05:58:56",
        "Msg Received": "17/10/2019 05:58:56",
        "Msg Processed": "17/10/2019 05:58:57",
        "XML ID": "730",
        "Total Lag": "1.1334301",
        "Create Lag": "0.9303063",
        "Process Lag": "0.2031238"
      },
      {
        "Direction": "Outbound",
        "Destination": "Tallaght",
        "Time": "00:15:46",
        "AVLS": "00:16:26",
        "Tram": "3019",
        "Action": "a",
        "Msg Sent": "17/10/2019 05:58:53",
        "Msg Received": "17/10/2019 05:58:53",
        "Msg Processed": "17/10/2019 05:58:53",
        "XML ID": "729",
        "Total Lag": "0.7419962",
        "Create Lag": "0.5857439",
        "Process Lag": "0.1562523"
      }
    ]
  },
  {
    "stopID": "25",
    "stopQueryTime": 1571288340623,
    "count": 2,
    "results": [
      {
        "Direction": "Inbound",
        "Destination": "Broombridge",
        "Time": "00:09:23",
        "AVLS": "00:10:03",
        "Tram": "5011",
        "Action": "a",
        "Msg Sent": "17/10/2019 05:58:59",
        "Msg Received": "17/10/2019 05:58:59",
        "Msg Processed": "17/10/2019 05:58:59",
        "XML ID": "731",
        "Total Lag": "0.5709288",
        "Create Lag": "0.555302",
        "Process Lag": "0.0156268"
      },
      {
        "Direction": "Outbound",
        "Destination": "Bride's Glen",
        "Time": "00:14:08",
        "AVLS": "00:14:48",
        "Tram": "5025",
        "Action": "a",
        "Msg Sent": "17/10/2019 05:58:56",
        "Msg Received": "17/10/2019 05:58:56",
        "Msg Processed": "17/10/2019 05:58:57",
        "XML ID": "730",
        "Total Lag": "1.0396805",
        "Create Lag": "0.9303063",
        "Process Lag": "0.1093742"
      }
    ]
  },
  {
    "stopID": "13",
    "stopQueryTime": 1571288340634,
    "count": 2,
    "results": [
      {
        "Direction": "Inbound",
        "Destination": "The Point",
        "Time": "00:14:31",
        "AVLS": "00:15:11",
        "Tram": "4004",
        "Action": "a",
        "Msg Sent": "17/10/2019 05:58:56",
        "Msg Received": "17/10/2019 05:58:56",
        "Msg Processed": "17/10/2019 05:58:57",
        "XML ID": "730",
        "Total Lag": "1.1334301",
        "Create Lag": "0.9303063",
        "Process Lag": "0.2031238"
      },
      {
        "Direction": "Outbound",
        "Destination": "Tallaght",
        "Time": "00:14:05",
        "AVLS": "00:14:45",
        "Tram": "3019",
        "Action": "a",
        "Msg Sent": "17/10/2019 05:58:53",
        "Msg Received": "17/10/2019 05:58:53",
        "Msg Processed": "17/10/2019 05:58:53",
        "XML ID": "729",
        "Total Lag": "0.7263682",
        "Create Lag": "0.5857439",
        "Process Lag": "0.1406243"
      }
    ]
  },
  {
    "stopID": "14",
    "stopQueryTime": 1571288340637,
    "count": 2,
    "results": [
      {
        "Direction": "Inbound",
        "Destination": "The Point",
        "Time": "00:15:24",
        "AVLS": "00:16:04",
        "Tram": "4004",
        "Action": "a",
        "Msg Sent": "17/10/2019 05:58:56",
        "Msg Received": "17/10/2019 05:58:56",
        "Msg Processed": "17/10/2019 05:58:57",
        "XML ID": "730",
        "Total Lag": "1.1334301",
        "Create Lag": "0.9303063",
        "Process Lag": "0.2031238"
      },
      {
        "Direction": "Outbound",
        "Destination": "Tallaght",
        "Time": "00:13:05",
        "AVLS": "00:13:45",
        "Tram": "3019",
        "Action": "a",
        "Msg Sent": "17/10/2019 05:58:53",
        "Msg Received": "17/10/2019 05:58:53",
        "Msg Processed": "17/10/2019 05:58:53",
        "XML ID": "729",
        "Total Lag": "0.7263682",
        "Create Lag": "0.5857439",
        "Process Lag": "0.1406243"
      }
    ]
  },
  {
    "stopID": "18",
    "stopQueryTime": 1571288340653,
    "count": 2,
    "results": [
      {
        "Direction": "Inbound",
        "Destination": "The Point",
        "Time": "00:05:54",
        "AVLS": "00:06:34",
        "Tram": "3018",
        "Action": "a",
        "Msg Sent": "17/10/2019 05:58:53",
        "Msg Received": "17/10/2019 05:58:53",
        "Msg Processed": "17/10/2019 05:58:53",
        "XML ID": "729",
        "Total Lag": "0.6794953",
        "Create Lag": "0.5857439",
        "Process Lag": "0.0937514"
      },
      {
        "Direction": "Outbound",
        "Destination": "Tallaght",
        "Time": "00:04:08",
        "AVLS": "00:04:48",
        "Tram": "3019",
        "Action": "a",
        "Msg Sent": "17/10/2019 05:58:53",
        "Msg Received": "17/10/2019 05:58:53",
        "Msg Processed": "17/10/2019 05:58:53",
        "XML ID": "729",
        "Total Lag": "0.7107441",
        "Create Lag": "0.5857439",
        "Process Lag": "0.1250002"
      }
    ]
  },
  {
    "stopID": "42",
    "stopQueryTime": 1571288340656,
    "count": 2,
    "results": [
      {
        "Direction": "Inbound",
        "Destination": "Broombridge",
        "Time": "00:19:05",
        "AVLS": "00:19:45",
        "Tram": "5002",
        "Action": "a",
        "Msg Sent": "17/10/2019 05:58:56",
        "Msg Received": "17/10/2019 05:58:56",
        "Msg Processed": "17/10/2019 05:58:57",
        "XML ID": "730",
        "Total Lag": "1.1646796",
        "Create Lag": "0.9303063",
        "Process Lag": "0.2343733"
      },
      {
        "Direction": "Outbound",
        "Destination": "Bride's Glen",
        "Time": "00:02:27",
        "AVLS": "00:03:07",
        "Tram": "5021",
        "Action": "a",
        "Msg Sent": "17/10/2019 05:58:56",
        "Msg Received": "17/10/2019 05:58:56",
        "Msg Processed": "17/10/2019 05:58:57",
        "XML ID": "730",
        "Total Lag": "1.0084393",
        "Create Lag": "0.9303063",
        "Process Lag": "0.078133"
      }
    ]
  },
  {
    "stopID": "10",
    "stopQueryTime": 1571288340659,
    "count": 2,
    "results": [
      {
        "Direction": "Inbound",
        "Destination": "The Point",
        "Time": "00:11:07",
        "AVLS": "00:11:47",
        "Tram": "4004",
        "Action": "a",
        "Msg Sent": "17/10/2019 05:58:56",
        "Msg Received": "17/10/2019 05:58:56",
        "Msg Processed": "17/10/2019 05:58:57",
        "XML ID": "730",
        "Total Lag": "1.1178111",
        "Create Lag": "0.9303063",
        "Process Lag": "0.1875048"
      },
      {
        "Direction": "Outbound",
        "Destination": "Tallaght",
        "Time": "00:17:47",
        "AVLS": "00:18:27",
        "Tram": "3019",
        "Action": "a",
        "Msg Sent": "17/10/2019 05:58:53",
        "Msg Received": "17/10/2019 05:58:53",
        "Msg Processed": "17/10/2019 05:58:53",
        "XML ID": "729",
        "Total Lag": "0.7419962",
        "Create Lag": "0.5857439",
        "Process Lag": "0.1562523"
      }
    ]
  },
  {
    "stopID": "21",
    "stopQueryTime": 1571288340664,
    "count": 2,
    "results": [
      {
        "Direction": "Inbound",
        "Destination": "The Point",
        "Time": "00:03:05",
        "AVLS": "00:03:45",
        "Tram": "4003",
        "Action": "a",
        "Msg Sent": "17/10/2019 05:58:53",
        "Msg Received": "17/10/2019 05:58:53",
        "Msg Processed": "17/10/2019 05:58:53",
        "XML ID": "729",
        "Total Lag": "0.7896787",
        "Create Lag": "0.5857439",
        "Process Lag": "0.2039348"
      },
      {
        "Direction": "Inbound",
        "Destination": "The Point",
        "Time": "00:11:39",
        "AVLS": "00:12:19",
        "Tram": "3018",
        "Action": "a",
        "Msg Sent": "17/10/2019 05:58:53",
        "Msg Received": "17/10/2019 05:58:53",
        "Msg Processed": "17/10/2019 05:58:53",
        "XML ID": "729",
        "Total Lag": "0.6951209",
        "Create Lag": "0.5857439",
        "Process Lag": "0.109377"
      }
    ]
  },
  {
    "stopID": "26",
    "stopQueryTime": 1571288340667,
    "count": 3,
    "results": [
      {
        "Direction": "Inbound",
        "Destination": "Broombridge",
        "Time": "00:07:13",
        "AVLS": "00:07:53",
        "Tram": "5011",
        "Action": "a",
        "Msg Sent": "17/10/2019 05:58:59",
        "Msg Received": "17/10/2019 05:58:59",
        "Msg Processed": "17/10/2019 05:58:59",
        "XML ID": "731",
        "Total Lag": "0.5709288",
        "Create Lag": "0.555302",
        "Process Lag": "0.0156268"
      },
      {
        "Direction": "Inbound",
        "Destination": "Parnell",
        "Time": "00:17:58",
        "AVLS": "00:18:38",
        "Tram": "5003",
        "Action": "a",
        "Msg Sent": "17/10/2019 05:58:56",
        "Msg Received": "17/10/2019 05:58:56",
        "Msg Processed": "17/10/2019 05:58:56",
        "XML ID": "730",
        "Total Lag": "0.9303063",
        "Create Lag": "0.9303063",
        "Process Lag": "0"
      },
      {
        "Direction": "Outbound",
        "Destination": "Bride's Glen",
        "Time": "00:16:48",
        "AVLS": "00:17:28",
        "Tram": "5025",
        "Action": "a",
        "Msg Sent": "17/10/2019 05:58:56",
        "Msg Received": "17/10/2019 05:58:56",
        "Msg Processed": "17/10/2019 05:58:57",
        "XML ID": "730",
        "Total Lag": "1.0396805",
        "Create Lag": "0.9303063",
        "Process Lag": "0.1093742"
      }
    ]
  },
  {
    "stopID": "9",
    "stopQueryTime": 1571288340670,
    "count": 3,
    "results": [
      {
        "Direction": "Inbound",
        "Destination": "The Point",
        "Time": "00:09:57",
        "AVLS": "00:10:37",
        "Tram": "4004",
        "Action": "a",
        "Msg Sent": "17/10/2019 05:58:56",
        "Msg Received": "17/10/2019 05:58:56",
        "Msg Processed": "17/10/2019 05:58:57",
        "XML ID": "730",
        "Total Lag": "1.1178111",
        "Create Lag": "0.9303063",
        "Process Lag": "0.1875048"
      },
      {
        "Direction": "Outbound",
        "Destination": "Tallaght",
        "Time": "00:00:07",
        "AVLS": "00:00:47",
        "Tram": "3013",
        "Action": "a",
        "Msg Sent": "17/10/2019 05:58:53",
        "Msg Received": "17/10/2019 05:58:53",
        "Msg Processed": "17/10/2019 05:58:53",
        "XML ID": "729",
        "Total Lag": "0.6482434",
        "Create Lag": "0.5857439",
        "Process Lag": "0.0624995"
      },
      {
        "Direction": "Outbound",
        "Destination": "Tallaght",
        "Time": "00:19:03",
        "AVLS": "00:19:43",
        "Tram": "3019",
        "Action": "a",
        "Msg Sent": "17/10/2019 05:58:53",
        "Msg Received": "17/10/2019 05:58:53",
        "Msg Processed": "17/10/2019 05:58:53",
        "XML ID": "729",
        "Total Lag": "0.7419962",
        "Create Lag": "0.5857439",
        "Process Lag": "0.1562523"
      }
    ]
  },
  {
    "stopID": "35",
    "stopQueryTime": 1571288340673,
    "count": 3,
    "results": [
      {
        "Direction": "Inbound",
        "Destination": "Parnell",
        "Time": "00:02:02",
        "AVLS": "00:02:42",
        "Tram": "5003",
        "Action": "a",
        "Msg Sent": "17/10/2019 05:58:53",
        "Msg Received": "17/10/2019 05:58:53",
        "Msg Processed": "17/10/2019 05:58:53",
        "XML ID": "729",
        "Total Lag": "0.8990527",
        "Create Lag": "0.5857439",
        "Process Lag": "0.3133088"
      },
      {
        "Direction": "Inbound",
        "Destination": "Broombridge",
        "Time": "00:08:46",
        "AVLS": "00:09:26",
        "Tram": "5006",
        "Action": "a",
        "Msg Sent": "17/10/2019 05:58:56",
        "Msg Received": "17/10/2019 05:58:56",
        "Msg Processed": "17/10/2019 05:58:56",
        "XML ID": "730",
        "Total Lag": "0.9459329",
        "Create Lag": "0.9303063",
        "Process Lag": "0.0156266"
      },
      {
        "Direction": "Outbound",
        "Destination": "Bride's Glen",
        "Time": "00:13:52",
        "AVLS": "00:14:32",
        "Tram": "5029",
        "Action": "a",
        "Msg Sent": "17/10/2019 05:58:56",
        "Msg Received": "17/10/2019 05:58:56",
        "Msg Processed": "17/10/2019 05:58:57",
        "XML ID": "730",
        "Total Lag": "1.1023925",
        "Create Lag": "0.9303063",
        "Process Lag": "0.1720862"
      }
    ]
  },
  {
    "stopID": "16",
    "stopQueryTime": 1571288340679,
    "count": 2,
    "results": [
      {
        "Direction": "Inbound",
        "Destination": "The Point",
        "Time": "00:01:39",
        "AVLS": "00:02:19",
        "Tram": "3018",
        "Action": "a",
        "Msg Sent": "17/10/2019 05:58:53",
        "Msg Received": "17/10/2019 05:58:53",
        "Msg Processed": "17/10/2019 05:58:53",
        "XML ID": "729",
        "Total Lag": "0.6794953",
        "Create Lag": "0.5857439",
        "Process Lag": "0.0937514"
      },
      {
        "Direction": "Outbound",
        "Destination": "Tallaght",
        "Time": "00:07:55",
        "AVLS": "00:08:35",
        "Tram": "3019",
        "Action": "a",
        "Msg Sent": "17/10/2019 05:58:53",
        "Msg Received": "17/10/2019 05:58:53",
        "Msg Processed": "17/10/2019 05:58:53",
        "XML ID": "729",
        "Total Lag": "0.7263682",
        "Create Lag": "0.5857439",
        "Process Lag": "0.1406243"
      }
    ]
  },
  {
    "stopID": "24",
    "stopQueryTime": 1571288340682,
    "count": 2,
    "results": [
      {
        "Direction": "Inbound",
        "Destination": "Broombridge",
        "Time": "00:12:21",
        "AVLS": "00:13:01",
        "Tram": "5011",
        "Action": "a",
        "Msg Sent": "17/10/2019 05:58:59",
        "Msg Received": "17/10/2019 05:58:59",
        "Msg Processed": "17/10/2019 05:58:59",
        "XML ID": "731",
        "Total Lag": "0.5709288",
        "Create Lag": "0.555302",
        "Process Lag": "0.0156268"
      },
      {
        "Direction": "Outbound",
        "Destination": "Bride's Glen",
        "Time": "00:12:10",
        "AVLS": "00:12:50",
        "Tram": "5025",
        "Action": "a",
        "Msg Sent": "17/10/2019 05:58:56",
        "Msg Received": "17/10/2019 05:58:56",
        "Msg Processed": "17/10/2019 05:58:57",
        "XML ID": "730",
        "Total Lag": "1.0396805",
        "Create Lag": "0.9303063",
        "Process Lag": "0.1093742"
      }
    ]
  },
  {
    "stopID": "15",
    "stopQueryTime": 1571288340685,
    "count": 3,
    "results": [
      {
        "Direction": "Inbound",
        "Destination": "The Point",
        "Time": "00:00:00",
        "AVLS": "00:00:00",
        "Tram": "3018",
        "Action": "a",
        "Msg Sent": "17/10/2019 05:58:49",
        "Msg Received": "17/10/2019 05:58:49",
        "Msg Processed": "17/10/2019 05:58:49",
        "XML ID": "728",
        "Total Lag": "0.3357468",
        "Create Lag": "0.3357468",
        "Process Lag": "0"
      },
      {
        "Direction": "Inbound",
        "Destination": "The Point",
        "Time": "00:17:02",
        "AVLS": "00:17:42",
        "Tram": "4004",
        "Action": "a",
        "Msg Sent": "17/10/2019 05:58:56",
        "Msg Received": "17/10/2019 05:58:56",
        "Msg Processed": "17/10/2019 05:58:57",
        "XML ID": "730",
        "Total Lag": "1.1334301",
        "Create Lag": "0.9303063",
        "Process Lag": "0.2031238"
      },
      {
        "Direction": "Outbound",
        "Destination": "Tallaght",
        "Time": "00:11:06",
        "AVLS": "00:11:46",
        "Tram": "3019",
        "Action": "a",
        "Msg Sent": "17/10/2019 05:58:53",
        "Msg Received": "17/10/2019 05:58:53",
        "Msg Processed": "17/10/2019 05:58:53",
        "XML ID": "729",
        "Total Lag": "0.7263682",
        "Create Lag": "0.5857439",
        "Process Lag": "0.1406243"
      }
    ]
  },
  {
    "stopID": "5",
    "stopQueryTime": 1571288340695,
    "count": 3,
    "results": [
      {
        "Direction": "Inbound",
        "Destination": "The Point",
        "Time": "00:00:00",
        "AVLS": "00:00:00",
        "Tram": "4004",
        "Action": "a",
        "Msg Sent": "17/10/2019 05:58:56",
        "Msg Received": "17/10/2019 05:58:56",
        "Msg Processed": "17/10/2019 05:58:57",
        "XML ID": "730",
        "Total Lag": "1.1178111",
        "Create Lag": "0.9303063",
        "Process Lag": "0.1875048"
      },
      {
        "Direction": "Outbound",
        "Destination": "Saggart",
        "Time": "00:09:27",
        "AVLS": "00:10:07",
        "Tram": "4013",
        "Action": "d",
        "Msg Sent": "17/10/2019 05:58:53",
        "Msg Received": "17/10/2019 05:58:53",
        "Msg Processed": "17/10/2019 05:58:53",
        "XML ID": "729",
        "Total Lag": "0.5857439",
        "Create Lag": "0.5857439",
        "Process Lag": "0"
      },
      {
        "Direction": "Outbound",
        "Destination": "Tallaght",
        "Time": "00:11:14",
        "AVLS": "00:11:54",
        "Tram": "3013",
        "Action": "a",
        "Msg Sent": "17/10/2019 05:58:53",
        "Msg Received": "17/10/2019 05:58:53",
        "Msg Processed": "17/10/2019 05:58:53",
        "XML ID": "729",
        "Total Lag": "0.6638902",
        "Create Lag": "0.5857439",
        "Process Lag": "0.0781463"
      }
    ]
  },
  {
    "stopID": "30",
    "stopQueryTime": 1571288340704,
    "count": 4,
    "results": [
      {
        "Direction": "Inbound",
        "Destination": "Broombridge",
        "Time": "00:01:07",
        "AVLS": "00:01:47",
        "Tram": "5011",
        "Action": "a",
        "Msg Sent": "17/10/2019 05:58:59",
        "Msg Received": "17/10/2019 05:58:59",
        "Msg Processed": "17/10/2019 05:58:59",
        "XML ID": "731",
        "Total Lag": "0.555302",
        "Create Lag": "0.555302",
        "Process Lag": "0"
      },
      {
        "Direction": "Inbound",
        "Destination": "Parnell",
        "Time": "00:11:46",
        "AVLS": "00:12:26",
        "Tram": "5003",
        "Action": "a",
        "Msg Sent": "17/10/2019 05:58:53",
        "Msg Received": "17/10/2019 05:58:53",
        "Msg Processed": "17/10/2019 05:58:53",
        "XML ID": "729",
        "Total Lag": "0.9146787",
        "Create Lag": "0.5857439",
        "Process Lag": "0.3289348"
      },
      {
        "Direction": "Inbound",
        "Destination": "Broombridge",
        "Time": "00:17:57",
        "AVLS": "00:18:37",
        "Tram": "5006",
        "Action": "a",
        "Msg Sent": "17/10/2019 05:58:56",
        "Msg Received": "17/10/2019 05:58:56",
        "Msg Processed": "17/10/2019 05:58:56",
        "XML ID": "730",
        "Total Lag": "0.9771786",
        "Create Lag": "0.9303063",
        "Process Lag": "0.0468723"
      },
      {
        "Direction": "Outbound",
        "Destination": "Bride's Glen",
        "Time": "00:05:27",
        "AVLS": "00:06:07",
        "Tram": "5029",
        "Action": "a",
        "Msg Sent": "17/10/2019 05:58:56",
        "Msg Received": "17/10/2019 05:58:56",
        "Msg Processed": "17/10/2019 05:58:57",
        "XML ID": "730",
        "Total Lag": "1.0865537",
        "Create Lag": "0.9303063",
        "Process Lag": "0.1562474"
      }
    ]
  },
  {
    "stopID": "34",
    "stopQueryTime": 1571288340707,
    "count": 3,
    "results": [
      {
        "Direction": "Inbound",
        "Destination": "Parnell",
        "Time": "00:04:02",
        "AVLS": "00:04:42",
        "Tram": "5003",
        "Action": "a",
        "Msg Sent": "17/10/2019 05:58:53",
        "Msg Received": "17/10/2019 05:58:53",
        "Msg Processed": "17/10/2019 05:58:53",
        "XML ID": "729",
        "Total Lag": "0.8990527",
        "Create Lag": "0.5857439",
        "Process Lag": "0.3133088"
      },
      {
        "Direction": "Inbound",
        "Destination": "Broombridge",
        "Time": "00:10:46",
        "AVLS": "00:11:26",
        "Tram": "5006",
        "Action": "a",
        "Msg Sent": "17/10/2019 05:58:56",
        "Msg Received": "17/10/2019 05:58:56",
        "Msg Processed": "17/10/2019 05:58:56",
        "XML ID": "730",
        "Total Lag": "0.961563",
        "Create Lag": "0.9303063",
        "Process Lag": "0.0312567"
      },
      {
        "Direction": "Outbound",
        "Destination": "Bride's Glen",
        "Time": "00:12:13",
        "AVLS": "00:12:53",
        "Tram": "5029",
        "Action": "a",
        "Msg Sent": "17/10/2019 05:58:56",
        "Msg Received": "17/10/2019 05:58:56",
        "Msg Processed": "17/10/2019 05:58:57",
        "XML ID": "730",
        "Total Lag": "1.1023925",
        "Create Lag": "0.9303063",
        "Process Lag": "0.1720862"
      }
    ]
  },
  {
    "stopID": "29",
    "stopQueryTime": 1571288340713,
    "count": 3,
    "results": [
      {
        "Direction": "Inbound",
        "Destination": "Broombridge",
        "Time": "00:02:52",
        "AVLS": "00:03:32",
        "Tram": "5011",
        "Action": "a",
        "Msg Sent": "17/10/2019 05:58:59",
        "Msg Received": "17/10/2019 05:58:59",
        "Msg Processed": "17/10/2019 05:58:59",
        "XML ID": "731",
        "Total Lag": "0.555302",
        "Create Lag": "0.555302",
        "Process Lag": "0"
      },
      {
        "Direction": "Inbound",
        "Destination": "Parnell",
        "Time": "00:13:46",
        "AVLS": "00:14:26",
        "Tram": "5003",
        "Action": "a",
        "Msg Sent": "17/10/2019 05:58:53",
        "Msg Received": "17/10/2019 05:58:53",
        "Msg Processed": "17/10/2019 05:58:53",
        "XML ID": "729",
        "Total Lag": "0.9146787",
        "Create Lag": "0.5857439",
        "Process Lag": "0.3289348"
      },
      {
        "Direction": "Outbound",
        "Destination": "Bride's Glen",
        "Time": "00:03:41",
        "AVLS": "00:04:21",
        "Tram": "5029",
        "Action": "a",
        "Msg Sent": "17/10/2019 05:58:56",
        "Msg Received": "17/10/2019 05:58:56",
        "Msg Processed": "17/10/2019 05:58:57",
        "XML ID": "730",
        "Total Lag": "1.0865537",
        "Create Lag": "0.9303063",
        "Process Lag": "0.1562474"
      }
    ]
  },
  {
    "stopID": "32",
    "stopQueryTime": 1571288340716,
    "count": 3,
    "results": [
      {
        "Direction": "Inbound",
        "Destination": "Parnell",
        "Time": "00:07:27",
        "AVLS": "00:08:07",
        "Tram": "5003",
        "Action": "a",
        "Msg Sent": "17/10/2019 05:58:53",
        "Msg Received": "17/10/2019 05:58:53",
        "Msg Processed": "17/10/2019 05:58:53",
        "XML ID": "729",
        "Total Lag": "0.8990527",
        "Create Lag": "0.5857439",
        "Process Lag": "0.3133088"
      },
      {
        "Direction": "Inbound",
        "Destination": "Broombridge",
        "Time": "00:14:11",
        "AVLS": "00:14:51",
        "Tram": "5006",
        "Action": "a",
        "Msg Sent": "17/10/2019 05:58:56",
        "Msg Received": "17/10/2019 05:58:56",
        "Msg Processed": "17/10/2019 05:58:56",
        "XML ID": "730",
        "Total Lag": "0.961563",
        "Create Lag": "0.9303063",
        "Process Lag": "0.0312567"
      },
      {
        "Direction": "Outbound",
        "Destination": "Bride's Glen",
        "Time": "00:09:13",
        "AVLS": "00:09:53",
        "Tram": "5029",
        "Action": "a",
        "Msg Sent": "17/10/2019 05:58:56",
        "Msg Received": "17/10/2019 05:58:56",
        "Msg Processed": "17/10/2019 05:58:57",
        "XML ID": "730",
        "Total Lag": "1.0865537",
        "Create Lag": "0.9303063",
        "Process Lag": "0.1562474"
      }
    ]
  },
  {
    "stopID": "33",
    "stopQueryTime": 1571288340723,
    "count": 3,
    "results": [
      {
        "Direction": "Inbound",
        "Destination": "Parnell",
        "Time": "00:05:45",
        "AVLS": "00:06:25",
        "Tram": "5003",
        "Action": "a",
        "Msg Sent": "17/10/2019 05:58:53",
        "Msg Received": "17/10/2019 05:58:53",
        "Msg Processed": "17/10/2019 05:58:53",
        "XML ID": "729",
        "Total Lag": "0.8990527",
        "Create Lag": "0.5857439",
        "Process Lag": "0.3133088"
      },
      {
        "Direction": "Inbound",
        "Destination": "Broombridge",
        "Time": "00:12:29",
        "AVLS": "00:13:09",
        "Tram": "5006",
        "Action": "a",
        "Msg Sent": "17/10/2019 05:58:56",
        "Msg Received": "17/10/2019 05:58:56",
        "Msg Processed": "17/10/2019 05:58:56",
        "XML ID": "730",
        "Total Lag": "0.961563",
        "Create Lag": "0.9303063",
        "Process Lag": "0.0312567"
      },
      {
        "Direction": "Outbound",
        "Destination": "Bride's Glen",
        "Time": "00:10:39",
        "AVLS": "00:11:19",
        "Tram": "5029",
        "Action": "a",
        "Msg Sent": "17/10/2019 05:58:56",
        "Msg Received": "17/10/2019 05:58:56",
        "Msg Processed": "17/10/2019 05:58:57",
        "XML ID": "730",
        "Total Lag": "1.1023925",
        "Create Lag": "0.9303063",
        "Process Lag": "0.1720862"
      }
    ]
  },
  {
    "stopID": "28",
    "stopQueryTime": 1571288340726,
    "count": 3,
    "results": [
      {
        "Direction": "Inbound",
        "Destination": "Broombridge",
        "Time": "00:04:21",
        "AVLS": "00:05:01",
        "Tram": "5011",
        "Action": "a",
        "Msg Sent": "17/10/2019 05:58:59",
        "Msg Received": "17/10/2019 05:58:59",
        "Msg Processed": "17/10/2019 05:58:59",
        "XML ID": "731",
        "Total Lag": "0.555302",
        "Create Lag": "0.555302",
        "Process Lag": "0"
      },
      {
        "Direction": "Inbound",
        "Destination": "Parnell",
        "Time": "00:15:27",
        "AVLS": "00:16:07",
        "Tram": "5003",
        "Action": "a",
        "Msg Sent": "17/10/2019 05:58:53",
        "Msg Received": "17/10/2019 05:58:53",
        "Msg Processed": "17/10/2019 05:58:53",
        "XML ID": "729",
        "Total Lag": "0.9146787",
        "Create Lag": "0.5857439",
        "Process Lag": "0.3289348"
      },
      {
        "Direction": "Outbound",
        "Destination": "Bride's Glen",
        "Time": "00:02:13",
        "AVLS": "00:02:53",
        "Tram": "5029",
        "Action": "a",
        "Msg Sent": "17/10/2019 05:58:56",
        "Msg Received": "17/10/2019 05:58:56",
        "Msg Processed": "17/10/2019 05:58:57",
        "XML ID": "730",
        "Total Lag": "1.0709322",
        "Create Lag": "0.9303063",
        "Process Lag": "0.1406259"
      }
    ]
  },
  {
    "stopID": "27",
    "stopQueryTime": 1571288340756,
    "count": 4,
    "results": [
      {
        "Direction": "Inbound",
        "Destination": "Broombridge",
        "Time": "00:05:52",
        "AVLS": "00:06:32",
        "Tram": "5011",
        "Action": "a",
        "Msg Sent": "17/10/2019 05:58:59",
        "Msg Received": "17/10/2019 05:58:59",
        "Msg Processed": "17/10/2019 05:58:59",
        "XML ID": "731",
        "Total Lag": "0.5709288",
        "Create Lag": "0.555302",
        "Process Lag": "0.0156268"
      },
      {
        "Direction": "Inbound",
        "Destination": "Parnell",
        "Time": "00:16:47",
        "AVLS": "00:17:27",
        "Tram": "5003",
        "Action": "a",
        "Msg Sent": "17/10/2019 05:58:56",
        "Msg Received": "17/10/2019 05:58:56",
        "Msg Processed": "17/10/2019 05:58:56",
        "XML ID": "730",
        "Total Lag": "0.9303063",
        "Create Lag": "0.9303063",
        "Process Lag": "0"
      },
      {
        "Direction": "Outbound",
        "Destination": "Bride's Glen",
        "Time": "00:00:19",
        "AVLS": "00:00:59",
        "Tram": "5029",
        "Action": "a",
        "Msg Sent": "17/10/2019 05:58:56",
        "Msg Received": "17/10/2019 05:58:56",
        "Msg Processed": "17/10/2019 05:58:57",
        "XML ID": "730",
        "Total Lag": "1.0709322",
        "Create Lag": "0.9303063",
        "Process Lag": "0.1406259"
      },
      {
        "Direction": "Outbound",
        "Destination": "Bride's Glen",
        "Time": "00:18:16",
        "AVLS": "00:18:56",
        "Tram": "5025",
        "Action": "a",
        "Msg Sent": "17/10/2019 05:58:56",
        "Msg Received": "17/10/2019 05:58:56",
        "Msg Processed": "17/10/2019 05:58:57",
        "XML ID": "730",
        "Total Lag": "1.0396805",
        "Create Lag": "0.9303063",
        "Process Lag": "0.1093742"
      }
    ]
  },
  {
    "stopID": "31",
    "stopQueryTime": 1571288340760,
    "count": 4,
    "results": [
      {
        "Direction": "Inbound",
        "Destination": "Broombridge",
        "Time": "00:00:00",
        "AVLS": "00:00:00",
        "Tram": "5011",
        "Action": "a",
        "Msg Sent": "17/10/2019 05:58:59",
        "Msg Received": "17/10/2019 05:58:59",
        "Msg Processed": "17/10/2019 05:58:59",
        "XML ID": "731",
        "Total Lag": "0.555302",
        "Create Lag": "0.555302",
        "Process Lag": "0"
      },
      {
        "Direction": "Inbound",
        "Destination": "Parnell",
        "Time": "00:09:43",
        "AVLS": "00:10:23",
        "Tram": "5003",
        "Action": "a",
        "Msg Sent": "17/10/2019 05:58:53",
        "Msg Received": "17/10/2019 05:58:53",
        "Msg Processed": "17/10/2019 05:58:53",
        "XML ID": "729",
        "Total Lag": "0.8990527",
        "Create Lag": "0.5857439",
        "Process Lag": "0.3133088"
      },
      {
        "Direction": "Inbound",
        "Destination": "Broombridge",
        "Time": "00:16:10",
        "AVLS": "00:16:50",
        "Tram": "5006",
        "Action": "a",
        "Msg Sent": "17/10/2019 05:58:56",
        "Msg Received": "17/10/2019 05:58:56",
        "Msg Processed": "17/10/2019 05:58:56",
        "XML ID": "730",
        "Total Lag": "0.961563",
        "Create Lag": "0.9303063",
        "Process Lag": "0.0312567"
      },
      {
        "Direction": "Outbound",
        "Destination": "Bride's Glen",
        "Time": "00:07:15",
        "AVLS": "00:07:55",
        "Tram": "5029",
        "Action": "a",
        "Msg Sent": "17/10/2019 05:58:56",
        "Msg Received": "17/10/2019 05:58:56",
        "Msg Processed": "17/10/2019 05:58:57",
        "XML ID": "730",
        "Total Lag": "1.0865537",
        "Create Lag": "0.9303063",
        "Process Lag": "0.1562474"
      }
    ]
  },
  {
    "stopID": "3",
    "stopQueryTime": 1571288341226,
    "count": 1,
    "results": [
      {
        "Direction": "Outbound",
        "Destination": "Tallaght",
        "Time": "00:15:18",
        "AVLS": "00:15:58",
        "Tram": "3013",
        "Action": "a",
        "Msg Sent": "17/10/2019 05:58:53",
        "Msg Received": "17/10/2019 05:58:53",
        "Msg Processed": "17/10/2019 05:58:53",
        "XML ID": "729",
        "Total Lag": "0.6638902",
        "Create Lag": "0.5857439",
        "Process Lag": "0.0781463"
      }
    ]
  },
  {
    "stopID": "22",
    "stopQueryTime": 1571288341282,
    "count": 2,
    "results": [
      {
        "Direction": "Inbound",
        "Destination": "The Point",
        "Time": "00:06:09",
        "AVLS": "00:06:49",
        "Tram": "4003",
        "Action": "a",
        "Msg Sent": "17/10/2019 05:58:53",
        "Msg Received": "17/10/2019 05:58:53",
        "Msg Processed": "17/10/2019 05:58:53",
        "XML ID": "729",
        "Total Lag": "0.8053017",
        "Create Lag": "0.5857439",
        "Process Lag": "0.2195578"
      },
      {
        "Direction": "Inbound",
        "Destination": "The Point",
        "Time": "00:14:43",
        "AVLS": "00:15:23",
        "Tram": "3018",
        "Action": "a",
        "Msg Sent": "17/10/2019 05:58:53",
        "Msg Received": "17/10/2019 05:58:53",
        "Msg Processed": "17/10/2019 05:58:53",
        "XML ID": "729",
        "Total Lag": "0.6951209",
        "Create Lag": "0.5857439",
        "Process Lag": "0.109377"
      }
    ]
  },
  {
    "stopID": "57",
    "stopQueryTime": 1571288341294,
    "count": 1,
    "results": [
      {
        "Direction": "Outbound",
        "Destination": "Tallaght",
        "Time": "00:14:05",
        "AVLS": "00:14:45",
        "Tram": "4003",
        "Action": "d",
        "Msg Sent": "17/10/2019 05:58:53",
        "Msg Received": "17/10/2019 05:58:53",
        "Msg Processed": "17/10/2019 05:58:53",
        "XML ID": "729",
        "Total Lag": "0.8053017",
        "Create Lag": "0.5857439",
        "Process Lag": "0.2195578"
      }
    ]
  },
  {
    "stopID": "2",
    "stopQueryTime": 1571288341308,
    "count": 1,
    "results": [
      {
        "Direction": "Outbound",
        "Destination": "Tallaght",
        "Time": "00:16:53",
        "AVLS": "00:17:33",
        "Tram": "3013",
        "Action": "a",
        "Msg Sent": "17/10/2019 05:58:53",
        "Msg Received": "17/10/2019 05:58:53",
        "Msg Processed": "17/10/2019 05:58:53",
        "XML ID": "729",
        "Total Lag": "0.6794953",
        "Create Lag": "0.5857439",
        "Process Lag": "0.0937514"
      }
    ]
  },
  {
    "stopID": "11",
    "stopQueryTime": 1571288341326,
    "count": 2,
    "results": [
      {
        "Direction": "Inbound",
        "Destination": "The Point",
        "Time": "00:11:59",
        "AVLS": "00:12:39",
        "Tram": "4004",
        "Action": "a",
        "Msg Sent": "17/10/2019 05:58:56",
        "Msg Received": "17/10/2019 05:58:56",
        "Msg Processed": "17/10/2019 05:58:57",
        "XML ID": "730",
        "Total Lag": "1.1334301",
        "Create Lag": "0.9303063",
        "Process Lag": "0.2031238"
      },
      {
        "Direction": "Outbound",
        "Destination": "Tallaght",
        "Time": "00:16:51",
        "AVLS": "00:17:31",
        "Tram": "3019",
        "Action": "a",
        "Msg Sent": "17/10/2019 05:58:53",
        "Msg Received": "17/10/2019 05:58:53",
        "Msg Processed": "17/10/2019 05:58:53",
        "XML ID": "729",
        "Total Lag": "0.7419962",
        "Create Lag": "0.5857439",
        "Process Lag": "0.1562523"
      }
    ]
  },
  {
    "stopID": "37",
    "stopQueryTime": 1571288341328,
    "count": 2,
    "results": [
      {
        "Direction": "Inbound",
        "Destination": "Broombridge",
        "Time": "00:04:47",
        "AVLS": "00:05:27",
        "Tram": "5006",
        "Action": "a",
        "Msg Sent": "17/10/2019 05:58:56",
        "Msg Received": "17/10/2019 05:58:56",
        "Msg Processed": "17/10/2019 05:58:56",
        "XML ID": "730",
        "Total Lag": "0.9459329",
        "Create Lag": "0.9303063",
        "Process Lag": "0.0156266"
      },
      {
        "Direction": "Outbound",
        "Destination": "Bride's Glen",
        "Time": "00:17:46",
        "AVLS": "00:18:26",
        "Tram": "5029",
        "Action": "a",
        "Msg Sent": "17/10/2019 05:58:56",
        "Msg Received": "17/10/2019 05:58:56",
        "Msg Processed": "17/10/2019 05:58:57",
        "XML ID": "730",
        "Total Lag": "1.1023925",
        "Create Lag": "0.9303063",
        "Process Lag": "0.1720862"
      }
    ]
  },
  {
    "stopID": "40",
    "stopQueryTime": 1571288341336,
    "count": 2,
    "results": [
      {
        "Direction": "Inbound",
        "Destination": "Broombridge",
        "Time": "00:00:02",
        "AVLS": "00:00:42",
        "Tram": "5006",
        "Action": "a",
        "Msg Sent": "17/10/2019 05:58:56",
        "Msg Received": "17/10/2019 05:58:56",
        "Msg Processed": "17/10/2019 05:58:56",
        "XML ID": "730",
        "Total Lag": "0.9303063",
        "Create Lag": "0.9303063",
        "Process Lag": "0"
      },
      {
        "Direction": "Outbound",
        "Destination": "Bride's Glen",
        "Time": "00:00:19",
        "AVLS": "00:00:59",
        "Tram": "5021",
        "Action": "a",
        "Msg Sent": "17/10/2019 05:58:56",
        "Msg Received": "17/10/2019 05:58:56",
        "Msg Processed": "17/10/2019 05:58:57",
        "XML ID": "730",
        "Total Lag": "1.0084393",
        "Create Lag": "0.9303063",
        "Process Lag": "0.078133"
      }
    ]
  },
  {
    "stopID": "20",
    "stopQueryTime": 1571288341344,
    "count": 3,
    "results": [
      {
        "Direction": "Inbound",
        "Destination": "The Point",
        "Time": "00:00:34",
        "AVLS": "00:01:14",
        "Tram": "4003",
        "Action": "a",
        "Msg Sent": "17/10/2019 05:58:53",
        "Msg Received": "17/10/2019 05:58:53",
        "Msg Processed": "17/10/2019 05:58:53",
        "XML ID": "729",
        "Total Lag": "0.7896787",
        "Create Lag": "0.5857439",
        "Process Lag": "0.2039348"
      },
      {
        "Direction": "Inbound",
        "Destination": "The Point",
        "Time": "00:09:08",
        "AVLS": "00:09:48",
        "Tram": "3018",
        "Action": "a",
        "Msg Sent": "17/10/2019 05:58:53",
        "Msg Received": "17/10/2019 05:58:53",
        "Msg Processed": "17/10/2019 05:58:53",
        "XML ID": "729",
        "Total Lag": "0.6951209",
        "Create Lag": "0.5857439",
        "Process Lag": "0.109377"
      },
      {
        "Direction": "Outbound",
        "Destination": "Tallaght",
        "Time": "00:01:07",
        "AVLS": "00:01:47",
        "Tram": "3019",
        "Action": "a",
        "Msg Sent": "17/10/2019 05:58:53",
        "Msg Received": "17/10/2019 05:58:53",
        "Msg Processed": "17/10/2019 05:58:53",
        "XML ID": "729",
        "Total Lag": "0.7107441",
        "Create Lag": "0.5857439",
        "Process Lag": "0.1250002"
      }
    ]
  },
  {
    "stopID": "38",
    "stopQueryTime": 1571288341347,
    "count": 2,
    "results": [
      {
        "Direction": "Inbound",
        "Destination": "Broombridge",
        "Time": "00:03:17",
        "AVLS": "00:03:57",
        "Tram": "5006",
        "Action": "a",
        "Msg Sent": "17/10/2019 05:58:56",
        "Msg Received": "17/10/2019 05:58:56",
        "Msg Processed": "17/10/2019 05:58:56",
        "XML ID": "730",
        "Total Lag": "0.9459329",
        "Create Lag": "0.9303063",
        "Process Lag": "0.0156266"
      },
      {
        "Direction": "Outbound",
        "Destination": "Bride's Glen",
        "Time": "00:19:14",
        "AVLS": "00:19:54",
        "Tram": "5029",
        "Action": "a",
        "Msg Sent": "17/10/2019 05:58:56",
        "Msg Received": "17/10/2019 05:58:56",
        "Msg Processed": "17/10/2019 05:58:57",
        "XML ID": "730",
        "Total Lag": "1.1023925",
        "Create Lag": "0.9303063",
        "Process Lag": "0.1720862"
      }
    ]
  },
  {
    "stopID": "56",
    "stopQueryTime": 1571288341350,
    "count": 2,
    "results": [
      {
        "Direction": "Inbound",
        "Destination": "The Point",
        "Time": "00:10:58",
        "AVLS": "00:11:38",
        "Tram": "4003",
        "Action": "a",
        "Msg Sent": "17/10/2019 05:58:53",
        "Msg Received": "17/10/2019 05:58:53",
        "Msg Processed": "17/10/2019 05:58:53",
        "XML ID": "729",
        "Total Lag": "0.8053017",
        "Create Lag": "0.5857439",
        "Process Lag": "0.2195578"
      },
      {
        "Direction": "Outbound",
        "Destination": "Tallaght",
        "Time": "00:14:44",
        "AVLS": "00:15:24",
        "Tram": "4003",
        "Action": "a",
        "Msg Sent": "17/10/2019 05:58:53",
        "Msg Received": "17/10/2019 05:58:53",
        "Msg Processed": "17/10/2019 05:58:53",
        "XML ID": "729",
        "Total Lag": "0.8209433",
        "Create Lag": "0.5857439",
        "Process Lag": "0.2351994"
      }
    ]
  },
  {
    "stopID": "36",
    "stopQueryTime": 1571288341353,
    "count": 3,
    "results": [
      {
        "Direction": "Inbound",
        "Destination": "Parnell",
        "Time": "00:00:27",
        "AVLS": "00:01:07",
        "Tram": "5003",
        "Action": "d",
        "Msg Sent": "17/10/2019 05:58:53",
        "Msg Received": "17/10/2019 05:58:53",
        "Msg Processed": "17/10/2019 05:58:53",
        "XML ID": "729",
        "Total Lag": "0.8834276",
        "Create Lag": "0.5857439",
        "Process Lag": "0.2976837"
      },
      {
        "Direction": "Inbound",
        "Destination": "Broombridge",
        "Time": "00:07:11",
        "AVLS": "00:07:51",
        "Tram": "5006",
        "Action": "a",
        "Msg Sent": "17/10/2019 05:58:56",
        "Msg Received": "17/10/2019 05:58:56",
        "Msg Processed": "17/10/2019 05:58:56",
        "XML ID": "730",
        "Total Lag": "0.9459329",
        "Create Lag": "0.9303063",
        "Process Lag": "0.0156266"
      },
      {
        "Direction": "Outbound",
        "Destination": "Bride's Glen",
        "Time": "00:15:13",
        "AVLS": "00:15:53",
        "Tram": "5029",
        "Action": "a",
        "Msg Sent": "17/10/2019 05:58:56",
        "Msg Received": "17/10/2019 05:58:56",
        "Msg Processed": "17/10/2019 05:58:57",
        "XML ID": "730",
        "Total Lag": "1.1023925",
        "Create Lag": "0.9303063",
        "Process Lag": "0.1720862"
      }
    ]
  },
  {
    "stopID": "58",
    "stopQueryTime": 1571288341354,
    "count": 0,
    "results": []
  },
  {
    "stopID": "44",
    "stopQueryTime": 1571288341357,
    "count": 2,
    "results": [
      {
        "Direction": "Inbound",
        "Destination": "Broombridge",
        "Time": "00:16:25",
        "AVLS": "00:17:05",
        "Tram": "5002",
        "Action": "a",
        "Msg Sent": "17/10/2019 05:58:56",
        "Msg Received": "17/10/2019 05:58:56",
        "Msg Processed": "17/10/2019 05:58:57",
        "XML ID": "730",
        "Total Lag": "1.1646796",
        "Create Lag": "0.9303063",
        "Process Lag": "0.2343733"
      },
      {
        "Direction": "Outbound",
        "Destination": "Bride's Glen",
        "Time": "00:05:05",
        "AVLS": "00:05:45",
        "Tram": "5021",
        "Action": "a",
        "Msg Sent": "17/10/2019 05:58:56",
        "Msg Received": "17/10/2019 05:58:56",
        "Msg Processed": "17/10/2019 05:58:57",
        "XML ID": "730",
        "Total Lag": "1.0084393",
        "Create Lag": "0.9303063",
        "Process Lag": "0.078133"
      }
    ]
  },
  {
    "stopID": "6",
    "stopQueryTime": 1571288341362,
    "count": 2,
    "results": [
      {
        "Direction": "Inbound",
        "Destination": "The Point",
        "Time": "00:02:27",
        "AVLS": "00:03:07",
        "Tram": "4004",
        "Action": "a",
        "Msg Sent": "17/10/2019 05:58:56",
        "Msg Received": "17/10/2019 05:58:56",
        "Msg Processed": "17/10/2019 05:58:57",
        "XML ID": "730",
        "Total Lag": "1.1178111",
        "Create Lag": "0.9303063",
        "Process Lag": "0.1875048"
      },
      {
        "Direction": "Outbound",
        "Destination": "Tallaght",
        "Time": "00:07:59",
        "AVLS": "00:08:39",
        "Tram": "3013",
        "Action": "a",
        "Msg Sent": "17/10/2019 05:58:53",
        "Msg Received": "17/10/2019 05:58:53",
        "Msg Processed": "17/10/2019 05:58:53",
        "XML ID": "729",
        "Total Lag": "0.6482434",
        "Create Lag": "0.5857439",
        "Process Lag": "0.0624995"
      }
    ]
  },
  {
    "stopID": "19",
    "stopQueryTime": 1571288341365,
    "count": 2,
    "results": [
      {
        "Direction": "Inbound",
        "Destination": "The Point",
        "Time": "00:07:10",
        "AVLS": "00:07:50",
        "Tram": "3018",
        "Action": "a",
        "Msg Sent": "17/10/2019 05:58:53",
        "Msg Received": "17/10/2019 05:58:53",
        "Msg Processed": "17/10/2019 05:58:53",
        "XML ID": "729",
        "Total Lag": "0.6951209",
        "Create Lag": "0.5857439",
        "Process Lag": "0.109377"
      },
      {
        "Direction": "Outbound",
        "Destination": "Tallaght",
        "Time": "00:03:03",
        "AVLS": "00:03:43",
        "Tram": "3019",
        "Action": "a",
        "Msg Sent": "17/10/2019 05:58:53",
        "Msg Received": "17/10/2019 05:58:53",
        "Msg Processed": "17/10/2019 05:58:53",
        "XML ID": "729",
        "Total Lag": "0.7107441",
        "Create Lag": "0.5857439",
        "Process Lag": "0.1250002"
      }
    ]
  },
  {
    "stopID": "48",
    "stopQueryTime": 1571288341366,
    "count": 1,
    "results": [
      {
        "Direction": "Inbound",
        "Destination": "Broombridge",
        "Time": "00:10:25",
        "AVLS": "00:11:05",
        "Tram": "5002",
        "Action": "d",
        "Msg Sent": "17/10/2019 05:58:56",
        "Msg Received": "17/10/2019 05:58:56",
        "Msg Processed": "17/10/2019 05:58:57",
        "XML ID": "730",
        "Total Lag": "1.1490565",
        "Create Lag": "0.9303063",
        "Process Lag": "0.2187502"
      }
    ]
  },
  {
    "stopID": "52",
    "stopQueryTime": 1571288341373,
    "count": 2,
    "results": [
      {
        "Direction": "Inbound",
        "Destination": "Belgard",
        "Time": "00:04:55",
        "AVLS": "00:05:35",
        "Tram": "3009",
        "Action": "a",
        "Msg Sent": "17/10/2019 05:58:53",
        "Msg Received": "17/10/2019 05:58:53",
        "Msg Processed": "17/10/2019 05:58:53",
        "XML ID": "729",
        "Total Lag": "0.6169907",
        "Create Lag": "0.5857439",
        "Process Lag": "0.0312468"
      },
      {
        "Direction": "Outbound",
        "Destination": "Saggart",
        "Time": "00:09:14",
        "AVLS": "00:09:54",
        "Tram": "3026",
        "Action": "a",
        "Msg Sent": "17/10/2019 05:58:53",
        "Msg Received": "17/10/2019 05:58:53",
        "Msg Processed": "17/10/2019 05:58:53",
        "XML ID": "729",
        "Total Lag": "0.7896787",
        "Create Lag": "0.5857439",
        "Process Lag": "0.2039348"
      }
    ]
  },
  {
    "stopID": "45",
    "stopQueryTime": 1571288341376,
    "count": 2,
    "results": [
      {
        "Direction": "Inbound",
        "Destination": "Broombridge",
        "Time": "00:14:56",
        "AVLS": "00:15:36",
        "Tram": "5002",
        "Action": "a",
        "Msg Sent": "17/10/2019 05:58:56",
        "Msg Received": "17/10/2019 05:58:56",
        "Msg Processed": "17/10/2019 05:58:57",
        "XML ID": "730",
        "Total Lag": "1.1646796",
        "Create Lag": "0.9303063",
        "Process Lag": "0.2343733"
      },
      {
        "Direction": "Outbound",
        "Destination": "Bride's Glen",
        "Time": "00:06:33",
        "AVLS": "00:07:13",
        "Tram": "5021",
        "Action": "a",
        "Msg Sent": "17/10/2019 05:58:56",
        "Msg Received": "17/10/2019 05:58:56",
        "Msg Processed": "17/10/2019 05:58:57",
        "XML ID": "730",
        "Total Lag": "1.0084393",
        "Create Lag": "0.9303063",
        "Process Lag": "0.078133"
      }
    ]
  },
  {
    "stopID": "47",
    "stopQueryTime": 1571288341377,
    "count": 3,
    "results": [
      {
        "Direction": "Inbound",
        "Destination": "Broombridge",
        "Time": "00:11:33",
        "AVLS": "00:12:13",
        "Tram": "5002",
        "Action": "a",
        "Msg Sent": "17/10/2019 05:58:56",
        "Msg Received": "17/10/2019 05:58:56",
        "Msg Processed": "17/10/2019 05:58:57",
        "XML ID": "730",
        "Total Lag": "1.1490565",
        "Create Lag": "0.9303063",
        "Process Lag": "0.2187502"
      },
      {
        "Direction": "Outbound",
        "Destination": "Bride's Glen",
        "Time": "00:01:17",
        "AVLS": "00:01:57",
        "Tram": "5002",
        "Action": "a",
        "Msg Sent": "17/10/2019 05:58:56",
        "Msg Received": "17/10/2019 05:58:56",
        "Msg Processed": "17/10/2019 05:58:57",
        "XML ID": "730",
        "Total Lag": "1.1490565",
        "Create Lag": "0.9303063",
        "Process Lag": "0.2187502"
      },
      {
        "Direction": "Outbound",
        "Destination": "Bride's Glen",
        "Time": "00:09:53",
        "AVLS": "00:10:33",
        "Tram": "5021",
        "Action": "a",
        "Msg Sent": "17/10/2019 05:58:56",
        "Msg Received": "17/10/2019 05:58:56",
        "Msg Processed": "17/10/2019 05:58:57",
        "XML ID": "730",
        "Total Lag": "1.0240627",
        "Create Lag": "0.9303063",
        "Process Lag": "0.0937564"
      }
    ]
  },
  {
    "stopID": "4",
    "stopQueryTime": 1571288341380,
    "count": 4,
    "results": [
      {
        "Direction": "Outbound",
        "Destination": "Saggart",
        "Time": "00:00:57",
        "AVLS": "00:01:37",
        "Tram": "3026",
        "Action": "a",
        "Msg Sent": "17/10/2019 05:58:53",
        "Msg Received": "17/10/2019 05:58:53",
        "Msg Processed": "17/10/2019 05:58:53",
        "XML ID": "729",
        "Total Lag": "0.7740349",
        "Create Lag": "0.5857439",
        "Process Lag": "0.188291"
      },
      {
        "Direction": "Outbound",
        "Destination": "Saggart",
        "Time": "00:11:10",
        "AVLS": "00:11:50",
        "Tram": "4013",
        "Action": "a",
        "Msg Sent": "17/10/2019 05:58:53",
        "Msg Received": "17/10/2019 05:58:53",
        "Msg Processed": "17/10/2019 05:58:53",
        "XML ID": "729",
        "Total Lag": "0.5857439",
        "Create Lag": "0.5857439",
        "Process Lag": "0"
      },
      {
        "Direction": "Outbound",
        "Destination": "Tallaght",
        "Time": "00:12:59",
        "AVLS": "00:13:39",
        "Tram": "3013",
        "Action": "a",
        "Msg Sent": "17/10/2019 05:58:53",
        "Msg Received": "17/10/2019 05:58:53",
        "Msg Processed": "17/10/2019 05:58:53",
        "XML ID": "729",
        "Total Lag": "0.6638902",
        "Create Lag": "0.5857439",
        "Process Lag": "0.0781463"
      },
      {
        "Direction": "Outbound",
        "Destination": "Saggart",
        "Time": "00:17:57",
        "AVLS": "00:18:37",
        "Tram": "3009",
        "Action": "a",
        "Msg Sent": "17/10/2019 05:58:53",
        "Msg Received": "17/10/2019 05:58:53",
        "Msg Processed": "17/10/2019 05:58:53",
        "XML ID": "729",
        "Total Lag": "0.6482434",
        "Create Lag": "0.5857439",
        "Process Lag": "0.0624995"
      }
    ]
  },
  {
    "stopID": "50",
    "stopQueryTime": 1571288341391,
    "count": 3,
    "results": [
      {
        "Direction": "Inbound",
        "Destination": "Belgard",
        "Time": "00:07:58",
        "AVLS": "00:08:38",
        "Tram": "3009",
        "Action": "a",
        "Msg Sent": "17/10/2019 05:58:53",
        "Msg Received": "17/10/2019 05:58:53",
        "Msg Processed": "17/10/2019 05:58:53",
        "XML ID": "729",
        "Total Lag": "0.6326165",
        "Create Lag": "0.5857439",
        "Process Lag": "0.0468726"
      },
      {
        "Direction": "Outbound",
        "Destination": "Saggart",
        "Time": "00:06:10",
        "AVLS": "00:06:50",
        "Tram": "3026",
        "Action": "a",
        "Msg Sent": "17/10/2019 05:58:53",
        "Msg Received": "17/10/2019 05:58:53",
        "Msg Processed": "17/10/2019 05:58:53",
        "XML ID": "729",
        "Total Lag": "0.7740349",
        "Create Lag": "0.5857439",
        "Process Lag": "0.188291"
      },
      {
        "Direction": "Outbound",
        "Destination": "Saggart",
        "Time": "00:16:31",
        "AVLS": "00:17:11",
        "Tram": "4013",
        "Action": "a",
        "Msg Sent": "17/10/2019 05:58:53",
        "Msg Received": "17/10/2019 05:58:53",
        "Msg Processed": "17/10/2019 05:58:53",
        "XML ID": "729",
        "Total Lag": "0.6013685",
        "Create Lag": "0.5857439",
        "Process Lag": "0.0156246"
      }
    ]
  },
  {
    "stopID": "54",
    "stopQueryTime": 1571288341400,
    "count": 3,
    "results": [
      {
        "Direction": "Inbound",
        "Destination": "The Point",
        "Time": "00:08:03",
        "AVLS": "00:08:43",
        "Tram": "4003",
        "Action": "a",
        "Msg Sent": "17/10/2019 05:58:53",
        "Msg Received": "17/10/2019 05:58:53",
        "Msg Processed": "17/10/2019 05:58:53",
        "XML ID": "729",
        "Total Lag": "0.8053017",
        "Create Lag": "0.5857439",
        "Process Lag": "0.2195578"
      },
      {
        "Direction": "Inbound",
        "Destination": "The Point",
        "Time": "00:16:37",
        "AVLS": "00:17:17",
        "Tram": "3018",
        "Action": "a",
        "Msg Sent": "17/10/2019 05:58:53",
        "Msg Received": "17/10/2019 05:58:53",
        "Msg Processed": "17/10/2019 05:58:53",
        "XML ID": "729",
        "Total Lag": "0.6951209",
        "Create Lag": "0.5857439",
        "Process Lag": "0.109377"
      },
      {
        "Direction": "Outbound",
        "Destination": "Tallaght",
        "Time": "00:18:11",
        "AVLS": "00:18:51",
        "Tram": "4003",
        "Action": "a",
        "Msg Sent": "17/10/2019 05:58:53",
        "Msg Received": "17/10/2019 05:58:53",
        "Msg Processed": "17/10/2019 05:58:53",
        "XML ID": "729",
        "Total Lag": "0.8209433",
        "Create Lag": "0.5857439",
        "Process Lag": "0.2351994"
      }
    ]
  },
  {
    "stopID": "53",
    "stopQueryTime": 1571288341402,
    "count": 3,
    "results": [
      {
        "Direction": "Inbound",
        "Destination": "Belgard",
        "Time": "00:02:40",
        "AVLS": "00:03:20",
        "Tram": "3009",
        "Action": "d",
        "Msg Sent": "17/10/2019 05:58:53",
        "Msg Received": "17/10/2019 05:58:53",
        "Msg Processed": "17/10/2019 05:58:53",
        "XML ID": "729",
        "Total Lag": "0.6169907",
        "Create Lag": "0.5857439",
        "Process Lag": "0.0312468"
      },
      {
        "Direction": "Inbound",
        "Destination": "Belgard",
        "Time": "00:16:27",
        "AVLS": "00:17:07",
        "Tram": "3026",
        "Action": "d",
        "Msg Sent": "17/10/2019 05:58:53",
        "Msg Received": "17/10/2019 05:58:53",
        "Msg Processed": "17/10/2019 05:58:53",
        "XML ID": "729",
        "Total Lag": "0.7896787",
        "Create Lag": "0.5857439",
        "Process Lag": "0.2039348"
      },
      {
        "Direction": "Terminating",
        "Destination": "Saggart",
        "Time": "00:11:27",
        "AVLS": "00:12:07",
        "Tram": "3026",
        "Action": "a",
        "Msg Sent": "17/10/2019 05:58:53",
        "Msg Received": "17/10/2019 05:58:53",
        "Msg Processed": "17/10/2019 05:58:53",
        "XML ID": "729",
        "Total Lag": "0.7896787",
        "Create Lag": "0.5857439",
        "Process Lag": "0.2039348"
      }
    ]
  },
  {
    "stopID": "43",
    "stopQueryTime": 1571288341414,
    "count": 2,
    "results": [
      {
        "Direction": "Inbound",
        "Destination": "Broombridge",
        "Time": "00:17:29",
        "AVLS": "00:18:09",
        "Tram": "5002",
        "Action": "a",
        "Msg Sent": "17/10/2019 05:58:56",
        "Msg Received": "17/10/2019 05:58:56",
        "Msg Processed": "17/10/2019 05:58:57",
        "XML ID": "730",
        "Total Lag": "1.1646796",
        "Create Lag": "0.9303063",
        "Process Lag": "0.2343733"
      },
      {
        "Direction": "Outbound",
        "Destination": "Bride's Glen",
        "Time": "00:04:00",
        "AVLS": "00:04:40",
        "Tram": "5021",
        "Action": "a",
        "Msg Sent": "17/10/2019 05:58:56",
        "Msg Received": "17/10/2019 05:58:56",
        "Msg Processed": "17/10/2019 05:58:57",
        "XML ID": "730",
        "Total Lag": "1.0084393",
        "Create Lag": "0.9303063",
        "Process Lag": "0.078133"
      }
    ]
  },
  {
    "stopID": "46",
    "stopQueryTime": 1571288341419,
    "count": 3,
    "results": [
      {
        "Direction": "Inbound",
        "Destination": "Broombridge",
        "Time": "00:13:34",
        "AVLS": "00:14:14",
        "Tram": "5002",
        "Action": "a",
        "Msg Sent": "17/10/2019 05:58:56",
        "Msg Received": "17/10/2019 05:58:56",
        "Msg Processed": "17/10/2019 05:58:57",
        "XML ID": "730",
        "Total Lag": "1.1490565",
        "Create Lag": "0.9303063",
        "Process Lag": "0.2187502"
      },
      {
        "Direction": "Outbound",
        "Destination": "Bride's Glen",
        "Time": "00:00:00",
        "AVLS": "00:00:00",
        "Tram": "5002",
        "Action": "a",
        "Msg Sent": "17/10/2019 05:58:56",
        "Msg Received": "17/10/2019 05:58:56",
        "Msg Processed": "17/10/2019 05:58:57",
        "XML ID": "730",
        "Total Lag": "1.1490565",
        "Create Lag": "0.9303063",
        "Process Lag": "0.2187502"
      },
      {
        "Direction": "Outbound",
        "Destination": "Bride's Glen",
        "Time": "00:07:56",
        "AVLS": "00:08:36",
        "Tram": "5021",
        "Action": "a",
        "Msg Sent": "17/10/2019 05:58:56",
        "Msg Received": "17/10/2019 05:58:56",
        "Msg Processed": "17/10/2019 05:58:57",
        "XML ID": "730",
        "Total Lag": "1.0240627",
        "Create Lag": "0.9303063",
        "Process Lag": "0.0937564"
      }
    ]
  },
  {
    "stopID": "51",
    "stopQueryTime": 1571288341423,
    "count": 3,
    "results": [
      {
        "Direction": "Inbound",
        "Destination": "Belgard",
        "Time": "00:06:11",
        "AVLS": "00:06:51",
        "Tram": "3009",
        "Action": "a",
        "Msg Sent": "17/10/2019 05:58:53",
        "Msg Received": "17/10/2019 05:58:53",
        "Msg Processed": "17/10/2019 05:58:53",
        "XML ID": "729",
        "Total Lag": "0.6326165",
        "Create Lag": "0.5857439",
        "Process Lag": "0.0468726"
      },
      {
        "Direction": "Outbound",
        "Destination": "Saggart",
        "Time": "00:07:57",
        "AVLS": "00:08:37",
        "Tram": "3026",
        "Action": "a",
        "Msg Sent": "17/10/2019 05:58:53",
        "Msg Received": "17/10/2019 05:58:53",
        "Msg Processed": "17/10/2019 05:58:53",
        "XML ID": "729",
        "Total Lag": "0.7740349",
        "Create Lag": "0.5857439",
        "Process Lag": "0.188291"
      },
      {
        "Direction": "Outbound",
        "Destination": "Saggart",
        "Time": "00:18:11",
        "AVLS": "00:18:51",
        "Tram": "4013",
        "Action": "a",
        "Msg Sent": "17/10/2019 05:58:53",
        "Msg Received": "17/10/2019 05:58:53",
        "Msg Processed": "17/10/2019 05:58:53",
        "XML ID": "729",
        "Total Lag": "0.6013685",
        "Create Lag": "0.5857439",
        "Process Lag": "0.0156246"
      }
    ]
  },
  {
    "stopID": "55",
    "stopQueryTime": 1571288341436,
    "count": 3,
    "results": [
      {
        "Direction": "Inbound",
        "Destination": "The Point",
        "Time": "00:09:19",
        "AVLS": "00:09:59",
        "Tram": "4003",
        "Action": "a",
        "Msg Sent": "17/10/2019 05:58:53",
        "Msg Received": "17/10/2019 05:58:53",
        "Msg Processed": "17/10/2019 05:58:53",
        "XML ID": "729",
        "Total Lag": "0.8053017",
        "Create Lag": "0.5857439",
        "Process Lag": "0.2195578"
      },
      {
        "Direction": "Inbound",
        "Destination": "The Point",
        "Time": "00:17:53",
        "AVLS": "00:18:33",
        "Tram": "3018",
        "Action": "a",
        "Msg Sent": "17/10/2019 05:58:53",
        "Msg Received": "17/10/2019 05:58:53",
        "Msg Processed": "17/10/2019 05:58:53",
        "XML ID": "729",
        "Total Lag": "0.7107441",
        "Create Lag": "0.5857439",
        "Process Lag": "0.1250002"
      },
      {
        "Direction": "Outbound",
        "Destination": "Tallaght",
        "Time": "00:16:43",
        "AVLS": "00:17:23",
        "Tram": "4003",
        "Action": "a",
        "Msg Sent": "17/10/2019 05:58:53",
        "Msg Received": "17/10/2019 05:58:53",
        "Msg Processed": "17/10/2019 05:58:53",
        "XML ID": "729",
        "Total Lag": "0.8209433",
        "Create Lag": "0.5857439",
        "Process Lag": "0.2351994"
      }
    ]
  },
  {
    "stopID": "49",
    "stopQueryTime": 1571288341448,
    "count": 3,
    "results": [
      {
        "Direction": "Inbound",
        "Destination": "Belgard",
        "Time": "00:09:46",
        "AVLS": "00:10:26",
        "Tram": "3009",
        "Action": "a",
        "Msg Sent": "17/10/2019 05:58:53",
        "Msg Received": "17/10/2019 05:58:53",
        "Msg Processed": "17/10/2019 05:58:53",
        "XML ID": "729",
        "Total Lag": "0.6326165",
        "Create Lag": "0.5857439",
        "Process Lag": "0.0468726"
      },
      {
        "Direction": "Outbound",
        "Destination": "Saggart",
        "Time": "00:04:24",
        "AVLS": "00:05:04",
        "Tram": "3026",
        "Action": "a",
        "Msg Sent": "17/10/2019 05:58:53",
        "Msg Received": "17/10/2019 05:58:53",
        "Msg Processed": "17/10/2019 05:58:53",
        "XML ID": "729",
        "Total Lag": "0.7740349",
        "Create Lag": "0.5857439",
        "Process Lag": "0.188291"
      },
      {
        "Direction": "Outbound",
        "Destination": "Saggart",
        "Time": "00:14:52",
        "AVLS": "00:15:32",
        "Tram": "4013",
        "Action": "a",
        "Msg Sent": "17/10/2019 05:58:53",
        "Msg Received": "17/10/2019 05:58:53",
        "Msg Processed": "17/10/2019 05:58:53",
        "XML ID": "729",
        "Total Lag": "0.5857439",
        "Create Lag": "0.5857439",
        "Process Lag": "0"
      }
    ]
  }
]