[
  {
    "stopID": "2",
    "stopQueryTime": 1571285520734,
    "count": 1,
    "results": [
      {
        "Direction": "Inbound",
        "Destination": "The Point",
        "Time": "00:18:41",
        "AVLS": "00:19:21",
        "Tram": "3018",
        "Action": "a",
        "Msg Sent": "17/10/2019 05:11:54",
        "Msg Received": "17/10/2019 05:11:54",
        "Msg Processed": "17/10/2019 05:11:54",
        "XML ID": "57",
        "Total Lag": "0.0708702",
        "Create Lag": "0.0395886",
        "Process Lag": "0.0312816"
      }
    ]
  },
  {
    "stopID": "21",
    "stopQueryTime": 1571285520761,
    "count": 0,
    "results": []
  },
  {
    "stopID": "27",
    "stopQueryTime": 1571285520764,
    "count": 0,
    "results": []
  },
  {
    "stopID": "8",
    "stopQueryTime": 1571285520766,
    "count": 0,
    "results": []
  },
  {
    "stopID": "12",
    "stopQueryTime": 1571285520770,
    "count": 0,
    "results": []
  },
  {
    "stopID": "25",
    "stopQueryTime": 1571285520772,
    "count": 0,
    "results": []
  },
  {
    "stopID": "19",
    "stopQueryTime": 1571285520775,
    "count": 0,
    "results": []
  },
  {
    "stopID": "13",
    "stopQueryTime": 1571285520791,
    "count": 0,
    "results": []
  },
  {
    "stopID": "18",
    "stopQueryTime": 1571285520798,
    "count": 0,
    "results": []
  },
  {
    "stopID": "17",
    "stopQueryTime": 1571285520807,
    "count": 0,
    "results": []
  },
  {
    "stopID": "15",
    "stopQueryTime": 1571285520808,
    "count": 0,
    "results": []
  },
  {
    "stopID": "28",
    "stopQueryTime": 1571285520812,
    "count": 0,
    "results": []
  },
  {
    "stopID": "4",
    "stopQueryTime": 1571285520814,
    "count": 0,
    "results": []
  },
  {
    "stopID": "16",
    "stopQueryTime": 1571285520817,
    "count": 0,
    "results": []
  },
  {
    "stopID": "6",
    "stopQueryTime": 1571285520818,
    "count": 0,
    "results": []
  },
  {
    "stopID": "20",
    "stopQueryTime": 1571285520820,
    "count": 0,
    "results": []
  },
  {
    "stopID": "3",
    "stopQueryTime": 1571285520822,
    "count": 0,
    "results": []
  },
  {
    "stopID": "23",
    "stopQueryTime": 1571285520823,
    "count": 0,
    "results": []
  },
  {
    "stopID": "46",
    "stopQueryTime": 1571285520825,
    "count": 0,
    "results": []
  },
  {
    "stopID": "5",
    "stopQueryTime": 1571285520826,
    "count": 0,
    "results": []
  },
  {
    "stopID": "9",
    "stopQueryTime": 1571285520833,
    "count": 0,
    "results": []
  },
  {
    "stopID": "34",
    "stopQueryTime": 1571285520842,
    "count": 0,
    "results": []
  },
  {
    "stopID": "22",
    "stopQueryTime": 1571285520850,
    "count": 0,
    "results": []
  },
  {
    "stopID": "1",
    "stopQueryTime": 1571285520852,
    "count": 1,
    "results": [
      {
        "Direction": "Inbound",
        "Destination": "The Point",
        "Time": "00:17:27",
        "AVLS": "00:18:07",
        "Tram": "3018",
        "Action": "d",
        "Msg Sent": "17/10/2019 05:11:54",
        "Msg Received": "17/10/2019 05:11:54",
        "Msg Processed": "17/10/2019 05:11:54",
        "XML ID": "57",
        "Total Lag": "0.0708702",
        "Create Lag": "0.0395886",
        "Process Lag": "0.0312816"
      }
    ]
  },
  {
    "stopID": "11",
    "stopQueryTime": 1571285520854,
    "count": 0,
    "results": []
  },
  {
    "stopID": "7",
    "stopQueryTime": 1571285520861,
    "count": 0,
    "results": []
  },
  {
    "stopID": "43",
    "stopQueryTime": 1571285520869,
    "count": 0,
    "results": []
  },
  {
    "stopID": "24",
    "stopQueryTime": 1571285520879,
    "count": 1,
    "results": [
      {
        "Direction": "Outbound",
        "Destination": "Bride's Glen",
        "Time": "00:17:27",
        "AVLS": "00:18:07",
        "Tram": "5021",
        "Action": "d",
        "Msg Sent": "17/10/2019 05:11:54",
        "Msg Received": "17/10/2019 05:11:54",
        "Msg Processed": "17/10/2019 05:11:54",
        "XML ID": "57",
        "Total Lag": "0.086468",
        "Create Lag": "0.0395886",
        "Process Lag": "0.0468794"
      }
    ]
  },
  {
    "stopID": "37",
    "stopQueryTime": 1571285520881,
    "count": 1,
    "results": [
      {
        "Direction": "Outbound",
        "Destination": "Bride's Glen",
        "Time": "00:17:00",
        "AVLS": "00:17:40",
        "Tram": "5006",
        "Action": "a",
        "Msg Sent": "17/10/2019 05:11:54",
        "Msg Received": "17/10/2019 05:11:54",
        "Msg Processed": "17/10/2019 05:11:54",
        "XML ID": "57",
        "Total Lag": "0.0552148",
        "Create Lag": "0.0395886",
        "Process Lag": "0.0156262"
      }
    ]
  },
  {
    "stopID": "49",
    "stopQueryTime": 1571285520885,
    "count": 0,
    "results": []
  },
  {
    "stopID": "14",
    "stopQueryTime": 1571285520886,
    "count": 0,
    "results": []
  },
  {
    "stopID": "10",
    "stopQueryTime": 1571285520889,
    "count": 0,
    "results": []
  },
  {
    "stopID": "40",
    "stopQueryTime": 1571285520890,
    "count": 0,
    "results": []
  },
  {
    "stopID": "39",
    "stopQueryTime": 1571285520892,
    "count": 0,
    "results": []
  },
  {
    "stopID": "44",
    "stopQueryTime": 1571285520893,
    "count": 0,
    "results": []
  },
  {
    "stopID": "33",
    "stopQueryTime": 1571285520901,
    "count": 0,
    "results": []
  },
  {
    "stopID": "32",
    "stopQueryTime": 1571285520902,
    "count": 0,
    "results": []
  },
  {
    "stopID": "30",
    "stopQueryTime": 1571285520904,
    "count": 0,
    "results": []
  },
  {
    "stopID": "45",
    "stopQueryTime": 1571285520904,
    "count": 0,
    "results": []
  },
  {
    "stopID": "54",
    "stopQueryTime": 1571285520911,
    "count": 0,
    "results": []
  },
  {
    "stopID": "53",
    "stopQueryTime": 1571285520913,
    "count": 0,
    "results": []
  },
  {
    "stopID": "50",
    "stopQueryTime": 1571285520914,
    "count": 0,
    "results": []
  },
  {
    "stopID": "31",
    "stopQueryTime": 1571285520915,
    "count": 0,
    "results": []
  },
  {
    "stopID": "42",
    "stopQueryTime": 1571285520919,
    "count": 0,
    "results": []
  },
  {
    "stopID": "35",
    "stopQueryTime": 1571285520921,
    "count": 1,
    "results": [
      {
        "Direction": "Inbound",
        "Destination": "Broombridge",
        "Time": "00:19:02",
        "AVLS": "00:19:42",
        "Tram": "3020",
        "Action": "a",
        "Msg Sent": "17/10/2019 05:11:54",
        "Msg Received": "17/10/2019 05:11:54",
        "Msg Processed": "17/10/2019 05:11:54",
        "XML ID": "57",
        "Total Lag": "0.0395886",
        "Create Lag": "0.0395886",
        "Process Lag": "0"
      }
    ]
  },
  {
    "stopID": "52",
    "stopQueryTime": 1571285520922,
    "count": 0,
    "results": []
  },
  {
    "stopID": "58",
    "stopQueryTime": 1571285520930,
    "count": 0,
    "results": []
  },
  {
    "stopID": "56",
    "stopQueryTime": 1571285520931,
    "count": 0,
    "results": []
  },
  {
    "stopID": "57",
    "stopQueryTime": 1571285520938,
    "count": 1,
    "results": [
      {
        "Direction": "Outbound",
        "Destination": "Tallaght",
        "Time": "00:18:54",
        "AVLS": "00:19:34",
        "Tram": "3013",
        "Action": "d",
        "Msg Sent": "17/10/2019 05:11:54",
        "Msg Received": "17/10/2019 05:11:54",
        "Msg Processed": "17/10/2019 05:11:54",
        "XML ID": "57",
        "Total Lag": "0.0552148",
        "Create Lag": "0.0395886",
        "Process Lag": "0.0156262"
      }
    ]
  },
  {
    "stopID": "38",
    "stopQueryTime": 1571285520940,
    "count": 1,
    "results": [
      {
        "Direction": "Outbound",
        "Destination": "Bride's Glen",
        "Time": "00:18:28",
        "AVLS": "00:19:08",
        "Tram": "5006",
        "Action": "a",
        "Msg Sent": "17/10/2019 05:11:54",
        "Msg Received": "17/10/2019 05:11:54",
        "Msg Processed": "17/10/2019 05:11:54",
        "XML ID": "57",
        "Total Lag": "0.0552148",
        "Create Lag": "0.0395886",
        "Process Lag": "0.0156262"
      }
    ]
  },
  {
    "stopID": "55",
    "stopQueryTime": 1571285520941,
    "count": 0,
    "results": []
  },
  {
    "stopID": "48",
    "stopQueryTime": 1571285520943,
    "count": 1,
    "results": [
      {
        "Direction": "Inbound",
        "Destination": "Broombridge",
        "Time": "00:17:27",
        "AVLS": "00:18:07",
        "Tram": "5011",
        "Action": "d",
        "Msg Sent": "17/10/2019 05:11:54",
        "Msg Received": "17/10/2019 05:11:54",
        "Msg Processed": "17/10/2019 05:11:54",
        "XML ID": "57",
        "Total Lag": "0.0708702",
        "Create Lag": "0.0395886",
        "Process Lag": "0.0312816"
      }
    ]
  },
  {
    "stopID": "29",
    "stopQueryTime": 1571285520947,
    "count": 0,
    "results": []
  },
  {
    "stopID": "47",
    "stopQueryTime": 1571285520951,
    "count": 1,
    "results": [
      {
        "Direction": "Inbound",
        "Destination": "Broombridge",
        "Time": "00:18:35",
        "AVLS": "00:19:15",
        "Tram": "5011",
        "Action": "a",
        "Msg Sent": "17/10/2019 05:11:54",
        "Msg Received": "17/10/2019 05:11:54",
        "Msg Processed": "17/10/2019 05:11:54",
        "XML ID": "57",
        "Total Lag": "0.0708702",
        "Create Lag": "0.0395886",
        "Process Lag": "0.0312816"
      }
    ]
  },
  {
    "stopID": "26",
    "stopQueryTime": 1571285520958,
    "count": 0,
    "results": []
  },
  {
    "stopID": "51",
    "stopQueryTime": 1571285520960,
    "count": 0,
    "results": []
  },
  {
    "stopID": "36",
    "stopQueryTime": 1571285520991,
    "count": 2,
    "results": [
      {
        "Direction": "Inbound",
        "Destination": "Broombridge",
        "Time": "00:17:27",
        "AVLS": "00:18:07",
        "Tram": "3020",
        "Action": "d",
        "Msg Sent": "17/10/2019 05:11:54",
        "Msg Received": "17/10/2019 05:11:54",
        "Msg Processed": "17/10/2019 05:11:54",
        "XML ID": "57",
        "Total Lag": "0.0395886",
        "Create Lag": "0.0395886",
        "Process Lag": "0"
      },
      {
        "Direction": "Outbound",
        "Destination": "Bride's Glen",
        "Time": "00:14:27",
        "AVLS": "00:15:07",
        "Tram": "5006",
        "Action": "d",
        "Msg Sent": "17/10/2019 05:11:54",
        "Msg Received": "17/10/2019 05:11:54",
        "Msg Processed": "17/10/2019 05:11:54",
        "XML ID": "57",
        "Total Lag": "0.0552148",
        "Create Lag": "0.0395886",
        "Process Lag": "0.0156262"
      }
    ]
  }
]