[
  {
    "stopID": "23",
    "stopQueryTime": 1571287200881,
    "count": 0,
    "results": []
  },
  {
    "stopID": "28",
    "stopQueryTime": 1571287200906,
    "count": 1,
    "results": [
      {
        "Direction": "Inbound",
        "Destination": "Broombridge",
        "Time": "00:04:21",
        "AVLS": "00:05:01",
        "Tram": "3020",
        "Action": "a",
        "Msg Sent": "17/10/2019 05:39:53",
        "Msg Received": "17/10/2019 05:39:53",
        "Msg Processed": "17/10/2019 05:39:53",
        "XML ID": "380",
        "Total Lag": "0.5515789",
        "Create Lag": "0.3484543",
        "Process Lag": "0.2031246"
      }
    ]
  },
  {
    "stopID": "58",
    "stopQueryTime": 1571287200910,
    "count": 0,
    "results": []
  },
  {
    "stopID": "6",
    "stopQueryTime": 1571287200921,
    "count": 1,
    "results": [
      {
        "Direction": "Inbound",
        "Destination": "The Point",
        "Time": "00:01:23",
        "AVLS": "00:02:03",
        "Tram": "3018",
        "Action": "a",
        "Msg Sent": "17/10/2019 05:39:53",
        "Msg Received": "17/10/2019 05:39:53",
        "Msg Processed": "17/10/2019 05:39:53",
        "XML ID": "380",
        "Total Lag": "0.48908",
        "Create Lag": "0.3484543",
        "Process Lag": "0.1406257"
      }
    ]
  },
  {
    "stopID": "21",
    "stopQueryTime": 1571287200930,
    "count": 0,
    "results": []
  },
  {
    "stopID": "2",
    "stopQueryTime": 1571287200931,
    "count": 1,
    "results": [
      {
        "Direction": "Inbound",
        "Destination": "The Point",
        "Time": "00:10:41",
        "AVLS": "00:11:21",
        "Tram": "4004",
        "Action": "a",
        "Msg Sent": "17/10/2019 05:39:53",
        "Msg Received": "17/10/2019 05:39:53",
        "Msg Processed": "17/10/2019 05:39:53",
        "XML ID": "380",
        "Total Lag": "0.6297201",
        "Create Lag": "0.3484543",
        "Process Lag": "0.2812658"
      }
    ]
  },
  {
    "stopID": "33",
    "stopQueryTime": 1571287200934,
    "count": 2,
    "results": [
      {
        "Direction": "Inbound",
        "Destination": "Broombridge",
        "Time": "00:12:23",
        "AVLS": "00:13:03",
        "Tram": "5011",
        "Action": "a",
        "Msg Sent": "17/10/2019 05:39:56",
        "Msg Received": "17/10/2019 05:39:56",
        "Msg Processed": "17/10/2019 05:39:56",
        "XML ID": "381",
        "Total Lag": "0.3484543",
        "Create Lag": "0.3328325",
        "Process Lag": "0.0156218"
      },
      {
        "Direction": "Outbound",
        "Destination": "Bride's Glen",
        "Time": "00:04:13",
        "AVLS": "00:04:53",
        "Tram": "5021",
        "Action": "a",
        "Msg Sent": "17/10/2019 05:39:56",
        "Msg Received": "17/10/2019 05:39:56",
        "Msg Processed": "17/10/2019 05:39:56",
        "XML ID": "381",
        "Total Lag": "0.3797138",
        "Create Lag": "0.3328325",
        "Process Lag": "0.0468813"
      }
    ]
  },
  {
    "stopID": "3",
    "stopQueryTime": 1571287200940,
    "count": 1,
    "results": [
      {
        "Direction": "Inbound",
        "Destination": "The Point",
        "Time": "00:12:22",
        "AVLS": "00:13:02",
        "Tram": "4004",
        "Action": "a",
        "Msg Sent": "17/10/2019 05:39:53",
        "Msg Received": "17/10/2019 05:39:53",
        "Msg Processed": "17/10/2019 05:39:53",
        "XML ID": "380",
        "Total Lag": "0.6297201",
        "Create Lag": "0.3484543",
        "Process Lag": "0.2812658"
      }
    ]
  },
  {
    "stopID": "48",
    "stopQueryTime": 1571287200943,
    "count": 1,
    "results": [
      {
        "Direction": "Inbound",
        "Destination": "Broombridge",
        "Time": "00:09:27",
        "AVLS": "00:10:07",
        "Tram": "5006",
        "Action": "d",
        "Msg Sent": "17/10/2019 05:39:53",
        "Msg Received": "17/10/2019 05:39:53",
        "Msg Processed": "17/10/2019 05:39:53",
        "XML ID": "380",
        "Total Lag": "0.6609542",
        "Create Lag": "0.3640771",
        "Process Lag": "0.2968771"
      }
    ]
  },
  {
    "stopID": "4",
    "stopQueryTime": 1571287200945,
    "count": 2,
    "results": [
      {
        "Direction": "Inbound",
        "Destination": "The Point",
        "Time": "00:15:27",
        "AVLS": "00:16:07",
        "Tram": "4004",
        "Action": "a",
        "Msg Sent": "17/10/2019 05:39:53",
        "Msg Received": "17/10/2019 05:39:53",
        "Msg Processed": "17/10/2019 05:39:53",
        "XML ID": "380",
        "Total Lag": "0.6453386",
        "Create Lag": "0.3484543",
        "Process Lag": "0.2968843"
      },
      {
        "Direction": "Outbound",
        "Destination": "Saggart",
        "Time": "00:07:03",
        "AVLS": "00:07:43",
        "Tram": "3009",
        "Action": "a",
        "Msg Sent": "17/10/2019 05:39:59",
        "Msg Received": "17/10/2019 05:39:59",
        "Msg Processed": "17/10/2019 05:39:59",
        "XML ID": "382",
        "Total Lag": "0.3640744",
        "Create Lag": "0.3328254",
        "Process Lag": "0.031249"
      }
    ]
  },
  {
    "stopID": "19",
    "stopQueryTime": 1571287200953,
    "count": 2,
    "results": [
      {
        "Direction": "Inbound",
        "Destination": "The Point",
        "Time": "00:17:33",
        "AVLS": "00:18:13",
        "Tram": "4003",
        "Action": "a",
        "Msg Sent": "17/10/2019 05:39:53",
        "Msg Received": "17/10/2019 05:39:53",
        "Msg Processed": "17/10/2019 05:39:53",
        "XML ID": "380",
        "Total Lag": "0.6297201",
        "Create Lag": "0.3484543",
        "Process Lag": "0.2812658"
      },
      {
        "Direction": "Outbound",
        "Destination": "Tallaght",
        "Time": "00:02:27",
        "AVLS": "00:03:07",
        "Tram": "3013",
        "Action": "a",
        "Msg Sent": "17/10/2019 05:39:53",
        "Msg Received": "17/10/2019 05:39:53",
        "Msg Processed": "17/10/2019 05:39:53",
        "XML ID": "380",
        "Total Lag": "0.4578405",
        "Create Lag": "0.3484543",
        "Process Lag": "0.1093862"
      }
    ]
  },
  {
    "stopID": "54",
    "stopQueryTime": 1571287200967,
    "count": 1,
    "results": [
      {
        "Direction": "Outbound",
        "Destination": "Tallaght",
        "Time": "00:13:58",
        "AVLS": "00:14:38",
        "Tram": "3019",
        "Action": "a",
        "Msg Sent": "17/10/2019 05:39:59",
        "Msg Received": "17/10/2019 05:39:59",
        "Msg Processed": "17/10/2019 05:39:59",
        "XML ID": "382",
        "Total Lag": "0.3953246",
        "Create Lag": "0.3328254",
        "Process Lag": "0.0624992"
      }
    ]
  },
  {
    "stopID": "55",
    "stopQueryTime": 1571287200970,
    "count": 1,
    "results": [
      {
        "Direction": "Outbound",
        "Destination": "Tallaght",
        "Time": "00:12:30",
        "AVLS": "00:13:10",
        "Tram": "3019",
        "Action": "a",
        "Msg Sent": "17/10/2019 05:39:59",
        "Msg Received": "17/10/2019 05:39:59",
        "Msg Processed": "17/10/2019 05:39:59",
        "XML ID": "382",
        "Total Lag": "0.3797072",
        "Create Lag": "0.3328254",
        "Process Lag": "0.0468818"
      }
    ]
  },
  {
    "stopID": "29",
    "stopQueryTime": 1571287200972,
    "count": 1,
    "results": [
      {
        "Direction": "Inbound",
        "Destination": "Broombridge",
        "Time": "00:02:52",
        "AVLS": "00:03:32",
        "Tram": "3020",
        "Action": "a",
        "Msg Sent": "17/10/2019 05:39:53",
        "Msg Received": "17/10/2019 05:39:53",
        "Msg Processed": "17/10/2019 05:39:53",
        "XML ID": "380",
        "Total Lag": "0.5515789",
        "Create Lag": "0.3484543",
        "Process Lag": "0.2031246"
      }
    ]
  },
  {
    "stopID": "8",
    "stopQueryTime": 1571287200974,
    "count": 2,
    "results": [
      {
        "Direction": "Inbound",
        "Destination": "The Point",
        "Time": "00:00:30",
        "AVLS": "00:01:10",
        "Tram": "4003",
        "Action": "a",
        "Msg Sent": "17/10/2019 05:39:53",
        "Msg Received": "17/10/2019 05:39:53",
        "Msg Processed": "17/10/2019 05:39:53",
        "XML ID": "380",
        "Total Lag": "0.5984555",
        "Create Lag": "0.3484543",
        "Process Lag": "0.2500012"
      },
      {
        "Direction": "Inbound",
        "Destination": "The Point",
        "Time": "00:06:51",
        "AVLS": "00:07:31",
        "Tram": "3018",
        "Action": "a",
        "Msg Sent": "17/10/2019 05:39:53",
        "Msg Received": "17/10/2019 05:39:53",
        "Msg Processed": "17/10/2019 05:39:53",
        "XML ID": "380",
        "Total Lag": "0.5047043",
        "Create Lag": "0.3484543",
        "Process Lag": "0.15625"
      }
    ]
  },
  {
    "stopID": "57",
    "stopQueryTime": 1571287200976,
    "count": 1,
    "results": [
      {
        "Direction": "Outbound",
        "Destination": "Tallaght",
        "Time": "00:09:52",
        "AVLS": "00:10:32",
        "Tram": "3019",
        "Action": "d",
        "Msg Sent": "17/10/2019 05:39:59",
        "Msg Received": "17/10/2019 05:39:59",
        "Msg Processed": "17/10/2019 05:39:59",
        "XML ID": "382",
        "Total Lag": "0.3797072",
        "Create Lag": "0.3328254",
        "Process Lag": "0.0468818"
      }
    ]
  },
  {
    "stopID": "20",
    "stopQueryTime": 1571287200978,
    "count": 1,
    "results": [
      {
        "Direction": "Outbound",
        "Destination": "Tallaght",
        "Time": "00:00:31",
        "AVLS": "00:01:11",
        "Tram": "3013",
        "Action": "a",
        "Msg Sent": "17/10/2019 05:39:53",
        "Msg Received": "17/10/2019 05:39:53",
        "Msg Processed": "17/10/2019 05:39:53",
        "XML ID": "380",
        "Total Lag": "0.4578405",
        "Create Lag": "0.3484543",
        "Process Lag": "0.1093862"
      }
    ]
  },
  {
    "stopID": "56",
    "stopQueryTime": 1571287200979,
    "count": 1,
    "results": [
      {
        "Direction": "Outbound",
        "Destination": "Tallaght",
        "Time": "00:10:31",
        "AVLS": "00:11:11",
        "Tram": "3019",
        "Action": "a",
        "Msg Sent": "17/10/2019 05:39:59",
        "Msg Received": "17/10/2019 05:39:59",
        "Msg Processed": "17/10/2019 05:39:59",
        "XML ID": "382",
        "Total Lag": "0.3797072",
        "Create Lag": "0.3328254",
        "Process Lag": "0.0468818"
      }
    ]
  },
  {
    "stopID": "22",
    "stopQueryTime": 1571287200982,
    "count": 1,
    "results": [
      {
        "Direction": "Outbound",
        "Destination": "Tallaght",
        "Time": "00:15:54",
        "AVLS": "00:16:34",
        "Tram": "3019",
        "Action": "a",
        "Msg Sent": "17/10/2019 05:39:59",
        "Msg Received": "17/10/2019 05:39:59",
        "Msg Processed": "17/10/2019 05:39:59",
        "XML ID": "382",
        "Total Lag": "0.3953246",
        "Create Lag": "0.3328254",
        "Process Lag": "0.0624992"
      }
    ]
  },
  {
    "stopID": "1",
    "stopQueryTime": 1571287200985,
    "count": 2,
    "results": [
      {
        "Direction": "Inbound",
        "Destination": "The Point",
        "Time": "00:09:27",
        "AVLS": "00:10:07",
        "Tram": "4004",
        "Action": "d",
        "Msg Sent": "17/10/2019 05:39:53",
        "Msg Received": "17/10/2019 05:39:53",
        "Msg Processed": "17/10/2019 05:39:53",
        "XML ID": "380",
        "Total Lag": "0.6297201",
        "Create Lag": "0.3484543",
        "Process Lag": "0.2812658"
      },
      {
        "Direction": "Terminating",
        "Destination": "Tallaght",
        "Time": "00:00:00",
        "AVLS": "00:00:00",
        "Tram": "4004",
        "Action": "a",
        "Msg Sent": "17/10/2019 05:39:42",
        "Msg Received": "17/10/2019 05:39:42",
        "Msg Processed": "17/10/2019 05:39:42",
        "XML ID": "377",
        "Total Lag": "0.3172066",
        "Create Lag": "0.2859604",
        "Process Lag": "0.0312462"
      }
    ]
  },
  {
    "stopID": "12",
    "stopQueryTime": 1571287200990,
    "count": 3,
    "results": [
      {
        "Direction": "Inbound",
        "Destination": "The Point",
        "Time": "00:05:33",
        "AVLS": "00:06:13",
        "Tram": "4003",
        "Action": "a",
        "Msg Sent": "17/10/2019 05:39:53",
        "Msg Received": "17/10/2019 05:39:53",
        "Msg Processed": "17/10/2019 05:39:53",
        "XML ID": "380",
        "Total Lag": "0.5984555",
        "Create Lag": "0.3484543",
        "Process Lag": "0.2500012"
      },
      {
        "Direction": "Inbound",
        "Destination": "The Point",
        "Time": "00:11:54",
        "AVLS": "00:12:34",
        "Tram": "3018",
        "Action": "a",
        "Msg Sent": "17/10/2019 05:39:53",
        "Msg Received": "17/10/2019 05:39:53",
        "Msg Processed": "17/10/2019 05:39:53",
        "XML ID": "380",
        "Total Lag": "0.5047043",
        "Create Lag": "0.3484543",
        "Process Lag": "0.15625"
      },
      {
        "Direction": "Outbound",
        "Destination": "Tallaght",
        "Time": "00:15:10",
        "AVLS": "00:15:50",
        "Tram": "3013",
        "Action": "a",
        "Msg Sent": "17/10/2019 05:39:53",
        "Msg Received": "17/10/2019 05:39:53",
        "Msg Processed": "17/10/2019 05:39:53",
        "XML ID": "380",
        "Total Lag": "0.48908",
        "Create Lag": "0.3484543",
        "Process Lag": "0.1406257"
      }
    ]
  },
  {
    "stopID": "46",
    "stopQueryTime": 1571287200991,
    "count": 2,
    "results": [
      {
        "Direction": "Inbound",
        "Destination": "Broombridge",
        "Time": "00:12:36",
        "AVLS": "00:13:16",
        "Tram": "5006",
        "Action": "a",
        "Msg Sent": "17/10/2019 05:39:53",
        "Msg Received": "17/10/2019 05:39:53",
        "Msg Processed": "17/10/2019 05:39:53",
        "XML ID": "380",
        "Total Lag": "0.6609542",
        "Create Lag": "0.3640771",
        "Process Lag": "0.2968771"
      },
      {
        "Direction": "Outbound",
        "Destination": "Bride's Glen",
        "Time": "00:00:29",
        "AVLS": "00:01:09",
        "Tram": "5006",
        "Action": "a",
        "Msg Sent": "17/10/2019 05:39:53",
        "Msg Received": "17/10/2019 05:39:53",
        "Msg Processed": "17/10/2019 05:39:53",
        "XML ID": "380",
        "Total Lag": "0.6453386",
        "Create Lag": "0.3484543",
        "Process Lag": "0.2968843"
      }
    ]
  },
  {
    "stopID": "25",
    "stopQueryTime": 1571287200994,
    "count": 2,
    "results": [
      {
        "Direction": "Inbound",
        "Destination": "Broombridge",
        "Time": "00:09:23",
        "AVLS": "00:10:03",
        "Tram": "3020",
        "Action": "a",
        "Msg Sent": "17/10/2019 05:39:53",
        "Msg Received": "17/10/2019 05:39:53",
        "Msg Processed": "17/10/2019 05:39:53",
        "XML ID": "380",
        "Total Lag": "0.5672058",
        "Create Lag": "0.3484543",
        "Process Lag": "0.2187515"
      },
      {
        "Direction": "Outbound",
        "Destination": "Bride's Glen",
        "Time": "00:14:20",
        "AVLS": "00:15:00",
        "Tram": "5029",
        "Action": "a",
        "Msg Sent": "17/10/2019 05:39:56",
        "Msg Received": "17/10/2019 05:39:56",
        "Msg Processed": "17/10/2019 05:39:56",
        "XML ID": "381",
        "Total Lag": "0.4109542",
        "Create Lag": "0.3328325",
        "Process Lag": "0.0781217"
      }
    ]
  },
  {
    "stopID": "32",
    "stopQueryTime": 1571287201004,
    "count": 2,
    "results": [
      {
        "Direction": "Inbound",
        "Destination": "Broombridge",
        "Time": "00:14:05",
        "AVLS": "00:14:45",
        "Tram": "5011",
        "Action": "a",
        "Msg Sent": "17/10/2019 05:39:56",
        "Msg Received": "17/10/2019 05:39:56",
        "Msg Processed": "17/10/2019 05:39:56",
        "XML ID": "381",
        "Total Lag": "0.3640793",
        "Create Lag": "0.3328325",
        "Process Lag": "0.0312468"
      },
      {
        "Direction": "Outbound",
        "Destination": "Bride's Glen",
        "Time": "00:02:47",
        "AVLS": "00:03:27",
        "Tram": "5021",
        "Action": "a",
        "Msg Sent": "17/10/2019 05:39:56",
        "Msg Received": "17/10/2019 05:39:56",
        "Msg Processed": "17/10/2019 05:39:56",
        "XML ID": "381",
        "Total Lag": "0.3640793",
        "Create Lag": "0.3328325",
        "Process Lag": "0.0312468"
      }
    ]
  },
  {
    "stopID": "24",
    "stopQueryTime": 1571287201007,
    "count": 2,
    "results": [
      {
        "Direction": "Inbound",
        "Destination": "Broombridge",
        "Time": "00:12:21",
        "AVLS": "00:13:01",
        "Tram": "3020",
        "Action": "a",
        "Msg Sent": "17/10/2019 05:39:53",
        "Msg Received": "17/10/2019 05:39:53",
        "Msg Processed": "17/10/2019 05:39:53",
        "XML ID": "380",
        "Total Lag": "0.5672058",
        "Create Lag": "0.3484543",
        "Process Lag": "0.2187515"
      },
      {
        "Direction": "Outbound",
        "Destination": "Bride's Glen",
        "Time": "00:12:22",
        "AVLS": "00:13:02",
        "Tram": "5029",
        "Action": "a",
        "Msg Sent": "17/10/2019 05:39:56",
        "Msg Received": "17/10/2019 05:39:56",
        "Msg Processed": "17/10/2019 05:39:56",
        "XML ID": "381",
        "Total Lag": "0.4109542",
        "Create Lag": "0.3328325",
        "Process Lag": "0.0781217"
      }
    ]
  },
  {
    "stopID": "7",
    "stopQueryTime": 1571287201009,
    "count": 2,
    "results": [
      {
        "Direction": "Inbound",
        "Destination": "The Point",
        "Time": "00:00:00",
        "AVLS": "00:00:00",
        "Tram": "4003",
        "Action": "a",
        "Msg Sent": "17/10/2019 05:39:39",
        "Msg Received": "17/10/2019 05:39:39",
        "Msg Processed": "17/10/2019 05:39:39",
        "XML ID": "376",
        "Total Lag": "0.3172074",
        "Create Lag": "0.285968",
        "Process Lag": "0.0312394"
      },
      {
        "Direction": "Inbound",
        "Destination": "The Point",
        "Time": "00:05:25",
        "AVLS": "00:06:05",
        "Tram": "3018",
        "Action": "a",
        "Msg Sent": "17/10/2019 05:39:53",
        "Msg Received": "17/10/2019 05:39:53",
        "Msg Processed": "17/10/2019 05:39:53",
        "XML ID": "380",
        "Total Lag": "0.48908",
        "Create Lag": "0.3484543",
        "Process Lag": "0.1406257"
      }
    ]
  },
  {
    "stopID": "49",
    "stopQueryTime": 1571287201011,
    "count": 2,
    "results": [
      {
        "Direction": "Inbound",
        "Destination": "Belgard",
        "Time": "00:08:33",
        "AVLS": "00:09:13",
        "Tram": "3026",
        "Action": "a",
        "Msg Sent": "17/10/2019 05:39:53",
        "Msg Received": "17/10/2019 05:39:53",
        "Msg Processed": "17/10/2019 05:39:53",
        "XML ID": "380",
        "Total Lag": "0.5828365",
        "Create Lag": "0.3484543",
        "Process Lag": "0.2343822"
      },
      {
        "Direction": "Outbound",
        "Destination": "Saggart",
        "Time": "00:10:45",
        "AVLS": "00:11:25",
        "Tram": "3009",
        "Action": "a",
        "Msg Sent": "17/10/2019 05:39:59",
        "Msg Received": "17/10/2019 05:39:59",
        "Msg Processed": "17/10/2019 05:39:59",
        "XML ID": "382",
        "Total Lag": "0.3640744",
        "Create Lag": "0.3328254",
        "Process Lag": "0.031249"
      }
    ]
  },
  {
    "stopID": "27",
    "stopQueryTime": 1571287201014,
    "count": 2,
    "results": [
      {
        "Direction": "Inbound",
        "Destination": "Broombridge",
        "Time": "00:05:52",
        "AVLS": "00:06:32",
        "Tram": "3020",
        "Action": "a",
        "Msg Sent": "17/10/2019 05:39:53",
        "Msg Received": "17/10/2019 05:39:53",
        "Msg Processed": "17/10/2019 05:39:53",
        "XML ID": "380",
        "Total Lag": "0.5515789",
        "Create Lag": "0.3484543",
        "Process Lag": "0.2031246"
      },
      {
        "Direction": "Outbound",
        "Destination": "Bride's Glen",
        "Time": "00:18:28",
        "AVLS": "00:19:08",
        "Tram": "5029",
        "Action": "a",
        "Msg Sent": "17/10/2019 05:39:56",
        "Msg Received": "17/10/2019 05:39:56",
        "Msg Processed": "17/10/2019 05:39:56",
        "XML ID": "381",
        "Total Lag": "0.4109542",
        "Create Lag": "0.3328325",
        "Process Lag": "0.0781217"
      }
    ]
  },
  {
    "stopID": "50",
    "stopQueryTime": 1571287201016,
    "count": 2,
    "results": [
      {
        "Direction": "Inbound",
        "Destination": "Belgard",
        "Time": "00:06:45",
        "AVLS": "00:07:25",
        "Tram": "3026",
        "Action": "a",
        "Msg Sent": "17/10/2019 05:39:53",
        "Msg Received": "17/10/2019 05:39:53",
        "Msg Processed": "17/10/2019 05:39:53",
        "XML ID": "380",
        "Total Lag": "0.5828365",
        "Create Lag": "0.3484543",
        "Process Lag": "0.2343822"
      },
      {
        "Direction": "Outbound",
        "Destination": "Saggart",
        "Time": "00:12:24",
        "AVLS": "00:13:04",
        "Tram": "3009",
        "Action": "a",
        "Msg Sent": "17/10/2019 05:39:59",
        "Msg Received": "17/10/2019 05:39:59",
        "Msg Processed": "17/10/2019 05:39:59",
        "XML ID": "382",
        "Total Lag": "0.3640744",
        "Create Lag": "0.3328254",
        "Process Lag": "0.031249"
      }
    ]
  },
  {
    "stopID": "44",
    "stopQueryTime": 1571287201020,
    "count": 2,
    "results": [
      {
        "Direction": "Inbound",
        "Destination": "Broombridge",
        "Time": "00:15:27",
        "AVLS": "00:16:07",
        "Tram": "5006",
        "Action": "a",
        "Msg Sent": "17/10/2019 05:39:53",
        "Msg Received": "17/10/2019 05:39:53",
        "Msg Processed": "17/10/2019 05:39:53",
        "XML ID": "380",
        "Total Lag": "0.6609542",
        "Create Lag": "0.3640771",
        "Process Lag": "0.2968771"
      },
      {
        "Direction": "Outbound",
        "Destination": "Bride's Glen",
        "Time": "00:17:27",
        "AVLS": "00:18:07",
        "Tram": "5002",
        "Action": "a",
        "Msg Sent": "17/10/2019 05:39:53",
        "Msg Received": "17/10/2019 05:39:53",
        "Msg Processed": "17/10/2019 05:39:53",
        "XML ID": "380",
        "Total Lag": "0.4265805",
        "Create Lag": "0.3484543",
        "Process Lag": "0.0781262"
      }
    ]
  },
  {
    "stopID": "18",
    "stopQueryTime": 1571287201026,
    "count": 2,
    "results": [
      {
        "Direction": "Inbound",
        "Destination": "The Point",
        "Time": "00:16:17",
        "AVLS": "00:16:57",
        "Tram": "4003",
        "Action": "a",
        "Msg Sent": "17/10/2019 05:39:53",
        "Msg Received": "17/10/2019 05:39:53",
        "Msg Processed": "17/10/2019 05:39:53",
        "XML ID": "380",
        "Total Lag": "0.6297201",
        "Create Lag": "0.3484543",
        "Process Lag": "0.2812658"
      },
      {
        "Direction": "Outbound",
        "Destination": "Tallaght",
        "Time": "00:03:32",
        "AVLS": "00:04:12",
        "Tram": "3013",
        "Action": "a",
        "Msg Sent": "17/10/2019 05:39:53",
        "Msg Received": "17/10/2019 05:39:53",
        "Msg Processed": "17/10/2019 05:39:53",
        "XML ID": "380",
        "Total Lag": "0.4578405",
        "Create Lag": "0.3484543",
        "Process Lag": "0.1093862"
      }
    ]
  },
  {
    "stopID": "43",
    "stopQueryTime": 1571287201034,
    "count": 2,
    "results": [
      {
        "Direction": "Inbound",
        "Destination": "Broombridge",
        "Time": "00:16:31",
        "AVLS": "00:17:11",
        "Tram": "5006",
        "Action": "a",
        "Msg Sent": "17/10/2019 05:39:53",
        "Msg Received": "17/10/2019 05:39:53",
        "Msg Processed": "17/10/2019 05:39:53",
        "XML ID": "380",
        "Total Lag": "0.6609542",
        "Create Lag": "0.3640771",
        "Process Lag": "0.2968771"
      },
      {
        "Direction": "Outbound",
        "Destination": "Bride's Glen",
        "Time": "00:16:22",
        "AVLS": "00:17:02",
        "Tram": "5002",
        "Action": "a",
        "Msg Sent": "17/10/2019 05:39:53",
        "Msg Received": "17/10/2019 05:39:53",
        "Msg Processed": "17/10/2019 05:39:53",
        "XML ID": "380",
        "Total Lag": "0.4265805",
        "Create Lag": "0.3484543",
        "Process Lag": "0.0781262"
      }
    ]
  },
  {
    "stopID": "45",
    "stopQueryTime": 1571287201036,
    "count": 2,
    "results": [
      {
        "Direction": "Inbound",
        "Destination": "Broombridge",
        "Time": "00:13:58",
        "AVLS": "00:14:38",
        "Tram": "5006",
        "Action": "a",
        "Msg Sent": "17/10/2019 05:39:53",
        "Msg Received": "17/10/2019 05:39:53",
        "Msg Processed": "17/10/2019 05:39:53",
        "XML ID": "380",
        "Total Lag": "0.6609542",
        "Create Lag": "0.3640771",
        "Process Lag": "0.2968771"
      },
      {
        "Direction": "Outbound",
        "Destination": "Bride's Glen",
        "Time": "00:18:55",
        "AVLS": "00:19:35",
        "Tram": "5002",
        "Action": "a",
        "Msg Sent": "17/10/2019 05:39:53",
        "Msg Received": "17/10/2019 05:39:53",
        "Msg Processed": "17/10/2019 05:39:53",
        "XML ID": "380",
        "Total Lag": "0.4422141",
        "Create Lag": "0.3484543",
        "Process Lag": "0.0937598"
      }
    ]
  },
  {
    "stopID": "9",
    "stopQueryTime": 1571287201039,
    "count": 3,
    "results": [
      {
        "Direction": "Inbound",
        "Destination": "The Point",
        "Time": "00:02:32",
        "AVLS": "00:03:12",
        "Tram": "4003",
        "Action": "a",
        "Msg Sent": "17/10/2019 05:39:53",
        "Msg Received": "17/10/2019 05:39:53",
        "Msg Processed": "17/10/2019 05:39:53",
        "XML ID": "380",
        "Total Lag": "0.5984555",
        "Create Lag": "0.3484543",
        "Process Lag": "0.2500012"
      },
      {
        "Direction": "Inbound",
        "Destination": "The Point",
        "Time": "00:08:53",
        "AVLS": "00:09:33",
        "Tram": "3018",
        "Action": "a",
        "Msg Sent": "17/10/2019 05:39:53",
        "Msg Received": "17/10/2019 05:39:53",
        "Msg Processed": "17/10/2019 05:39:53",
        "XML ID": "380",
        "Total Lag": "0.5047043",
        "Create Lag": "0.3484543",
        "Process Lag": "0.15625"
      },
      {
        "Direction": "Outbound",
        "Destination": "Tallaght",
        "Time": "00:18:27",
        "AVLS": "00:19:07",
        "Tram": "3013",
        "Action": "a",
        "Msg Sent": "17/10/2019 05:39:53",
        "Msg Received": "17/10/2019 05:39:53",
        "Msg Processed": "17/10/2019 05:39:53",
        "XML ID": "380",
        "Total Lag": "0.48908",
        "Create Lag": "0.3484543",
        "Process Lag": "0.1406257"
      }
    ]
  },
  {
    "stopID": "34",
    "stopQueryTime": 1571287201041,
    "count": 2,
    "results": [
      {
        "Direction": "Inbound",
        "Destination": "Broombridge",
        "Time": "00:10:40",
        "AVLS": "00:11:20",
        "Tram": "5011",
        "Action": "a",
        "Msg Sent": "17/10/2019 05:39:56",
        "Msg Received": "17/10/2019 05:39:56",
        "Msg Processed": "17/10/2019 05:39:56",
        "XML ID": "381",
        "Total Lag": "0.3484543",
        "Create Lag": "0.3328325",
        "Process Lag": "0.0156218"
      },
      {
        "Direction": "Outbound",
        "Destination": "Bride's Glen",
        "Time": "00:05:47",
        "AVLS": "00:06:27",
        "Tram": "5021",
        "Action": "a",
        "Msg Sent": "17/10/2019 05:39:56",
        "Msg Received": "17/10/2019 05:39:56",
        "Msg Processed": "17/10/2019 05:39:56",
        "XML ID": "381",
        "Total Lag": "0.3797138",
        "Create Lag": "0.3328325",
        "Process Lag": "0.0468813"
      }
    ]
  },
  {
    "stopID": "47",
    "stopQueryTime": 1571287201043,
    "count": 2,
    "results": [
      {
        "Direction": "Inbound",
        "Destination": "Broombridge",
        "Time": "00:10:35",
        "AVLS": "00:11:15",
        "Tram": "5006",
        "Action": "a",
        "Msg Sent": "17/10/2019 05:39:53",
        "Msg Received": "17/10/2019 05:39:53",
        "Msg Processed": "17/10/2019 05:39:53",
        "XML ID": "380",
        "Total Lag": "0.6609542",
        "Create Lag": "0.3640771",
        "Process Lag": "0.2968771"
      },
      {
        "Direction": "Outbound",
        "Destination": "Bride's Glen",
        "Time": "00:02:26",
        "AVLS": "00:03:06",
        "Tram": "5006",
        "Action": "a",
        "Msg Sent": "17/10/2019 05:39:53",
        "Msg Received": "17/10/2019 05:39:53",
        "Msg Processed": "17/10/2019 05:39:53",
        "XML ID": "380",
        "Total Lag": "0.6453386",
        "Create Lag": "0.3640771",
        "Process Lag": "0.2812615"
      }
    ]
  },
  {
    "stopID": "17",
    "stopQueryTime": 1571287201045,
    "count": 2,
    "results": [
      {
        "Direction": "Inbound",
        "Destination": "The Point",
        "Time": "00:14:13",
        "AVLS": "00:14:53",
        "Tram": "4003",
        "Action": "a",
        "Msg Sent": "17/10/2019 05:39:53",
        "Msg Received": "17/10/2019 05:39:53",
        "Msg Processed": "17/10/2019 05:39:53",
        "XML ID": "380",
        "Total Lag": "0.6140889",
        "Create Lag": "0.3484543",
        "Process Lag": "0.2656346"
      },
      {
        "Direction": "Outbound",
        "Destination": "Tallaght",
        "Time": "00:05:31",
        "AVLS": "00:06:11",
        "Tram": "3013",
        "Action": "a",
        "Msg Sent": "17/10/2019 05:39:53",
        "Msg Received": "17/10/2019 05:39:53",
        "Msg Processed": "17/10/2019 05:39:53",
        "XML ID": "380",
        "Total Lag": "0.4734567",
        "Create Lag": "0.3484543",
        "Process Lag": "0.1250024"
      }
    ]
  },
  {
    "stopID": "53",
    "stopQueryTime": 1571287201046,
    "count": 2,
    "results": [
      {
        "Direction": "Inbound",
        "Destination": "Belgard",
        "Time": "00:01:27",
        "AVLS": "00:02:07",
        "Tram": "3026",
        "Action": "d",
        "Msg Sent": "17/10/2019 05:39:53",
        "Msg Received": "17/10/2019 05:39:53",
        "Msg Processed": "17/10/2019 05:39:53",
        "XML ID": "380",
        "Total Lag": "0.5828365",
        "Create Lag": "0.3484543",
        "Process Lag": "0.2343822"
      },
      {
        "Direction": "Terminating",
        "Destination": "Saggart",
        "Time": "00:17:20",
        "AVLS": "00:18:00",
        "Tram": "3009",
        "Action": "a",
        "Msg Sent": "17/10/2019 05:39:59",
        "Msg Received": "17/10/2019 05:39:59",
        "Msg Processed": "17/10/2019 05:39:59",
        "XML ID": "382",
        "Total Lag": "0.3797072",
        "Create Lag": "0.3328254",
        "Process Lag": "0.0468818"
      }
    ]
  },
  {
    "stopID": "51",
    "stopQueryTime": 1571287201051,
    "count": 2,
    "results": [
      {
        "Direction": "Inbound",
        "Destination": "Belgard",
        "Time": "00:04:58",
        "AVLS": "00:05:38",
        "Tram": "3026",
        "Action": "a",
        "Msg Sent": "17/10/2019 05:39:53",
        "Msg Received": "17/10/2019 05:39:53",
        "Msg Processed": "17/10/2019 05:39:53",
        "XML ID": "380",
        "Total Lag": "0.5828365",
        "Create Lag": "0.3484543",
        "Process Lag": "0.2343822"
      },
      {
        "Direction": "Outbound",
        "Destination": "Saggart",
        "Time": "00:14:04",
        "AVLS": "00:14:44",
        "Tram": "3009",
        "Action": "a",
        "Msg Sent": "17/10/2019 05:39:59",
        "Msg Received": "17/10/2019 05:39:59",
        "Msg Processed": "17/10/2019 05:39:59",
        "XML ID": "382",
        "Total Lag": "0.3640744",
        "Create Lag": "0.3328254",
        "Process Lag": "0.031249"
      }
    ]
  },
  {
    "stopID": "5",
    "stopQueryTime": 1571287201055,
    "count": 2,
    "results": [
      {
        "Direction": "Inbound",
        "Destination": "The Point",
        "Time": "00:17:20",
        "AVLS": "00:18:00",
        "Tram": "4004",
        "Action": "a",
        "Msg Sent": "17/10/2019 05:39:53",
        "Msg Received": "17/10/2019 05:39:53",
        "Msg Processed": "17/10/2019 05:39:53",
        "XML ID": "380",
        "Total Lag": "0.6453386",
        "Create Lag": "0.3484543",
        "Process Lag": "0.2968843"
      },
      {
        "Direction": "Outbound",
        "Destination": "Saggart",
        "Time": "00:05:20",
        "AVLS": "00:06:00",
        "Tram": "3009",
        "Action": "d",
        "Msg Sent": "17/10/2019 05:39:59",
        "Msg Received": "17/10/2019 05:39:59",
        "Msg Processed": "17/10/2019 05:39:59",
        "XML ID": "382",
        "Total Lag": "0.3640744",
        "Create Lag": "0.3328254",
        "Process Lag": "0.031249"
      }
    ]
  },
  {
    "stopID": "10",
    "stopQueryTime": 1571287201060,
    "count": 3,
    "results": [
      {
        "Direction": "Inbound",
        "Destination": "The Point",
        "Time": "00:03:42",
        "AVLS": "00:04:22",
        "Tram": "4003",
        "Action": "a",
        "Msg Sent": "17/10/2019 05:39:53",
        "Msg Received": "17/10/2019 05:39:53",
        "Msg Processed": "17/10/2019 05:39:53",
        "XML ID": "380",
        "Total Lag": "0.5984555",
        "Create Lag": "0.3484543",
        "Process Lag": "0.2500012"
      },
      {
        "Direction": "Inbound",
        "Destination": "The Point",
        "Time": "00:10:03",
        "AVLS": "00:10:43",
        "Tram": "3018",
        "Action": "a",
        "Msg Sent": "17/10/2019 05:39:53",
        "Msg Received": "17/10/2019 05:39:53",
        "Msg Processed": "17/10/2019 05:39:53",
        "XML ID": "380",
        "Total Lag": "0.5047043",
        "Create Lag": "0.3484543",
        "Process Lag": "0.15625"
      },
      {
        "Direction": "Outbound",
        "Destination": "Tallaght",
        "Time": "00:17:11",
        "AVLS": "00:17:51",
        "Tram": "3013",
        "Action": "a",
        "Msg Sent": "17/10/2019 05:39:53",
        "Msg Received": "17/10/2019 05:39:53",
        "Msg Processed": "17/10/2019 05:39:53",
        "XML ID": "380",
        "Total Lag": "0.48908",
        "Create Lag": "0.3484543",
        "Process Lag": "0.1406257"
      }
    ]
  },
  {
    "stopID": "52",
    "stopQueryTime": 1571287201061,
    "count": 2,
    "results": [
      {
        "Direction": "Inbound",
        "Destination": "Belgard",
        "Time": "00:03:42",
        "AVLS": "00:04:22",
        "Tram": "3026",
        "Action": "a",
        "Msg Sent": "17/10/2019 05:39:53",
        "Msg Received": "17/10/2019 05:39:53",
        "Msg Processed": "17/10/2019 05:39:53",
        "XML ID": "380",
        "Total Lag": "0.5828365",
        "Create Lag": "0.3484543",
        "Process Lag": "0.2343822"
      },
      {
        "Direction": "Outbound",
        "Destination": "Saggart",
        "Time": "00:15:16",
        "AVLS": "00:15:56",
        "Tram": "3009",
        "Action": "a",
        "Msg Sent": "17/10/2019 05:39:59",
        "Msg Received": "17/10/2019 05:39:59",
        "Msg Processed": "17/10/2019 05:39:59",
        "XML ID": "382",
        "Total Lag": "0.3797072",
        "Create Lag": "0.3328254",
        "Process Lag": "0.0468818"
      }
    ]
  },
  {
    "stopID": "42",
    "stopQueryTime": 1571287201063,
    "count": 3,
    "results": [
      {
        "Direction": "Inbound",
        "Destination": "Broombridge",
        "Time": "00:18:07",
        "AVLS": "00:18:47",
        "Tram": "5006",
        "Action": "a",
        "Msg Sent": "17/10/2019 05:39:53",
        "Msg Received": "17/10/2019 05:39:53",
        "Msg Processed": "17/10/2019 05:39:53",
        "XML ID": "380",
        "Total Lag": "0.6765816",
        "Create Lag": "0.3640771",
        "Process Lag": "0.3125045"
      },
      {
        "Direction": "Outbound",
        "Destination": "Bride's Glen",
        "Time": "00:14:49",
        "AVLS": "00:15:29",
        "Tram": "5002",
        "Action": "a",
        "Msg Sent": "17/10/2019 05:39:53",
        "Msg Received": "17/10/2019 05:39:53",
        "Msg Processed": "17/10/2019 05:39:53",
        "XML ID": "380",
        "Total Lag": "0.4265805",
        "Create Lag": "0.3484543",
        "Process Lag": "0.0781262"
      },
      {
        "Direction": "Outbound",
        "Destination": "Bride's Glen",
        "Time": "00:18:09",
        "AVLS": "00:18:49",
        "Tram": "5021",
        "Action": "a",
        "Msg Sent": "17/10/2019 05:39:56",
        "Msg Received": "17/10/2019 05:39:56",
        "Msg Processed": "17/10/2019 05:39:56",
        "XML ID": "381",
        "Total Lag": "0.3953306",
        "Create Lag": "0.3328325",
        "Process Lag": "0.0624981"
      }
    ]
  },
  {
    "stopID": "15",
    "stopQueryTime": 1571287201066,
    "count": 3,
    "results": [
      {
        "Direction": "Inbound",
        "Destination": "The Point",
        "Time": "00:09:37",
        "AVLS": "00:10:17",
        "Tram": "4003",
        "Action": "a",
        "Msg Sent": "17/10/2019 05:39:53",
        "Msg Received": "17/10/2019 05:39:53",
        "Msg Processed": "17/10/2019 05:39:53",
        "XML ID": "380",
        "Total Lag": "0.6140889",
        "Create Lag": "0.3484543",
        "Process Lag": "0.2656346"
      },
      {
        "Direction": "Inbound",
        "Destination": "The Point",
        "Time": "00:15:58",
        "AVLS": "00:16:38",
        "Tram": "3018",
        "Action": "a",
        "Msg Sent": "17/10/2019 05:39:53",
        "Msg Received": "17/10/2019 05:39:53",
        "Msg Processed": "17/10/2019 05:39:53",
        "XML ID": "380",
        "Total Lag": "0.5203305",
        "Create Lag": "0.3484543",
        "Process Lag": "0.1718762"
      },
      {
        "Direction": "Outbound",
        "Destination": "Tallaght",
        "Time": "00:10:30",
        "AVLS": "00:11:10",
        "Tram": "3013",
        "Action": "a",
        "Msg Sent": "17/10/2019 05:39:53",
        "Msg Received": "17/10/2019 05:39:53",
        "Msg Processed": "17/10/2019 05:39:53",
        "XML ID": "380",
        "Total Lag": "0.4734567",
        "Create Lag": "0.3484543",
        "Process Lag": "0.1250024"
      }
    ]
  },
  {
    "stopID": "35",
    "stopQueryTime": 1571287201068,
    "count": 2,
    "results": [
      {
        "Direction": "Inbound",
        "Destination": "Broombridge",
        "Time": "00:08:40",
        "AVLS": "00:09:20",
        "Tram": "5011",
        "Action": "a",
        "Msg Sent": "17/10/2019 05:39:56",
        "Msg Received": "17/10/2019 05:39:56",
        "Msg Processed": "17/10/2019 05:39:56",
        "XML ID": "381",
        "Total Lag": "0.3484543",
        "Create Lag": "0.3328325",
        "Process Lag": "0.0156218"
      },
      {
        "Direction": "Outbound",
        "Destination": "Bride's Glen",
        "Time": "00:07:26",
        "AVLS": "00:08:06",
        "Tram": "5021",
        "Action": "a",
        "Msg Sent": "17/10/2019 05:39:56",
        "Msg Received": "17/10/2019 05:39:56",
        "Msg Processed": "17/10/2019 05:39:56",
        "XML ID": "381",
        "Total Lag": "0.3797138",
        "Create Lag": "0.3328325",
        "Process Lag": "0.0468813"
      }
    ]
  },
  {
    "stopID": "13",
    "stopQueryTime": 1571287201069,
    "count": 3,
    "results": [
      {
        "Direction": "Inbound",
        "Destination": "The Point",
        "Time": "00:07:06",
        "AVLS": "00:07:46",
        "Tram": "4003",
        "Action": "a",
        "Msg Sent": "17/10/2019 05:39:53",
        "Msg Received": "17/10/2019 05:39:53",
        "Msg Processed": "17/10/2019 05:39:53",
        "XML ID": "380",
        "Total Lag": "0.6140889",
        "Create Lag": "0.3484543",
        "Process Lag": "0.2656346"
      },
      {
        "Direction": "Inbound",
        "Destination": "The Point",
        "Time": "00:13:27",
        "AVLS": "00:14:07",
        "Tram": "3018",
        "Action": "a",
        "Msg Sent": "17/10/2019 05:39:53",
        "Msg Received": "17/10/2019 05:39:53",
        "Msg Processed": "17/10/2019 05:39:53",
        "XML ID": "380",
        "Total Lag": "0.5203305",
        "Create Lag": "0.3484543",
        "Process Lag": "0.1718762"
      },
      {
        "Direction": "Outbound",
        "Destination": "Tallaght",
        "Time": "00:13:29",
        "AVLS": "00:14:09",
        "Tram": "3013",
        "Action": "a",
        "Msg Sent": "17/10/2019 05:39:53",
        "Msg Received": "17/10/2019 05:39:53",
        "Msg Processed": "17/10/2019 05:39:53",
        "XML ID": "380",
        "Total Lag": "0.4734567",
        "Create Lag": "0.3484543",
        "Process Lag": "0.1250024"
      }
    ]
  },
  {
    "stopID": "26",
    "stopQueryTime": 1571287201073,
    "count": 2,
    "results": [
      {
        "Direction": "Inbound",
        "Destination": "Broombridge",
        "Time": "00:07:13",
        "AVLS": "00:07:53",
        "Tram": "3020",
        "Action": "a",
        "Msg Sent": "17/10/2019 05:39:53",
        "Msg Received": "17/10/2019 05:39:53",
        "Msg Processed": "17/10/2019 05:39:53",
        "XML ID": "380",
        "Total Lag": "0.5515789",
        "Create Lag": "0.3484543",
        "Process Lag": "0.2031246"
      },
      {
        "Direction": "Outbound",
        "Destination": "Bride's Glen",
        "Time": "00:17:00",
        "AVLS": "00:17:40",
        "Tram": "5029",
        "Action": "a",
        "Msg Sent": "17/10/2019 05:39:56",
        "Msg Received": "17/10/2019 05:39:56",
        "Msg Processed": "17/10/2019 05:39:56",
        "XML ID": "381",
        "Total Lag": "0.4109542",
        "Create Lag": "0.3328325",
        "Process Lag": "0.0781217"
      }
    ]
  },
  {
    "stopID": "38",
    "stopQueryTime": 1571287201079,
    "count": 3,
    "results": [
      {
        "Direction": "Inbound",
        "Destination": "Broombridge",
        "Time": "00:03:11",
        "AVLS": "00:03:51",
        "Tram": "5011",
        "Action": "a",
        "Msg Sent": "17/10/2019 05:39:56",
        "Msg Received": "17/10/2019 05:39:56",
        "Msg Processed": "17/10/2019 05:39:56",
        "XML ID": "381",
        "Total Lag": "0.3328325",
        "Create Lag": "0.3328325",
        "Process Lag": "0"
      },
      {
        "Direction": "Outbound",
        "Destination": "Bride's Glen",
        "Time": "00:09:28",
        "AVLS": "00:10:08",
        "Tram": "5002",
        "Action": "a",
        "Msg Sent": "17/10/2019 05:39:53",
        "Msg Received": "17/10/2019 05:39:53",
        "Msg Processed": "17/10/2019 05:39:53",
        "XML ID": "380",
        "Total Lag": "0.4109612",
        "Create Lag": "0.3484543",
        "Process Lag": "0.0625069"
      },
      {
        "Direction": "Outbound",
        "Destination": "Bride's Glen",
        "Time": "00:12:48",
        "AVLS": "00:13:28",
        "Tram": "5021",
        "Action": "a",
        "Msg Sent": "17/10/2019 05:39:56",
        "Msg Received": "17/10/2019 05:39:56",
        "Msg Processed": "17/10/2019 05:39:56",
        "XML ID": "381",
        "Total Lag": "0.3797138",
        "Create Lag": "0.3328325",
        "Process Lag": "0.0468813"
      }
    ]
  },
  {
    "stopID": "11",
    "stopQueryTime": 1571287201081,
    "count": 3,
    "results": [
      {
        "Direction": "Inbound",
        "Destination": "The Point",
        "Time": "00:04:34",
        "AVLS": "00:05:14",
        "Tram": "4003",
        "Action": "a",
        "Msg Sent": "17/10/2019 05:39:53",
        "Msg Received": "17/10/2019 05:39:53",
        "Msg Processed": "17/10/2019 05:39:53",
        "XML ID": "380",
        "Total Lag": "0.5984555",
        "Create Lag": "0.3484543",
        "Process Lag": "0.2500012"
      },
      {
        "Direction": "Inbound",
        "Destination": "The Point",
        "Time": "00:10:55",
        "AVLS": "00:11:35",
        "Tram": "3018",
        "Action": "a",
        "Msg Sent": "17/10/2019 05:39:53",
        "Msg Received": "17/10/2019 05:39:53",
        "Msg Processed": "17/10/2019 05:39:53",
        "XML ID": "380",
        "Total Lag": "0.5047043",
        "Create Lag": "0.3484543",
        "Process Lag": "0.15625"
      },
      {
        "Direction": "Outbound",
        "Destination": "Tallaght",
        "Time": "00:16:15",
        "AVLS": "00:16:55",
        "Tram": "3013",
        "Action": "a",
        "Msg Sent": "17/10/2019 05:39:53",
        "Msg Received": "17/10/2019 05:39:53",
        "Msg Processed": "17/10/2019 05:39:53",
        "XML ID": "380",
        "Total Lag": "0.48908",
        "Create Lag": "0.3484543",
        "Process Lag": "0.1406257"
      }
    ]
  },
  {
    "stopID": "39",
    "stopQueryTime": 1571287201089,
    "count": 3,
    "results": [
      {
        "Direction": "Inbound",
        "Destination": "Broombridge",
        "Time": "00:01:26",
        "AVLS": "00:02:06",
        "Tram": "5011",
        "Action": "a",
        "Msg Sent": "17/10/2019 05:39:56",
        "Msg Received": "17/10/2019 05:39:56",
        "Msg Processed": "17/10/2019 05:39:56",
        "XML ID": "381",
        "Total Lag": "0.3328325",
        "Create Lag": "0.3328325",
        "Process Lag": "0"
      },
      {
        "Direction": "Outbound",
        "Destination": "Bride's Glen",
        "Time": "00:11:13",
        "AVLS": "00:11:53",
        "Tram": "5002",
        "Action": "a",
        "Msg Sent": "17/10/2019 05:39:53",
        "Msg Received": "17/10/2019 05:39:53",
        "Msg Processed": "17/10/2019 05:39:53",
        "XML ID": "380",
        "Total Lag": "0.4265805",
        "Create Lag": "0.3484543",
        "Process Lag": "0.0781262"
      },
      {
        "Direction": "Outbound",
        "Destination": "Bride's Glen",
        "Time": "00:14:33",
        "AVLS": "00:15:13",
        "Tram": "5021",
        "Action": "a",
        "Msg Sent": "17/10/2019 05:39:56",
        "Msg Received": "17/10/2019 05:39:56",
        "Msg Processed": "17/10/2019 05:39:56",
        "XML ID": "381",
        "Total Lag": "0.3953306",
        "Create Lag": "0.3328325",
        "Process Lag": "0.0624981"
      }
    ]
  },
  {
    "stopID": "40",
    "stopQueryTime": 1571287201097,
    "count": 3,
    "results": [
      {
        "Direction": "Inbound",
        "Destination": "Broombridge",
        "Time": "00:00:00",
        "AVLS": "00:00:36",
        "Tram": "5011",
        "Action": "a",
        "Msg Sent": "17/10/2019 05:39:53",
        "Msg Received": "17/10/2019 05:39:53",
        "Msg Processed": "17/10/2019 05:39:53",
        "XML ID": "380",
        "Total Lag": "0.6765816",
        "Create Lag": "0.3640771",
        "Process Lag": "0.3125045"
      },
      {
        "Direction": "Outbound",
        "Destination": "Bride's Glen",
        "Time": "00:12:41",
        "AVLS": "00:13:21",
        "Tram": "5002",
        "Action": "a",
        "Msg Sent": "17/10/2019 05:39:53",
        "Msg Received": "17/10/2019 05:39:53",
        "Msg Processed": "17/10/2019 05:39:53",
        "XML ID": "380",
        "Total Lag": "0.4265805",
        "Create Lag": "0.3484543",
        "Process Lag": "0.0781262"
      },
      {
        "Direction": "Outbound",
        "Destination": "Bride's Glen",
        "Time": "00:16:01",
        "AVLS": "00:16:41",
        "Tram": "5021",
        "Action": "a",
        "Msg Sent": "17/10/2019 05:39:56",
        "Msg Received": "17/10/2019 05:39:56",
        "Msg Processed": "17/10/2019 05:39:56",
        "XML ID": "381",
        "Total Lag": "0.3953306",
        "Create Lag": "0.3328325",
        "Process Lag": "0.0624981"
      }
    ]
  },
  {
    "stopID": "37",
    "stopQueryTime": 1571287201101,
    "count": 3,
    "results": [
      {
        "Direction": "Inbound",
        "Destination": "Broombridge",
        "Time": "00:04:41",
        "AVLS": "00:05:21",
        "Tram": "5011",
        "Action": "a",
        "Msg Sent": "17/10/2019 05:39:56",
        "Msg Received": "17/10/2019 05:39:56",
        "Msg Processed": "17/10/2019 05:39:56",
        "XML ID": "381",
        "Total Lag": "0.3328325",
        "Create Lag": "0.3328325",
        "Process Lag": "0"
      },
      {
        "Direction": "Outbound",
        "Destination": "Bride's Glen",
        "Time": "00:08:00",
        "AVLS": "00:08:40",
        "Tram": "5002",
        "Action": "a",
        "Msg Sent": "17/10/2019 05:39:53",
        "Msg Received": "17/10/2019 05:39:53",
        "Msg Processed": "17/10/2019 05:39:53",
        "XML ID": "380",
        "Total Lag": "0.4109612",
        "Create Lag": "0.3484543",
        "Process Lag": "0.0625069"
      },
      {
        "Direction": "Outbound",
        "Destination": "Bride's Glen",
        "Time": "00:11:20",
        "AVLS": "00:12:00",
        "Tram": "5021",
        "Action": "a",
        "Msg Sent": "17/10/2019 05:39:56",
        "Msg Received": "17/10/2019 05:39:56",
        "Msg Processed": "17/10/2019 05:39:56",
        "XML ID": "381",
        "Total Lag": "0.3797138",
        "Create Lag": "0.3328325",
        "Process Lag": "0.0468813"
      }
    ]
  },
  {
    "stopID": "30",
    "stopQueryTime": 1571287201102,
    "count": 3,
    "results": [
      {
        "Direction": "Inbound",
        "Destination": "Broombridge",
        "Time": "00:01:07",
        "AVLS": "00:01:47",
        "Tram": "3020",
        "Action": "a",
        "Msg Sent": "17/10/2019 05:39:53",
        "Msg Received": "17/10/2019 05:39:53",
        "Msg Processed": "17/10/2019 05:39:53",
        "XML ID": "380",
        "Total Lag": "0.5359542",
        "Create Lag": "0.3484543",
        "Process Lag": "0.1874999"
      },
      {
        "Direction": "Inbound",
        "Destination": "Broombridge",
        "Time": "00:17:51",
        "AVLS": "00:18:31",
        "Tram": "5011",
        "Action": "a",
        "Msg Sent": "17/10/2019 05:39:56",
        "Msg Received": "17/10/2019 05:39:56",
        "Msg Processed": "17/10/2019 05:39:56",
        "XML ID": "381",
        "Total Lag": "0.3640793",
        "Create Lag": "0.3328325",
        "Process Lag": "0.0312468"
      },
      {
        "Direction": "Outbound",
        "Destination": "Bride's Glen",
        "Time": "00:00:00",
        "AVLS": "00:00:00",
        "Tram": "5021",
        "Action": "a",
        "Msg Sent": "17/10/2019 05:39:36",
        "Msg Received": "17/10/2019 05:39:36",
        "Msg Processed": "17/10/2019 05:39:36",
        "XML ID": "375",
        "Total Lag": "0.3640872",
        "Create Lag": "0.2859786",
        "Process Lag": "0.0781086"
      }
    ]
  },
  {
    "stopID": "14",
    "stopQueryTime": 1571287201104,
    "count": 3,
    "results": [
      {
        "Direction": "Inbound",
        "Destination": "The Point",
        "Time": "00:07:59",
        "AVLS": "00:08:39",
        "Tram": "4003",
        "Action": "a",
        "Msg Sent": "17/10/2019 05:39:53",
        "Msg Received": "17/10/2019 05:39:53",
        "Msg Processed": "17/10/2019 05:39:53",
        "XML ID": "380",
        "Total Lag": "0.6140889",
        "Create Lag": "0.3484543",
        "Process Lag": "0.2656346"
      },
      {
        "Direction": "Inbound",
        "Destination": "The Point",
        "Time": "00:14:20",
        "AVLS": "00:15:00",
        "Tram": "3018",
        "Action": "a",
        "Msg Sent": "17/10/2019 05:39:53",
        "Msg Received": "17/10/2019 05:39:53",
        "Msg Processed": "17/10/2019 05:39:53",
        "XML ID": "380",
        "Total Lag": "0.5203305",
        "Create Lag": "0.3484543",
        "Process Lag": "0.1718762"
      },
      {
        "Direction": "Outbound",
        "Destination": "Tallaght",
        "Time": "00:12:29",
        "AVLS": "00:13:09",
        "Tram": "3013",
        "Action": "a",
        "Msg Sent": "17/10/2019 05:39:53",
        "Msg Received": "17/10/2019 05:39:53",
        "Msg Processed": "17/10/2019 05:39:53",
        "XML ID": "380",
        "Total Lag": "0.4734567",
        "Create Lag": "0.3484543",
        "Process Lag": "0.1250024"
      }
    ]
  },
  {
    "stopID": "36",
    "stopQueryTime": 1571287201107,
    "count": 3,
    "results": [
      {
        "Direction": "Inbound",
        "Destination": "Broombridge",
        "Time": "00:07:05",
        "AVLS": "00:07:45",
        "Tram": "5011",
        "Action": "a",
        "Msg Sent": "17/10/2019 05:39:56",
        "Msg Received": "17/10/2019 05:39:56",
        "Msg Processed": "17/10/2019 05:39:56",
        "XML ID": "381",
        "Total Lag": "0.3484543",
        "Create Lag": "0.3328325",
        "Process Lag": "0.0156218"
      },
      {
        "Direction": "Outbound",
        "Destination": "Bride's Glen",
        "Time": "00:05:27",
        "AVLS": "00:06:07",
        "Tram": "5002",
        "Action": "d",
        "Msg Sent": "17/10/2019 05:39:53",
        "Msg Received": "17/10/2019 05:39:53",
        "Msg Processed": "17/10/2019 05:39:53",
        "XML ID": "380",
        "Total Lag": "0.4109612",
        "Create Lag": "0.3484543",
        "Process Lag": "0.0625069"
      },
      {
        "Direction": "Outbound",
        "Destination": "Bride's Glen",
        "Time": "00:08:47",
        "AVLS": "00:09:27",
        "Tram": "5021",
        "Action": "a",
        "Msg Sent": "17/10/2019 05:39:56",
        "Msg Received": "17/10/2019 05:39:56",
        "Msg Processed": "17/10/2019 05:39:56",
        "XML ID": "381",
        "Total Lag": "0.3797138",
        "Create Lag": "0.3328325",
        "Process Lag": "0.0468813"
      }
    ]
  },
  {
    "stopID": "16",
    "stopQueryTime": 1571287201109,
    "count": 3,
    "results": [
      {
        "Direction": "Inbound",
        "Destination": "The Point",
        "Time": "00:12:02",
        "AVLS": "00:12:42",
        "Tram": "4003",
        "Action": "a",
        "Msg Sent": "17/10/2019 05:39:53",
        "Msg Received": "17/10/2019 05:39:53",
        "Msg Processed": "17/10/2019 05:39:53",
        "XML ID": "380",
        "Total Lag": "0.6140889",
        "Create Lag": "0.3484543",
        "Process Lag": "0.2656346"
      },
      {
        "Direction": "Inbound",
        "Destination": "The Point",
        "Time": "00:18:23",
        "AVLS": "00:19:03",
        "Tram": "3018",
        "Action": "a",
        "Msg Sent": "17/10/2019 05:39:53",
        "Msg Received": "17/10/2019 05:39:53",
        "Msg Processed": "17/10/2019 05:39:53",
        "XML ID": "380",
        "Total Lag": "0.5203305",
        "Create Lag": "0.3484543",
        "Process Lag": "0.1718762"
      },
      {
        "Direction": "Outbound",
        "Destination": "Tallaght",
        "Time": "00:07:19",
        "AVLS": "00:07:59",
        "Tram": "3013",
        "Action": "a",
        "Msg Sent": "17/10/2019 05:39:53",
        "Msg Received": "17/10/2019 05:39:53",
        "Msg Processed": "17/10/2019 05:39:53",
        "XML ID": "380",
        "Total Lag": "0.4734567",
        "Create Lag": "0.3484543",
        "Process Lag": "0.1250024"
      }
    ]
  },
  {
    "stopID": "31",
    "stopQueryTime": 1571287201111,
    "count": 3,
    "results": [
      {
        "Direction": "Inbound",
        "Destination": "Broombridge",
        "Time": "00:00:00",
        "AVLS": "00:00:00",
        "Tram": "3020",
        "Action": "a",
        "Msg Sent": "17/10/2019 05:39:53",
        "Msg Received": "17/10/2019 05:39:53",
        "Msg Processed": "17/10/2019 05:39:53",
        "XML ID": "380",
        "Total Lag": "0.3640771",
        "Create Lag": "0.3484543",
        "Process Lag": "0.0156228"
      },
      {
        "Direction": "Inbound",
        "Destination": "Broombridge",
        "Time": "00:16:04",
        "AVLS": "00:16:44",
        "Tram": "5011",
        "Action": "a",
        "Msg Sent": "17/10/2019 05:39:56",
        "Msg Received": "17/10/2019 05:39:56",
        "Msg Processed": "17/10/2019 05:39:56",
        "XML ID": "381",
        "Total Lag": "0.3640793",
        "Create Lag": "0.3328325",
        "Process Lag": "0.0312468"
      },
      {
        "Direction": "Outbound",
        "Destination": "Bride's Glen",
        "Time": "00:00:49",
        "AVLS": "00:01:29",
        "Tram": "5021",
        "Action": "a",
        "Msg Sent": "17/10/2019 05:39:56",
        "Msg Received": "17/10/2019 05:39:56",
        "Msg Processed": "17/10/2019 05:39:56",
        "XML ID": "381",
        "Total Lag": "0.3640793",
        "Create Lag": "0.3328325",
        "Process Lag": "0.0312468"
      }
    ]
  }
]