[
  {
    "stopID": "2",
    "stopQueryTime": 1571287620756,
    "count": 1,
    "results": [
      {
        "Direction": "Inbound",
        "Destination": "The Point",
        "Time": "00:03:41",
        "AVLS": "00:04:21",
        "Tram": "4004",
        "Action": "a",
        "Msg Sent": "17/10/2019 05:46:53",
        "Msg Received": "17/10/2019 05:46:53",
        "Msg Processed": "17/10/2019 05:46:54",
        "XML ID": "508",
        "Total Lag": "1.0540569",
        "Create Lag": "0.8040569",
        "Process Lag": "0.25"
      }
    ]
  },
  {
    "stopID": "6",
    "stopQueryTime": 1571287620759,
    "count": 1,
    "results": [
      {
        "Direction": "Inbound",
        "Destination": "The Point",
        "Time": "00:13:27",
        "AVLS": "00:14:07",
        "Tram": "4004",
        "Action": "a",
        "Msg Sent": "17/10/2019 05:46:53",
        "Msg Received": "17/10/2019 05:46:53",
        "Msg Processed": "17/10/2019 05:46:54",
        "XML ID": "508",
        "Total Lag": "1.0696726",
        "Create Lag": "0.8040569",
        "Process Lag": "0.2656157"
      }
    ]
  },
  {
    "stopID": "3",
    "stopQueryTime": 1571287620780,
    "count": 1,
    "results": [
      {
        "Direction": "Inbound",
        "Destination": "The Point",
        "Time": "00:05:22",
        "AVLS": "00:06:02",
        "Tram": "4004",
        "Action": "a",
        "Msg Sent": "17/10/2019 05:46:53",
        "Msg Received": "17/10/2019 05:46:53",
        "Msg Processed": "17/10/2019 05:46:54",
        "XML ID": "508",
        "Total Lag": "1.0696726",
        "Create Lag": "0.8040569",
        "Process Lag": "0.2656157"
      }
    ]
  },
  {
    "stopID": "11",
    "stopQueryTime": 1571287620784,
    "count": 2,
    "results": [
      {
        "Direction": "Inbound",
        "Destination": "The Point",
        "Time": "00:04:50",
        "AVLS": "00:05:30",
        "Tram": "3018",
        "Action": "a",
        "Msg Sent": "17/10/2019 05:46:53",
        "Msg Received": "17/10/2019 05:46:53",
        "Msg Processed": "17/10/2019 05:46:53",
        "XML ID": "508",
        "Total Lag": "0.8978158",
        "Create Lag": "0.8040569",
        "Process Lag": "0.0937589"
      },
      {
        "Direction": "Outbound",
        "Destination": "Tallaght",
        "Time": "00:09:33",
        "AVLS": "00:10:13",
        "Tram": "3013",
        "Action": "a",
        "Msg Sent": "17/10/2019 05:46:53",
        "Msg Received": "17/10/2019 05:46:53",
        "Msg Processed": "17/10/2019 05:46:53",
        "XML ID": "508",
        "Total Lag": "0.8665498",
        "Create Lag": "0.8040569",
        "Process Lag": "0.0624929"
      }
    ]
  },
  {
    "stopID": "9",
    "stopQueryTime": 1571287620806,
    "count": 2,
    "results": [
      {
        "Direction": "Inbound",
        "Destination": "The Point",
        "Time": "00:02:48",
        "AVLS": "00:03:28",
        "Tram": "3018",
        "Action": "a",
        "Msg Sent": "17/10/2019 05:46:53",
        "Msg Received": "17/10/2019 05:46:53",
        "Msg Processed": "17/10/2019 05:46:53",
        "XML ID": "508",
        "Total Lag": "0.8978158",
        "Create Lag": "0.8040569",
        "Process Lag": "0.0937589"
      },
      {
        "Direction": "Outbound",
        "Destination": "Tallaght",
        "Time": "00:11:45",
        "AVLS": "00:12:25",
        "Tram": "3013",
        "Action": "a",
        "Msg Sent": "17/10/2019 05:46:53",
        "Msg Received": "17/10/2019 05:46:53",
        "Msg Processed": "17/10/2019 05:46:53",
        "XML ID": "508",
        "Total Lag": "0.8821847",
        "Create Lag": "0.8040569",
        "Process Lag": "0.0781278"
      }
    ]
  },
  {
    "stopID": "34",
    "stopQueryTime": 1571287620829,
    "count": 2,
    "results": [
      {
        "Direction": "Inbound",
        "Destination": "Broombridge",
        "Time": "00:03:33",
        "AVLS": "00:04:13",
        "Tram": "5011",
        "Action": "a",
        "Msg Sent": "17/10/2019 05:46:53",
        "Msg Received": "17/10/2019 05:46:53",
        "Msg Processed": "17/10/2019 05:46:54",
        "XML ID": "508",
        "Total Lag": "1.1478106",
        "Create Lag": "0.8040569",
        "Process Lag": "0.3437537"
      },
      {
        "Direction": "Inbound",
        "Destination": "Parnell",
        "Time": "00:16:02",
        "AVLS": "00:16:42",
        "Tram": "5003",
        "Action": "a",
        "Msg Sent": "17/10/2019 05:46:53",
        "Msg Received": "17/10/2019 05:46:53",
        "Msg Processed": "17/10/2019 05:46:53",
        "XML ID": "508",
        "Total Lag": "0.8040569",
        "Create Lag": "0.8040569",
        "Process Lag": "0"
      }
    ]
  },
  {
    "stopID": "22",
    "stopQueryTime": 1571287620832,
    "count": 2,
    "results": [
      {
        "Direction": "Inbound",
        "Destination": "The Point",
        "Time": "00:17:59",
        "AVLS": "00:18:39",
        "Tram": "4003",
        "Action": "a",
        "Msg Sent": "17/10/2019 05:46:53",
        "Msg Received": "17/10/2019 05:46:53",
        "Msg Processed": "17/10/2019 05:46:54",
        "XML ID": "508",
        "Total Lag": "1.0540569",
        "Create Lag": "0.8040569",
        "Process Lag": "0.25"
      },
      {
        "Direction": "Outbound",
        "Destination": "Tallaght",
        "Time": "00:08:59",
        "AVLS": "00:09:39",
        "Tram": "3019",
        "Action": "a",
        "Msg Sent": "17/10/2019 05:46:53",
        "Msg Received": "17/10/2019 05:46:53",
        "Msg Processed": "17/10/2019 05:46:53",
        "XML ID": "508",
        "Total Lag": "0.944675",
        "Create Lag": "0.8040569",
        "Process Lag": "0.1406181"
      }
    ]
  },
  {
    "stopID": "5",
    "stopQueryTime": 1571287620836,
    "count": 1,
    "results": [
      {
        "Direction": "Inbound",
        "Destination": "The Point",
        "Time": "00:10:20",
        "AVLS": "00:11:00",
        "Tram": "4004",
        "Action": "a",
        "Msg Sent": "17/10/2019 05:46:53",
        "Msg Received": "17/10/2019 05:46:53",
        "Msg Processed": "17/10/2019 05:46:54",
        "XML ID": "508",
        "Total Lag": "1.0696726",
        "Create Lag": "0.8040569",
        "Process Lag": "0.2656157"
      }
    ]
  },
  {
    "stopID": "15",
    "stopQueryTime": 1571287620840,
    "count": 3,
    "results": [
      {
        "Direction": "Inbound",
        "Destination": "The Point",
        "Time": "00:02:30",
        "AVLS": "00:03:10",
        "Tram": "4003",
        "Action": "a",
        "Msg Sent": "17/10/2019 05:46:53",
        "Msg Received": "17/10/2019 05:46:53",
        "Msg Processed": "17/10/2019 05:46:54",
        "XML ID": "508",
        "Total Lag": "1.0228004",
        "Create Lag": "0.8040569",
        "Process Lag": "0.2187435"
      },
      {
        "Direction": "Inbound",
        "Destination": "The Point",
        "Time": "00:09:53",
        "AVLS": "00:10:33",
        "Tram": "3018",
        "Action": "a",
        "Msg Sent": "17/10/2019 05:46:53",
        "Msg Received": "17/10/2019 05:46:53",
        "Msg Processed": "17/10/2019 05:46:53",
        "XML ID": "508",
        "Total Lag": "0.9134257",
        "Create Lag": "0.8040569",
        "Process Lag": "0.1093688"
      },
      {
        "Direction": "Outbound",
        "Destination": "Tallaght",
        "Time": "00:03:48",
        "AVLS": "00:04:28",
        "Tram": "3013",
        "Action": "a",
        "Msg Sent": "17/10/2019 05:46:53",
        "Msg Received": "17/10/2019 05:46:53",
        "Msg Processed": "17/10/2019 05:46:53",
        "XML ID": "508",
        "Total Lag": "0.8509428",
        "Create Lag": "0.8040569",
        "Process Lag": "0.0468859"
      }
    ]
  },
  {
    "stopID": "23",
    "stopQueryTime": 1571287620843,
    "count": 0,
    "results": []
  },
  {
    "stopID": "1",
    "stopQueryTime": 1571287620845,
    "count": 1,
    "results": [
      {
        "Direction": "Inbound",
        "Destination": "The Point",
        "Time": "00:02:27",
        "AVLS": "00:03:07",
        "Tram": "4004",
        "Action": "d",
        "Msg Sent": "17/10/2019 05:46:53",
        "Msg Received": "17/10/2019 05:46:53",
        "Msg Processed": "17/10/2019 05:46:54",
        "XML ID": "508",
        "Total Lag": "1.0540569",
        "Create Lag": "0.8040569",
        "Process Lag": "0.25"
      }
    ]
  },
  {
    "stopID": "57",
    "stopQueryTime": 1571287620854,
    "count": 1,
    "results": [
      {
        "Direction": "Outbound",
        "Destination": "Tallaght",
        "Time": "00:02:57",
        "AVLS": "00:03:37",
        "Tram": "3019",
        "Action": "d",
        "Msg Sent": "17/10/2019 05:46:53",
        "Msg Received": "17/10/2019 05:46:53",
        "Msg Processed": "17/10/2019 05:46:53",
        "XML ID": "508",
        "Total Lag": "0.9290577",
        "Create Lag": "0.8040569",
        "Process Lag": "0.1250008"
      }
    ]
  },
  {
    "stopID": "16",
    "stopQueryTime": 1571287620861,
    "count": 3,
    "results": [
      {
        "Direction": "Inbound",
        "Destination": "The Point",
        "Time": "00:04:55",
        "AVLS": "00:05:35",
        "Tram": "4003",
        "Action": "a",
        "Msg Sent": "17/10/2019 05:46:53",
        "Msg Received": "17/10/2019 05:46:53",
        "Msg Processed": "17/10/2019 05:46:54",
        "XML ID": "508",
        "Total Lag": "1.0228004",
        "Create Lag": "0.8040569",
        "Process Lag": "0.2187435"
      },
      {
        "Direction": "Inbound",
        "Destination": "The Point",
        "Time": "00:12:18",
        "AVLS": "00:12:58",
        "Tram": "3018",
        "Action": "a",
        "Msg Sent": "17/10/2019 05:46:53",
        "Msg Received": "17/10/2019 05:46:53",
        "Msg Processed": "17/10/2019 05:46:53",
        "XML ID": "508",
        "Total Lag": "0.9290577",
        "Create Lag": "0.8040569",
        "Process Lag": "0.1250008"
      },
      {
        "Direction": "Outbound",
        "Destination": "Tallaght",
        "Time": "00:00:37",
        "AVLS": "00:01:17",
        "Tram": "3013",
        "Action": "a",
        "Msg Sent": "17/10/2019 05:46:53",
        "Msg Received": "17/10/2019 05:46:53",
        "Msg Processed": "17/10/2019 05:46:53",
        "XML ID": "508",
        "Total Lag": "0.8509428",
        "Create Lag": "0.8040569",
        "Process Lag": "0.0468859"
      }
    ]
  },
  {
    "stopID": "56",
    "stopQueryTime": 1571287620864,
    "count": 1,
    "results": [
      {
        "Direction": "Outbound",
        "Destination": "Tallaght",
        "Time": "00:03:36",
        "AVLS": "00:04:16",
        "Tram": "3019",
        "Action": "a",
        "Msg Sent": "17/10/2019 05:46:53",
        "Msg Received": "17/10/2019 05:46:53",
        "Msg Processed": "17/10/2019 05:46:53",
        "XML ID": "508",
        "Total Lag": "0.944675",
        "Create Lag": "0.8040569",
        "Process Lag": "0.1406181"
      }
    ]
  },
  {
    "stopID": "30",
    "stopQueryTime": 1571287620866,
    "count": 2,
    "results": [
      {
        "Direction": "Inbound",
        "Destination": "Broombridge",
        "Time": "00:10:44",
        "AVLS": "00:11:24",
        "Tram": "5011",
        "Action": "a",
        "Msg Sent": "17/10/2019 05:46:56",
        "Msg Received": "17/10/2019 05:46:56",
        "Msg Processed": "17/10/2019 05:46:56",
        "XML ID": "509",
        "Total Lag": "0.2728067",
        "Create Lag": "0.257181",
        "Process Lag": "0.0156257"
      },
      {
        "Direction": "Outbound",
        "Destination": "Bride's Glen",
        "Time": "00:16:10",
        "AVLS": "00:16:50",
        "Tram": "5029",
        "Action": "a",
        "Msg Sent": "17/10/2019 05:46:56",
        "Msg Received": "17/10/2019 05:46:56",
        "Msg Processed": "17/10/2019 05:46:56",
        "XML ID": "509",
        "Total Lag": "0.4134308",
        "Create Lag": "0.257181",
        "Process Lag": "0.1562498"
      }
    ]
  },
  {
    "stopID": "54",
    "stopQueryTime": 1571287620868,
    "count": 1,
    "results": [
      {
        "Direction": "Outbound",
        "Destination": "Tallaght",
        "Time": "00:07:03",
        "AVLS": "00:07:43",
        "Tram": "3019",
        "Action": "a",
        "Msg Sent": "17/10/2019 05:46:53",
        "Msg Received": "17/10/2019 05:46:53",
        "Msg Processed": "17/10/2019 05:46:53",
        "XML ID": "508",
        "Total Lag": "0.944675",
        "Create Lag": "0.8040569",
        "Process Lag": "0.1406181"
      }
    ]
  },
  {
    "stopID": "32",
    "stopQueryTime": 1571287620871,
    "count": 1,
    "results": [
      {
        "Direction": "Inbound",
        "Destination": "Broombridge",
        "Time": "00:06:58",
        "AVLS": "00:07:38",
        "Tram": "5011",
        "Action": "a",
        "Msg Sent": "17/10/2019 05:46:56",
        "Msg Received": "17/10/2019 05:46:56",
        "Msg Processed": "17/10/2019 05:46:56",
        "XML ID": "509",
        "Total Lag": "0.257181",
        "Create Lag": "0.257181",
        "Process Lag": "0"
      }
    ]
  },
  {
    "stopID": "24",
    "stopQueryTime": 1571287620876,
    "count": 2,
    "results": [
      {
        "Direction": "Inbound",
        "Destination": "Broombridge",
        "Time": "00:07:07",
        "AVLS": "00:07:47",
        "Tram": "3020",
        "Action": "a",
        "Msg Sent": "17/10/2019 05:46:53",
        "Msg Received": "17/10/2019 05:46:53",
        "Msg Processed": "17/10/2019 05:46:53",
        "XML ID": "508",
        "Total Lag": "0.9759248",
        "Create Lag": "0.8040569",
        "Process Lag": "0.1718679"
      },
      {
        "Direction": "Outbound",
        "Destination": "Bride's Glen",
        "Time": "00:04:56",
        "AVLS": "00:05:36",
        "Tram": "5029",
        "Action": "a",
        "Msg Sent": "17/10/2019 05:46:56",
        "Msg Received": "17/10/2019 05:46:56",
        "Msg Processed": "17/10/2019 05:46:56",
        "XML ID": "509",
        "Total Lag": "0.382182",
        "Create Lag": "0.257181",
        "Process Lag": "0.125001"
      }
    ]
  },
  {
    "stopID": "8",
    "stopQueryTime": 1571287620878,
    "count": 3,
    "results": [
      {
        "Direction": "Inbound",
        "Destination": "The Point",
        "Time": "00:00:46",
        "AVLS": "00:01:26",
        "Tram": "3018",
        "Action": "a",
        "Msg Sent": "17/10/2019 05:46:53",
        "Msg Received": "17/10/2019 05:46:53",
        "Msg Processed": "17/10/2019 05:46:53",
        "XML ID": "508",
        "Total Lag": "0.8978158",
        "Create Lag": "0.8040569",
        "Process Lag": "0.0937589"
      },
      {
        "Direction": "Inbound",
        "Destination": "The Point",
        "Time": "00:18:55",
        "AVLS": "00:19:35",
        "Tram": "4004",
        "Action": "a",
        "Msg Sent": "17/10/2019 05:46:53",
        "Msg Received": "17/10/2019 05:46:53",
        "Msg Processed": "17/10/2019 05:46:54",
        "XML ID": "508",
        "Total Lag": "1.0852975",
        "Create Lag": "0.8040569",
        "Process Lag": "0.2812406"
      },
      {
        "Direction": "Outbound",
        "Destination": "Tallaght",
        "Time": "00:14:00",
        "AVLS": "00:14:40",
        "Tram": "3013",
        "Action": "a",
        "Msg Sent": "17/10/2019 05:46:53",
        "Msg Received": "17/10/2019 05:46:53",
        "Msg Processed": "17/10/2019 05:46:53",
        "XML ID": "508",
        "Total Lag": "0.8821847",
        "Create Lag": "0.8040569",
        "Process Lag": "0.0781278"
      }
    ]
  },
  {
    "stopID": "48",
    "stopQueryTime": 1571287620881,
    "count": 1,
    "results": [
      {
        "Direction": "Inbound",
        "Destination": "Broombridge",
        "Time": "00:02:27",
        "AVLS": "00:03:07",
        "Tram": "5006",
        "Action": "d",
        "Msg Sent": "17/10/2019 05:46:53",
        "Msg Received": "17/10/2019 05:46:53",
        "Msg Processed": "17/10/2019 05:46:54",
        "XML ID": "508",
        "Total Lag": "1.1165597",
        "Create Lag": "0.8040569",
        "Process Lag": "0.3125028"
      }
    ]
  },
  {
    "stopID": "37",
    "stopQueryTime": 1571287620885,
    "count": 3,
    "results": [
      {
        "Direction": "Inbound",
        "Destination": "Broombridge",
        "Time": "00:18:03",
        "AVLS": "00:18:43",
        "Tram": "5006",
        "Action": "a",
        "Msg Sent": "17/10/2019 05:46:53",
        "Msg Received": "17/10/2019 05:46:53",
        "Msg Processed": "17/10/2019 05:46:54",
        "XML ID": "508",
        "Total Lag": "1.1478106",
        "Create Lag": "0.8040569",
        "Process Lag": "0.3437537"
      },
      {
        "Direction": "Outbound",
        "Destination": "Bride's Glen",
        "Time": "00:01:26",
        "AVLS": "00:02:06",
        "Tram": "5002",
        "Action": "a",
        "Msg Sent": "17/10/2019 05:46:53",
        "Msg Received": "17/10/2019 05:46:53",
        "Msg Processed": "17/10/2019 05:46:54",
        "XML ID": "508",
        "Total Lag": "1.0852975",
        "Create Lag": "0.8040569",
        "Process Lag": "0.2812406"
      },
      {
        "Direction": "Outbound",
        "Destination": "Bride's Glen",
        "Time": "00:04:24",
        "AVLS": "00:05:04",
        "Tram": "5021",
        "Action": "a",
        "Msg Sent": "17/10/2019 05:46:56",
        "Msg Received": "17/10/2019 05:46:56",
        "Msg Processed": "17/10/2019 05:46:56",
        "XML ID": "509",
        "Total Lag": "0.4290578",
        "Create Lag": "0.257181",
        "Process Lag": "0.1718768"
      }
    ]
  },
  {
    "stopID": "55",
    "stopQueryTime": 1571287620887,
    "count": 1,
    "results": [
      {
        "Direction": "Outbound",
        "Destination": "Tallaght",
        "Time": "00:05:35",
        "AVLS": "00:06:15",
        "Tram": "3019",
        "Action": "a",
        "Msg Sent": "17/10/2019 05:46:53",
        "Msg Received": "17/10/2019 05:46:53",
        "Msg Processed": "17/10/2019 05:46:53",
        "XML ID": "508",
        "Total Lag": "0.944675",
        "Create Lag": "0.8040569",
        "Process Lag": "0.1406181"
      }
    ]
  },
  {
    "stopID": "33",
    "stopQueryTime": 1571287620893,
    "count": 2,
    "results": [
      {
        "Direction": "Inbound",
        "Destination": "Broombridge",
        "Time": "00:05:16",
        "AVLS": "00:05:56",
        "Tram": "5011",
        "Action": "a",
        "Msg Sent": "17/10/2019 05:46:56",
        "Msg Received": "17/10/2019 05:46:56",
        "Msg Processed": "17/10/2019 05:46:56",
        "XML ID": "509",
        "Total Lag": "0.257181",
        "Create Lag": "0.257181",
        "Process Lag": "0"
      },
      {
        "Direction": "Inbound",
        "Destination": "Parnell",
        "Time": "00:17:45",
        "AVLS": "00:18:25",
        "Tram": "5003",
        "Action": "a",
        "Msg Sent": "17/10/2019 05:46:53",
        "Msg Received": "17/10/2019 05:46:53",
        "Msg Processed": "17/10/2019 05:46:53",
        "XML ID": "508",
        "Total Lag": "0.8196837",
        "Create Lag": "0.8040569",
        "Process Lag": "0.0156268"
      }
    ]
  },
  {
    "stopID": "40",
    "stopQueryTime": 1571287620898,
    "count": 3,
    "results": [
      {
        "Direction": "Inbound",
        "Destination": "Broombridge",
        "Time": "00:13:18",
        "AVLS": "00:13:58",
        "Tram": "5006",
        "Action": "a",
        "Msg Sent": "17/10/2019 05:46:53",
        "Msg Received": "17/10/2019 05:46:53",
        "Msg Processed": "17/10/2019 05:46:54",
        "XML ID": "508",
        "Total Lag": "1.1321762",
        "Create Lag": "0.8040569",
        "Process Lag": "0.3281193"
      },
      {
        "Direction": "Outbound",
        "Destination": "Bride's Glen",
        "Time": "00:06:07",
        "AVLS": "00:06:47",
        "Tram": "5002",
        "Action": "a",
        "Msg Sent": "17/10/2019 05:46:53",
        "Msg Received": "17/10/2019 05:46:53",
        "Msg Processed": "17/10/2019 05:46:54",
        "XML ID": "508",
        "Total Lag": "1.0852975",
        "Create Lag": "0.8040569",
        "Process Lag": "0.2812406"
      },
      {
        "Direction": "Outbound",
        "Destination": "Bride's Glen",
        "Time": "00:09:05",
        "AVLS": "00:09:45",
        "Tram": "5021",
        "Action": "a",
        "Msg Sent": "17/10/2019 05:46:56",
        "Msg Received": "17/10/2019 05:46:56",
        "Msg Processed": "17/10/2019 05:46:56",
        "XML ID": "509",
        "Total Lag": "0.444682",
        "Create Lag": "0.257181",
        "Process Lag": "0.187501"
      }
    ]
  },
  {
    "stopID": "58",
    "stopQueryTime": 1571287620901,
    "count": 0,
    "results": []
  },
  {
    "stopID": "52",
    "stopQueryTime": 1571287620905,
    "count": 2,
    "results": [
      {
        "Direction": "Inbound",
        "Destination": "Belgard",
        "Time": "00:16:42",
        "AVLS": "00:17:22",
        "Tram": "3009",
        "Action": "a",
        "Msg Sent": "17/10/2019 05:46:53",
        "Msg Received": "17/10/2019 05:46:53",
        "Msg Processed": "17/10/2019 05:46:53",
        "XML ID": "508",
        "Total Lag": "0.8509428",
        "Create Lag": "0.8040569",
        "Process Lag": "0.0468859"
      },
      {
        "Direction": "Outbound",
        "Destination": "Saggart",
        "Time": "00:07:33",
        "AVLS": "00:08:13",
        "Tram": "3009",
        "Action": "a",
        "Msg Sent": "17/10/2019 05:46:53",
        "Msg Received": "17/10/2019 05:46:53",
        "Msg Processed": "17/10/2019 05:46:53",
        "XML ID": "508",
        "Total Lag": "0.8353006",
        "Create Lag": "0.8040569",
        "Process Lag": "0.0312437"
      }
    ]
  },
  {
    "stopID": "19",
    "stopQueryTime": 1571287620907,
    "count": 3,
    "results": [
      {
        "Direction": "Inbound",
        "Destination": "The Point",
        "Time": "00:10:26",
        "AVLS": "00:11:06",
        "Tram": "4003",
        "Action": "a",
        "Msg Sent": "17/10/2019 05:46:53",
        "Msg Received": "17/10/2019 05:46:53",
        "Msg Processed": "17/10/2019 05:46:54",
        "XML ID": "508",
        "Total Lag": "1.0384248",
        "Create Lag": "0.8040569",
        "Process Lag": "0.2343679"
      },
      {
        "Direction": "Inbound",
        "Destination": "The Point",
        "Time": "00:17:49",
        "AVLS": "00:18:29",
        "Tram": "3018",
        "Action": "a",
        "Msg Sent": "17/10/2019 05:46:53",
        "Msg Received": "17/10/2019 05:46:53",
        "Msg Processed": "17/10/2019 05:46:53",
        "XML ID": "508",
        "Total Lag": "0.9290577",
        "Create Lag": "0.8040569",
        "Process Lag": "0.1250008"
      },
      {
        "Direction": "Outbound",
        "Destination": "Tallaght",
        "Time": "00:16:35",
        "AVLS": "00:17:15",
        "Tram": "3019",
        "Action": "a",
        "Msg Sent": "17/10/2019 05:46:53",
        "Msg Received": "17/10/2019 05:46:53",
        "Msg Processed": "17/10/2019 05:46:53",
        "XML ID": "508",
        "Total Lag": "0.9603086",
        "Create Lag": "0.8040569",
        "Process Lag": "0.1562517"
      }
    ]
  },
  {
    "stopID": "46",
    "stopQueryTime": 1571287620910,
    "count": 3,
    "results": [
      {
        "Direction": "Inbound",
        "Destination": "Broombridge",
        "Time": "00:05:36",
        "AVLS": "00:06:16",
        "Tram": "5006",
        "Action": "a",
        "Msg Sent": "17/10/2019 05:46:53",
        "Msg Received": "17/10/2019 05:46:53",
        "Msg Processed": "17/10/2019 05:46:54",
        "XML ID": "508",
        "Total Lag": "1.1165597",
        "Create Lag": "0.8040569",
        "Process Lag": "0.3125028"
      },
      {
        "Direction": "Outbound",
        "Destination": "Bride's Glen",
        "Time": "00:13:44",
        "AVLS": "00:14:24",
        "Tram": "5002",
        "Action": "a",
        "Msg Sent": "17/10/2019 05:46:53",
        "Msg Received": "17/10/2019 05:46:53",
        "Msg Processed": "17/10/2019 05:46:54",
        "XML ID": "508",
        "Total Lag": "1.1009257",
        "Create Lag": "0.8040569",
        "Process Lag": "0.2968688"
      },
      {
        "Direction": "Outbound",
        "Destination": "Bride's Glen",
        "Time": "00:16:42",
        "AVLS": "00:17:22",
        "Tram": "5021",
        "Action": "a",
        "Msg Sent": "17/10/2019 05:46:56",
        "Msg Received": "17/10/2019 05:46:56",
        "Msg Processed": "17/10/2019 05:46:56",
        "XML ID": "509",
        "Total Lag": "0.4603152",
        "Create Lag": "0.257181",
        "Process Lag": "0.2031342"
      }
    ]
  },
  {
    "stopID": "21",
    "stopQueryTime": 1571287620914,
    "count": 2,
    "results": [
      {
        "Direction": "Inbound",
        "Destination": "The Point",
        "Time": "00:14:55",
        "AVLS": "00:15:35",
        "Tram": "4003",
        "Action": "a",
        "Msg Sent": "17/10/2019 05:46:53",
        "Msg Received": "17/10/2019 05:46:53",
        "Msg Processed": "17/10/2019 05:46:54",
        "XML ID": "508",
        "Total Lag": "1.0540569",
        "Create Lag": "0.8040569",
        "Process Lag": "0.25"
      },
      {
        "Direction": "Outbound",
        "Destination": "Tallaght",
        "Time": "00:12:27",
        "AVLS": "00:13:07",
        "Tram": "3019",
        "Action": "a",
        "Msg Sent": "17/10/2019 05:46:53",
        "Msg Received": "17/10/2019 05:46:53",
        "Msg Processed": "17/10/2019 05:46:53",
        "XML ID": "508",
        "Total Lag": "0.9603086",
        "Create Lag": "0.8040569",
        "Process Lag": "0.1562517"
      }
    ]
  },
  {
    "stopID": "13",
    "stopQueryTime": 1571287620922,
    "count": 3,
    "results": [
      {
        "Direction": "Inbound",
        "Destination": "The Point",
        "Time": "00:00:00",
        "AVLS": "00:00:39",
        "Tram": "4003",
        "Action": "a",
        "Msg Sent": "17/10/2019 05:46:53",
        "Msg Received": "17/10/2019 05:46:53",
        "Msg Processed": "17/10/2019 05:46:54",
        "XML ID": "508",
        "Total Lag": "1.0228004",
        "Create Lag": "0.8040569",
        "Process Lag": "0.2187435"
      },
      {
        "Direction": "Inbound",
        "Destination": "The Point",
        "Time": "00:07:22",
        "AVLS": "00:08:02",
        "Tram": "3018",
        "Action": "a",
        "Msg Sent": "17/10/2019 05:46:53",
        "Msg Received": "17/10/2019 05:46:53",
        "Msg Processed": "17/10/2019 05:46:53",
        "XML ID": "508",
        "Total Lag": "0.9134257",
        "Create Lag": "0.8040569",
        "Process Lag": "0.1093688"
      },
      {
        "Direction": "Outbound",
        "Destination": "Tallaght",
        "Time": "00:06:47",
        "AVLS": "00:07:27",
        "Tram": "3013",
        "Action": "a",
        "Msg Sent": "17/10/2019 05:46:53",
        "Msg Received": "17/10/2019 05:46:53",
        "Msg Processed": "17/10/2019 05:46:53",
        "XML ID": "508",
        "Total Lag": "0.8665498",
        "Create Lag": "0.8040569",
        "Process Lag": "0.0624929"
      }
    ]
  },
  {
    "stopID": "35",
    "stopQueryTime": 1571287620925,
    "count": 3,
    "results": [
      {
        "Direction": "Inbound",
        "Destination": "Broombridge",
        "Time": "00:01:33",
        "AVLS": "00:02:13",
        "Tram": "5011",
        "Action": "a",
        "Msg Sent": "17/10/2019 05:46:53",
        "Msg Received": "17/10/2019 05:46:53",
        "Msg Processed": "17/10/2019 05:46:54",
        "XML ID": "508",
        "Total Lag": "1.1478106",
        "Create Lag": "0.8040569",
        "Process Lag": "0.3437537"
      },
      {
        "Direction": "Inbound",
        "Destination": "Parnell",
        "Time": "00:14:02",
        "AVLS": "00:14:42",
        "Tram": "5003",
        "Action": "a",
        "Msg Sent": "17/10/2019 05:46:53",
        "Msg Received": "17/10/2019 05:46:53",
        "Msg Processed": "17/10/2019 05:46:53",
        "XML ID": "508",
        "Total Lag": "0.8040569",
        "Create Lag": "0.8040569",
        "Process Lag": "0"
      },
      {
        "Direction": "Outbound",
        "Destination": "Bride's Glen",
        "Time": "00:00:30",
        "AVLS": "00:01:10",
        "Tram": "5021",
        "Action": "a",
        "Msg Sent": "17/10/2019 05:46:56",
        "Msg Received": "17/10/2019 05:46:56",
        "Msg Processed": "17/10/2019 05:46:56",
        "XML ID": "509",
        "Total Lag": "0.4290578",
        "Create Lag": "0.257181",
        "Process Lag": "0.1718768"
      }
    ]
  },
  {
    "stopID": "10",
    "stopQueryTime": 1571287620928,
    "count": 2,
    "results": [
      {
        "Direction": "Inbound",
        "Destination": "The Point",
        "Time": "00:03:58",
        "AVLS": "00:04:38",
        "Tram": "3018",
        "Action": "a",
        "Msg Sent": "17/10/2019 05:46:53",
        "Msg Received": "17/10/2019 05:46:53",
        "Msg Processed": "17/10/2019 05:46:53",
        "XML ID": "508",
        "Total Lag": "0.8978158",
        "Create Lag": "0.8040569",
        "Process Lag": "0.0937589"
      },
      {
        "Direction": "Outbound",
        "Destination": "Tallaght",
        "Time": "00:10:29",
        "AVLS": "00:11:09",
        "Tram": "3013",
        "Action": "a",
        "Msg Sent": "17/10/2019 05:46:53",
        "Msg Received": "17/10/2019 05:46:53",
        "Msg Processed": "17/10/2019 05:46:53",
        "XML ID": "508",
        "Total Lag": "0.8821847",
        "Create Lag": "0.8040569",
        "Process Lag": "0.0781278"
      }
    ]
  },
  {
    "stopID": "12",
    "stopQueryTime": 1571287620929,
    "count": 2,
    "results": [
      {
        "Direction": "Inbound",
        "Destination": "The Point",
        "Time": "00:05:49",
        "AVLS": "00:06:29",
        "Tram": "3018",
        "Action": "a",
        "Msg Sent": "17/10/2019 05:46:53",
        "Msg Received": "17/10/2019 05:46:53",
        "Msg Processed": "17/10/2019 05:46:53",
        "XML ID": "508",
        "Total Lag": "0.9134257",
        "Create Lag": "0.8040569",
        "Process Lag": "0.1093688"
      },
      {
        "Direction": "Outbound",
        "Destination": "Tallaght",
        "Time": "00:08:28",
        "AVLS": "00:09:08",
        "Tram": "3013",
        "Action": "a",
        "Msg Sent": "17/10/2019 05:46:53",
        "Msg Received": "17/10/2019 05:46:53",
        "Msg Processed": "17/10/2019 05:46:53",
        "XML ID": "508",
        "Total Lag": "0.8665498",
        "Create Lag": "0.8040569",
        "Process Lag": "0.0624929"
      }
    ]
  },
  {
    "stopID": "39",
    "stopQueryTime": 1571287620930,
    "count": 3,
    "results": [
      {
        "Direction": "Inbound",
        "Destination": "Broombridge",
        "Time": "00:14:48",
        "AVLS": "00:15:28",
        "Tram": "5006",
        "Action": "a",
        "Msg Sent": "17/10/2019 05:46:53",
        "Msg Received": "17/10/2019 05:46:53",
        "Msg Processed": "17/10/2019 05:46:54",
        "XML ID": "508",
        "Total Lag": "1.1321762",
        "Create Lag": "0.8040569",
        "Process Lag": "0.3281193"
      },
      {
        "Direction": "Outbound",
        "Destination": "Bride's Glen",
        "Time": "00:04:39",
        "AVLS": "00:05:19",
        "Tram": "5002",
        "Action": "a",
        "Msg Sent": "17/10/2019 05:46:53",
        "Msg Received": "17/10/2019 05:46:53",
        "Msg Processed": "17/10/2019 05:46:54",
        "XML ID": "508",
        "Total Lag": "1.0852975",
        "Create Lag": "0.8040569",
        "Process Lag": "0.2812406"
      },
      {
        "Direction": "Outbound",
        "Destination": "Bride's Glen",
        "Time": "00:07:37",
        "AVLS": "00:08:17",
        "Tram": "5021",
        "Action": "a",
        "Msg Sent": "17/10/2019 05:46:56",
        "Msg Received": "17/10/2019 05:46:56",
        "Msg Processed": "17/10/2019 05:46:56",
        "XML ID": "509",
        "Total Lag": "0.444682",
        "Create Lag": "0.257181",
        "Process Lag": "0.187501"
      }
    ]
  },
  {
    "stopID": "20",
    "stopQueryTime": 1571287620935,
    "count": 2,
    "results": [
      {
        "Direction": "Inbound",
        "Destination": "The Point",
        "Time": "00:12:24",
        "AVLS": "00:13:04",
        "Tram": "4003",
        "Action": "a",
        "Msg Sent": "17/10/2019 05:46:53",
        "Msg Received": "17/10/2019 05:46:53",
        "Msg Processed": "17/10/2019 05:46:54",
        "XML ID": "508",
        "Total Lag": "1.0540569",
        "Create Lag": "0.8040569",
        "Process Lag": "0.25"
      },
      {
        "Direction": "Outbound",
        "Destination": "Tallaght",
        "Time": "00:14:39",
        "AVLS": "00:15:19",
        "Tram": "3019",
        "Action": "a",
        "Msg Sent": "17/10/2019 05:46:53",
        "Msg Received": "17/10/2019 05:46:53",
        "Msg Processed": "17/10/2019 05:46:53",
        "XML ID": "508",
        "Total Lag": "0.9603086",
        "Create Lag": "0.8040569",
        "Process Lag": "0.1562517"
      }
    ]
  },
  {
    "stopID": "42",
    "stopQueryTime": 1571287620941,
    "count": 3,
    "results": [
      {
        "Direction": "Inbound",
        "Destination": "Broombridge",
        "Time": "00:11:07",
        "AVLS": "00:11:47",
        "Tram": "5006",
        "Action": "a",
        "Msg Sent": "17/10/2019 05:46:53",
        "Msg Received": "17/10/2019 05:46:53",
        "Msg Processed": "17/10/2019 05:46:54",
        "XML ID": "508",
        "Total Lag": "1.1321762",
        "Create Lag": "0.8040569",
        "Process Lag": "0.3281193"
      },
      {
        "Direction": "Outbound",
        "Destination": "Bride's Glen",
        "Time": "00:08:15",
        "AVLS": "00:08:55",
        "Tram": "5002",
        "Action": "a",
        "Msg Sent": "17/10/2019 05:46:53",
        "Msg Received": "17/10/2019 05:46:53",
        "Msg Processed": "17/10/2019 05:46:54",
        "XML ID": "508",
        "Total Lag": "1.1009257",
        "Create Lag": "0.8040569",
        "Process Lag": "0.2968688"
      },
      {
        "Direction": "Outbound",
        "Destination": "Bride's Glen",
        "Time": "00:11:13",
        "AVLS": "00:11:53",
        "Tram": "5021",
        "Action": "a",
        "Msg Sent": "17/10/2019 05:46:56",
        "Msg Received": "17/10/2019 05:46:56",
        "Msg Processed": "17/10/2019 05:46:56",
        "XML ID": "509",
        "Total Lag": "0.444682",
        "Create Lag": "0.257181",
        "Process Lag": "0.187501"
      }
    ]
  },
  {
    "stopID": "49",
    "stopQueryTime": 1571287620942,
    "count": 3,
    "results": [
      {
        "Direction": "Inbound",
        "Destination": "Belgard",
        "Time": "00:02:18",
        "AVLS": "00:02:58",
        "Tram": "3026",
        "Action": "a",
        "Msg Sent": "17/10/2019 05:46:53",
        "Msg Received": "17/10/2019 05:46:53",
        "Msg Processed": "17/10/2019 05:46:54",
        "XML ID": "508",
        "Total Lag": "1.007191",
        "Create Lag": "0.8040569",
        "Process Lag": "0.2031341"
      },
      {
        "Direction": "Outbound",
        "Destination": "Saggart",
        "Time": "00:03:02",
        "AVLS": "00:03:42",
        "Tram": "3009",
        "Action": "a",
        "Msg Sent": "17/10/2019 05:46:53",
        "Msg Received": "17/10/2019 05:46:53",
        "Msg Processed": "17/10/2019 05:46:53",
        "XML ID": "508",
        "Total Lag": "0.8196837",
        "Create Lag": "0.8040569",
        "Process Lag": "0.0156268"
      },
      {
        "Direction": "Outbound",
        "Destination": "Saggart",
        "Time": "00:16:24",
        "AVLS": "00:17:04",
        "Tram": "3026",
        "Action": "a",
        "Msg Sent": "17/10/2019 05:46:53",
        "Msg Received": "17/10/2019 05:46:53",
        "Msg Processed": "17/10/2019 05:46:54",
        "XML ID": "508",
        "Total Lag": "1.007191",
        "Create Lag": "0.8040569",
        "Process Lag": "0.2031341"
      }
    ]
  },
  {
    "stopID": "7",
    "stopQueryTime": 1571287620945,
    "count": 3,
    "results": [
      {
        "Direction": "Inbound",
        "Destination": "The Point",
        "Time": "00:00:00",
        "AVLS": "00:00:00",
        "Tram": "3018",
        "Action": "a",
        "Msg Sent": "17/10/2019 05:46:53",
        "Msg Received": "17/10/2019 05:46:53",
        "Msg Processed": "17/10/2019 05:46:53",
        "XML ID": "508",
        "Total Lag": "0.8978158",
        "Create Lag": "0.8040569",
        "Process Lag": "0.0937589"
      },
      {
        "Direction": "Inbound",
        "Destination": "The Point",
        "Time": "00:17:29",
        "AVLS": "00:18:09",
        "Tram": "4004",
        "Action": "a",
        "Msg Sent": "17/10/2019 05:46:53",
        "Msg Received": "17/10/2019 05:46:53",
        "Msg Processed": "17/10/2019 05:46:54",
        "XML ID": "508",
        "Total Lag": "1.0696726",
        "Create Lag": "0.8040569",
        "Process Lag": "0.2656157"
      },
      {
        "Direction": "Outbound",
        "Destination": "Tallaght",
        "Time": "00:15:34",
        "AVLS": "00:16:14",
        "Tram": "3013",
        "Action": "a",
        "Msg Sent": "17/10/2019 05:46:53",
        "Msg Received": "17/10/2019 05:46:53",
        "Msg Processed": "17/10/2019 05:46:53",
        "XML ID": "508",
        "Total Lag": "0.8821847",
        "Create Lag": "0.8040569",
        "Process Lag": "0.0781278"
      }
    ]
  },
  {
    "stopID": "14",
    "stopQueryTime": 1571287620947,
    "count": 3,
    "results": [
      {
        "Direction": "Inbound",
        "Destination": "The Point",
        "Time": "00:00:52",
        "AVLS": "00:01:32",
        "Tram": "4003",
        "Action": "a",
        "Msg Sent": "17/10/2019 05:46:53",
        "Msg Received": "17/10/2019 05:46:53",
        "Msg Processed": "17/10/2019 05:46:54",
        "XML ID": "508",
        "Total Lag": "1.0228004",
        "Create Lag": "0.8040569",
        "Process Lag": "0.2187435"
      },
      {
        "Direction": "Inbound",
        "Destination": "The Point",
        "Time": "00:08:15",
        "AVLS": "00:08:55",
        "Tram": "3018",
        "Action": "a",
        "Msg Sent": "17/10/2019 05:46:53",
        "Msg Received": "17/10/2019 05:46:53",
        "Msg Processed": "17/10/2019 05:46:53",
        "XML ID": "508",
        "Total Lag": "0.9134257",
        "Create Lag": "0.8040569",
        "Process Lag": "0.1093688"
      },
      {
        "Direction": "Outbound",
        "Destination": "Tallaght",
        "Time": "00:05:47",
        "AVLS": "00:06:27",
        "Tram": "3013",
        "Action": "a",
        "Msg Sent": "17/10/2019 05:46:53",
        "Msg Received": "17/10/2019 05:46:53",
        "Msg Processed": "17/10/2019 05:46:53",
        "XML ID": "508",
        "Total Lag": "0.8509428",
        "Create Lag": "0.8040569",
        "Process Lag": "0.0468859"
      }
    ]
  },
  {
    "stopID": "26",
    "stopQueryTime": 1571287620951,
    "count": 3,
    "results": [
      {
        "Direction": "Inbound",
        "Destination": "Broombridge",
        "Time": "00:01:59",
        "AVLS": "00:02:39",
        "Tram": "3020",
        "Action": "a",
        "Msg Sent": "17/10/2019 05:46:53",
        "Msg Received": "17/10/2019 05:46:53",
        "Msg Processed": "17/10/2019 05:46:53",
        "XML ID": "508",
        "Total Lag": "0.9759248",
        "Create Lag": "0.8040569",
        "Process Lag": "0.1718679"
      },
      {
        "Direction": "Inbound",
        "Destination": "Broombridge",
        "Time": "00:16:50",
        "AVLS": "00:17:30",
        "Tram": "5011",
        "Action": "a",
        "Msg Sent": "17/10/2019 05:46:56",
        "Msg Received": "17/10/2019 05:46:56",
        "Msg Processed": "17/10/2019 05:46:56",
        "XML ID": "509",
        "Total Lag": "0.2728067",
        "Create Lag": "0.257181",
        "Process Lag": "0.0156257"
      },
      {
        "Direction": "Outbound",
        "Destination": "Bride's Glen",
        "Time": "00:09:34",
        "AVLS": "00:10:14",
        "Tram": "5029",
        "Action": "a",
        "Msg Sent": "17/10/2019 05:46:56",
        "Msg Received": "17/10/2019 05:46:56",
        "Msg Processed": "17/10/2019 05:46:56",
        "XML ID": "509",
        "Total Lag": "0.3978146",
        "Create Lag": "0.257181",
        "Process Lag": "0.1406336"
      }
    ]
  },
  {
    "stopID": "31",
    "stopQueryTime": 1571287620953,
    "count": 2,
    "results": [
      {
        "Direction": "Inbound",
        "Destination": "Broombridge",
        "Time": "00:08:57",
        "AVLS": "00:09:37",
        "Tram": "5011",
        "Action": "a",
        "Msg Sent": "17/10/2019 05:46:56",
        "Msg Received": "17/10/2019 05:46:56",
        "Msg Processed": "17/10/2019 05:46:56",
        "XML ID": "509",
        "Total Lag": "0.257181",
        "Create Lag": "0.257181",
        "Process Lag": "0"
      },
      {
        "Direction": "Outbound",
        "Destination": "Bride's Glen",
        "Time": "00:17:58",
        "AVLS": "00:18:38",
        "Tram": "5029",
        "Action": "a",
        "Msg Sent": "17/10/2019 05:46:56",
        "Msg Received": "17/10/2019 05:46:56",
        "Msg Processed": "17/10/2019 05:46:56",
        "XML ID": "509",
        "Total Lag": "0.4134308",
        "Create Lag": "0.257181",
        "Process Lag": "0.1562498"
      }
    ]
  },
  {
    "stopID": "17",
    "stopQueryTime": 1571287620955,
    "count": 2,
    "results": [
      {
        "Direction": "Inbound",
        "Destination": "The Point",
        "Time": "00:07:06",
        "AVLS": "00:07:46",
        "Tram": "4003",
        "Action": "a",
        "Msg Sent": "17/10/2019 05:46:53",
        "Msg Received": "17/10/2019 05:46:53",
        "Msg Processed": "17/10/2019 05:46:54",
        "XML ID": "508",
        "Total Lag": "1.0228004",
        "Create Lag": "0.8040569",
        "Process Lag": "0.2187435"
      },
      {
        "Direction": "Inbound",
        "Destination": "The Point",
        "Time": "00:14:29",
        "AVLS": "00:15:09",
        "Tram": "3018",
        "Action": "a",
        "Msg Sent": "17/10/2019 05:46:53",
        "Msg Received": "17/10/2019 05:46:53",
        "Msg Processed": "17/10/2019 05:46:53",
        "XML ID": "508",
        "Total Lag": "0.9290577",
        "Create Lag": "0.8040569",
        "Process Lag": "0.1250008"
      }
    ]
  },
  {
    "stopID": "36",
    "stopQueryTime": 1571287620957,
    "count": 3,
    "results": [
      {
        "Direction": "Inbound",
        "Destination": "Broombridge",
        "Time": "00:00:00",
        "AVLS": "00:00:38",
        "Tram": "5011",
        "Action": "a",
        "Msg Sent": "17/10/2019 05:46:53",
        "Msg Received": "17/10/2019 05:46:53",
        "Msg Processed": "17/10/2019 05:46:54",
        "XML ID": "508",
        "Total Lag": "1.1478106",
        "Create Lag": "0.8040569",
        "Process Lag": "0.3437537"
      },
      {
        "Direction": "Inbound",
        "Destination": "Parnell",
        "Time": "00:12:27",
        "AVLS": "00:13:07",
        "Tram": "5003",
        "Action": "d",
        "Msg Sent": "17/10/2019 05:46:53",
        "Msg Received": "17/10/2019 05:46:53",
        "Msg Processed": "17/10/2019 05:46:53",
        "XML ID": "508",
        "Total Lag": "0.8040569",
        "Create Lag": "0.8040569",
        "Process Lag": "0"
      },
      {
        "Direction": "Outbound",
        "Destination": "Bride's Glen",
        "Time": "00:01:51",
        "AVLS": "00:02:31",
        "Tram": "5021",
        "Action": "a",
        "Msg Sent": "17/10/2019 05:46:56",
        "Msg Received": "17/10/2019 05:46:56",
        "Msg Processed": "17/10/2019 05:46:56",
        "XML ID": "509",
        "Total Lag": "0.4290578",
        "Create Lag": "0.257181",
        "Process Lag": "0.1718768"
      }
    ]
  },
  {
    "stopID": "29",
    "stopQueryTime": 1571287620964,
    "count": 2,
    "results": [
      {
        "Direction": "Inbound",
        "Destination": "Broombridge",
        "Time": "00:12:29",
        "AVLS": "00:13:09",
        "Tram": "5011",
        "Action": "a",
        "Msg Sent": "17/10/2019 05:46:56",
        "Msg Received": "17/10/2019 05:46:56",
        "Msg Processed": "17/10/2019 05:46:56",
        "XML ID": "509",
        "Total Lag": "0.2728067",
        "Create Lag": "0.257181",
        "Process Lag": "0.0156257"
      },
      {
        "Direction": "Outbound",
        "Destination": "Bride's Glen",
        "Time": "00:14:24",
        "AVLS": "00:15:04",
        "Tram": "5029",
        "Action": "a",
        "Msg Sent": "17/10/2019 05:46:56",
        "Msg Received": "17/10/2019 05:46:56",
        "Msg Processed": "17/10/2019 05:46:56",
        "XML ID": "509",
        "Total Lag": "0.4134308",
        "Create Lag": "0.257181",
        "Process Lag": "0.1562498"
      }
    ]
  },
  {
    "stopID": "53",
    "stopQueryTime": 1571287620966,
    "count": 2,
    "results": [
      {
        "Direction": "Inbound",
        "Destination": "Belgard",
        "Time": "00:14:27",
        "AVLS": "00:15:07",
        "Tram": "3009",
        "Action": "d",
        "Msg Sent": "17/10/2019 05:46:53",
        "Msg Received": "17/10/2019 05:46:53",
        "Msg Processed": "17/10/2019 05:46:53",
        "XML ID": "508",
        "Total Lag": "0.8353006",
        "Create Lag": "0.8040569",
        "Process Lag": "0.0312437"
      },
      {
        "Direction": "Terminating",
        "Destination": "Saggart",
        "Time": "00:09:37",
        "AVLS": "00:10:17",
        "Tram": "3009",
        "Action": "a",
        "Msg Sent": "17/10/2019 05:46:53",
        "Msg Received": "17/10/2019 05:46:53",
        "Msg Processed": "17/10/2019 05:46:53",
        "XML ID": "508",
        "Total Lag": "0.8353006",
        "Create Lag": "0.8040569",
        "Process Lag": "0.0312437"
      }
    ]
  },
  {
    "stopID": "18",
    "stopQueryTime": 1571287620969,
    "count": 3,
    "results": [
      {
        "Direction": "Inbound",
        "Destination": "The Point",
        "Time": "00:09:10",
        "AVLS": "00:09:50",
        "Tram": "4003",
        "Action": "a",
        "Msg Sent": "17/10/2019 05:46:53",
        "Msg Received": "17/10/2019 05:46:53",
        "Msg Processed": "17/10/2019 05:46:54",
        "XML ID": "508",
        "Total Lag": "1.0384248",
        "Create Lag": "0.8040569",
        "Process Lag": "0.2343679"
      },
      {
        "Direction": "Inbound",
        "Destination": "The Point",
        "Time": "00:16:33",
        "AVLS": "00:17:13",
        "Tram": "3018",
        "Action": "a",
        "Msg Sent": "17/10/2019 05:46:53",
        "Msg Received": "17/10/2019 05:46:53",
        "Msg Processed": "17/10/2019 05:46:53",
        "XML ID": "508",
        "Total Lag": "0.9290577",
        "Create Lag": "0.8040569",
        "Process Lag": "0.1250008"
      },
      {
        "Direction": "Outbound",
        "Destination": "Tallaght",
        "Time": "00:17:40",
        "AVLS": "00:18:20",
        "Tram": "3019",
        "Action": "a",
        "Msg Sent": "17/10/2019 05:46:53",
        "Msg Received": "17/10/2019 05:46:53",
        "Msg Processed": "17/10/2019 05:46:53",
        "XML ID": "508",
        "Total Lag": "0.9603086",
        "Create Lag": "0.8040569",
        "Process Lag": "0.1562517"
      }
    ]
  },
  {
    "stopID": "27",
    "stopQueryTime": 1571287620970,
    "count": 3,
    "results": [
      {
        "Direction": "Inbound",
        "Destination": "Broombridge",
        "Time": "00:00:38",
        "AVLS": "00:01:18",
        "Tram": "3020",
        "Action": "a",
        "Msg Sent": "17/10/2019 05:46:53",
        "Msg Received": "17/10/2019 05:46:53",
        "Msg Processed": "17/10/2019 05:46:53",
        "XML ID": "508",
        "Total Lag": "0.9759248",
        "Create Lag": "0.8040569",
        "Process Lag": "0.1718679"
      },
      {
        "Direction": "Inbound",
        "Destination": "Broombridge",
        "Time": "00:15:29",
        "AVLS": "00:16:09",
        "Tram": "5011",
        "Action": "a",
        "Msg Sent": "17/10/2019 05:46:56",
        "Msg Received": "17/10/2019 05:46:56",
        "Msg Processed": "17/10/2019 05:46:56",
        "XML ID": "509",
        "Total Lag": "0.2728067",
        "Create Lag": "0.257181",
        "Process Lag": "0.0156257"
      },
      {
        "Direction": "Outbound",
        "Destination": "Bride's Glen",
        "Time": "00:11:02",
        "AVLS": "00:11:42",
        "Tram": "5029",
        "Action": "a",
        "Msg Sent": "17/10/2019 05:46:56",
        "Msg Received": "17/10/2019 05:46:56",
        "Msg Processed": "17/10/2019 05:46:56",
        "XML ID": "509",
        "Total Lag": "0.3978146",
        "Create Lag": "0.257181",
        "Process Lag": "0.1406336"
      }
    ]
  },
  {
    "stopID": "4",
    "stopQueryTime": 1571287620974,
    "count": 3,
    "results": [
      {
        "Direction": "Inbound",
        "Destination": "The Point",
        "Time": "00:08:27",
        "AVLS": "00:09:07",
        "Tram": "4004",
        "Action": "a",
        "Msg Sent": "17/10/2019 05:46:53",
        "Msg Received": "17/10/2019 05:46:53",
        "Msg Processed": "17/10/2019 05:46:54",
        "XML ID": "508",
        "Total Lag": "1.0696726",
        "Create Lag": "0.8040569",
        "Process Lag": "0.2656157"
      },
      {
        "Direction": "Outbound",
        "Destination": "Saggart",
        "Time": "00:00:00",
        "AVLS": "00:00:00",
        "Tram": "3009",
        "Action": "a",
        "Msg Sent": "17/10/2019 05:46:53",
        "Msg Received": "17/10/2019 05:46:53",
        "Msg Processed": "17/10/2019 05:46:53",
        "XML ID": "508",
        "Total Lag": "0.8196837",
        "Create Lag": "0.8040569",
        "Process Lag": "0.0156268"
      },
      {
        "Direction": "Outbound",
        "Destination": "Saggart",
        "Time": "00:12:57",
        "AVLS": "00:13:37",
        "Tram": "3026",
        "Action": "a",
        "Msg Sent": "17/10/2019 05:46:53",
        "Msg Received": "17/10/2019 05:46:53",
        "Msg Processed": "17/10/2019 05:46:54",
        "XML ID": "508",
        "Total Lag": "1.007191",
        "Create Lag": "0.8040569",
        "Process Lag": "0.2031341"
      }
    ]
  },
  {
    "stopID": "51",
    "stopQueryTime": 1571287620980,
    "count": 2,
    "results": [
      {
        "Direction": "Inbound",
        "Destination": "Belgard",
        "Time": "00:17:58",
        "AVLS": "00:18:38",
        "Tram": "3009",
        "Action": "a",
        "Msg Sent": "17/10/2019 05:46:53",
        "Msg Received": "17/10/2019 05:46:53",
        "Msg Processed": "17/10/2019 05:46:53",
        "XML ID": "508",
        "Total Lag": "0.8509428",
        "Create Lag": "0.8040569",
        "Process Lag": "0.0468859"
      },
      {
        "Direction": "Outbound",
        "Destination": "Saggart",
        "Time": "00:06:21",
        "AVLS": "00:07:01",
        "Tram": "3009",
        "Action": "a",
        "Msg Sent": "17/10/2019 05:46:53",
        "Msg Received": "17/10/2019 05:46:53",
        "Msg Processed": "17/10/2019 05:46:53",
        "XML ID": "508",
        "Total Lag": "0.8196837",
        "Create Lag": "0.8040569",
        "Process Lag": "0.0156268"
      }
    ]
  },
  {
    "stopID": "43",
    "stopQueryTime": 1571287620984,
    "count": 3,
    "results": [
      {
        "Direction": "Inbound",
        "Destination": "Broombridge",
        "Time": "00:09:31",
        "AVLS": "00:10:11",
        "Tram": "5006",
        "Action": "a",
        "Msg Sent": "17/10/2019 05:46:53",
        "Msg Received": "17/10/2019 05:46:53",
        "Msg Processed": "17/10/2019 05:46:54",
        "XML ID": "508",
        "Total Lag": "1.1321762",
        "Create Lag": "0.8040569",
        "Process Lag": "0.3281193"
      },
      {
        "Direction": "Outbound",
        "Destination": "Bride's Glen",
        "Time": "00:09:48",
        "AVLS": "00:10:28",
        "Tram": "5002",
        "Action": "a",
        "Msg Sent": "17/10/2019 05:46:53",
        "Msg Received": "17/10/2019 05:46:53",
        "Msg Processed": "17/10/2019 05:46:54",
        "XML ID": "508",
        "Total Lag": "1.1009257",
        "Create Lag": "0.8040569",
        "Process Lag": "0.2968688"
      },
      {
        "Direction": "Outbound",
        "Destination": "Bride's Glen",
        "Time": "00:12:46",
        "AVLS": "00:13:26",
        "Tram": "5021",
        "Action": "a",
        "Msg Sent": "17/10/2019 05:46:56",
        "Msg Received": "17/10/2019 05:46:56",
        "Msg Processed": "17/10/2019 05:46:56",
        "XML ID": "509",
        "Total Lag": "0.444682",
        "Create Lag": "0.257181",
        "Process Lag": "0.187501"
      }
    ]
  },
  {
    "stopID": "28",
    "stopQueryTime": 1571287620985,
    "count": 3,
    "results": [
      {
        "Direction": "Inbound",
        "Destination": "Broombridge",
        "Time": "00:00:00",
        "AVLS": "00:00:00",
        "Tram": "3020",
        "Action": "a",
        "Msg Sent": "17/10/2019 05:46:42",
        "Msg Received": "17/10/2019 05:46:42",
        "Msg Processed": "17/10/2019 05:46:42",
        "XML ID": "504",
        "Total Lag": "0.5064906",
        "Create Lag": "0.4596136",
        "Process Lag": "0.046877"
      },
      {
        "Direction": "Inbound",
        "Destination": "Broombridge",
        "Time": "00:13:58",
        "AVLS": "00:14:38",
        "Tram": "5011",
        "Action": "a",
        "Msg Sent": "17/10/2019 05:46:56",
        "Msg Received": "17/10/2019 05:46:56",
        "Msg Processed": "17/10/2019 05:46:56",
        "XML ID": "509",
        "Total Lag": "0.2728067",
        "Create Lag": "0.257181",
        "Process Lag": "0.0156257"
      },
      {
        "Direction": "Outbound",
        "Destination": "Bride's Glen",
        "Time": "00:12:56",
        "AVLS": "00:13:36",
        "Tram": "5029",
        "Action": "a",
        "Msg Sent": "17/10/2019 05:46:56",
        "Msg Received": "17/10/2019 05:46:56",
        "Msg Processed": "17/10/2019 05:46:56",
        "XML ID": "509",
        "Total Lag": "0.3978146",
        "Create Lag": "0.257181",
        "Process Lag": "0.1406336"
      }
    ]
  },
  {
    "stopID": "38",
    "stopQueryTime": 1571287620992,
    "count": 3,
    "results": [
      {
        "Direction": "Inbound",
        "Destination": "Broombridge",
        "Time": "00:16:33",
        "AVLS": "00:17:13",
        "Tram": "5006",
        "Action": "a",
        "Msg Sent": "17/10/2019 05:46:53",
        "Msg Received": "17/10/2019 05:46:53",
        "Msg Processed": "17/10/2019 05:46:54",
        "XML ID": "508",
        "Total Lag": "1.1478106",
        "Create Lag": "0.8040569",
        "Process Lag": "0.3437537"
      },
      {
        "Direction": "Outbound",
        "Destination": "Bride's Glen",
        "Time": "00:02:54",
        "AVLS": "00:03:34",
        "Tram": "5002",
        "Action": "a",
        "Msg Sent": "17/10/2019 05:46:53",
        "Msg Received": "17/10/2019 05:46:53",
        "Msg Processed": "17/10/2019 05:46:54",
        "XML ID": "508",
        "Total Lag": "1.0852975",
        "Create Lag": "0.8040569",
        "Process Lag": "0.2812406"
      },
      {
        "Direction": "Outbound",
        "Destination": "Bride's Glen",
        "Time": "00:05:52",
        "AVLS": "00:06:32",
        "Tram": "5021",
        "Action": "a",
        "Msg Sent": "17/10/2019 05:46:56",
        "Msg Received": "17/10/2019 05:46:56",
        "Msg Processed": "17/10/2019 05:46:56",
        "XML ID": "509",
        "Total Lag": "0.4290578",
        "Create Lag": "0.257181",
        "Process Lag": "0.1718768"
      }
    ]
  },
  {
    "stopID": "44",
    "stopQueryTime": 1571287620995,
    "count": 3,
    "results": [
      {
        "Direction": "Inbound",
        "Destination": "Broombridge",
        "Time": "00:08:27",
        "AVLS": "00:09:07",
        "Tram": "5006",
        "Action": "a",
        "Msg Sent": "17/10/2019 05:46:53",
        "Msg Received": "17/10/2019 05:46:53",
        "Msg Processed": "17/10/2019 05:46:54",
        "XML ID": "508",
        "Total Lag": "1.1321762",
        "Create Lag": "0.8040569",
        "Process Lag": "0.3281193"
      },
      {
        "Direction": "Outbound",
        "Destination": "Bride's Glen",
        "Time": "00:10:53",
        "AVLS": "00:11:33",
        "Tram": "5002",
        "Action": "a",
        "Msg Sent": "17/10/2019 05:46:53",
        "Msg Received": "17/10/2019 05:46:53",
        "Msg Processed": "17/10/2019 05:46:54",
        "XML ID": "508",
        "Total Lag": "1.1009257",
        "Create Lag": "0.8040569",
        "Process Lag": "0.2968688"
      },
      {
        "Direction": "Outbound",
        "Destination": "Bride's Glen",
        "Time": "00:13:51",
        "AVLS": "00:14:31",
        "Tram": "5021",
        "Action": "a",
        "Msg Sent": "17/10/2019 05:46:56",
        "Msg Received": "17/10/2019 05:46:56",
        "Msg Processed": "17/10/2019 05:46:56",
        "XML ID": "509",
        "Total Lag": "0.4603152",
        "Create Lag": "0.257181",
        "Process Lag": "0.2031342"
      }
    ]
  },
  {
    "stopID": "50",
    "stopQueryTime": 1571287621000,
    "count": 3,
    "results": [
      {
        "Direction": "Inbound",
        "Destination": "Belgard",
        "Time": "00:00:30",
        "AVLS": "00:01:10",
        "Tram": "3026",
        "Action": "a",
        "Msg Sent": "17/10/2019 05:46:53",
        "Msg Received": "17/10/2019 05:46:53",
        "Msg Processed": "17/10/2019 05:46:54",
        "XML ID": "508",
        "Total Lag": "1.007191",
        "Create Lag": "0.8040569",
        "Process Lag": "0.2031341"
      },
      {
        "Direction": "Outbound",
        "Destination": "Saggart",
        "Time": "00:04:41",
        "AVLS": "00:05:21",
        "Tram": "3009",
        "Action": "a",
        "Msg Sent": "17/10/2019 05:46:53",
        "Msg Received": "17/10/2019 05:46:53",
        "Msg Processed": "17/10/2019 05:46:53",
        "XML ID": "508",
        "Total Lag": "0.8196837",
        "Create Lag": "0.8040569",
        "Process Lag": "0.0156268"
      },
      {
        "Direction": "Outbound",
        "Destination": "Saggart",
        "Time": "00:18:10",
        "AVLS": "00:18:50",
        "Tram": "3026",
        "Action": "a",
        "Msg Sent": "17/10/2019 05:46:53",
        "Msg Received": "17/10/2019 05:46:53",
        "Msg Processed": "17/10/2019 05:46:54",
        "XML ID": "508",
        "Total Lag": "1.0228004",
        "Create Lag": "0.8040569",
        "Process Lag": "0.2187435"
      }
    ]
  },
  {
    "stopID": "45",
    "stopQueryTime": 1571287621003,
    "count": 3,
    "results": [
      {
        "Direction": "Inbound",
        "Destination": "Broombridge",
        "Time": "00:06:58",
        "AVLS": "00:07:38",
        "Tram": "5006",
        "Action": "a",
        "Msg Sent": "17/10/2019 05:46:53",
        "Msg Received": "17/10/2019 05:46:53",
        "Msg Processed": "17/10/2019 05:46:54",
        "XML ID": "508",
        "Total Lag": "1.1165597",
        "Create Lag": "0.8040569",
        "Process Lag": "0.3125028"
      },
      {
        "Direction": "Outbound",
        "Destination": "Bride's Glen",
        "Time": "00:12:21",
        "AVLS": "00:13:01",
        "Tram": "5002",
        "Action": "a",
        "Msg Sent": "17/10/2019 05:46:53",
        "Msg Received": "17/10/2019 05:46:53",
        "Msg Processed": "17/10/2019 05:46:54",
        "XML ID": "508",
        "Total Lag": "1.1009257",
        "Create Lag": "0.8040569",
        "Process Lag": "0.2968688"
      },
      {
        "Direction": "Outbound",
        "Destination": "Bride's Glen",
        "Time": "00:15:19",
        "AVLS": "00:15:59",
        "Tram": "5021",
        "Action": "a",
        "Msg Sent": "17/10/2019 05:46:56",
        "Msg Received": "17/10/2019 05:46:56",
        "Msg Processed": "17/10/2019 05:46:56",
        "XML ID": "509",
        "Total Lag": "0.4603152",
        "Create Lag": "0.257181",
        "Process Lag": "0.2031342"
      }
    ]
  },
  {
    "stopID": "47",
    "stopQueryTime": 1571287621007,
    "count": 3,
    "results": [
      {
        "Direction": "Inbound",
        "Destination": "Broombridge",
        "Time": "00:03:35",
        "AVLS": "00:04:15",
        "Tram": "5006",
        "Action": "a",
        "Msg Sent": "17/10/2019 05:46:53",
        "Msg Received": "17/10/2019 05:46:53",
        "Msg Processed": "17/10/2019 05:46:54",
        "XML ID": "508",
        "Total Lag": "1.1165597",
        "Create Lag": "0.8040569",
        "Process Lag": "0.3125028"
      },
      {
        "Direction": "Outbound",
        "Destination": "Bride's Glen",
        "Time": "00:15:41",
        "AVLS": "00:16:21",
        "Tram": "5002",
        "Action": "a",
        "Msg Sent": "17/10/2019 05:46:53",
        "Msg Received": "17/10/2019 05:46:53",
        "Msg Processed": "17/10/2019 05:46:54",
        "XML ID": "508",
        "Total Lag": "1.1009257",
        "Create Lag": "0.8040569",
        "Process Lag": "0.2968688"
      },
      {
        "Direction": "Outbound",
        "Destination": "Bride's Glen",
        "Time": "00:18:39",
        "AVLS": "00:19:19",
        "Tram": "5021",
        "Action": "a",
        "Msg Sent": "17/10/2019 05:46:56",
        "Msg Received": "17/10/2019 05:46:56",
        "Msg Processed": "17/10/2019 05:46:56",
        "XML ID": "509",
        "Total Lag": "0.4759312",
        "Create Lag": "0.257181",
        "Process Lag": "0.2187502"
      }
    ]
  },
  {
    "stopID": "25",
    "stopQueryTime": 1571287621010,
    "count": 3,
    "results": [
      {
        "Direction": "Inbound",
        "Destination": "Broombridge",
        "Time": "00:04:09",
        "AVLS": "00:04:49",
        "Tram": "3020",
        "Action": "a",
        "Msg Sent": "17/10/2019 05:46:53",
        "Msg Received": "17/10/2019 05:46:53",
        "Msg Processed": "17/10/2019 05:46:53",
        "XML ID": "508",
        "Total Lag": "0.9759248",
        "Create Lag": "0.8040569",
        "Process Lag": "0.1718679"
      },
      {
        "Direction": "Inbound",
        "Destination": "Broombridge",
        "Time": "00:19:00",
        "AVLS": "00:19:40",
        "Tram": "5011",
        "Action": "a",
        "Msg Sent": "17/10/2019 05:46:56",
        "Msg Received": "17/10/2019 05:46:56",
        "Msg Processed": "17/10/2019 05:46:56",
        "XML ID": "509",
        "Total Lag": "0.2884315",
        "Create Lag": "0.257181",
        "Process Lag": "0.0312505"
      },
      {
        "Direction": "Outbound",
        "Destination": "Bride's Glen",
        "Time": "00:06:54",
        "AVLS": "00:07:34",
        "Tram": "5029",
        "Action": "a",
        "Msg Sent": "17/10/2019 05:46:56",
        "Msg Received": "17/10/2019 05:46:56",
        "Msg Processed": "17/10/2019 05:46:56",
        "XML ID": "509",
        "Total Lag": "0.3978146",
        "Create Lag": "0.257181",
        "Process Lag": "0.1406336"
      }
    ]
  }
]