[
  {
    "stopID": "1",
    "stopQueryTime": 1571287380906,
    "count": 1,
    "results": [
      {
        "Direction": "Inbound",
        "Destination": "The Point",
        "Time": "00:08:20",
        "AVLS": "00:09:00",
        "Tram": "4004",
        "Action": "d",
        "Msg Sent": "17/10/2019 05:42:53",
        "Msg Received": "17/10/2019 05:42:53",
        "Msg Processed": "17/10/2019 05:42:53",
        "XML ID": "435",
        "Total Lag": "0.636356",
        "Create Lag": "0.4176071",
        "Process Lag": "0.2187489"
      }
    ]
  },
  {
    "stopID": "6",
    "stopQueryTime": 1571287380909,
    "count": 1,
    "results": [
      {
        "Direction": "Inbound",
        "Destination": "The Point",
        "Time": "00:19:20",
        "AVLS": "00:20:00",
        "Tram": "4004",
        "Action": "a",
        "Msg Sent": "17/10/2019 05:42:53",
        "Msg Received": "17/10/2019 05:42:53",
        "Msg Processed": "17/10/2019 05:42:53",
        "XML ID": "435",
        "Total Lag": "0.6519838",
        "Create Lag": "0.4176071",
        "Process Lag": "0.2343767"
      }
    ]
  },
  {
    "stopID": "7",
    "stopQueryTime": 1571287380912,
    "count": 2,
    "results": [
      {
        "Direction": "Inbound",
        "Destination": "The Point",
        "Time": "00:02:48",
        "AVLS": "00:03:28",
        "Tram": "3018",
        "Action": "a",
        "Msg Sent": "17/10/2019 05:42:53",
        "Msg Received": "17/10/2019 05:42:53",
        "Msg Processed": "17/10/2019 05:42:53",
        "XML ID": "435",
        "Total Lag": "0.4801129",
        "Create Lag": "0.4176071",
        "Process Lag": "0.0625058"
      },
      {
        "Direction": "Outbound",
        "Destination": "Tallaght",
        "Time": "00:19:02",
        "AVLS": "00:19:42",
        "Tram": "3013",
        "Action": "a",
        "Msg Sent": "17/10/2019 05:42:53",
        "Msg Received": "17/10/2019 05:42:53",
        "Msg Processed": "17/10/2019 05:42:53",
        "XML ID": "435",
        "Total Lag": "0.4801129",
        "Create Lag": "0.4176071",
        "Process Lag": "0.0625058"
      }
    ]
  },
  {
    "stopID": "20",
    "stopQueryTime": 1571287380918,
    "count": 2,
    "results": [
      {
        "Direction": "Inbound",
        "Destination": "The Point",
        "Time": "00:16:13",
        "AVLS": "00:16:53",
        "Tram": "4003",
        "Action": "a",
        "Msg Sent": "17/10/2019 05:42:53",
        "Msg Received": "17/10/2019 05:42:53",
        "Msg Processed": "17/10/2019 05:42:53",
        "XML ID": "435",
        "Total Lag": "0.6207388",
        "Create Lag": "0.4176071",
        "Process Lag": "0.2031317"
      },
      {
        "Direction": "Outbound",
        "Destination": "Tallaght",
        "Time": "00:18:38",
        "AVLS": "00:19:18",
        "Tram": "3019",
        "Action": "a",
        "Msg Sent": "17/10/2019 05:42:56",
        "Msg Received": "17/10/2019 05:42:56",
        "Msg Processed": "17/10/2019 05:42:56",
        "XML ID": "436",
        "Total Lag": "0.5113709",
        "Create Lag": "0.3863628",
        "Process Lag": "0.1250081"
      }
    ]
  },
  {
    "stopID": "58",
    "stopQueryTime": 1571287380920,
    "count": 0,
    "results": []
  },
  {
    "stopID": "17",
    "stopQueryTime": 1571287380927,
    "count": 3,
    "results": [
      {
        "Direction": "Inbound",
        "Destination": "The Point",
        "Time": "00:10:55",
        "AVLS": "00:11:35",
        "Tram": "4003",
        "Action": "a",
        "Msg Sent": "17/10/2019 05:42:53",
        "Msg Received": "17/10/2019 05:42:53",
        "Msg Processed": "17/10/2019 05:42:53",
        "XML ID": "435",
        "Total Lag": "0.6207388",
        "Create Lag": "0.4176071",
        "Process Lag": "0.2031317"
      },
      {
        "Direction": "Inbound",
        "Destination": "The Point",
        "Time": "00:17:57",
        "AVLS": "00:18:37",
        "Tram": "3018",
        "Action": "a",
        "Msg Sent": "17/10/2019 05:42:53",
        "Msg Received": "17/10/2019 05:42:53",
        "Msg Processed": "17/10/2019 05:42:53",
        "XML ID": "435",
        "Total Lag": "0.5113557",
        "Create Lag": "0.4176071",
        "Process Lag": "0.0937486"
      },
      {
        "Direction": "Outbound",
        "Destination": "Tallaght",
        "Time": "00:02:17",
        "AVLS": "00:02:57",
        "Tram": "3013",
        "Action": "a",
        "Msg Sent": "17/10/2019 05:42:53",
        "Msg Received": "17/10/2019 05:42:53",
        "Msg Processed": "17/10/2019 05:42:53",
        "XML ID": "435",
        "Total Lag": "0.4488643",
        "Create Lag": "0.4176071",
        "Process Lag": "0.0312572"
      }
    ]
  },
  {
    "stopID": "15",
    "stopQueryTime": 1571287380939,
    "count": 3,
    "results": [
      {
        "Direction": "Inbound",
        "Destination": "The Point",
        "Time": "00:06:19",
        "AVLS": "00:06:59",
        "Tram": "4003",
        "Action": "a",
        "Msg Sent": "17/10/2019 05:42:53",
        "Msg Received": "17/10/2019 05:42:53",
        "Msg Processed": "17/10/2019 05:42:53",
        "XML ID": "435",
        "Total Lag": "0.6051056",
        "Create Lag": "0.4176071",
        "Process Lag": "0.1874985"
      },
      {
        "Direction": "Inbound",
        "Destination": "The Point",
        "Time": "00:13:21",
        "AVLS": "00:14:01",
        "Tram": "3018",
        "Action": "a",
        "Msg Sent": "17/10/2019 05:42:53",
        "Msg Received": "17/10/2019 05:42:53",
        "Msg Processed": "17/10/2019 05:42:53",
        "XML ID": "435",
        "Total Lag": "0.5113557",
        "Create Lag": "0.4176071",
        "Process Lag": "0.0937486"
      },
      {
        "Direction": "Outbound",
        "Destination": "Tallaght",
        "Time": "00:07:16",
        "AVLS": "00:07:56",
        "Tram": "3013",
        "Action": "a",
        "Msg Sent": "17/10/2019 05:42:53",
        "Msg Received": "17/10/2019 05:42:53",
        "Msg Processed": "17/10/2019 05:42:53",
        "XML ID": "435",
        "Total Lag": "0.4488643",
        "Create Lag": "0.4176071",
        "Process Lag": "0.0312572"
      }
    ]
  },
  {
    "stopID": "54",
    "stopQueryTime": 1571287380945,
    "count": 1,
    "results": [
      {
        "Direction": "Outbound",
        "Destination": "Tallaght",
        "Time": "00:11:02",
        "AVLS": "00:11:42",
        "Tram": "3019",
        "Action": "a",
        "Msg Sent": "17/10/2019 05:42:56",
        "Msg Received": "17/10/2019 05:42:56",
        "Msg Processed": "17/10/2019 05:42:56",
        "XML ID": "436",
        "Total Lag": "0.5113709",
        "Create Lag": "0.3863628",
        "Process Lag": "0.1250081"
      }
    ]
  },
  {
    "stopID": "5",
    "stopQueryTime": 1571287380948,
    "count": 2,
    "results": [
      {
        "Direction": "Inbound",
        "Destination": "The Point",
        "Time": "00:16:13",
        "AVLS": "00:16:53",
        "Tram": "4004",
        "Action": "a",
        "Msg Sent": "17/10/2019 05:42:53",
        "Msg Received": "17/10/2019 05:42:53",
        "Msg Processed": "17/10/2019 05:42:53",
        "XML ID": "435",
        "Total Lag": "0.6519838",
        "Create Lag": "0.4176071",
        "Process Lag": "0.2343767"
      },
      {
        "Direction": "Outbound",
        "Destination": "Saggart",
        "Time": "00:01:27",
        "AVLS": "00:02:07",
        "Tram": "3009",
        "Action": "d",
        "Msg Sent": "17/10/2019 05:42:53",
        "Msg Received": "17/10/2019 05:42:53",
        "Msg Processed": "17/10/2019 05:42:53",
        "XML ID": "435",
        "Total Lag": "0.4176071",
        "Create Lag": "0.4176071",
        "Process Lag": "0"
      }
    ]
  },
  {
    "stopID": "57",
    "stopQueryTime": 1571287380957,
    "count": 1,
    "results": [
      {
        "Direction": "Outbound",
        "Destination": "Tallaght",
        "Time": "00:06:56",
        "AVLS": "00:07:36",
        "Tram": "3019",
        "Action": "d",
        "Msg Sent": "17/10/2019 05:42:56",
        "Msg Received": "17/10/2019 05:42:56",
        "Msg Processed": "17/10/2019 05:42:56",
        "XML ID": "436",
        "Total Lag": "0.4957388",
        "Create Lag": "0.3863628",
        "Process Lag": "0.109376"
      }
    ]
  },
  {
    "stopID": "30",
    "stopQueryTime": 1571287380960,
    "count": 2,
    "results": [
      {
        "Direction": "Inbound",
        "Destination": "Broombridge",
        "Time": "00:00:00",
        "AVLS": "00:00:30",
        "Tram": "3020",
        "Action": "a",
        "Msg Sent": "17/10/2019 05:42:53",
        "Msg Received": "17/10/2019 05:42:53",
        "Msg Processed": "17/10/2019 05:42:53",
        "XML ID": "435",
        "Total Lag": "0.5426059",
        "Create Lag": "0.4176071",
        "Process Lag": "0.1249988"
      },
      {
        "Direction": "Inbound",
        "Destination": "Broombridge",
        "Time": "00:14:40",
        "AVLS": "00:15:20",
        "Tram": "5011",
        "Action": "a",
        "Msg Sent": "17/10/2019 05:42:53",
        "Msg Received": "17/10/2019 05:42:53",
        "Msg Processed": "17/10/2019 05:42:53",
        "XML ID": "435",
        "Total Lag": "0.7457291",
        "Create Lag": "0.4176071",
        "Process Lag": "0.328122"
      }
    ]
  },
  {
    "stopID": "23",
    "stopQueryTime": 1571287380963,
    "count": 0,
    "results": []
  },
  {
    "stopID": "2",
    "stopQueryTime": 1571287380966,
    "count": 1,
    "results": [
      {
        "Direction": "Inbound",
        "Destination": "The Point",
        "Time": "00:09:34",
        "AVLS": "00:10:14",
        "Tram": "4004",
        "Action": "a",
        "Msg Sent": "17/10/2019 05:42:53",
        "Msg Received": "17/10/2019 05:42:53",
        "Msg Processed": "17/10/2019 05:42:53",
        "XML ID": "435",
        "Total Lag": "0.636356",
        "Create Lag": "0.4176071",
        "Process Lag": "0.2187489"
      }
    ]
  },
  {
    "stopID": "24",
    "stopQueryTime": 1571287380974,
    "count": 2,
    "results": [
      {
        "Direction": "Inbound",
        "Destination": "Broombridge",
        "Time": "00:11:04",
        "AVLS": "00:11:44",
        "Tram": "3020",
        "Action": "a",
        "Msg Sent": "17/10/2019 05:42:53",
        "Msg Received": "17/10/2019 05:42:53",
        "Msg Processed": "17/10/2019 05:42:53",
        "XML ID": "435",
        "Total Lag": "0.5582309",
        "Create Lag": "0.4176071",
        "Process Lag": "0.1406238"
      },
      {
        "Direction": "Outbound",
        "Destination": "Bride's Glen",
        "Time": "00:09:51",
        "AVLS": "00:10:31",
        "Tram": "5029",
        "Action": "a",
        "Msg Sent": "17/10/2019 05:42:56",
        "Msg Received": "17/10/2019 05:42:56",
        "Msg Processed": "17/10/2019 05:42:56",
        "XML ID": "436",
        "Total Lag": "0.464495",
        "Create Lag": "0.3863628",
        "Process Lag": "0.0781322"
      }
    ]
  },
  {
    "stopID": "55",
    "stopQueryTime": 1571287380977,
    "count": 1,
    "results": [
      {
        "Direction": "Outbound",
        "Destination": "Tallaght",
        "Time": "00:09:34",
        "AVLS": "00:10:14",
        "Tram": "3019",
        "Action": "a",
        "Msg Sent": "17/10/2019 05:42:56",
        "Msg Received": "17/10/2019 05:42:56",
        "Msg Processed": "17/10/2019 05:42:56",
        "XML ID": "436",
        "Total Lag": "0.4957388",
        "Create Lag": "0.3863628",
        "Process Lag": "0.109376"
      }
    ]
  },
  {
    "stopID": "19",
    "stopQueryTime": 1571287380978,
    "count": 2,
    "results": [
      {
        "Direction": "Inbound",
        "Destination": "The Point",
        "Time": "00:14:15",
        "AVLS": "00:14:55",
        "Tram": "4003",
        "Action": "a",
        "Msg Sent": "17/10/2019 05:42:53",
        "Msg Received": "17/10/2019 05:42:53",
        "Msg Processed": "17/10/2019 05:42:53",
        "XML ID": "435",
        "Total Lag": "0.6207388",
        "Create Lag": "0.4176071",
        "Process Lag": "0.2031317"
      },
      {
        "Direction": "Outbound",
        "Destination": "Tallaght",
        "Time": "00:00:00",
        "AVLS": "00:00:00",
        "Tram": "3013",
        "Action": "a",
        "Msg Sent": "17/10/2019 05:42:49",
        "Msg Received": "17/10/2019 05:42:49",
        "Msg Processed": "17/10/2019 05:42:49",
        "XML ID": "434",
        "Total Lag": "0.4644789",
        "Create Lag": "0.4644789",
        "Process Lag": "0"
      }
    ]
  },
  {
    "stopID": "4",
    "stopQueryTime": 1571287380980,
    "count": 3,
    "results": [
      {
        "Direction": "Inbound",
        "Destination": "The Point",
        "Time": "00:14:20",
        "AVLS": "00:15:00",
        "Tram": "4004",
        "Action": "a",
        "Msg Sent": "17/10/2019 05:42:53",
        "Msg Received": "17/10/2019 05:42:53",
        "Msg Processed": "17/10/2019 05:42:53",
        "XML ID": "435",
        "Total Lag": "0.636356",
        "Create Lag": "0.4176071",
        "Process Lag": "0.2187489"
      },
      {
        "Direction": "Outbound",
        "Destination": "Saggart",
        "Time": "00:03:10",
        "AVLS": "00:03:50",
        "Tram": "3009",
        "Action": "a",
        "Msg Sent": "17/10/2019 05:42:53",
        "Msg Received": "17/10/2019 05:42:53",
        "Msg Processed": "17/10/2019 05:42:53",
        "XML ID": "435",
        "Total Lag": "0.4332322",
        "Create Lag": "0.4176071",
        "Process Lag": "0.0156251"
      },
      {
        "Direction": "Outbound",
        "Destination": "Saggart",
        "Time": "00:16:54",
        "AVLS": "00:17:34",
        "Tram": "3026",
        "Action": "a",
        "Msg Sent": "17/10/2019 05:42:59",
        "Msg Received": "17/10/2019 05:42:59",
        "Msg Processed": "17/10/2019 05:42:59",
        "XML ID": "437",
        "Total Lag": "0.4019882",
        "Create Lag": "0.3863646",
        "Process Lag": "0.0156236"
      }
    ]
  },
  {
    "stopID": "12",
    "stopQueryTime": 1571287380984,
    "count": 3,
    "results": [
      {
        "Direction": "Inbound",
        "Destination": "The Point",
        "Time": "00:02:15",
        "AVLS": "00:02:55",
        "Tram": "4003",
        "Action": "a",
        "Msg Sent": "17/10/2019 05:42:53",
        "Msg Received": "17/10/2019 05:42:53",
        "Msg Processed": "17/10/2019 05:42:53",
        "XML ID": "435",
        "Total Lag": "0.6051056",
        "Create Lag": "0.4176071",
        "Process Lag": "0.1874985"
      },
      {
        "Direction": "Inbound",
        "Destination": "The Point",
        "Time": "00:09:17",
        "AVLS": "00:09:57",
        "Tram": "3018",
        "Action": "a",
        "Msg Sent": "17/10/2019 05:42:53",
        "Msg Received": "17/10/2019 05:42:53",
        "Msg Processed": "17/10/2019 05:42:53",
        "XML ID": "435",
        "Total Lag": "0.4957401",
        "Create Lag": "0.4176071",
        "Process Lag": "0.078133"
      },
      {
        "Direction": "Outbound",
        "Destination": "Tallaght",
        "Time": "00:11:56",
        "AVLS": "00:12:36",
        "Tram": "3013",
        "Action": "a",
        "Msg Sent": "17/10/2019 05:42:53",
        "Msg Received": "17/10/2019 05:42:53",
        "Msg Processed": "17/10/2019 05:42:53",
        "XML ID": "435",
        "Total Lag": "0.464494",
        "Create Lag": "0.4176071",
        "Process Lag": "0.0468869"
      }
    ]
  },
  {
    "stopID": "29",
    "stopQueryTime": 1571287380987,
    "count": 3,
    "results": [
      {
        "Direction": "Inbound",
        "Destination": "Broombridge",
        "Time": "00:01:35",
        "AVLS": "00:02:15",
        "Tram": "3020",
        "Action": "a",
        "Msg Sent": "17/10/2019 05:42:53",
        "Msg Received": "17/10/2019 05:42:53",
        "Msg Processed": "17/10/2019 05:42:53",
        "XML ID": "435",
        "Total Lag": "0.5426059",
        "Create Lag": "0.4176071",
        "Process Lag": "0.1249988"
      },
      {
        "Direction": "Inbound",
        "Destination": "Broombridge",
        "Time": "00:16:25",
        "AVLS": "00:17:05",
        "Tram": "5011",
        "Action": "a",
        "Msg Sent": "17/10/2019 05:42:56",
        "Msg Received": "17/10/2019 05:42:56",
        "Msg Processed": "17/10/2019 05:42:56",
        "XML ID": "436",
        "Total Lag": "0.3863628",
        "Create Lag": "0.3863628",
        "Process Lag": "0"
      },
      {
        "Direction": "Outbound",
        "Destination": "Bride's Glen",
        "Time": "00:19:19",
        "AVLS": "00:19:59",
        "Tram": "5029",
        "Action": "a",
        "Msg Sent": "17/10/2019 05:42:56",
        "Msg Received": "17/10/2019 05:42:56",
        "Msg Processed": "17/10/2019 05:42:56",
        "XML ID": "436",
        "Total Lag": "0.4801591",
        "Create Lag": "0.3863628",
        "Process Lag": "0.0937963"
      }
    ]
  },
  {
    "stopID": "14",
    "stopQueryTime": 1571287380993,
    "count": 3,
    "results": [
      {
        "Direction": "Inbound",
        "Destination": "The Point",
        "Time": "00:04:41",
        "AVLS": "00:05:21",
        "Tram": "4003",
        "Action": "a",
        "Msg Sent": "17/10/2019 05:42:53",
        "Msg Received": "17/10/2019 05:42:53",
        "Msg Processed": "17/10/2019 05:42:53",
        "XML ID": "435",
        "Total Lag": "0.6051056",
        "Create Lag": "0.4176071",
        "Process Lag": "0.1874985"
      },
      {
        "Direction": "Inbound",
        "Destination": "The Point",
        "Time": "00:11:43",
        "AVLS": "00:12:23",
        "Tram": "3018",
        "Action": "a",
        "Msg Sent": "17/10/2019 05:42:53",
        "Msg Received": "17/10/2019 05:42:53",
        "Msg Processed": "17/10/2019 05:42:53",
        "XML ID": "435",
        "Total Lag": "0.5113557",
        "Create Lag": "0.4176071",
        "Process Lag": "0.0937486"
      },
      {
        "Direction": "Outbound",
        "Destination": "Tallaght",
        "Time": "00:09:15",
        "AVLS": "00:09:55",
        "Tram": "3013",
        "Action": "a",
        "Msg Sent": "17/10/2019 05:42:53",
        "Msg Received": "17/10/2019 05:42:53",
        "Msg Processed": "17/10/2019 05:42:53",
        "XML ID": "435",
        "Total Lag": "0.464494",
        "Create Lag": "0.4176071",
        "Process Lag": "0.0468869"
      }
    ]
  },
  {
    "stopID": "22",
    "stopQueryTime": 1571287380995,
    "count": 1,
    "results": [
      {
        "Direction": "Outbound",
        "Destination": "Tallaght",
        "Time": "00:12:58",
        "AVLS": "00:13:38",
        "Tram": "3019",
        "Action": "a",
        "Msg Sent": "17/10/2019 05:42:56",
        "Msg Received": "17/10/2019 05:42:56",
        "Msg Processed": "17/10/2019 05:42:56",
        "XML ID": "436",
        "Total Lag": "0.5113709",
        "Create Lag": "0.3863628",
        "Process Lag": "0.1250081"
      }
    ]
  },
  {
    "stopID": "34",
    "stopQueryTime": 1571287380997,
    "count": 2,
    "results": [
      {
        "Direction": "Inbound",
        "Destination": "Broombridge",
        "Time": "00:07:29",
        "AVLS": "00:08:09",
        "Tram": "5011",
        "Action": "a",
        "Msg Sent": "17/10/2019 05:42:53",
        "Msg Received": "17/10/2019 05:42:53",
        "Msg Processed": "17/10/2019 05:42:53",
        "XML ID": "435",
        "Total Lag": "0.7301073",
        "Create Lag": "0.4176071",
        "Process Lag": "0.3125002"
      },
      {
        "Direction": "Outbound",
        "Destination": "Bride's Glen",
        "Time": "00:02:39",
        "AVLS": "00:03:19",
        "Tram": "5021",
        "Action": "a",
        "Msg Sent": "17/10/2019 05:42:56",
        "Msg Received": "17/10/2019 05:42:56",
        "Msg Processed": "17/10/2019 05:42:56",
        "XML ID": "436",
        "Total Lag": "0.401985",
        "Create Lag": "0.3863628",
        "Process Lag": "0.0156222"
      }
    ]
  },
  {
    "stopID": "18",
    "stopQueryTime": 1571287381004,
    "count": 2,
    "results": [
      {
        "Direction": "Inbound",
        "Destination": "The Point",
        "Time": "00:12:59",
        "AVLS": "00:13:39",
        "Tram": "4003",
        "Action": "a",
        "Msg Sent": "17/10/2019 05:42:53",
        "Msg Received": "17/10/2019 05:42:53",
        "Msg Processed": "17/10/2019 05:42:53",
        "XML ID": "435",
        "Total Lag": "0.6207388",
        "Create Lag": "0.4176071",
        "Process Lag": "0.2031317"
      },
      {
        "Direction": "Outbound",
        "Destination": "Tallaght",
        "Time": "00:00:18",
        "AVLS": "00:00:58",
        "Tram": "3013",
        "Action": "a",
        "Msg Sent": "17/10/2019 05:42:53",
        "Msg Received": "17/10/2019 05:42:53",
        "Msg Processed": "17/10/2019 05:42:53",
        "XML ID": "435",
        "Total Lag": "0.4488643",
        "Create Lag": "0.4176071",
        "Process Lag": "0.0312572"
      }
    ]
  },
  {
    "stopID": "48",
    "stopQueryTime": 1571287381007,
    "count": 1,
    "results": [
      {
        "Direction": "Inbound",
        "Destination": "Broombridge",
        "Time": "00:06:27",
        "AVLS": "00:07:07",
        "Tram": "5006",
        "Action": "d",
        "Msg Sent": "17/10/2019 05:42:53",
        "Msg Received": "17/10/2019 05:42:53",
        "Msg Processed": "17/10/2019 05:42:53",
        "XML ID": "435",
        "Total Lag": "0.6988631",
        "Create Lag": "0.4176071",
        "Process Lag": "0.281256"
      }
    ]
  },
  {
    "stopID": "28",
    "stopQueryTime": 1571287381009,
    "count": 3,
    "results": [
      {
        "Direction": "Inbound",
        "Destination": "Broombridge",
        "Time": "00:03:04",
        "AVLS": "00:03:44",
        "Tram": "3020",
        "Action": "a",
        "Msg Sent": "17/10/2019 05:42:53",
        "Msg Received": "17/10/2019 05:42:53",
        "Msg Processed": "17/10/2019 05:42:53",
        "XML ID": "435",
        "Total Lag": "0.5582309",
        "Create Lag": "0.4176071",
        "Process Lag": "0.1406238"
      },
      {
        "Direction": "Inbound",
        "Destination": "Broombridge",
        "Time": "00:17:54",
        "AVLS": "00:18:34",
        "Tram": "5011",
        "Action": "a",
        "Msg Sent": "17/10/2019 05:42:56",
        "Msg Received": "17/10/2019 05:42:56",
        "Msg Processed": "17/10/2019 05:42:56",
        "XML ID": "436",
        "Total Lag": "0.401985",
        "Create Lag": "0.3863628",
        "Process Lag": "0.0156222"
      },
      {
        "Direction": "Outbound",
        "Destination": "Bride's Glen",
        "Time": "00:17:51",
        "AVLS": "00:18:31",
        "Tram": "5029",
        "Action": "a",
        "Msg Sent": "17/10/2019 05:42:56",
        "Msg Received": "17/10/2019 05:42:56",
        "Msg Processed": "17/10/2019 05:42:56",
        "XML ID": "436",
        "Total Lag": "0.4801591",
        "Create Lag": "0.3863628",
        "Process Lag": "0.0937963"
      }
    ]
  },
  {
    "stopID": "27",
    "stopQueryTime": 1571287381014,
    "count": 2,
    "results": [
      {
        "Direction": "Inbound",
        "Destination": "Broombridge",
        "Time": "00:04:35",
        "AVLS": "00:05:15",
        "Tram": "3020",
        "Action": "a",
        "Msg Sent": "17/10/2019 05:42:53",
        "Msg Received": "17/10/2019 05:42:53",
        "Msg Processed": "17/10/2019 05:42:53",
        "XML ID": "435",
        "Total Lag": "0.5582309",
        "Create Lag": "0.4176071",
        "Process Lag": "0.1406238"
      },
      {
        "Direction": "Outbound",
        "Destination": "Bride's Glen",
        "Time": "00:15:57",
        "AVLS": "00:16:37",
        "Tram": "5029",
        "Action": "a",
        "Msg Sent": "17/10/2019 05:42:56",
        "Msg Received": "17/10/2019 05:42:56",
        "Msg Processed": "17/10/2019 05:42:56",
        "XML ID": "436",
        "Total Lag": "0.4801591",
        "Create Lag": "0.3863628",
        "Process Lag": "0.0937963"
      }
    ]
  },
  {
    "stopID": "31",
    "stopQueryTime": 1571287381016,
    "count": 1,
    "results": [
      {
        "Direction": "Inbound",
        "Destination": "Broombridge",
        "Time": "00:12:53",
        "AVLS": "00:13:33",
        "Tram": "5011",
        "Action": "a",
        "Msg Sent": "17/10/2019 05:42:53",
        "Msg Received": "17/10/2019 05:42:53",
        "Msg Processed": "17/10/2019 05:42:53",
        "XML ID": "435",
        "Total Lag": "0.7457291",
        "Create Lag": "0.4176071",
        "Process Lag": "0.328122"
      }
    ]
  },
  {
    "stopID": "46",
    "stopQueryTime": 1571287381018,
    "count": 2,
    "results": [
      {
        "Direction": "Inbound",
        "Destination": "Broombridge",
        "Time": "00:09:36",
        "AVLS": "00:10:16",
        "Tram": "5006",
        "Action": "a",
        "Msg Sent": "17/10/2019 05:42:53",
        "Msg Received": "17/10/2019 05:42:53",
        "Msg Processed": "17/10/2019 05:42:53",
        "XML ID": "435",
        "Total Lag": "0.6988631",
        "Create Lag": "0.4176071",
        "Process Lag": "0.281256"
      },
      {
        "Direction": "Outbound",
        "Destination": "Bride's Glen",
        "Time": "00:17:18",
        "AVLS": "00:17:58",
        "Tram": "5002",
        "Action": "a",
        "Msg Sent": "17/10/2019 05:42:53",
        "Msg Received": "17/10/2019 05:42:53",
        "Msg Processed": "17/10/2019 05:42:53",
        "XML ID": "435",
        "Total Lag": "0.6832322",
        "Create Lag": "0.4176071",
        "Process Lag": "0.2656251"
      }
    ]
  },
  {
    "stopID": "56",
    "stopQueryTime": 1571287381021,
    "count": 1,
    "results": [
      {
        "Direction": "Outbound",
        "Destination": "Tallaght",
        "Time": "00:07:35",
        "AVLS": "00:08:15",
        "Tram": "3019",
        "Action": "a",
        "Msg Sent": "17/10/2019 05:42:56",
        "Msg Received": "17/10/2019 05:42:56",
        "Msg Processed": "17/10/2019 05:42:56",
        "XML ID": "436",
        "Total Lag": "0.4957388",
        "Create Lag": "0.3863628",
        "Process Lag": "0.109376"
      }
    ]
  },
  {
    "stopID": "40",
    "stopQueryTime": 1571287381024,
    "count": 3,
    "results": [
      {
        "Direction": "Inbound",
        "Destination": "Broombridge",
        "Time": "00:17:18",
        "AVLS": "00:17:58",
        "Tram": "5006",
        "Action": "a",
        "Msg Sent": "17/10/2019 05:42:53",
        "Msg Received": "17/10/2019 05:42:53",
        "Msg Processed": "17/10/2019 05:42:53",
        "XML ID": "435",
        "Total Lag": "0.7144874",
        "Create Lag": "0.4176071",
        "Process Lag": "0.2968803"
      },
      {
        "Direction": "Outbound",
        "Destination": "Bride's Glen",
        "Time": "00:09:41",
        "AVLS": "00:10:21",
        "Tram": "5002",
        "Action": "a",
        "Msg Sent": "17/10/2019 05:42:53",
        "Msg Received": "17/10/2019 05:42:53",
        "Msg Processed": "17/10/2019 05:42:53",
        "XML ID": "435",
        "Total Lag": "0.6676058",
        "Create Lag": "0.4176071",
        "Process Lag": "0.2499987"
      },
      {
        "Direction": "Outbound",
        "Destination": "Bride's Glen",
        "Time": "00:12:53",
        "AVLS": "00:13:33",
        "Tram": "5021",
        "Action": "a",
        "Msg Sent": "17/10/2019 05:42:56",
        "Msg Received": "17/10/2019 05:42:56",
        "Msg Processed": "17/10/2019 05:42:56",
        "XML ID": "436",
        "Total Lag": "0.4176119",
        "Create Lag": "0.3863628",
        "Process Lag": "0.0312491"
      }
    ]
  },
  {
    "stopID": "33",
    "stopQueryTime": 1571287381030,
    "count": 2,
    "results": [
      {
        "Direction": "Inbound",
        "Destination": "Broombridge",
        "Time": "00:09:12",
        "AVLS": "00:09:52",
        "Tram": "5011",
        "Action": "a",
        "Msg Sent": "17/10/2019 05:42:53",
        "Msg Received": "17/10/2019 05:42:53",
        "Msg Processed": "17/10/2019 05:42:53",
        "XML ID": "435",
        "Total Lag": "0.7301073",
        "Create Lag": "0.4176071",
        "Process Lag": "0.3125002"
      },
      {
        "Direction": "Outbound",
        "Destination": "Bride's Glen",
        "Time": "00:01:05",
        "AVLS": "00:01:45",
        "Tram": "5021",
        "Action": "a",
        "Msg Sent": "17/10/2019 05:42:56",
        "Msg Received": "17/10/2019 05:42:56",
        "Msg Processed": "17/10/2019 05:42:56",
        "XML ID": "436",
        "Total Lag": "0.401985",
        "Create Lag": "0.3863628",
        "Process Lag": "0.0156222"
      }
    ]
  },
  {
    "stopID": "52",
    "stopQueryTime": 1571287381034,
    "count": 2,
    "results": [
      {
        "Direction": "Inbound",
        "Destination": "Belgard",
        "Time": "00:01:05",
        "AVLS": "00:01:45",
        "Tram": "3026",
        "Action": "a",
        "Msg Sent": "17/10/2019 05:42:59",
        "Msg Received": "17/10/2019 05:42:59",
        "Msg Processed": "17/10/2019 05:42:59",
        "XML ID": "437",
        "Total Lag": "0.3863646",
        "Create Lag": "0.3863646",
        "Process Lag": "0"
      },
      {
        "Direction": "Outbound",
        "Destination": "Saggart",
        "Time": "00:11:23",
        "AVLS": "00:12:03",
        "Tram": "3009",
        "Action": "a",
        "Msg Sent": "17/10/2019 05:42:53",
        "Msg Received": "17/10/2019 05:42:53",
        "Msg Processed": "17/10/2019 05:42:53",
        "XML ID": "435",
        "Total Lag": "0.4332322",
        "Create Lag": "0.4176071",
        "Process Lag": "0.0156251"
      }
    ]
  },
  {
    "stopID": "53",
    "stopQueryTime": 1571287381036,
    "count": 2,
    "results": [
      {
        "Direction": "Inbound",
        "Destination": "Belgard",
        "Time": "00:18:27",
        "AVLS": "00:19:07",
        "Tram": "3009",
        "Action": "d",
        "Msg Sent": "17/10/2019 05:42:53",
        "Msg Received": "17/10/2019 05:42:53",
        "Msg Processed": "17/10/2019 05:42:53",
        "XML ID": "435",
        "Total Lag": "0.4488643",
        "Create Lag": "0.4176071",
        "Process Lag": "0.0312572"
      },
      {
        "Direction": "Terminating",
        "Destination": "Saggart",
        "Time": "00:13:27",
        "AVLS": "00:14:07",
        "Tram": "3009",
        "Action": "a",
        "Msg Sent": "17/10/2019 05:42:53",
        "Msg Received": "17/10/2019 05:42:53",
        "Msg Processed": "17/10/2019 05:42:53",
        "XML ID": "435",
        "Total Lag": "0.4488643",
        "Create Lag": "0.4176071",
        "Process Lag": "0.0312572"
      }
    ]
  },
  {
    "stopID": "43",
    "stopQueryTime": 1571287381043,
    "count": 3,
    "results": [
      {
        "Direction": "Inbound",
        "Destination": "Broombridge",
        "Time": "00:13:31",
        "AVLS": "00:14:11",
        "Tram": "5006",
        "Action": "a",
        "Msg Sent": "17/10/2019 05:42:53",
        "Msg Received": "17/10/2019 05:42:53",
        "Msg Processed": "17/10/2019 05:42:53",
        "XML ID": "435",
        "Total Lag": "0.6988631",
        "Create Lag": "0.4176071",
        "Process Lag": "0.281256"
      },
      {
        "Direction": "Outbound",
        "Destination": "Bride's Glen",
        "Time": "00:13:22",
        "AVLS": "00:14:02",
        "Tram": "5002",
        "Action": "a",
        "Msg Sent": "17/10/2019 05:42:53",
        "Msg Received": "17/10/2019 05:42:53",
        "Msg Processed": "17/10/2019 05:42:53",
        "XML ID": "435",
        "Total Lag": "0.6676058",
        "Create Lag": "0.4176071",
        "Process Lag": "0.2499987"
      },
      {
        "Direction": "Outbound",
        "Destination": "Bride's Glen",
        "Time": "00:16:34",
        "AVLS": "00:17:14",
        "Tram": "5021",
        "Action": "a",
        "Msg Sent": "17/10/2019 05:42:56",
        "Msg Received": "17/10/2019 05:42:56",
        "Msg Processed": "17/10/2019 05:42:56",
        "XML ID": "436",
        "Total Lag": "0.4332686",
        "Create Lag": "0.3863628",
        "Process Lag": "0.0469058"
      }
    ]
  },
  {
    "stopID": "39",
    "stopQueryTime": 1571287381045,
    "count": 3,
    "results": [
      {
        "Direction": "Inbound",
        "Destination": "Broombridge",
        "Time": "00:18:48",
        "AVLS": "00:19:28",
        "Tram": "5006",
        "Action": "a",
        "Msg Sent": "17/10/2019 05:42:53",
        "Msg Received": "17/10/2019 05:42:53",
        "Msg Processed": "17/10/2019 05:42:53",
        "XML ID": "435",
        "Total Lag": "0.7144874",
        "Create Lag": "0.4176071",
        "Process Lag": "0.2968803"
      },
      {
        "Direction": "Outbound",
        "Destination": "Bride's Glen",
        "Time": "00:08:13",
        "AVLS": "00:08:53",
        "Tram": "5002",
        "Action": "a",
        "Msg Sent": "17/10/2019 05:42:53",
        "Msg Received": "17/10/2019 05:42:53",
        "Msg Processed": "17/10/2019 05:42:53",
        "XML ID": "435",
        "Total Lag": "0.6676058",
        "Create Lag": "0.4176071",
        "Process Lag": "0.2499987"
      },
      {
        "Direction": "Outbound",
        "Destination": "Bride's Glen",
        "Time": "00:11:25",
        "AVLS": "00:12:05",
        "Tram": "5021",
        "Action": "a",
        "Msg Sent": "17/10/2019 05:42:56",
        "Msg Received": "17/10/2019 05:42:56",
        "Msg Processed": "17/10/2019 05:42:56",
        "XML ID": "436",
        "Total Lag": "0.4176119",
        "Create Lag": "0.3863628",
        "Process Lag": "0.0312491"
      }
    ]
  },
  {
    "stopID": "47",
    "stopQueryTime": 1571287381046,
    "count": 2,
    "results": [
      {
        "Direction": "Inbound",
        "Destination": "Broombridge",
        "Time": "00:07:35",
        "AVLS": "00:08:15",
        "Tram": "5006",
        "Action": "a",
        "Msg Sent": "17/10/2019 05:42:53",
        "Msg Received": "17/10/2019 05:42:53",
        "Msg Processed": "17/10/2019 05:42:53",
        "XML ID": "435",
        "Total Lag": "0.6988631",
        "Create Lag": "0.4176071",
        "Process Lag": "0.281256"
      },
      {
        "Direction": "Outbound",
        "Destination": "Bride's Glen",
        "Time": "00:19:15",
        "AVLS": "00:19:55",
        "Tram": "5002",
        "Action": "a",
        "Msg Sent": "17/10/2019 05:42:53",
        "Msg Received": "17/10/2019 05:42:53",
        "Msg Processed": "17/10/2019 05:42:53",
        "XML ID": "435",
        "Total Lag": "0.6832322",
        "Create Lag": "0.4176071",
        "Process Lag": "0.2656251"
      }
    ]
  },
  {
    "stopID": "26",
    "stopQueryTime": 1571287381052,
    "count": 2,
    "results": [
      {
        "Direction": "Inbound",
        "Destination": "Broombridge",
        "Time": "00:05:56",
        "AVLS": "00:06:36",
        "Tram": "3020",
        "Action": "a",
        "Msg Sent": "17/10/2019 05:42:53",
        "Msg Received": "17/10/2019 05:42:53",
        "Msg Processed": "17/10/2019 05:42:53",
        "XML ID": "435",
        "Total Lag": "0.5582309",
        "Create Lag": "0.4176071",
        "Process Lag": "0.1406238"
      },
      {
        "Direction": "Outbound",
        "Destination": "Bride's Glen",
        "Time": "00:14:29",
        "AVLS": "00:15:09",
        "Tram": "5029",
        "Action": "a",
        "Msg Sent": "17/10/2019 05:42:56",
        "Msg Received": "17/10/2019 05:42:56",
        "Msg Processed": "17/10/2019 05:42:56",
        "XML ID": "436",
        "Total Lag": "0.4801591",
        "Create Lag": "0.3863628",
        "Process Lag": "0.0937963"
      }
    ]
  },
  {
    "stopID": "36",
    "stopQueryTime": 1571287381055,
    "count": 3,
    "results": [
      {
        "Direction": "Inbound",
        "Destination": "Broombridge",
        "Time": "00:03:54",
        "AVLS": "00:04:34",
        "Tram": "5011",
        "Action": "a",
        "Msg Sent": "17/10/2019 05:42:53",
        "Msg Received": "17/10/2019 05:42:53",
        "Msg Processed": "17/10/2019 05:42:53",
        "XML ID": "435",
        "Total Lag": "0.7301073",
        "Create Lag": "0.4176071",
        "Process Lag": "0.3125002"
      },
      {
        "Direction": "Outbound",
        "Destination": "Bride's Glen",
        "Time": "00:02:27",
        "AVLS": "00:03:07",
        "Tram": "5002",
        "Action": "d",
        "Msg Sent": "17/10/2019 05:42:53",
        "Msg Received": "17/10/2019 05:42:53",
        "Msg Processed": "17/10/2019 05:42:53",
        "XML ID": "435",
        "Total Lag": "0.6519838",
        "Create Lag": "0.4176071",
        "Process Lag": "0.2343767"
      },
      {
        "Direction": "Outbound",
        "Destination": "Bride's Glen",
        "Time": "00:05:39",
        "AVLS": "00:06:19",
        "Tram": "5021",
        "Action": "a",
        "Msg Sent": "17/10/2019 05:42:56",
        "Msg Received": "17/10/2019 05:42:56",
        "Msg Processed": "17/10/2019 05:42:56",
        "XML ID": "436",
        "Total Lag": "0.4176119",
        "Create Lag": "0.3863628",
        "Process Lag": "0.0312491"
      }
    ]
  },
  {
    "stopID": "32",
    "stopQueryTime": 1571287381060,
    "count": 2,
    "results": [
      {
        "Direction": "Inbound",
        "Destination": "Broombridge",
        "Time": "00:10:54",
        "AVLS": "00:11:34",
        "Tram": "5011",
        "Action": "a",
        "Msg Sent": "17/10/2019 05:42:53",
        "Msg Received": "17/10/2019 05:42:53",
        "Msg Processed": "17/10/2019 05:42:53",
        "XML ID": "435",
        "Total Lag": "0.7301073",
        "Create Lag": "0.4176071",
        "Process Lag": "0.3125002"
      },
      {
        "Direction": "Outbound",
        "Destination": "Bride's Glen",
        "Time": "00:00:00",
        "AVLS": "00:00:19",
        "Tram": "5021",
        "Action": "a",
        "Msg Sent": "17/10/2019 05:42:56",
        "Msg Received": "17/10/2019 05:42:56",
        "Msg Processed": "17/10/2019 05:42:56",
        "XML ID": "436",
        "Total Lag": "0.401985",
        "Create Lag": "0.3863628",
        "Process Lag": "0.0156222"
      }
    ]
  },
  {
    "stopID": "51",
    "stopQueryTime": 1571287381062,
    "count": 2,
    "results": [
      {
        "Direction": "Inbound",
        "Destination": "Belgard",
        "Time": "00:02:21",
        "AVLS": "00:03:01",
        "Tram": "3026",
        "Action": "a",
        "Msg Sent": "17/10/2019 05:42:59",
        "Msg Received": "17/10/2019 05:42:59",
        "Msg Processed": "17/10/2019 05:42:59",
        "XML ID": "437",
        "Total Lag": "0.3863646",
        "Create Lag": "0.3863646",
        "Process Lag": "0"
      },
      {
        "Direction": "Outbound",
        "Destination": "Saggart",
        "Time": "00:10:11",
        "AVLS": "00:10:51",
        "Tram": "3009",
        "Action": "a",
        "Msg Sent": "17/10/2019 05:42:53",
        "Msg Received": "17/10/2019 05:42:53",
        "Msg Processed": "17/10/2019 05:42:53",
        "XML ID": "435",
        "Total Lag": "0.4332322",
        "Create Lag": "0.4176071",
        "Process Lag": "0.0156251"
      }
    ]
  },
  {
    "stopID": "9",
    "stopQueryTime": 1571287381066,
    "count": 3,
    "results": [
      {
        "Direction": "Inbound",
        "Destination": "The Point",
        "Time": "00:00:00",
        "AVLS": "00:00:00",
        "Tram": "4003",
        "Action": "a",
        "Msg Sent": "17/10/2019 05:42:49",
        "Msg Received": "17/10/2019 05:42:49",
        "Msg Processed": "17/10/2019 05:42:49",
        "XML ID": "434",
        "Total Lag": "0.5113559",
        "Create Lag": "0.4644789",
        "Process Lag": "0.046877"
      },
      {
        "Direction": "Inbound",
        "Destination": "The Point",
        "Time": "00:06:16",
        "AVLS": "00:06:56",
        "Tram": "3018",
        "Action": "a",
        "Msg Sent": "17/10/2019 05:42:53",
        "Msg Received": "17/10/2019 05:42:53",
        "Msg Processed": "17/10/2019 05:42:53",
        "XML ID": "435",
        "Total Lag": "0.4957401",
        "Create Lag": "0.4176071",
        "Process Lag": "0.078133"
      },
      {
        "Direction": "Outbound",
        "Destination": "Tallaght",
        "Time": "00:15:13",
        "AVLS": "00:15:53",
        "Tram": "3013",
        "Action": "a",
        "Msg Sent": "17/10/2019 05:42:53",
        "Msg Received": "17/10/2019 05:42:53",
        "Msg Processed": "17/10/2019 05:42:53",
        "XML ID": "435",
        "Total Lag": "0.4801129",
        "Create Lag": "0.4176071",
        "Process Lag": "0.0625058"
      }
    ]
  },
  {
    "stopID": "49",
    "stopQueryTime": 1571287381071,
    "count": 2,
    "results": [
      {
        "Direction": "Inbound",
        "Destination": "Belgard",
        "Time": "00:05:56",
        "AVLS": "00:06:36",
        "Tram": "3026",
        "Action": "a",
        "Msg Sent": "17/10/2019 05:42:59",
        "Msg Received": "17/10/2019 05:42:59",
        "Msg Processed": "17/10/2019 05:42:59",
        "XML ID": "437",
        "Total Lag": "0.3863646",
        "Create Lag": "0.3863646",
        "Process Lag": "0"
      },
      {
        "Direction": "Outbound",
        "Destination": "Saggart",
        "Time": "00:06:52",
        "AVLS": "00:07:32",
        "Tram": "3009",
        "Action": "a",
        "Msg Sent": "17/10/2019 05:42:53",
        "Msg Received": "17/10/2019 05:42:53",
        "Msg Processed": "17/10/2019 05:42:53",
        "XML ID": "435",
        "Total Lag": "0.4332322",
        "Create Lag": "0.4176071",
        "Process Lag": "0.0156251"
      }
    ]
  },
  {
    "stopID": "3",
    "stopQueryTime": 1571287381075,
    "count": 1,
    "results": [
      {
        "Direction": "Inbound",
        "Destination": "The Point",
        "Time": "00:11:15",
        "AVLS": "00:11:55",
        "Tram": "4004",
        "Action": "a",
        "Msg Sent": "17/10/2019 05:42:53",
        "Msg Received": "17/10/2019 05:42:53",
        "Msg Processed": "17/10/2019 05:42:53",
        "XML ID": "435",
        "Total Lag": "0.636356",
        "Create Lag": "0.4176071",
        "Process Lag": "0.2187489"
      }
    ]
  },
  {
    "stopID": "37",
    "stopQueryTime": 1571287381077,
    "count": 3,
    "results": [
      {
        "Direction": "Inbound",
        "Destination": "Broombridge",
        "Time": "00:01:30",
        "AVLS": "00:02:10",
        "Tram": "5011",
        "Action": "a",
        "Msg Sent": "17/10/2019 05:42:53",
        "Msg Received": "17/10/2019 05:42:53",
        "Msg Processed": "17/10/2019 05:42:53",
        "XML ID": "435",
        "Total Lag": "0.7144874",
        "Create Lag": "0.4176071",
        "Process Lag": "0.2968803"
      },
      {
        "Direction": "Outbound",
        "Destination": "Bride's Glen",
        "Time": "00:05:00",
        "AVLS": "00:05:40",
        "Tram": "5002",
        "Action": "a",
        "Msg Sent": "17/10/2019 05:42:53",
        "Msg Received": "17/10/2019 05:42:53",
        "Msg Processed": "17/10/2019 05:42:53",
        "XML ID": "435",
        "Total Lag": "0.6519838",
        "Create Lag": "0.4176071",
        "Process Lag": "0.2343767"
      },
      {
        "Direction": "Outbound",
        "Destination": "Bride's Glen",
        "Time": "00:08:12",
        "AVLS": "00:08:52",
        "Tram": "5021",
        "Action": "a",
        "Msg Sent": "17/10/2019 05:42:56",
        "Msg Received": "17/10/2019 05:42:56",
        "Msg Processed": "17/10/2019 05:42:56",
        "XML ID": "436",
        "Total Lag": "0.4176119",
        "Create Lag": "0.3863628",
        "Process Lag": "0.0312491"
      }
    ]
  },
  {
    "stopID": "50",
    "stopQueryTime": 1571287381081,
    "count": 2,
    "results": [
      {
        "Direction": "Inbound",
        "Destination": "Belgard",
        "Time": "00:04:08",
        "AVLS": "00:04:48",
        "Tram": "3026",
        "Action": "a",
        "Msg Sent": "17/10/2019 05:42:59",
        "Msg Received": "17/10/2019 05:42:59",
        "Msg Processed": "17/10/2019 05:42:59",
        "XML ID": "437",
        "Total Lag": "0.3863646",
        "Create Lag": "0.3863646",
        "Process Lag": "0"
      },
      {
        "Direction": "Outbound",
        "Destination": "Saggart",
        "Time": "00:08:31",
        "AVLS": "00:09:11",
        "Tram": "3009",
        "Action": "a",
        "Msg Sent": "17/10/2019 05:42:53",
        "Msg Received": "17/10/2019 05:42:53",
        "Msg Processed": "17/10/2019 05:42:53",
        "XML ID": "435",
        "Total Lag": "0.4332322",
        "Create Lag": "0.4176071",
        "Process Lag": "0.0156251"
      }
    ]
  },
  {
    "stopID": "11",
    "stopQueryTime": 1571287381088,
    "count": 3,
    "results": [
      {
        "Direction": "Inbound",
        "Destination": "The Point",
        "Time": "00:01:16",
        "AVLS": "00:01:56",
        "Tram": "4003",
        "Action": "a",
        "Msg Sent": "17/10/2019 05:42:53",
        "Msg Received": "17/10/2019 05:42:53",
        "Msg Processed": "17/10/2019 05:42:53",
        "XML ID": "435",
        "Total Lag": "0.6051056",
        "Create Lag": "0.4176071",
        "Process Lag": "0.1874985"
      },
      {
        "Direction": "Inbound",
        "Destination": "The Point",
        "Time": "00:08:18",
        "AVLS": "00:08:58",
        "Tram": "3018",
        "Action": "a",
        "Msg Sent": "17/10/2019 05:42:53",
        "Msg Received": "17/10/2019 05:42:53",
        "Msg Processed": "17/10/2019 05:42:53",
        "XML ID": "435",
        "Total Lag": "0.4957401",
        "Create Lag": "0.4176071",
        "Process Lag": "0.078133"
      },
      {
        "Direction": "Outbound",
        "Destination": "Tallaght",
        "Time": "00:13:01",
        "AVLS": "00:13:41",
        "Tram": "3013",
        "Action": "a",
        "Msg Sent": "17/10/2019 05:42:53",
        "Msg Received": "17/10/2019 05:42:53",
        "Msg Processed": "17/10/2019 05:42:53",
        "XML ID": "435",
        "Total Lag": "0.464494",
        "Create Lag": "0.4176071",
        "Process Lag": "0.0468869"
      }
    ]
  },
  {
    "stopID": "25",
    "stopQueryTime": 1571287381095,
    "count": 2,
    "results": [
      {
        "Direction": "Inbound",
        "Destination": "Broombridge",
        "Time": "00:08:06",
        "AVLS": "00:08:46",
        "Tram": "3020",
        "Action": "a",
        "Msg Sent": "17/10/2019 05:42:53",
        "Msg Received": "17/10/2019 05:42:53",
        "Msg Processed": "17/10/2019 05:42:53",
        "XML ID": "435",
        "Total Lag": "0.5582309",
        "Create Lag": "0.4176071",
        "Process Lag": "0.1406238"
      },
      {
        "Direction": "Outbound",
        "Destination": "Bride's Glen",
        "Time": "00:11:49",
        "AVLS": "00:12:29",
        "Tram": "5029",
        "Action": "a",
        "Msg Sent": "17/10/2019 05:42:56",
        "Msg Received": "17/10/2019 05:42:56",
        "Msg Processed": "17/10/2019 05:42:56",
        "XML ID": "436",
        "Total Lag": "0.464495",
        "Create Lag": "0.3863628",
        "Process Lag": "0.0781322"
      }
    ]
  },
  {
    "stopID": "21",
    "stopQueryTime": 1571287381101,
    "count": 2,
    "results": [
      {
        "Direction": "Inbound",
        "Destination": "The Point",
        "Time": "00:18:44",
        "AVLS": "00:19:24",
        "Tram": "4003",
        "Action": "a",
        "Msg Sent": "17/10/2019 05:42:53",
        "Msg Received": "17/10/2019 05:42:53",
        "Msg Processed": "17/10/2019 05:42:53",
        "XML ID": "435",
        "Total Lag": "0.636356",
        "Create Lag": "0.4176071",
        "Process Lag": "0.2187489"
      },
      {
        "Direction": "Outbound",
        "Destination": "Tallaght",
        "Time": "00:16:26",
        "AVLS": "00:17:06",
        "Tram": "3019",
        "Action": "a",
        "Msg Sent": "17/10/2019 05:42:56",
        "Msg Received": "17/10/2019 05:42:56",
        "Msg Processed": "17/10/2019 05:42:56",
        "XML ID": "436",
        "Total Lag": "0.5113709",
        "Create Lag": "0.3863628",
        "Process Lag": "0.1250081"
      }
    ]
  },
  {
    "stopID": "38",
    "stopQueryTime": 1571287381104,
    "count": 3,
    "results": [
      {
        "Direction": "Inbound",
        "Destination": "Broombridge",
        "Time": "00:00:00",
        "AVLS": "00:00:40",
        "Tram": "5011",
        "Action": "a",
        "Msg Sent": "17/10/2019 05:42:53",
        "Msg Received": "17/10/2019 05:42:53",
        "Msg Processed": "17/10/2019 05:42:53",
        "XML ID": "435",
        "Total Lag": "0.7144874",
        "Create Lag": "0.4176071",
        "Process Lag": "0.2968803"
      },
      {
        "Direction": "Outbound",
        "Destination": "Bride's Glen",
        "Time": "00:06:28",
        "AVLS": "00:07:08",
        "Tram": "5002",
        "Action": "a",
        "Msg Sent": "17/10/2019 05:42:53",
        "Msg Received": "17/10/2019 05:42:53",
        "Msg Processed": "17/10/2019 05:42:53",
        "XML ID": "435",
        "Total Lag": "0.6676058",
        "Create Lag": "0.4176071",
        "Process Lag": "0.2499987"
      },
      {
        "Direction": "Outbound",
        "Destination": "Bride's Glen",
        "Time": "00:09:40",
        "AVLS": "00:10:20",
        "Tram": "5021",
        "Action": "a",
        "Msg Sent": "17/10/2019 05:42:56",
        "Msg Received": "17/10/2019 05:42:56",
        "Msg Processed": "17/10/2019 05:42:56",
        "XML ID": "436",
        "Total Lag": "0.4176119",
        "Create Lag": "0.3863628",
        "Process Lag": "0.0312491"
      }
    ]
  },
  {
    "stopID": "42",
    "stopQueryTime": 1571287381111,
    "count": 3,
    "results": [
      {
        "Direction": "Inbound",
        "Destination": "Broombridge",
        "Time": "00:15:07",
        "AVLS": "00:15:47",
        "Tram": "5006",
        "Action": "a",
        "Msg Sent": "17/10/2019 05:42:53",
        "Msg Received": "17/10/2019 05:42:53",
        "Msg Processed": "17/10/2019 05:42:53",
        "XML ID": "435",
        "Total Lag": "0.7144874",
        "Create Lag": "0.4176071",
        "Process Lag": "0.2968803"
      },
      {
        "Direction": "Outbound",
        "Destination": "Bride's Glen",
        "Time": "00:11:49",
        "AVLS": "00:12:29",
        "Tram": "5002",
        "Action": "a",
        "Msg Sent": "17/10/2019 05:42:53",
        "Msg Received": "17/10/2019 05:42:53",
        "Msg Processed": "17/10/2019 05:42:53",
        "XML ID": "435",
        "Total Lag": "0.6676058",
        "Create Lag": "0.4176071",
        "Process Lag": "0.2499987"
      },
      {
        "Direction": "Outbound",
        "Destination": "Bride's Glen",
        "Time": "00:15:01",
        "AVLS": "00:15:41",
        "Tram": "5021",
        "Action": "a",
        "Msg Sent": "17/10/2019 05:42:56",
        "Msg Received": "17/10/2019 05:42:56",
        "Msg Processed": "17/10/2019 05:42:56",
        "XML ID": "436",
        "Total Lag": "0.4332686",
        "Create Lag": "0.3863628",
        "Process Lag": "0.0469058"
      }
    ]
  },
  {
    "stopID": "16",
    "stopQueryTime": 1571287381115,
    "count": 3,
    "results": [
      {
        "Direction": "Inbound",
        "Destination": "The Point",
        "Time": "00:08:44",
        "AVLS": "00:09:24",
        "Tram": "4003",
        "Action": "a",
        "Msg Sent": "17/10/2019 05:42:53",
        "Msg Received": "17/10/2019 05:42:53",
        "Msg Processed": "17/10/2019 05:42:53",
        "XML ID": "435",
        "Total Lag": "0.6207388",
        "Create Lag": "0.4176071",
        "Process Lag": "0.2031317"
      },
      {
        "Direction": "Inbound",
        "Destination": "The Point",
        "Time": "00:15:46",
        "AVLS": "00:16:26",
        "Tram": "3018",
        "Action": "a",
        "Msg Sent": "17/10/2019 05:42:53",
        "Msg Received": "17/10/2019 05:42:53",
        "Msg Processed": "17/10/2019 05:42:53",
        "XML ID": "435",
        "Total Lag": "0.5113557",
        "Create Lag": "0.4176071",
        "Process Lag": "0.0937486"
      },
      {
        "Direction": "Outbound",
        "Destination": "Tallaght",
        "Time": "00:04:05",
        "AVLS": "00:04:45",
        "Tram": "3013",
        "Action": "a",
        "Msg Sent": "17/10/2019 05:42:53",
        "Msg Received": "17/10/2019 05:42:53",
        "Msg Processed": "17/10/2019 05:42:53",
        "XML ID": "435",
        "Total Lag": "0.4488643",
        "Create Lag": "0.4176071",
        "Process Lag": "0.0312572"
      }
    ]
  },
  {
    "stopID": "8",
    "stopQueryTime": 1571287381116,
    "count": 2,
    "results": [
      {
        "Direction": "Inbound",
        "Destination": "The Point",
        "Time": "00:04:14",
        "AVLS": "00:04:54",
        "Tram": "3018",
        "Action": "a",
        "Msg Sent": "17/10/2019 05:42:53",
        "Msg Received": "17/10/2019 05:42:53",
        "Msg Processed": "17/10/2019 05:42:53",
        "XML ID": "435",
        "Total Lag": "0.4957401",
        "Create Lag": "0.4176071",
        "Process Lag": "0.078133"
      },
      {
        "Direction": "Outbound",
        "Destination": "Tallaght",
        "Time": "00:17:28",
        "AVLS": "00:18:08",
        "Tram": "3013",
        "Action": "a",
        "Msg Sent": "17/10/2019 05:42:53",
        "Msg Received": "17/10/2019 05:42:53",
        "Msg Processed": "17/10/2019 05:42:53",
        "XML ID": "435",
        "Total Lag": "0.4801129",
        "Create Lag": "0.4176071",
        "Process Lag": "0.0625058"
      }
    ]
  },
  {
    "stopID": "35",
    "stopQueryTime": 1571287381118,
    "count": 2,
    "results": [
      {
        "Direction": "Inbound",
        "Destination": "Broombridge",
        "Time": "00:05:29",
        "AVLS": "00:06:09",
        "Tram": "5011",
        "Action": "a",
        "Msg Sent": "17/10/2019 05:42:53",
        "Msg Received": "17/10/2019 05:42:53",
        "Msg Processed": "17/10/2019 05:42:53",
        "XML ID": "435",
        "Total Lag": "0.7301073",
        "Create Lag": "0.4176071",
        "Process Lag": "0.3125002"
      },
      {
        "Direction": "Outbound",
        "Destination": "Bride's Glen",
        "Time": "00:04:18",
        "AVLS": "00:04:58",
        "Tram": "5021",
        "Action": "a",
        "Msg Sent": "17/10/2019 05:42:56",
        "Msg Received": "17/10/2019 05:42:56",
        "Msg Processed": "17/10/2019 05:42:56",
        "XML ID": "436",
        "Total Lag": "0.401985",
        "Create Lag": "0.3863628",
        "Process Lag": "0.0156222"
      }
    ]
  },
  {
    "stopID": "13",
    "stopQueryTime": 1571287381125,
    "count": 3,
    "results": [
      {
        "Direction": "Inbound",
        "Destination": "The Point",
        "Time": "00:03:48",
        "AVLS": "00:04:28",
        "Tram": "4003",
        "Action": "a",
        "Msg Sent": "17/10/2019 05:42:53",
        "Msg Received": "17/10/2019 05:42:53",
        "Msg Processed": "17/10/2019 05:42:53",
        "XML ID": "435",
        "Total Lag": "0.6051056",
        "Create Lag": "0.4176071",
        "Process Lag": "0.1874985"
      },
      {
        "Direction": "Inbound",
        "Destination": "The Point",
        "Time": "00:10:50",
        "AVLS": "00:11:30",
        "Tram": "3018",
        "Action": "a",
        "Msg Sent": "17/10/2019 05:42:53",
        "Msg Received": "17/10/2019 05:42:53",
        "Msg Processed": "17/10/2019 05:42:53",
        "XML ID": "435",
        "Total Lag": "0.5113557",
        "Create Lag": "0.4176071",
        "Process Lag": "0.0937486"
      },
      {
        "Direction": "Outbound",
        "Destination": "Tallaght",
        "Time": "00:10:15",
        "AVLS": "00:10:55",
        "Tram": "3013",
        "Action": "a",
        "Msg Sent": "17/10/2019 05:42:53",
        "Msg Received": "17/10/2019 05:42:53",
        "Msg Processed": "17/10/2019 05:42:53",
        "XML ID": "435",
        "Total Lag": "0.464494",
        "Create Lag": "0.4176071",
        "Process Lag": "0.0468869"
      }
    ]
  },
  {
    "stopID": "44",
    "stopQueryTime": 1571287381127,
    "count": 3,
    "results": [
      {
        "Direction": "Inbound",
        "Destination": "Broombridge",
        "Time": "00:12:27",
        "AVLS": "00:13:07",
        "Tram": "5006",
        "Action": "a",
        "Msg Sent": "17/10/2019 05:42:53",
        "Msg Received": "17/10/2019 05:42:53",
        "Msg Processed": "17/10/2019 05:42:53",
        "XML ID": "435",
        "Total Lag": "0.6988631",
        "Create Lag": "0.4176071",
        "Process Lag": "0.281256"
      },
      {
        "Direction": "Outbound",
        "Destination": "Bride's Glen",
        "Time": "00:14:27",
        "AVLS": "00:15:07",
        "Tram": "5002",
        "Action": "a",
        "Msg Sent": "17/10/2019 05:42:53",
        "Msg Received": "17/10/2019 05:42:53",
        "Msg Processed": "17/10/2019 05:42:53",
        "XML ID": "435",
        "Total Lag": "0.6832322",
        "Create Lag": "0.4176071",
        "Process Lag": "0.2656251"
      },
      {
        "Direction": "Outbound",
        "Destination": "Bride's Glen",
        "Time": "00:17:39",
        "AVLS": "00:18:19",
        "Tram": "5021",
        "Action": "a",
        "Msg Sent": "17/10/2019 05:42:56",
        "Msg Received": "17/10/2019 05:42:56",
        "Msg Processed": "17/10/2019 05:42:56",
        "XML ID": "436",
        "Total Lag": "0.4332686",
        "Create Lag": "0.3863628",
        "Process Lag": "0.0469058"
      }
    ]
  },
  {
    "stopID": "45",
    "stopQueryTime": 1571287381130,
    "count": 3,
    "results": [
      {
        "Direction": "Inbound",
        "Destination": "Broombridge",
        "Time": "00:10:58",
        "AVLS": "00:11:38",
        "Tram": "5006",
        "Action": "a",
        "Msg Sent": "17/10/2019 05:42:53",
        "Msg Received": "17/10/2019 05:42:53",
        "Msg Processed": "17/10/2019 05:42:53",
        "XML ID": "435",
        "Total Lag": "0.6988631",
        "Create Lag": "0.4176071",
        "Process Lag": "0.281256"
      },
      {
        "Direction": "Outbound",
        "Destination": "Bride's Glen",
        "Time": "00:15:55",
        "AVLS": "00:16:35",
        "Tram": "5002",
        "Action": "a",
        "Msg Sent": "17/10/2019 05:42:53",
        "Msg Received": "17/10/2019 05:42:53",
        "Msg Processed": "17/10/2019 05:42:53",
        "XML ID": "435",
        "Total Lag": "0.6832322",
        "Create Lag": "0.4176071",
        "Process Lag": "0.2656251"
      },
      {
        "Direction": "Outbound",
        "Destination": "Bride's Glen",
        "Time": "00:19:07",
        "AVLS": "00:19:47",
        "Tram": "5021",
        "Action": "a",
        "Msg Sent": "17/10/2019 05:42:56",
        "Msg Received": "17/10/2019 05:42:56",
        "Msg Processed": "17/10/2019 05:42:56",
        "XML ID": "436",
        "Total Lag": "0.4332686",
        "Create Lag": "0.3863628",
        "Process Lag": "0.0469058"
      }
    ]
  },
  {
    "stopID": "10",
    "stopQueryTime": 1571287381144,
    "count": 3,
    "results": [
      {
        "Direction": "Inbound",
        "Destination": "The Point",
        "Time": "00:00:24",
        "AVLS": "00:01:04",
        "Tram": "4003",
        "Action": "a",
        "Msg Sent": "17/10/2019 05:42:53",
        "Msg Received": "17/10/2019 05:42:53",
        "Msg Processed": "17/10/2019 05:42:53",
        "XML ID": "435",
        "Total Lag": "0.5894856",
        "Create Lag": "0.4176071",
        "Process Lag": "0.1718785"
      },
      {
        "Direction": "Inbound",
        "Destination": "The Point",
        "Time": "00:07:26",
        "AVLS": "00:08:06",
        "Tram": "3018",
        "Action": "a",
        "Msg Sent": "17/10/2019 05:42:53",
        "Msg Received": "17/10/2019 05:42:53",
        "Msg Processed": "17/10/2019 05:42:53",
        "XML ID": "435",
        "Total Lag": "0.4957401",
        "Create Lag": "0.4176071",
        "Process Lag": "0.078133"
      },
      {
        "Direction": "Outbound",
        "Destination": "Tallaght",
        "Time": "00:13:57",
        "AVLS": "00:14:37",
        "Tram": "3013",
        "Action": "a",
        "Msg Sent": "17/10/2019 05:42:53",
        "Msg Received": "17/10/2019 05:42:53",
        "Msg Processed": "17/10/2019 05:42:53",
        "XML ID": "435",
        "Total Lag": "0.464494",
        "Create Lag": "0.4176071",
        "Process Lag": "0.0468869"
      }
    ]
  }
]