[
  {
    "stopID": "28",
    "stopQueryTime": 1571285940730,
    "count": 1,
    "results": [
      {
        "Direction": "Outbound",
        "Destination": "Bride's Glen",
        "Time": "00:18:27",
        "AVLS": "00:19:07",
        "Tram": "5021",
        "Action": "a",
        "Msg Sent": "17/10/2019 05:18:54",
        "Msg Received": "17/10/2019 05:18:54",
        "Msg Processed": "17/10/2019 05:18:54",
        "XML ID": "127",
        "Total Lag": "0.5400107",
        "Create Lag": "0.3681324",
        "Process Lag": "0.1718783"
      }
    ]
  },
  {
    "stopID": "18",
    "stopQueryTime": 1571285940733,
    "count": 0,
    "results": []
  },
  {
    "stopID": "14",
    "stopQueryTime": 1571285940751,
    "count": 0,
    "results": []
  },
  {
    "stopID": "15",
    "stopQueryTime": 1571285940755,
    "count": 0,
    "results": []
  },
  {
    "stopID": "23",
    "stopQueryTime": 1571285940757,
    "count": 0,
    "results": []
  },
  {
    "stopID": "17",
    "stopQueryTime": 1571285940761,
    "count": 0,
    "results": []
  },
  {
    "stopID": "30",
    "stopQueryTime": 1571285940762,
    "count": 0,
    "results": []
  },
  {
    "stopID": "1",
    "stopQueryTime": 1571285940770,
    "count": 1,
    "results": [
      {
        "Direction": "Inbound",
        "Destination": "The Point",
        "Time": "00:10:27",
        "AVLS": "00:11:07",
        "Tram": "3018",
        "Action": "d",
        "Msg Sent": "17/10/2019 05:18:54",
        "Msg Received": "17/10/2019 05:18:54",
        "Msg Processed": "17/10/2019 05:18:54",
        "XML ID": "127",
        "Total Lag": "0.4931325",
        "Create Lag": "0.3681324",
        "Process Lag": "0.1250001"
      }
    ]
  },
  {
    "stopID": "9",
    "stopQueryTime": 1571285940772,
    "count": 1,
    "results": [
      {
        "Direction": "Inbound",
        "Destination": "The Point",
        "Time": "00:15:57",
        "AVLS": "00:16:37",
        "Tram": "4003",
        "Action": "a",
        "Msg Sent": "17/10/2019 05:18:54",
        "Msg Received": "17/10/2019 05:18:54",
        "Msg Processed": "17/10/2019 05:18:54",
        "XML ID": "127",
        "Total Lag": "0.4306416",
        "Create Lag": "0.3681324",
        "Process Lag": "0.0625092"
      }
    ]
  },
  {
    "stopID": "8",
    "stopQueryTime": 1571285940774,
    "count": 1,
    "results": [
      {
        "Direction": "Inbound",
        "Destination": "The Point",
        "Time": "00:13:55",
        "AVLS": "00:14:35",
        "Tram": "4003",
        "Action": "a",
        "Msg Sent": "17/10/2019 05:18:54",
        "Msg Received": "17/10/2019 05:18:54",
        "Msg Processed": "17/10/2019 05:18:54",
        "XML ID": "127",
        "Total Lag": "0.4306416",
        "Create Lag": "0.3681324",
        "Process Lag": "0.0625092"
      }
    ]
  },
  {
    "stopID": "13",
    "stopQueryTime": 1571285940775,
    "count": 0,
    "results": []
  },
  {
    "stopID": "6",
    "stopQueryTime": 1571285940781,
    "count": 1,
    "results": [
      {
        "Direction": "Inbound",
        "Destination": "The Point",
        "Time": "00:08:27",
        "AVLS": "00:09:07",
        "Tram": "4003",
        "Action": "d",
        "Msg Sent": "17/10/2019 05:18:54",
        "Msg Received": "17/10/2019 05:18:54",
        "Msg Processed": "17/10/2019 05:18:54",
        "XML ID": "127",
        "Total Lag": "0.4150164",
        "Create Lag": "0.3681324",
        "Process Lag": "0.046884"
      }
    ]
  },
  {
    "stopID": "33",
    "stopQueryTime": 1571285940794,
    "count": 1,
    "results": [
      {
        "Direction": "Inbound",
        "Destination": "Broombridge",
        "Time": "00:15:45",
        "AVLS": "00:16:25",
        "Tram": "3020",
        "Action": "a",
        "Msg Sent": "17/10/2019 05:18:54",
        "Msg Received": "17/10/2019 05:18:54",
        "Msg Processed": "17/10/2019 05:18:54",
        "XML ID": "127",
        "Total Lag": "0.4150164",
        "Create Lag": "0.3681324",
        "Process Lag": "0.046884"
      }
    ]
  },
  {
    "stopID": "19",
    "stopQueryTime": 1571285940796,
    "count": 0,
    "results": []
  },
  {
    "stopID": "7",
    "stopQueryTime": 1571285940798,
    "count": 1,
    "results": [
      {
        "Direction": "Inbound",
        "Destination": "The Point",
        "Time": "00:12:29",
        "AVLS": "00:13:09",
        "Tram": "4003",
        "Action": "a",
        "Msg Sent": "17/10/2019 05:18:54",
        "Msg Received": "17/10/2019 05:18:54",
        "Msg Processed": "17/10/2019 05:18:54",
        "XML ID": "127",
        "Total Lag": "0.4150164",
        "Create Lag": "0.3681324",
        "Process Lag": "0.046884"
      }
    ]
  },
  {
    "stopID": "21",
    "stopQueryTime": 1571285940809,
    "count": 0,
    "results": []
  },
  {
    "stopID": "38",
    "stopQueryTime": 1571285940812,
    "count": 1,
    "results": [
      {
        "Direction": "Outbound",
        "Destination": "Bride's Glen",
        "Time": "00:11:28",
        "AVLS": "00:12:08",
        "Tram": "5006",
        "Action": "a",
        "Msg Sent": "17/10/2019 05:18:54",
        "Msg Received": "17/10/2019 05:18:54",
        "Msg Processed": "17/10/2019 05:18:54",
        "XML ID": "127",
        "Total Lag": "0.4618837",
        "Create Lag": "0.3681324",
        "Process Lag": "0.0937513"
      }
    ]
  },
  {
    "stopID": "49",
    "stopQueryTime": 1571285940829,
    "count": 0,
    "results": []
  },
  {
    "stopID": "50",
    "stopQueryTime": 1571285940830,
    "count": 0,
    "results": []
  },
  {
    "stopID": "16",
    "stopQueryTime": 1571285940839,
    "count": 0,
    "results": []
  },
  {
    "stopID": "11",
    "stopQueryTime": 1571285940846,
    "count": 1,
    "results": [
      {
        "Direction": "Inbound",
        "Destination": "The Point",
        "Time": "00:17:59",
        "AVLS": "00:18:39",
        "Tram": "4003",
        "Action": "a",
        "Msg Sent": "17/10/2019 05:18:54",
        "Msg Received": "17/10/2019 05:18:54",
        "Msg Processed": "17/10/2019 05:18:54",
        "XML ID": "127",
        "Total Lag": "0.4306416",
        "Create Lag": "0.3681324",
        "Process Lag": "0.0625092"
      }
    ]
  },
  {
    "stopID": "24",
    "stopQueryTime": 1571285940849,
    "count": 1,
    "results": [
      {
        "Direction": "Outbound",
        "Destination": "Bride's Glen",
        "Time": "00:10:27",
        "AVLS": "00:11:07",
        "Tram": "5021",
        "Action": "d",
        "Msg Sent": "17/10/2019 05:18:54",
        "Msg Received": "17/10/2019 05:18:54",
        "Msg Processed": "17/10/2019 05:18:54",
        "XML ID": "127",
        "Total Lag": "0.5243955",
        "Create Lag": "0.3681324",
        "Process Lag": "0.1562631"
      }
    ]
  },
  {
    "stopID": "51",
    "stopQueryTime": 1571285940862,
    "count": 0,
    "results": []
  },
  {
    "stopID": "12",
    "stopQueryTime": 1571285940877,
    "count": 1,
    "results": [
      {
        "Direction": "Inbound",
        "Destination": "The Point",
        "Time": "00:18:58",
        "AVLS": "00:19:38",
        "Tram": "4003",
        "Action": "a",
        "Msg Sent": "17/10/2019 05:18:54",
        "Msg Received": "17/10/2019 05:18:54",
        "Msg Processed": "17/10/2019 05:18:54",
        "XML ID": "127",
        "Total Lag": "0.4306416",
        "Create Lag": "0.3681324",
        "Process Lag": "0.0625092"
      }
    ]
  },
  {
    "stopID": "31",
    "stopQueryTime": 1571285940893,
    "count": 0,
    "results": []
  },
  {
    "stopID": "3",
    "stopQueryTime": 1571285940896,
    "count": 2,
    "results": [
      {
        "Direction": "Inbound",
        "Destination": "The Point",
        "Time": "00:13:22",
        "AVLS": "00:14:02",
        "Tram": "3018",
        "Action": "a",
        "Msg Sent": "17/10/2019 05:18:54",
        "Msg Received": "17/10/2019 05:18:54",
        "Msg Processed": "17/10/2019 05:18:54",
        "XML ID": "127",
        "Total Lag": "0.4931325",
        "Create Lag": "0.3681324",
        "Process Lag": "0.1250001"
      },
      {
        "Direction": "Outbound",
        "Destination": "Tallaght",
        "Time": "00:16:30",
        "AVLS": "00:17:10",
        "Tram": "4004",
        "Action": "a",
        "Msg Sent": "17/10/2019 05:18:54",
        "Msg Received": "17/10/2019 05:18:54",
        "Msg Processed": "17/10/2019 05:18:54",
        "XML ID": "127",
        "Total Lag": "0.4462645",
        "Create Lag": "0.3681324",
        "Process Lag": "0.0781321"
      }
    ]
  },
  {
    "stopID": "26",
    "stopQueryTime": 1571285940898,
    "count": 1,
    "results": [
      {
        "Direction": "Outbound",
        "Destination": "Bride's Glen",
        "Time": "00:15:05",
        "AVLS": "00:15:45",
        "Tram": "5021",
        "Action": "a",
        "Msg Sent": "17/10/2019 05:18:54",
        "Msg Received": "17/10/2019 05:18:54",
        "Msg Processed": "17/10/2019 05:18:54",
        "XML ID": "127",
        "Total Lag": "0.5243955",
        "Create Lag": "0.3681324",
        "Process Lag": "0.1562631"
      }
    ]
  },
  {
    "stopID": "45",
    "stopQueryTime": 1571285940900,
    "count": 1,
    "results": [
      {
        "Direction": "Inbound",
        "Destination": "Broombridge",
        "Time": "00:14:58",
        "AVLS": "00:15:38",
        "Tram": "5011",
        "Action": "a",
        "Msg Sent": "17/10/2019 05:18:54",
        "Msg Received": "17/10/2019 05:18:54",
        "Msg Processed": "17/10/2019 05:18:54",
        "XML ID": "127",
        "Total Lag": "0.5087691",
        "Create Lag": "0.3681324",
        "Process Lag": "0.1406367"
      }
    ]
  },
  {
    "stopID": "20",
    "stopQueryTime": 1571285940904,
    "count": 0,
    "results": []
  },
  {
    "stopID": "10",
    "stopQueryTime": 1571285940915,
    "count": 1,
    "results": [
      {
        "Direction": "Inbound",
        "Destination": "The Point",
        "Time": "00:17:07",
        "AVLS": "00:17:47",
        "Tram": "4003",
        "Action": "a",
        "Msg Sent": "17/10/2019 05:18:54",
        "Msg Received": "17/10/2019 05:18:54",
        "Msg Processed": "17/10/2019 05:18:54",
        "XML ID": "127",
        "Total Lag": "0.4306416",
        "Create Lag": "0.3681324",
        "Process Lag": "0.0625092"
      }
    ]
  },
  {
    "stopID": "27",
    "stopQueryTime": 1571285940918,
    "count": 1,
    "results": [
      {
        "Direction": "Outbound",
        "Destination": "Bride's Glen",
        "Time": "00:16:33",
        "AVLS": "00:17:13",
        "Tram": "5021",
        "Action": "a",
        "Msg Sent": "17/10/2019 05:18:54",
        "Msg Received": "17/10/2019 05:18:54",
        "Msg Processed": "17/10/2019 05:18:54",
        "XML ID": "127",
        "Total Lag": "0.5400107",
        "Create Lag": "0.3681324",
        "Process Lag": "0.1718783"
      }
    ]
  },
  {
    "stopID": "29",
    "stopQueryTime": 1571285940932,
    "count": 0,
    "results": []
  },
  {
    "stopID": "37",
    "stopQueryTime": 1571285940934,
    "count": 1,
    "results": [
      {
        "Direction": "Outbound",
        "Destination": "Bride's Glen",
        "Time": "00:10:00",
        "AVLS": "00:10:40",
        "Tram": "5006",
        "Action": "a",
        "Msg Sent": "17/10/2019 05:18:54",
        "Msg Received": "17/10/2019 05:18:54",
        "Msg Processed": "17/10/2019 05:18:54",
        "XML ID": "127",
        "Total Lag": "0.4618837",
        "Create Lag": "0.3681324",
        "Process Lag": "0.0937513"
      }
    ]
  },
  {
    "stopID": "4",
    "stopQueryTime": 1571285940937,
    "count": 2,
    "results": [
      {
        "Direction": "Inbound",
        "Destination": "The Point",
        "Time": "00:16:27",
        "AVLS": "00:17:07",
        "Tram": "3018",
        "Action": "a",
        "Msg Sent": "17/10/2019 05:18:54",
        "Msg Received": "17/10/2019 05:18:54",
        "Msg Processed": "17/10/2019 05:18:54",
        "XML ID": "127",
        "Total Lag": "0.4931325",
        "Create Lag": "0.3681324",
        "Process Lag": "0.1250001"
      },
      {
        "Direction": "Outbound",
        "Destination": "Tallaght",
        "Time": "00:14:38",
        "AVLS": "00:15:18",
        "Tram": "4004",
        "Action": "a",
        "Msg Sent": "17/10/2019 05:18:54",
        "Msg Received": "17/10/2019 05:18:54",
        "Msg Processed": "17/10/2019 05:18:54",
        "XML ID": "127",
        "Total Lag": "0.4462645",
        "Create Lag": "0.3681324",
        "Process Lag": "0.0781321"
      }
    ]
  },
  {
    "stopID": "44",
    "stopQueryTime": 1571285940938,
    "count": 1,
    "results": [
      {
        "Direction": "Inbound",
        "Destination": "Broombridge",
        "Time": "00:16:27",
        "AVLS": "00:17:07",
        "Tram": "5011",
        "Action": "a",
        "Msg Sent": "17/10/2019 05:18:54",
        "Msg Received": "17/10/2019 05:18:54",
        "Msg Processed": "17/10/2019 05:18:54",
        "XML ID": "127",
        "Total Lag": "0.5243955",
        "Create Lag": "0.3681324",
        "Process Lag": "0.1562631"
      }
    ]
  },
  {
    "stopID": "58",
    "stopQueryTime": 1571285940941,
    "count": 0,
    "results": []
  },
  {
    "stopID": "53",
    "stopQueryTime": 1571285940950,
    "count": 0,
    "results": []
  },
  {
    "stopID": "5",
    "stopQueryTime": 1571285940961,
    "count": 2,
    "results": [
      {
        "Direction": "Inbound",
        "Destination": "The Point",
        "Time": "00:18:20",
        "AVLS": "00:19:00",
        "Tram": "3018",
        "Action": "a",
        "Msg Sent": "17/10/2019 05:18:54",
        "Msg Received": "17/10/2019 05:18:54",
        "Msg Processed": "17/10/2019 05:18:54",
        "XML ID": "127",
        "Total Lag": "0.5087691",
        "Create Lag": "0.3681324",
        "Process Lag": "0.1406367"
      },
      {
        "Direction": "Outbound",
        "Destination": "Tallaght",
        "Time": "00:12:27",
        "AVLS": "00:13:07",
        "Tram": "4004",
        "Action": "d",
        "Msg Sent": "17/10/2019 05:18:54",
        "Msg Received": "17/10/2019 05:18:54",
        "Msg Processed": "17/10/2019 05:18:54",
        "XML ID": "127",
        "Total Lag": "0.4462645",
        "Create Lag": "0.3681324",
        "Process Lag": "0.0781321"
      }
    ]
  },
  {
    "stopID": "52",
    "stopQueryTime": 1571285940970,
    "count": 0,
    "results": []
  },
  {
    "stopID": "25",
    "stopQueryTime": 1571285940980,
    "count": 1,
    "results": [
      {
        "Direction": "Outbound",
        "Destination": "Bride's Glen",
        "Time": "00:12:25",
        "AVLS": "00:13:05",
        "Tram": "5021",
        "Action": "a",
        "Msg Sent": "17/10/2019 05:18:54",
        "Msg Received": "17/10/2019 05:18:54",
        "Msg Processed": "17/10/2019 05:18:54",
        "XML ID": "127",
        "Total Lag": "0.5243955",
        "Create Lag": "0.3681324",
        "Process Lag": "0.1562631"
      }
    ]
  },
  {
    "stopID": "56",
    "stopQueryTime": 1571285940984,
    "count": 1,
    "results": [
      {
        "Direction": "Outbound",
        "Destination": "Tallaght",
        "Time": "00:11:33",
        "AVLS": "00:12:13",
        "Tram": "3013",
        "Action": "a",
        "Msg Sent": "17/10/2019 05:18:57",
        "Msg Received": "17/10/2019 05:18:57",
        "Msg Processed": "17/10/2019 05:18:57",
        "XML ID": "128",
        "Total Lag": "0.0400131",
        "Create Lag": "0.0243784",
        "Process Lag": "0.0156347"
      }
    ]
  },
  {
    "stopID": "48",
    "stopQueryTime": 1571285940986,
    "count": 1,
    "results": [
      {
        "Direction": "Inbound",
        "Destination": "Broombridge",
        "Time": "00:10:27",
        "AVLS": "00:11:07",
        "Tram": "5011",
        "Action": "d",
        "Msg Sent": "17/10/2019 05:18:54",
        "Msg Received": "17/10/2019 05:18:54",
        "Msg Processed": "17/10/2019 05:18:54",
        "XML ID": "127",
        "Total Lag": "0.5087691",
        "Create Lag": "0.3681324",
        "Process Lag": "0.1406367"
      }
    ]
  },
  {
    "stopID": "36",
    "stopQueryTime": 1571285940999,
    "count": 2,
    "results": [
      {
        "Direction": "Inbound",
        "Destination": "Broombridge",
        "Time": "00:10:27",
        "AVLS": "00:11:07",
        "Tram": "3020",
        "Action": "d",
        "Msg Sent": "17/10/2019 05:18:54",
        "Msg Received": "17/10/2019 05:18:54",
        "Msg Processed": "17/10/2019 05:18:54",
        "XML ID": "127",
        "Total Lag": "0.3993888",
        "Create Lag": "0.3681324",
        "Process Lag": "0.0312564"
      },
      {
        "Direction": "Outbound",
        "Destination": "Bride's Glen",
        "Time": "00:07:27",
        "AVLS": "00:08:07",
        "Tram": "5006",
        "Action": "d",
        "Msg Sent": "17/10/2019 05:18:54",
        "Msg Received": "17/10/2019 05:18:54",
        "Msg Processed": "17/10/2019 05:18:54",
        "XML ID": "127",
        "Total Lag": "0.4462645",
        "Create Lag": "0.3681324",
        "Process Lag": "0.0781321"
      }
    ]
  },
  {
    "stopID": "35",
    "stopQueryTime": 1571285941001,
    "count": 1,
    "results": [
      {
        "Direction": "Inbound",
        "Destination": "Broombridge",
        "Time": "00:12:02",
        "AVLS": "00:12:42",
        "Tram": "3020",
        "Action": "a",
        "Msg Sent": "17/10/2019 05:18:54",
        "Msg Received": "17/10/2019 05:18:54",
        "Msg Processed": "17/10/2019 05:18:54",
        "XML ID": "127",
        "Total Lag": "0.3993888",
        "Create Lag": "0.3681324",
        "Process Lag": "0.0312564"
      }
    ]
  },
  {
    "stopID": "22",
    "stopQueryTime": 1571285941006,
    "count": 1,
    "results": [
      {
        "Direction": "Outbound",
        "Destination": "Tallaght",
        "Time": "00:16:56",
        "AVLS": "00:17:36",
        "Tram": "3013",
        "Action": "a",
        "Msg Sent": "17/10/2019 05:18:57",
        "Msg Received": "17/10/2019 05:18:57",
        "Msg Processed": "17/10/2019 05:18:57",
        "XML ID": "128",
        "Total Lag": "0.0400131",
        "Create Lag": "0.0243784",
        "Process Lag": "0.0156347"
      }
    ]
  },
  {
    "stopID": "34",
    "stopQueryTime": 1571285941008,
    "count": 1,
    "results": [
      {
        "Direction": "Inbound",
        "Destination": "Broombridge",
        "Time": "00:14:02",
        "AVLS": "00:14:42",
        "Tram": "3020",
        "Action": "a",
        "Msg Sent": "17/10/2019 05:18:54",
        "Msg Received": "17/10/2019 05:18:54",
        "Msg Processed": "17/10/2019 05:18:54",
        "XML ID": "127",
        "Total Lag": "0.3993888",
        "Create Lag": "0.3681324",
        "Process Lag": "0.0312564"
      }
    ]
  },
  {
    "stopID": "32",
    "stopQueryTime": 1571285941022,
    "count": 1,
    "results": [
      {
        "Direction": "Inbound",
        "Destination": "Broombridge",
        "Time": "00:17:27",
        "AVLS": "00:18:07",
        "Tram": "3020",
        "Action": "a",
        "Msg Sent": "17/10/2019 05:18:54",
        "Msg Received": "17/10/2019 05:18:54",
        "Msg Processed": "17/10/2019 05:18:54",
        "XML ID": "127",
        "Total Lag": "0.4150164",
        "Create Lag": "0.3681324",
        "Process Lag": "0.046884"
      }
    ]
  },
  {
    "stopID": "39",
    "stopQueryTime": 1571285941026,
    "count": 1,
    "results": [
      {
        "Direction": "Outbound",
        "Destination": "Bride's Glen",
        "Time": "00:13:13",
        "AVLS": "00:13:53",
        "Tram": "5006",
        "Action": "a",
        "Msg Sent": "17/10/2019 05:18:54",
        "Msg Received": "17/10/2019 05:18:54",
        "Msg Processed": "17/10/2019 05:18:54",
        "XML ID": "127",
        "Total Lag": "0.4618837",
        "Create Lag": "0.3681324",
        "Process Lag": "0.0937513"
      }
    ]
  },
  {
    "stopID": "57",
    "stopQueryTime": 1571285941028,
    "count": 1,
    "results": [
      {
        "Direction": "Outbound",
        "Destination": "Tallaght",
        "Time": "00:10:54",
        "AVLS": "00:11:34",
        "Tram": "3013",
        "Action": "d",
        "Msg Sent": "17/10/2019 05:18:57",
        "Msg Received": "17/10/2019 05:18:57",
        "Msg Processed": "17/10/2019 05:18:57",
        "XML ID": "128",
        "Total Lag": "0.0243784",
        "Create Lag": "0.0243784",
        "Process Lag": "0"
      }
    ]
  },
  {
    "stopID": "47",
    "stopQueryTime": 1571285941029,
    "count": 1,
    "results": [
      {
        "Direction": "Inbound",
        "Destination": "Broombridge",
        "Time": "00:11:35",
        "AVLS": "00:12:15",
        "Tram": "5011",
        "Action": "a",
        "Msg Sent": "17/10/2019 05:18:54",
        "Msg Received": "17/10/2019 05:18:54",
        "Msg Processed": "17/10/2019 05:18:54",
        "XML ID": "127",
        "Total Lag": "0.5087691",
        "Create Lag": "0.3681324",
        "Process Lag": "0.1406367"
      }
    ]
  },
  {
    "stopID": "46",
    "stopQueryTime": 1571285941031,
    "count": 1,
    "results": [
      {
        "Direction": "Inbound",
        "Destination": "Broombridge",
        "Time": "00:13:36",
        "AVLS": "00:14:16",
        "Tram": "5011",
        "Action": "a",
        "Msg Sent": "17/10/2019 05:18:54",
        "Msg Received": "17/10/2019 05:18:54",
        "Msg Processed": "17/10/2019 05:18:54",
        "XML ID": "127",
        "Total Lag": "0.5087691",
        "Create Lag": "0.3681324",
        "Process Lag": "0.1406367"
      }
    ]
  },
  {
    "stopID": "2",
    "stopQueryTime": 1571285941038,
    "count": 2,
    "results": [
      {
        "Direction": "Inbound",
        "Destination": "The Point",
        "Time": "00:11:41",
        "AVLS": "00:12:21",
        "Tram": "3018",
        "Action": "a",
        "Msg Sent": "17/10/2019 05:18:54",
        "Msg Received": "17/10/2019 05:18:54",
        "Msg Processed": "17/10/2019 05:18:54",
        "XML ID": "127",
        "Total Lag": "0.4931325",
        "Create Lag": "0.3681324",
        "Process Lag": "0.1250001"
      },
      {
        "Direction": "Outbound",
        "Destination": "Tallaght",
        "Time": "00:17:46",
        "AVLS": "00:18:26",
        "Tram": "4004",
        "Action": "a",
        "Msg Sent": "17/10/2019 05:18:54",
        "Msg Received": "17/10/2019 05:18:54",
        "Msg Processed": "17/10/2019 05:18:54",
        "XML ID": "127",
        "Total Lag": "0.4462645",
        "Create Lag": "0.3681324",
        "Process Lag": "0.0781321"
      }
    ]
  },
  {
    "stopID": "54",
    "stopQueryTime": 1571285941040,
    "count": 1,
    "results": [
      {
        "Direction": "Outbound",
        "Destination": "Tallaght",
        "Time": "00:15:00",
        "AVLS": "00:15:40",
        "Tram": "3013",
        "Action": "a",
        "Msg Sent": "17/10/2019 05:18:57",
        "Msg Received": "17/10/2019 05:18:57",
        "Msg Processed": "17/10/2019 05:18:57",
        "XML ID": "128",
        "Total Lag": "0.0400131",
        "Create Lag": "0.0243784",
        "Process Lag": "0.0156347"
      }
    ]
  },
  {
    "stopID": "55",
    "stopQueryTime": 1571285941041,
    "count": 1,
    "results": [
      {
        "Direction": "Outbound",
        "Destination": "Tallaght",
        "Time": "00:13:32",
        "AVLS": "00:14:12",
        "Tram": "3013",
        "Action": "a",
        "Msg Sent": "17/10/2019 05:18:57",
        "Msg Received": "17/10/2019 05:18:57",
        "Msg Processed": "17/10/2019 05:18:57",
        "XML ID": "128",
        "Total Lag": "0.0400131",
        "Create Lag": "0.0243784",
        "Process Lag": "0.0156347"
      }
    ]
  },
  {
    "stopID": "40",
    "stopQueryTime": 1571285941047,
    "count": 1,
    "results": [
      {
        "Direction": "Outbound",
        "Destination": "Bride's Glen",
        "Time": "00:14:41",
        "AVLS": "00:15:21",
        "Tram": "5006",
        "Action": "a",
        "Msg Sent": "17/10/2019 05:18:54",
        "Msg Received": "17/10/2019 05:18:54",
        "Msg Processed": "17/10/2019 05:18:54",
        "XML ID": "127",
        "Total Lag": "0.4618837",
        "Create Lag": "0.3681324",
        "Process Lag": "0.0937513"
      }
    ]
  },
  {
    "stopID": "43",
    "stopQueryTime": 1571285941062,
    "count": 2,
    "results": [
      {
        "Direction": "Inbound",
        "Destination": "Broombridge",
        "Time": "00:17:31",
        "AVLS": "00:18:11",
        "Tram": "5011",
        "Action": "a",
        "Msg Sent": "17/10/2019 05:18:54",
        "Msg Received": "17/10/2019 05:18:54",
        "Msg Processed": "17/10/2019 05:18:54",
        "XML ID": "127",
        "Total Lag": "0.5243955",
        "Create Lag": "0.3681324",
        "Process Lag": "0.1562631"
      },
      {
        "Direction": "Outbound",
        "Destination": "Bride's Glen",
        "Time": "00:18:22",
        "AVLS": "00:19:02",
        "Tram": "5006",
        "Action": "a",
        "Msg Sent": "17/10/2019 05:18:54",
        "Msg Received": "17/10/2019 05:18:54",
        "Msg Processed": "17/10/2019 05:18:54",
        "XML ID": "127",
        "Total Lag": "0.4618837",
        "Create Lag": "0.3681324",
        "Process Lag": "0.0937513"
      }
    ]
  },
  {
    "stopID": "42",
    "stopQueryTime": 1571285941064,
    "count": 2,
    "results": [
      {
        "Direction": "Inbound",
        "Destination": "Broombridge",
        "Time": "00:19:07",
        "AVLS": "00:19:47",
        "Tram": "5011",
        "Action": "a",
        "Msg Sent": "17/10/2019 05:18:54",
        "Msg Received": "17/10/2019 05:18:54",
        "Msg Processed": "17/10/2019 05:18:54",
        "XML ID": "127",
        "Total Lag": "0.5243955",
        "Create Lag": "0.3681324",
        "Process Lag": "0.1562631"
      },
      {
        "Direction": "Outbound",
        "Destination": "Bride's Glen",
        "Time": "00:16:49",
        "AVLS": "00:17:29",
        "Tram": "5006",
        "Action": "a",
        "Msg Sent": "17/10/2019 05:18:54",
        "Msg Received": "17/10/2019 05:18:54",
        "Msg Processed": "17/10/2019 05:18:54",
        "XML ID": "127",
        "Total Lag": "0.4618837",
        "Create Lag": "0.3681324",
        "Process Lag": "0.0937513"
      }
    ]
  }
]