[
  {
    "stopID": "23",
    "stopQueryTime": 1571288040741,
    "count": 0,
    "results": []
  },
  {
    "stopID": "3",
    "stopQueryTime": 1571288040760,
    "count": 1,
    "results": [
      {
        "Direction": "Inbound",
        "Destination": "The Point",
        "Time": "00:00:00",
        "AVLS": "00:00:00",
        "Tram": "4004",
        "Action": "a",
        "Msg Sent": "17/10/2019 05:53:53",
        "Msg Received": "17/10/2019 05:53:53",
        "Msg Processed": "17/10/2019 05:53:53",
        "XML ID": "628",
        "Total Lag": "0.225786",
        "Create Lag": "0.225786",
        "Process Lag": "0"
      }
    ]
  },
  {
    "stopID": "2",
    "stopQueryTime": 1571288040769,
    "count": 0,
    "results": []
  },
  {
    "stopID": "8",
    "stopQueryTime": 1571288040790,
    "count": 2,
    "results": [
      {
        "Direction": "Inbound",
        "Destination": "The Point",
        "Time": "00:12:49",
        "AVLS": "00:13:29",
        "Tram": "4004",
        "Action": "a",
        "Msg Sent": "17/10/2019 05:53:54",
        "Msg Received": "17/10/2019 05:53:54",
        "Msg Processed": "17/10/2019 05:53:54",
        "XML ID": "629",
        "Total Lag": "0.5851698",
        "Create Lag": "0.3195407",
        "Process Lag": "0.2656291"
      },
      {
        "Direction": "Outbound",
        "Destination": "Tallaght",
        "Time": "00:07:04",
        "AVLS": "00:07:44",
        "Tram": "3013",
        "Action": "a",
        "Msg Sent": "17/10/2019 05:53:54",
        "Msg Received": "17/10/2019 05:53:54",
        "Msg Processed": "17/10/2019 05:53:54",
        "XML ID": "629",
        "Total Lag": "0.4132896",
        "Create Lag": "0.3195407",
        "Process Lag": "0.0937489"
      }
    ]
  },
  {
    "stopID": "5",
    "stopQueryTime": 1571288040794,
    "count": 2,
    "results": [
      {
        "Direction": "Inbound",
        "Destination": "The Point",
        "Time": "00:04:14",
        "AVLS": "00:04:54",
        "Tram": "4004",
        "Action": "a",
        "Msg Sent": "17/10/2019 05:53:54",
        "Msg Received": "17/10/2019 05:53:54",
        "Msg Processed": "17/10/2019 05:53:54",
        "XML ID": "629",
        "Total Lag": "0.5851698",
        "Create Lag": "0.3195407",
        "Process Lag": "0.2656291"
      },
      {
        "Direction": "Outbound",
        "Destination": "Tallaght",
        "Time": "00:15:56",
        "AVLS": "00:16:36",
        "Tram": "3013",
        "Action": "a",
        "Msg Sent": "17/10/2019 05:53:54",
        "Msg Received": "17/10/2019 05:53:54",
        "Msg Processed": "17/10/2019 05:53:54",
        "XML ID": "629",
        "Total Lag": "0.4289159",
        "Create Lag": "0.3195407",
        "Process Lag": "0.1093752"
      }
    ]
  },
  {
    "stopID": "1",
    "stopQueryTime": 1571288040809,
    "count": 0,
    "results": []
  },
  {
    "stopID": "57",
    "stopQueryTime": 1571288040810,
    "count": 0,
    "results": []
  },
  {
    "stopID": "9",
    "stopQueryTime": 1571288040813,
    "count": 2,
    "results": [
      {
        "Direction": "Inbound",
        "Destination": "The Point",
        "Time": "00:14:51",
        "AVLS": "00:15:31",
        "Tram": "4004",
        "Action": "a",
        "Msg Sent": "17/10/2019 05:53:54",
        "Msg Received": "17/10/2019 05:53:54",
        "Msg Processed": "17/10/2019 05:53:54",
        "XML ID": "629",
        "Total Lag": "0.5851698",
        "Create Lag": "0.3195407",
        "Process Lag": "0.2656291"
      },
      {
        "Direction": "Outbound",
        "Destination": "Tallaght",
        "Time": "00:04:49",
        "AVLS": "00:05:29",
        "Tram": "3013",
        "Action": "a",
        "Msg Sent": "17/10/2019 05:53:54",
        "Msg Received": "17/10/2019 05:53:54",
        "Msg Processed": "17/10/2019 05:53:54",
        "XML ID": "629",
        "Total Lag": "0.4132896",
        "Create Lag": "0.3195407",
        "Process Lag": "0.0937489"
      }
    ]
  },
  {
    "stopID": "13",
    "stopQueryTime": 1571288040816,
    "count": 2,
    "results": [
      {
        "Direction": "Inbound",
        "Destination": "The Point",
        "Time": "00:00:58",
        "AVLS": "00:01:38",
        "Tram": "3018",
        "Action": "a",
        "Msg Sent": "17/10/2019 05:53:54",
        "Msg Received": "17/10/2019 05:53:54",
        "Msg Processed": "17/10/2019 05:53:54",
        "XML ID": "629",
        "Total Lag": "0.4289159",
        "Create Lag": "0.3195407",
        "Process Lag": "0.1093752"
      },
      {
        "Direction": "Outbound",
        "Destination": "Tallaght",
        "Time": "00:00:00",
        "AVLS": "00:00:31",
        "Tram": "3013",
        "Action": "a",
        "Msg Sent": "17/10/2019 05:53:54",
        "Msg Received": "17/10/2019 05:53:54",
        "Msg Processed": "17/10/2019 05:53:54",
        "XML ID": "629",
        "Total Lag": "0.3976635",
        "Create Lag": "0.3195407",
        "Process Lag": "0.0781228"
      }
    ]
  },
  {
    "stopID": "14",
    "stopQueryTime": 1571288040821,
    "count": 1,
    "results": [
      {
        "Direction": "Inbound",
        "Destination": "The Point",
        "Time": "00:01:51",
        "AVLS": "00:02:31",
        "Tram": "3018",
        "Action": "a",
        "Msg Sent": "17/10/2019 05:53:54",
        "Msg Received": "17/10/2019 05:53:54",
        "Msg Processed": "17/10/2019 05:53:54",
        "XML ID": "629",
        "Total Lag": "0.4289159",
        "Create Lag": "0.3195407",
        "Process Lag": "0.1093752"
      }
    ]
  },
  {
    "stopID": "4",
    "stopQueryTime": 1571288040823,
    "count": 3,
    "results": [
      {
        "Direction": "Inbound",
        "Destination": "The Point",
        "Time": "00:02:21",
        "AVLS": "00:03:01",
        "Tram": "4004",
        "Action": "a",
        "Msg Sent": "17/10/2019 05:53:54",
        "Msg Received": "17/10/2019 05:53:54",
        "Msg Processed": "17/10/2019 05:53:54",
        "XML ID": "629",
        "Total Lag": "0.5695362",
        "Create Lag": "0.3195407",
        "Process Lag": "0.2499955"
      },
      {
        "Direction": "Outbound",
        "Destination": "Saggart",
        "Time": "00:05:52",
        "AVLS": "00:06:32",
        "Tram": "3026",
        "Action": "a",
        "Msg Sent": "17/10/2019 05:53:59",
        "Msg Received": "17/10/2019 05:53:59",
        "Msg Processed": "17/10/2019 05:53:59",
        "XML ID": "631",
        "Total Lag": "0.3976639",
        "Create Lag": "0.3976639",
        "Process Lag": "0"
      },
      {
        "Direction": "Outbound",
        "Destination": "Tallaght",
        "Time": "00:17:41",
        "AVLS": "00:18:21",
        "Tram": "3013",
        "Action": "a",
        "Msg Sent": "17/10/2019 05:53:54",
        "Msg Received": "17/10/2019 05:53:54",
        "Msg Processed": "17/10/2019 05:53:54",
        "XML ID": "629",
        "Total Lag": "0.4289159",
        "Create Lag": "0.3195407",
        "Process Lag": "0.1093752"
      }
    ]
  },
  {
    "stopID": "15",
    "stopQueryTime": 1571288040831,
    "count": 2,
    "results": [
      {
        "Direction": "Inbound",
        "Destination": "The Point",
        "Time": "00:03:29",
        "AVLS": "00:04:09",
        "Tram": "3018",
        "Action": "a",
        "Msg Sent": "17/10/2019 05:53:54",
        "Msg Received": "17/10/2019 05:53:54",
        "Msg Processed": "17/10/2019 05:53:54",
        "XML ID": "629",
        "Total Lag": "0.4445383",
        "Create Lag": "0.3195407",
        "Process Lag": "0.1249976"
      },
      {
        "Direction": "Outbound",
        "Destination": "Tallaght",
        "Time": "00:17:54",
        "AVLS": "00:18:34",
        "Tram": "3019",
        "Action": "a",
        "Msg Sent": "17/10/2019 05:53:54",
        "Msg Received": "17/10/2019 05:53:54",
        "Msg Processed": "17/10/2019 05:53:54",
        "XML ID": "629",
        "Total Lag": "0.50704",
        "Create Lag": "0.3195407",
        "Process Lag": "0.1874993"
      }
    ]
  },
  {
    "stopID": "27",
    "stopQueryTime": 1571288040835,
    "count": 2,
    "results": [
      {
        "Direction": "Inbound",
        "Destination": "Broombridge",
        "Time": "00:10:59",
        "AVLS": "00:11:39",
        "Tram": "5011",
        "Action": "a",
        "Msg Sent": "17/10/2019 05:53:56",
        "Msg Received": "17/10/2019 05:53:56",
        "Msg Processed": "17/10/2019 05:53:56",
        "XML ID": "630",
        "Total Lag": "0.4289125",
        "Create Lag": "0.3976586",
        "Process Lag": "0.0312539"
      },
      {
        "Direction": "Outbound",
        "Destination": "Bride's Glen",
        "Time": "00:04:57",
        "AVLS": "00:05:37",
        "Tram": "5029",
        "Action": "a",
        "Msg Sent": "17/10/2019 05:53:56",
        "Msg Received": "17/10/2019 05:53:56",
        "Msg Processed": "17/10/2019 05:53:56",
        "XML ID": "630",
        "Total Lag": "0.5226669",
        "Create Lag": "0.3976586",
        "Process Lag": "0.1250083"
      }
    ]
  },
  {
    "stopID": "16",
    "stopQueryTime": 1571288040845,
    "count": 2,
    "results": [
      {
        "Direction": "Inbound",
        "Destination": "The Point",
        "Time": "00:05:54",
        "AVLS": "00:06:34",
        "Tram": "3018",
        "Action": "a",
        "Msg Sent": "17/10/2019 05:53:54",
        "Msg Received": "17/10/2019 05:53:54",
        "Msg Processed": "17/10/2019 05:53:54",
        "XML ID": "629",
        "Total Lag": "0.4445383",
        "Create Lag": "0.3195407",
        "Process Lag": "0.1249976"
      },
      {
        "Direction": "Outbound",
        "Destination": "Tallaght",
        "Time": "00:14:43",
        "AVLS": "00:15:23",
        "Tram": "3019",
        "Action": "a",
        "Msg Sent": "17/10/2019 05:53:54",
        "Msg Received": "17/10/2019 05:53:54",
        "Msg Processed": "17/10/2019 05:53:54",
        "XML ID": "629",
        "Total Lag": "0.50704",
        "Create Lag": "0.3195407",
        "Process Lag": "0.1874993"
      }
    ]
  },
  {
    "stopID": "36",
    "stopQueryTime": 1571288040851,
    "count": 2,
    "results": [
      {
        "Direction": "Inbound",
        "Destination": "Parnell",
        "Time": "00:05:27",
        "AVLS": "00:06:07",
        "Tram": "5003",
        "Action": "d",
        "Msg Sent": "17/10/2019 05:53:54",
        "Msg Received": "17/10/2019 05:53:54",
        "Msg Processed": "17/10/2019 05:53:54",
        "XML ID": "629",
        "Total Lag": "0.3351652",
        "Create Lag": "0.3195407",
        "Process Lag": "0.0156245"
      },
      {
        "Direction": "Inbound",
        "Destination": "Broombridge",
        "Time": "00:13:15",
        "AVLS": "00:13:55",
        "Tram": "5006",
        "Action": "a",
        "Msg Sent": "17/10/2019 05:53:54",
        "Msg Received": "17/10/2019 05:53:54",
        "Msg Processed": "17/10/2019 05:53:54",
        "XML ID": "629",
        "Total Lag": "0.6632868",
        "Create Lag": "0.3195407",
        "Process Lag": "0.3437461"
      }
    ]
  },
  {
    "stopID": "28",
    "stopQueryTime": 1571288040854,
    "count": 2,
    "results": [
      {
        "Direction": "Inbound",
        "Destination": "Broombridge",
        "Time": "00:09:28",
        "AVLS": "00:10:08",
        "Tram": "5011",
        "Action": "a",
        "Msg Sent": "17/10/2019 05:53:56",
        "Msg Received": "17/10/2019 05:53:56",
        "Msg Processed": "17/10/2019 05:53:56",
        "XML ID": "630",
        "Total Lag": "0.4289125",
        "Create Lag": "0.3976586",
        "Process Lag": "0.0312539"
      },
      {
        "Direction": "Outbound",
        "Destination": "Bride's Glen",
        "Time": "00:06:51",
        "AVLS": "00:07:31",
        "Tram": "5029",
        "Action": "a",
        "Msg Sent": "17/10/2019 05:53:56",
        "Msg Received": "17/10/2019 05:53:56",
        "Msg Processed": "17/10/2019 05:53:56",
        "XML ID": "630",
        "Total Lag": "0.5226669",
        "Create Lag": "0.3976586",
        "Process Lag": "0.1250083"
      }
    ]
  },
  {
    "stopID": "58",
    "stopQueryTime": 1571288040856,
    "count": 0,
    "results": []
  },
  {
    "stopID": "55",
    "stopQueryTime": 1571288040859,
    "count": 1,
    "results": [
      {
        "Direction": "Inbound",
        "Destination": "The Point",
        "Time": "00:14:50",
        "AVLS": "00:15:30",
        "Tram": "4003",
        "Action": "a",
        "Msg Sent": "17/10/2019 05:53:54",
        "Msg Received": "17/10/2019 05:53:54",
        "Msg Processed": "17/10/2019 05:53:54",
        "XML ID": "629",
        "Total Lag": "0.5695362",
        "Create Lag": "0.3195407",
        "Process Lag": "0.2499955"
      }
    ]
  },
  {
    "stopID": "19",
    "stopQueryTime": 1571288040862,
    "count": 3,
    "results": [
      {
        "Direction": "Inbound",
        "Destination": "The Point",
        "Time": "00:04:07",
        "AVLS": "00:04:47",
        "Tram": "4003",
        "Action": "a",
        "Msg Sent": "17/10/2019 05:53:54",
        "Msg Received": "17/10/2019 05:53:54",
        "Msg Processed": "17/10/2019 05:53:54",
        "XML ID": "629",
        "Total Lag": "0.553911",
        "Create Lag": "0.3195407",
        "Process Lag": "0.2343703"
      },
      {
        "Direction": "Inbound",
        "Destination": "The Point",
        "Time": "00:11:25",
        "AVLS": "00:12:05",
        "Tram": "3018",
        "Action": "a",
        "Msg Sent": "17/10/2019 05:53:54",
        "Msg Received": "17/10/2019 05:53:54",
        "Msg Processed": "17/10/2019 05:53:54",
        "XML ID": "629",
        "Total Lag": "0.4445383",
        "Create Lag": "0.3195407",
        "Process Lag": "0.1249976"
      },
      {
        "Direction": "Outbound",
        "Destination": "Tallaght",
        "Time": "00:09:51",
        "AVLS": "00:10:31",
        "Tram": "3019",
        "Action": "a",
        "Msg Sent": "17/10/2019 05:53:54",
        "Msg Received": "17/10/2019 05:53:54",
        "Msg Processed": "17/10/2019 05:53:54",
        "XML ID": "629",
        "Total Lag": "0.4914235",
        "Create Lag": "0.3195407",
        "Process Lag": "0.1718828"
      }
    ]
  },
  {
    "stopID": "37",
    "stopQueryTime": 1571288040864,
    "count": 2,
    "results": [
      {
        "Direction": "Inbound",
        "Destination": "Broombridge",
        "Time": "00:10:51",
        "AVLS": "00:11:31",
        "Tram": "5006",
        "Action": "a",
        "Msg Sent": "17/10/2019 05:53:54",
        "Msg Received": "17/10/2019 05:53:54",
        "Msg Processed": "17/10/2019 05:53:54",
        "XML ID": "629",
        "Total Lag": "0.6632868",
        "Create Lag": "0.3195407",
        "Process Lag": "0.3437461"
      },
      {
        "Direction": "Outbound",
        "Destination": "Bride's Glen",
        "Time": "00:00:00",
        "AVLS": "00:00:14",
        "Tram": "5021",
        "Action": "a",
        "Msg Sent": "17/10/2019 05:53:56",
        "Msg Received": "17/10/2019 05:53:56",
        "Msg Processed": "17/10/2019 05:53:56",
        "XML ID": "630",
        "Total Lag": "0.4445387",
        "Create Lag": "0.3976586",
        "Process Lag": "0.0468801"
      }
    ]
  },
  {
    "stopID": "10",
    "stopQueryTime": 1571288040869,
    "count": 2,
    "results": [
      {
        "Direction": "Inbound",
        "Destination": "The Point",
        "Time": "00:16:01",
        "AVLS": "00:16:41",
        "Tram": "4004",
        "Action": "a",
        "Msg Sent": "17/10/2019 05:53:54",
        "Msg Received": "17/10/2019 05:53:54",
        "Msg Processed": "17/10/2019 05:53:54",
        "XML ID": "629",
        "Total Lag": "0.6007881",
        "Create Lag": "0.3195407",
        "Process Lag": "0.2812474"
      },
      {
        "Direction": "Outbound",
        "Destination": "Tallaght",
        "Time": "00:03:33",
        "AVLS": "00:04:13",
        "Tram": "3013",
        "Action": "a",
        "Msg Sent": "17/10/2019 05:53:54",
        "Msg Received": "17/10/2019 05:53:54",
        "Msg Processed": "17/10/2019 05:53:54",
        "XML ID": "629",
        "Total Lag": "0.4132896",
        "Create Lag": "0.3195407",
        "Process Lag": "0.0937489"
      }
    ]
  },
  {
    "stopID": "56",
    "stopQueryTime": 1571288040871,
    "count": 1,
    "results": [
      {
        "Direction": "Inbound",
        "Destination": "The Point",
        "Time": "00:16:29",
        "AVLS": "00:17:09",
        "Tram": "4003",
        "Action": "a",
        "Msg Sent": "17/10/2019 05:53:54",
        "Msg Received": "17/10/2019 05:53:54",
        "Msg Processed": "17/10/2019 05:53:54",
        "XML ID": "629",
        "Total Lag": "0.5695362",
        "Create Lag": "0.3195407",
        "Process Lag": "0.2499955"
      }
    ]
  },
  {
    "stopID": "7",
    "stopQueryTime": 1571288040873,
    "count": 2,
    "results": [
      {
        "Direction": "Inbound",
        "Destination": "The Point",
        "Time": "00:11:23",
        "AVLS": "00:12:03",
        "Tram": "4004",
        "Action": "a",
        "Msg Sent": "17/10/2019 05:53:54",
        "Msg Received": "17/10/2019 05:53:54",
        "Msg Processed": "17/10/2019 05:53:54",
        "XML ID": "629",
        "Total Lag": "0.5851698",
        "Create Lag": "0.3195407",
        "Process Lag": "0.2656291"
      },
      {
        "Direction": "Outbound",
        "Destination": "Tallaght",
        "Time": "00:08:38",
        "AVLS": "00:09:18",
        "Tram": "3013",
        "Action": "a",
        "Msg Sent": "17/10/2019 05:53:54",
        "Msg Received": "17/10/2019 05:53:54",
        "Msg Processed": "17/10/2019 05:53:54",
        "XML ID": "629",
        "Total Lag": "0.4132896",
        "Create Lag": "0.3195407",
        "Process Lag": "0.0937489"
      }
    ]
  },
  {
    "stopID": "18",
    "stopQueryTime": 1571288040880,
    "count": 3,
    "results": [
      {
        "Direction": "Inbound",
        "Destination": "The Point",
        "Time": "00:02:51",
        "AVLS": "00:03:31",
        "Tram": "4003",
        "Action": "a",
        "Msg Sent": "17/10/2019 05:53:54",
        "Msg Received": "17/10/2019 05:53:54",
        "Msg Processed": "17/10/2019 05:53:54",
        "XML ID": "629",
        "Total Lag": "0.553911",
        "Create Lag": "0.3195407",
        "Process Lag": "0.2343703"
      },
      {
        "Direction": "Inbound",
        "Destination": "The Point",
        "Time": "00:10:09",
        "AVLS": "00:10:49",
        "Tram": "3018",
        "Action": "a",
        "Msg Sent": "17/10/2019 05:53:54",
        "Msg Received": "17/10/2019 05:53:54",
        "Msg Processed": "17/10/2019 05:53:54",
        "XML ID": "629",
        "Total Lag": "0.4445383",
        "Create Lag": "0.3195407",
        "Process Lag": "0.1249976"
      },
      {
        "Direction": "Outbound",
        "Destination": "Tallaght",
        "Time": "00:10:56",
        "AVLS": "00:11:36",
        "Tram": "3019",
        "Action": "a",
        "Msg Sent": "17/10/2019 05:53:54",
        "Msg Received": "17/10/2019 05:53:54",
        "Msg Processed": "17/10/2019 05:53:54",
        "XML ID": "629",
        "Total Lag": "0.4914235",
        "Create Lag": "0.3195407",
        "Process Lag": "0.1718828"
      }
    ]
  },
  {
    "stopID": "20",
    "stopQueryTime": 1571288040882,
    "count": 3,
    "results": [
      {
        "Direction": "Inbound",
        "Destination": "The Point",
        "Time": "00:06:05",
        "AVLS": "00:06:45",
        "Tram": "4003",
        "Action": "a",
        "Msg Sent": "17/10/2019 05:53:54",
        "Msg Received": "17/10/2019 05:53:54",
        "Msg Processed": "17/10/2019 05:53:54",
        "XML ID": "629",
        "Total Lag": "0.553911",
        "Create Lag": "0.3195407",
        "Process Lag": "0.2343703"
      },
      {
        "Direction": "Inbound",
        "Destination": "The Point",
        "Time": "00:13:23",
        "AVLS": "00:14:03",
        "Tram": "3018",
        "Action": "a",
        "Msg Sent": "17/10/2019 05:53:54",
        "Msg Received": "17/10/2019 05:53:54",
        "Msg Processed": "17/10/2019 05:53:54",
        "XML ID": "629",
        "Total Lag": "0.4601693",
        "Create Lag": "0.3195407",
        "Process Lag": "0.1406286"
      },
      {
        "Direction": "Outbound",
        "Destination": "Tallaght",
        "Time": "00:07:55",
        "AVLS": "00:08:35",
        "Tram": "3019",
        "Action": "a",
        "Msg Sent": "17/10/2019 05:53:54",
        "Msg Received": "17/10/2019 05:53:54",
        "Msg Processed": "17/10/2019 05:53:54",
        "XML ID": "629",
        "Total Lag": "0.4914235",
        "Create Lag": "0.3195407",
        "Process Lag": "0.1718828"
      }
    ]
  },
  {
    "stopID": "6",
    "stopQueryTime": 1571288040884,
    "count": 2,
    "results": [
      {
        "Direction": "Inbound",
        "Destination": "The Point",
        "Time": "00:07:21",
        "AVLS": "00:08:01",
        "Tram": "4004",
        "Action": "a",
        "Msg Sent": "17/10/2019 05:53:54",
        "Msg Received": "17/10/2019 05:53:54",
        "Msg Processed": "17/10/2019 05:53:54",
        "XML ID": "629",
        "Total Lag": "0.5851698",
        "Create Lag": "0.3195407",
        "Process Lag": "0.2656291"
      },
      {
        "Direction": "Outbound",
        "Destination": "Tallaght",
        "Time": "00:12:41",
        "AVLS": "00:13:21",
        "Tram": "3013",
        "Action": "a",
        "Msg Sent": "17/10/2019 05:53:54",
        "Msg Received": "17/10/2019 05:53:54",
        "Msg Processed": "17/10/2019 05:53:54",
        "XML ID": "629",
        "Total Lag": "0.4132896",
        "Create Lag": "0.3195407",
        "Process Lag": "0.0937489"
      }
    ]
  },
  {
    "stopID": "12",
    "stopQueryTime": 1571288040886,
    "count": 3,
    "results": [
      {
        "Direction": "Inbound",
        "Destination": "The Point",
        "Time": "00:00:00",
        "AVLS": "00:00:05",
        "Tram": "3018",
        "Action": "a",
        "Msg Sent": "17/10/2019 05:53:54",
        "Msg Received": "17/10/2019 05:53:54",
        "Msg Processed": "17/10/2019 05:53:54",
        "XML ID": "629",
        "Total Lag": "0.4289159",
        "Create Lag": "0.3195407",
        "Process Lag": "0.1093752"
      },
      {
        "Direction": "Inbound",
        "Destination": "The Point",
        "Time": "00:17:52",
        "AVLS": "00:18:32",
        "Tram": "4004",
        "Action": "a",
        "Msg Sent": "17/10/2019 05:53:54",
        "Msg Received": "17/10/2019 05:53:54",
        "Msg Processed": "17/10/2019 05:53:54",
        "XML ID": "629",
        "Total Lag": "0.6007881",
        "Create Lag": "0.3195407",
        "Process Lag": "0.2812474"
      },
      {
        "Direction": "Outbound",
        "Destination": "Tallaght",
        "Time": "00:01:32",
        "AVLS": "00:02:12",
        "Tram": "3013",
        "Action": "a",
        "Msg Sent": "17/10/2019 05:53:54",
        "Msg Received": "17/10/2019 05:53:54",
        "Msg Processed": "17/10/2019 05:53:54",
        "XML ID": "629",
        "Total Lag": "0.3976635",
        "Create Lag": "0.3195407",
        "Process Lag": "0.0781228"
      }
    ]
  },
  {
    "stopID": "17",
    "stopQueryTime": 1571288040890,
    "count": 3,
    "results": [
      {
        "Direction": "Inbound",
        "Destination": "The Point",
        "Time": "00:00:47",
        "AVLS": "00:01:27",
        "Tram": "4003",
        "Action": "a",
        "Msg Sent": "17/10/2019 05:53:54",
        "Msg Received": "17/10/2019 05:53:54",
        "Msg Processed": "17/10/2019 05:53:54",
        "XML ID": "629",
        "Total Lag": "0.553911",
        "Create Lag": "0.3195407",
        "Process Lag": "0.2343703"
      },
      {
        "Direction": "Inbound",
        "Destination": "The Point",
        "Time": "00:08:05",
        "AVLS": "00:08:45",
        "Tram": "3018",
        "Action": "a",
        "Msg Sent": "17/10/2019 05:53:54",
        "Msg Received": "17/10/2019 05:53:54",
        "Msg Processed": "17/10/2019 05:53:54",
        "XML ID": "629",
        "Total Lag": "0.4445383",
        "Create Lag": "0.3195407",
        "Process Lag": "0.1249976"
      },
      {
        "Direction": "Outbound",
        "Destination": "Tallaght",
        "Time": "00:12:55",
        "AVLS": "00:13:35",
        "Tram": "3019",
        "Action": "a",
        "Msg Sent": "17/10/2019 05:53:54",
        "Msg Received": "17/10/2019 05:53:54",
        "Msg Processed": "17/10/2019 05:53:54",
        "XML ID": "629",
        "Total Lag": "0.4914235",
        "Create Lag": "0.3195407",
        "Process Lag": "0.1718828"
      }
    ]
  },
  {
    "stopID": "48",
    "stopQueryTime": 1571288040891,
    "count": 1,
    "results": [
      {
        "Direction": "Inbound",
        "Destination": "Broombridge",
        "Time": "00:15:27",
        "AVLS": "00:16:07",
        "Tram": "5002",
        "Action": "d",
        "Msg Sent": "17/10/2019 05:53:54",
        "Msg Received": "17/10/2019 05:53:54",
        "Msg Processed": "17/10/2019 05:53:54",
        "XML ID": "629",
        "Total Lag": "0.6164122",
        "Create Lag": "0.3195407",
        "Process Lag": "0.2968715"
      }
    ]
  },
  {
    "stopID": "40",
    "stopQueryTime": 1571288040898,
    "count": 2,
    "results": [
      {
        "Direction": "Inbound",
        "Destination": "Broombridge",
        "Time": "00:06:06",
        "AVLS": "00:06:46",
        "Tram": "5006",
        "Action": "a",
        "Msg Sent": "17/10/2019 05:53:54",
        "Msg Received": "17/10/2019 05:53:54",
        "Msg Processed": "17/10/2019 05:53:54",
        "XML ID": "629",
        "Total Lag": "0.6476694",
        "Create Lag": "0.3195407",
        "Process Lag": "0.3281287"
      },
      {
        "Direction": "Outbound",
        "Destination": "Bride's Glen",
        "Time": "00:04:15",
        "AVLS": "00:04:55",
        "Tram": "5021",
        "Action": "a",
        "Msg Sent": "17/10/2019 05:53:56",
        "Msg Received": "17/10/2019 05:53:56",
        "Msg Processed": "17/10/2019 05:53:56",
        "XML ID": "630",
        "Total Lag": "0.4445387",
        "Create Lag": "0.3976586",
        "Process Lag": "0.0468801"
      }
    ]
  },
  {
    "stopID": "38",
    "stopQueryTime": 1571288040901,
    "count": 2,
    "results": [
      {
        "Direction": "Inbound",
        "Destination": "Broombridge",
        "Time": "00:09:21",
        "AVLS": "00:10:01",
        "Tram": "5006",
        "Action": "a",
        "Msg Sent": "17/10/2019 05:53:54",
        "Msg Received": "17/10/2019 05:53:54",
        "Msg Processed": "17/10/2019 05:53:54",
        "XML ID": "629",
        "Total Lag": "0.6476694",
        "Create Lag": "0.3195407",
        "Process Lag": "0.3281287"
      },
      {
        "Direction": "Outbound",
        "Destination": "Bride's Glen",
        "Time": "00:01:02",
        "AVLS": "00:01:42",
        "Tram": "5021",
        "Action": "a",
        "Msg Sent": "17/10/2019 05:53:56",
        "Msg Received": "17/10/2019 05:53:56",
        "Msg Processed": "17/10/2019 05:53:56",
        "XML ID": "630",
        "Total Lag": "0.4445387",
        "Create Lag": "0.3976586",
        "Process Lag": "0.0468801"
      }
    ]
  },
  {
    "stopID": "25",
    "stopQueryTime": 1571288040903,
    "count": 2,
    "results": [
      {
        "Direction": "Inbound",
        "Destination": "Broombridge",
        "Time": "00:14:30",
        "AVLS": "00:15:10",
        "Tram": "5011",
        "Action": "a",
        "Msg Sent": "17/10/2019 05:53:56",
        "Msg Received": "17/10/2019 05:53:56",
        "Msg Processed": "17/10/2019 05:53:56",
        "XML ID": "630",
        "Total Lag": "0.4289125",
        "Create Lag": "0.3976586",
        "Process Lag": "0.0312539"
      },
      {
        "Direction": "Outbound",
        "Destination": "Bride's Glen",
        "Time": "00:00:49",
        "AVLS": "00:01:29",
        "Tram": "5029",
        "Action": "a",
        "Msg Sent": "17/10/2019 05:53:56",
        "Msg Received": "17/10/2019 05:53:56",
        "Msg Processed": "17/10/2019 05:53:56",
        "XML ID": "630",
        "Total Lag": "0.5226669",
        "Create Lag": "0.3976586",
        "Process Lag": "0.1250083"
      }
    ]
  },
  {
    "stopID": "21",
    "stopQueryTime": 1571288040905,
    "count": 3,
    "results": [
      {
        "Direction": "Inbound",
        "Destination": "The Point",
        "Time": "00:08:36",
        "AVLS": "00:09:16",
        "Tram": "4003",
        "Action": "a",
        "Msg Sent": "17/10/2019 05:53:54",
        "Msg Received": "17/10/2019 05:53:54",
        "Msg Processed": "17/10/2019 05:53:54",
        "XML ID": "629",
        "Total Lag": "0.553911",
        "Create Lag": "0.3195407",
        "Process Lag": "0.2343703"
      },
      {
        "Direction": "Inbound",
        "Destination": "The Point",
        "Time": "00:15:54",
        "AVLS": "00:16:34",
        "Tram": "3018",
        "Action": "a",
        "Msg Sent": "17/10/2019 05:53:54",
        "Msg Received": "17/10/2019 05:53:54",
        "Msg Processed": "17/10/2019 05:53:54",
        "XML ID": "629",
        "Total Lag": "0.4601693",
        "Create Lag": "0.3195407",
        "Process Lag": "0.1406286"
      },
      {
        "Direction": "Outbound",
        "Destination": "Tallaght",
        "Time": "00:05:43",
        "AVLS": "00:06:23",
        "Tram": "3019",
        "Action": "a",
        "Msg Sent": "17/10/2019 05:53:54",
        "Msg Received": "17/10/2019 05:53:54",
        "Msg Processed": "17/10/2019 05:53:54",
        "XML ID": "629",
        "Total Lag": "0.4757888",
        "Create Lag": "0.3195407",
        "Process Lag": "0.1562481"
      }
    ]
  },
  {
    "stopID": "49",
    "stopQueryTime": 1571288040914,
    "count": 2,
    "results": [
      {
        "Direction": "Inbound",
        "Destination": "Belgard",
        "Time": "00:14:33",
        "AVLS": "00:15:13",
        "Tram": "3009",
        "Action": "a",
        "Msg Sent": "17/10/2019 05:53:54",
        "Msg Received": "17/10/2019 05:53:54",
        "Msg Processed": "17/10/2019 05:53:54",
        "XML ID": "629",
        "Total Lag": "0.3976635",
        "Create Lag": "0.3195407",
        "Process Lag": "0.0781228"
      },
      {
        "Direction": "Outbound",
        "Destination": "Saggart",
        "Time": "00:09:19",
        "AVLS": "00:09:59",
        "Tram": "3026",
        "Action": "a",
        "Msg Sent": "17/10/2019 05:53:59",
        "Msg Received": "17/10/2019 05:53:59",
        "Msg Processed": "17/10/2019 05:53:59",
        "XML ID": "631",
        "Total Lag": "0.3976639",
        "Create Lag": "0.3976639",
        "Process Lag": "0"
      }
    ]
  },
  {
    "stopID": "32",
    "stopQueryTime": 1571288040918,
    "count": 3,
    "results": [
      {
        "Direction": "Inbound",
        "Destination": "Broombridge",
        "Time": "00:02:28",
        "AVLS": "00:03:08",
        "Tram": "5011",
        "Action": "a",
        "Msg Sent": "17/10/2019 05:53:56",
        "Msg Received": "17/10/2019 05:53:56",
        "Msg Processed": "17/10/2019 05:53:56",
        "XML ID": "630",
        "Total Lag": "0.4132863",
        "Create Lag": "0.3976586",
        "Process Lag": "0.0156277"
      },
      {
        "Direction": "Inbound",
        "Destination": "Parnell",
        "Time": "00:12:27",
        "AVLS": "00:13:07",
        "Tram": "5003",
        "Action": "a",
        "Msg Sent": "17/10/2019 05:53:54",
        "Msg Received": "17/10/2019 05:53:54",
        "Msg Processed": "17/10/2019 05:53:54",
        "XML ID": "629",
        "Total Lag": "0.3508023",
        "Create Lag": "0.3195407",
        "Process Lag": "0.0312616"
      },
      {
        "Direction": "Outbound",
        "Destination": "Bride's Glen",
        "Time": "00:13:51",
        "AVLS": "00:14:31",
        "Tram": "5029",
        "Action": "a",
        "Msg Sent": "17/10/2019 05:53:56",
        "Msg Received": "17/10/2019 05:53:56",
        "Msg Processed": "17/10/2019 05:53:56",
        "XML ID": "630",
        "Total Lag": "0.5382858",
        "Create Lag": "0.3976586",
        "Process Lag": "0.1406272"
      }
    ]
  },
  {
    "stopID": "11",
    "stopQueryTime": 1571288040921,
    "count": 2,
    "results": [
      {
        "Direction": "Inbound",
        "Destination": "The Point",
        "Time": "00:16:53",
        "AVLS": "00:17:33",
        "Tram": "4004",
        "Action": "a",
        "Msg Sent": "17/10/2019 05:53:54",
        "Msg Received": "17/10/2019 05:53:54",
        "Msg Processed": "17/10/2019 05:53:54",
        "XML ID": "629",
        "Total Lag": "0.6007881",
        "Create Lag": "0.3195407",
        "Process Lag": "0.2812474"
      },
      {
        "Direction": "Outbound",
        "Destination": "Tallaght",
        "Time": "00:02:37",
        "AVLS": "00:03:17",
        "Tram": "3013",
        "Action": "a",
        "Msg Sent": "17/10/2019 05:53:54",
        "Msg Received": "17/10/2019 05:53:54",
        "Msg Processed": "17/10/2019 05:53:54",
        "XML ID": "629",
        "Total Lag": "0.3976635",
        "Create Lag": "0.3195407",
        "Process Lag": "0.0781228"
      }
    ]
  },
  {
    "stopID": "26",
    "stopQueryTime": 1571288040924,
    "count": 2,
    "results": [
      {
        "Direction": "Inbound",
        "Destination": "Broombridge",
        "Time": "00:12:20",
        "AVLS": "00:13:00",
        "Tram": "5011",
        "Action": "a",
        "Msg Sent": "17/10/2019 05:53:56",
        "Msg Received": "17/10/2019 05:53:56",
        "Msg Processed": "17/10/2019 05:53:56",
        "XML ID": "630",
        "Total Lag": "0.4289125",
        "Create Lag": "0.3976586",
        "Process Lag": "0.0312539"
      },
      {
        "Direction": "Outbound",
        "Destination": "Bride's Glen",
        "Time": "00:03:29",
        "AVLS": "00:04:09",
        "Tram": "5029",
        "Action": "a",
        "Msg Sent": "17/10/2019 05:53:56",
        "Msg Received": "17/10/2019 05:53:56",
        "Msg Processed": "17/10/2019 05:53:56",
        "XML ID": "630",
        "Total Lag": "0.5226669",
        "Create Lag": "0.3976586",
        "Process Lag": "0.1250083"
      }
    ]
  },
  {
    "stopID": "22",
    "stopQueryTime": 1571288040928,
    "count": 3,
    "results": [
      {
        "Direction": "Inbound",
        "Destination": "The Point",
        "Time": "00:11:40",
        "AVLS": "00:12:20",
        "Tram": "4003",
        "Action": "a",
        "Msg Sent": "17/10/2019 05:53:54",
        "Msg Received": "17/10/2019 05:53:54",
        "Msg Processed": "17/10/2019 05:53:54",
        "XML ID": "629",
        "Total Lag": "0.5695362",
        "Create Lag": "0.3195407",
        "Process Lag": "0.2499955"
      },
      {
        "Direction": "Inbound",
        "Destination": "The Point",
        "Time": "00:18:58",
        "AVLS": "00:19:38",
        "Tram": "3018",
        "Action": "a",
        "Msg Sent": "17/10/2019 05:53:54",
        "Msg Received": "17/10/2019 05:53:54",
        "Msg Processed": "17/10/2019 05:53:54",
        "XML ID": "629",
        "Total Lag": "0.4601693",
        "Create Lag": "0.3195407",
        "Process Lag": "0.1406286"
      },
      {
        "Direction": "Outbound",
        "Destination": "Tallaght",
        "Time": "00:02:15",
        "AVLS": "00:02:55",
        "Tram": "3019",
        "Action": "a",
        "Msg Sent": "17/10/2019 05:53:54",
        "Msg Received": "17/10/2019 05:53:54",
        "Msg Processed": "17/10/2019 05:53:54",
        "XML ID": "629",
        "Total Lag": "0.4757888",
        "Create Lag": "0.3195407",
        "Process Lag": "0.1562481"
      }
    ]
  },
  {
    "stopID": "35",
    "stopQueryTime": 1571288040943,
    "count": 3,
    "results": [
      {
        "Direction": "Inbound",
        "Destination": "Parnell",
        "Time": "00:07:02",
        "AVLS": "00:07:42",
        "Tram": "5003",
        "Action": "a",
        "Msg Sent": "17/10/2019 05:53:54",
        "Msg Received": "17/10/2019 05:53:54",
        "Msg Processed": "17/10/2019 05:53:54",
        "XML ID": "629",
        "Total Lag": "0.3351652",
        "Create Lag": "0.3195407",
        "Process Lag": "0.0156245"
      },
      {
        "Direction": "Inbound",
        "Destination": "Broombridge",
        "Time": "00:14:50",
        "AVLS": "00:15:30",
        "Tram": "5006",
        "Action": "a",
        "Msg Sent": "17/10/2019 05:53:54",
        "Msg Received": "17/10/2019 05:53:54",
        "Msg Processed": "17/10/2019 05:53:54",
        "XML ID": "629",
        "Total Lag": "0.6632868",
        "Create Lag": "0.3195407",
        "Process Lag": "0.3437461"
      },
      {
        "Direction": "Outbound",
        "Destination": "Bride's Glen",
        "Time": "00:18:30",
        "AVLS": "00:19:10",
        "Tram": "5029",
        "Action": "a",
        "Msg Sent": "17/10/2019 05:53:56",
        "Msg Received": "17/10/2019 05:53:56",
        "Msg Processed": "17/10/2019 05:53:56",
        "XML ID": "630",
        "Total Lag": "0.5539331",
        "Create Lag": "0.3976586",
        "Process Lag": "0.1562745"
      }
    ]
  },
  {
    "stopID": "50",
    "stopQueryTime": 1571288040951,
    "count": 2,
    "results": [
      {
        "Direction": "Inbound",
        "Destination": "Belgard",
        "Time": "00:12:45",
        "AVLS": "00:13:25",
        "Tram": "3009",
        "Action": "a",
        "Msg Sent": "17/10/2019 05:53:54",
        "Msg Received": "17/10/2019 05:53:54",
        "Msg Processed": "17/10/2019 05:53:54",
        "XML ID": "629",
        "Total Lag": "0.3976635",
        "Create Lag": "0.3195407",
        "Process Lag": "0.0781228"
      },
      {
        "Direction": "Outbound",
        "Destination": "Saggart",
        "Time": "00:11:05",
        "AVLS": "00:11:45",
        "Tram": "3026",
        "Action": "a",
        "Msg Sent": "17/10/2019 05:53:59",
        "Msg Received": "17/10/2019 05:53:59",
        "Msg Processed": "17/10/2019 05:53:59",
        "XML ID": "631",
        "Total Lag": "0.4132891",
        "Create Lag": "0.3976639",
        "Process Lag": "0.0156252"
      }
    ]
  },
  {
    "stopID": "39",
    "stopQueryTime": 1571288040954,
    "count": 2,
    "results": [
      {
        "Direction": "Inbound",
        "Destination": "Broombridge",
        "Time": "00:07:36",
        "AVLS": "00:08:16",
        "Tram": "5006",
        "Action": "a",
        "Msg Sent": "17/10/2019 05:53:54",
        "Msg Received": "17/10/2019 05:53:54",
        "Msg Processed": "17/10/2019 05:53:54",
        "XML ID": "629",
        "Total Lag": "0.6476694",
        "Create Lag": "0.3195407",
        "Process Lag": "0.3281287"
      },
      {
        "Direction": "Outbound",
        "Destination": "Bride's Glen",
        "Time": "00:02:47",
        "AVLS": "00:03:27",
        "Tram": "5021",
        "Action": "a",
        "Msg Sent": "17/10/2019 05:53:56",
        "Msg Received": "17/10/2019 05:53:56",
        "Msg Processed": "17/10/2019 05:53:56",
        "XML ID": "630",
        "Total Lag": "0.4445387",
        "Create Lag": "0.3976586",
        "Process Lag": "0.0468801"
      }
    ]
  },
  {
    "stopID": "30",
    "stopQueryTime": 1571288040956,
    "count": 3,
    "results": [
      {
        "Direction": "Inbound",
        "Destination": "Broombridge",
        "Time": "00:06:14",
        "AVLS": "00:06:54",
        "Tram": "5011",
        "Action": "a",
        "Msg Sent": "17/10/2019 05:53:56",
        "Msg Received": "17/10/2019 05:53:56",
        "Msg Processed": "17/10/2019 05:53:56",
        "XML ID": "630",
        "Total Lag": "0.4132863",
        "Create Lag": "0.3976586",
        "Process Lag": "0.0156277"
      },
      {
        "Direction": "Inbound",
        "Destination": "Parnell",
        "Time": "00:16:46",
        "AVLS": "00:17:26",
        "Tram": "5003",
        "Action": "a",
        "Msg Sent": "17/10/2019 05:53:54",
        "Msg Received": "17/10/2019 05:53:54",
        "Msg Processed": "17/10/2019 05:53:54",
        "XML ID": "629",
        "Total Lag": "0.3508023",
        "Create Lag": "0.3195407",
        "Process Lag": "0.0312616"
      },
      {
        "Direction": "Outbound",
        "Destination": "Bride's Glen",
        "Time": "00:10:05",
        "AVLS": "00:10:45",
        "Tram": "5029",
        "Action": "a",
        "Msg Sent": "17/10/2019 05:53:56",
        "Msg Received": "17/10/2019 05:53:56",
        "Msg Processed": "17/10/2019 05:53:56",
        "XML ID": "630",
        "Total Lag": "0.5382858",
        "Create Lag": "0.3976586",
        "Process Lag": "0.1406272"
      }
    ]
  },
  {
    "stopID": "54",
    "stopQueryTime": 1571288040959,
    "count": 2,
    "results": [
      {
        "Direction": "Inbound",
        "Destination": "The Point",
        "Time": "00:13:34",
        "AVLS": "00:14:14",
        "Tram": "4003",
        "Action": "a",
        "Msg Sent": "17/10/2019 05:53:54",
        "Msg Received": "17/10/2019 05:53:54",
        "Msg Processed": "17/10/2019 05:53:54",
        "XML ID": "629",
        "Total Lag": "0.5695362",
        "Create Lag": "0.3195407",
        "Process Lag": "0.2499955"
      },
      {
        "Direction": "Outbound",
        "Destination": "Tallaght",
        "Time": "00:00:19",
        "AVLS": "00:00:59",
        "Tram": "3019",
        "Action": "a",
        "Msg Sent": "17/10/2019 05:53:54",
        "Msg Received": "17/10/2019 05:53:54",
        "Msg Processed": "17/10/2019 05:53:54",
        "XML ID": "629",
        "Total Lag": "0.4601693",
        "Create Lag": "0.3195407",
        "Process Lag": "0.1406286"
      }
    ]
  },
  {
    "stopID": "44",
    "stopQueryTime": 1571288040960,
    "count": 3,
    "results": [
      {
        "Direction": "Inbound",
        "Destination": "Broombridge",
        "Time": "00:01:15",
        "AVLS": "00:01:55",
        "Tram": "5006",
        "Action": "a",
        "Msg Sent": "17/10/2019 05:53:54",
        "Msg Received": "17/10/2019 05:53:54",
        "Msg Processed": "17/10/2019 05:53:54",
        "XML ID": "629",
        "Total Lag": "0.6320403",
        "Create Lag": "0.3195407",
        "Process Lag": "0.3124996"
      },
      {
        "Direction": "Outbound",
        "Destination": "Bride's Glen",
        "Time": "00:03:17",
        "AVLS": "00:03:57",
        "Tram": "5002",
        "Action": "a",
        "Msg Sent": "17/10/2019 05:53:54",
        "Msg Received": "17/10/2019 05:53:54",
        "Msg Processed": "17/10/2019 05:53:54",
        "XML ID": "629",
        "Total Lag": "0.6007881",
        "Create Lag": "0.3195407",
        "Process Lag": "0.2812474"
      },
      {
        "Direction": "Outbound",
        "Destination": "Bride's Glen",
        "Time": "00:09:01",
        "AVLS": "00:09:41",
        "Tram": "5021",
        "Action": "a",
        "Msg Sent": "17/10/2019 05:53:56",
        "Msg Received": "17/10/2019 05:53:56",
        "Msg Processed": "17/10/2019 05:53:56",
        "XML ID": "630",
        "Total Lag": "0.4601634",
        "Create Lag": "0.3976586",
        "Process Lag": "0.0625048"
      }
    ]
  },
  {
    "stopID": "53",
    "stopQueryTime": 1571288040963,
    "count": 3,
    "results": [
      {
        "Direction": "Inbound",
        "Destination": "Belgard",
        "Time": "00:07:27",
        "AVLS": "00:08:07",
        "Tram": "3009",
        "Action": "d",
        "Msg Sent": "17/10/2019 05:53:54",
        "Msg Received": "17/10/2019 05:53:54",
        "Msg Processed": "17/10/2019 05:53:54",
        "XML ID": "629",
        "Total Lag": "0.3820372",
        "Create Lag": "0.3195407",
        "Process Lag": "0.0624965"
      },
      {
        "Direction": "Terminating",
        "Destination": "Saggart",
        "Time": "00:02:55",
        "AVLS": "00:03:35",
        "Tram": "3009",
        "Action": "a",
        "Msg Sent": "17/10/2019 05:53:54",
        "Msg Received": "17/10/2019 05:53:54",
        "Msg Processed": "17/10/2019 05:53:54",
        "XML ID": "629",
        "Total Lag": "0.3820372",
        "Create Lag": "0.3195407",
        "Process Lag": "0.0624965"
      },
      {
        "Direction": "Terminating",
        "Destination": "Saggart",
        "Time": "00:16:22",
        "AVLS": "00:17:02",
        "Tram": "3026",
        "Action": "a",
        "Msg Sent": "17/10/2019 05:53:59",
        "Msg Received": "17/10/2019 05:53:59",
        "Msg Processed": "17/10/2019 05:53:59",
        "XML ID": "631",
        "Total Lag": "0.4132891",
        "Create Lag": "0.3976639",
        "Process Lag": "0.0156252"
      }
    ]
  },
  {
    "stopID": "45",
    "stopQueryTime": 1571288040965,
    "count": 3,
    "results": [
      {
        "Direction": "Inbound",
        "Destination": "Broombridge",
        "Time": "00:00:00",
        "AVLS": "00:00:26",
        "Tram": "5006",
        "Action": "a",
        "Msg Sent": "17/10/2019 05:53:54",
        "Msg Received": "17/10/2019 05:53:54",
        "Msg Processed": "17/10/2019 05:53:54",
        "XML ID": "629",
        "Total Lag": "0.6320403",
        "Create Lag": "0.3195407",
        "Process Lag": "0.3124996"
      },
      {
        "Direction": "Outbound",
        "Destination": "Bride's Glen",
        "Time": "00:04:45",
        "AVLS": "00:05:25",
        "Tram": "5002",
        "Action": "a",
        "Msg Sent": "17/10/2019 05:53:54",
        "Msg Received": "17/10/2019 05:53:54",
        "Msg Processed": "17/10/2019 05:53:54",
        "XML ID": "629",
        "Total Lag": "0.6164122",
        "Create Lag": "0.3195407",
        "Process Lag": "0.2968715"
      },
      {
        "Direction": "Outbound",
        "Destination": "Bride's Glen",
        "Time": "00:10:29",
        "AVLS": "00:11:09",
        "Tram": "5021",
        "Action": "a",
        "Msg Sent": "17/10/2019 05:53:56",
        "Msg Received": "17/10/2019 05:53:56",
        "Msg Processed": "17/10/2019 05:53:56",
        "XML ID": "630",
        "Total Lag": "0.4601634",
        "Create Lag": "0.3976586",
        "Process Lag": "0.0625048"
      }
    ]
  },
  {
    "stopID": "33",
    "stopQueryTime": 1571288040967,
    "count": 4,
    "results": [
      {
        "Direction": "Inbound",
        "Destination": "Broombridge",
        "Time": "00:00:46",
        "AVLS": "00:01:26",
        "Tram": "5011",
        "Action": "a",
        "Msg Sent": "17/10/2019 05:53:56",
        "Msg Received": "17/10/2019 05:53:56",
        "Msg Processed": "17/10/2019 05:53:56",
        "XML ID": "630",
        "Total Lag": "0.4132863",
        "Create Lag": "0.3976586",
        "Process Lag": "0.0156277"
      },
      {
        "Direction": "Inbound",
        "Destination": "Parnell",
        "Time": "00:10:45",
        "AVLS": "00:11:25",
        "Tram": "5003",
        "Action": "a",
        "Msg Sent": "17/10/2019 05:53:54",
        "Msg Received": "17/10/2019 05:53:54",
        "Msg Processed": "17/10/2019 05:53:54",
        "XML ID": "629",
        "Total Lag": "0.3508023",
        "Create Lag": "0.3195407",
        "Process Lag": "0.0312616"
      },
      {
        "Direction": "Inbound",
        "Destination": "Broombridge",
        "Time": "00:18:33",
        "AVLS": "00:19:13",
        "Tram": "5006",
        "Action": "a",
        "Msg Sent": "17/10/2019 05:53:56",
        "Msg Received": "17/10/2019 05:53:56",
        "Msg Processed": "17/10/2019 05:53:56",
        "XML ID": "630",
        "Total Lag": "0.4132863",
        "Create Lag": "0.3976586",
        "Process Lag": "0.0156277"
      },
      {
        "Direction": "Outbound",
        "Destination": "Bride's Glen",
        "Time": "00:15:17",
        "AVLS": "00:15:57",
        "Tram": "5029",
        "Action": "a",
        "Msg Sent": "17/10/2019 05:53:56",
        "Msg Received": "17/10/2019 05:53:56",
        "Msg Processed": "17/10/2019 05:53:56",
        "XML ID": "630",
        "Total Lag": "0.5382858",
        "Create Lag": "0.3976586",
        "Process Lag": "0.1406272"
      }
    ]
  },
  {
    "stopID": "29",
    "stopQueryTime": 1571288040971,
    "count": 3,
    "results": [
      {
        "Direction": "Inbound",
        "Destination": "Broombridge",
        "Time": "00:07:59",
        "AVLS": "00:08:39",
        "Tram": "5011",
        "Action": "a",
        "Msg Sent": "17/10/2019 05:53:56",
        "Msg Received": "17/10/2019 05:53:56",
        "Msg Processed": "17/10/2019 05:53:56",
        "XML ID": "630",
        "Total Lag": "0.4289125",
        "Create Lag": "0.3976586",
        "Process Lag": "0.0312539"
      },
      {
        "Direction": "Inbound",
        "Destination": "Parnell",
        "Time": "00:18:46",
        "AVLS": "00:19:26",
        "Tram": "5003",
        "Action": "a",
        "Msg Sent": "17/10/2019 05:53:54",
        "Msg Received": "17/10/2019 05:53:54",
        "Msg Processed": "17/10/2019 05:53:54",
        "XML ID": "629",
        "Total Lag": "0.3508023",
        "Create Lag": "0.3195407",
        "Process Lag": "0.0312616"
      },
      {
        "Direction": "Outbound",
        "Destination": "Bride's Glen",
        "Time": "00:08:19",
        "AVLS": "00:08:59",
        "Tram": "5029",
        "Action": "a",
        "Msg Sent": "17/10/2019 05:53:56",
        "Msg Received": "17/10/2019 05:53:56",
        "Msg Processed": "17/10/2019 05:53:56",
        "XML ID": "630",
        "Total Lag": "0.5226669",
        "Create Lag": "0.3976586",
        "Process Lag": "0.1250083"
      }
    ]
  },
  {
    "stopID": "43",
    "stopQueryTime": 1571288040972,
    "count": 3,
    "results": [
      {
        "Direction": "Inbound",
        "Destination": "Broombridge",
        "Time": "00:02:19",
        "AVLS": "00:02:59",
        "Tram": "5006",
        "Action": "a",
        "Msg Sent": "17/10/2019 05:53:54",
        "Msg Received": "17/10/2019 05:53:54",
        "Msg Processed": "17/10/2019 05:53:54",
        "XML ID": "629",
        "Total Lag": "0.6320403",
        "Create Lag": "0.3195407",
        "Process Lag": "0.3124996"
      },
      {
        "Direction": "Outbound",
        "Destination": "Bride's Glen",
        "Time": "00:02:12",
        "AVLS": "00:02:52",
        "Tram": "5002",
        "Action": "a",
        "Msg Sent": "17/10/2019 05:53:54",
        "Msg Received": "17/10/2019 05:53:54",
        "Msg Processed": "17/10/2019 05:53:54",
        "XML ID": "629",
        "Total Lag": "0.6007881",
        "Create Lag": "0.3195407",
        "Process Lag": "0.2812474"
      },
      {
        "Direction": "Outbound",
        "Destination": "Bride's Glen",
        "Time": "00:07:56",
        "AVLS": "00:08:36",
        "Tram": "5021",
        "Action": "a",
        "Msg Sent": "17/10/2019 05:53:56",
        "Msg Received": "17/10/2019 05:53:56",
        "Msg Processed": "17/10/2019 05:53:56",
        "XML ID": "630",
        "Total Lag": "0.4601634",
        "Create Lag": "0.3976586",
        "Process Lag": "0.0625048"
      }
    ]
  },
  {
    "stopID": "52",
    "stopQueryTime": 1571288040978,
    "count": 3,
    "results": [
      {
        "Direction": "Inbound",
        "Destination": "Belgard",
        "Time": "00:09:42",
        "AVLS": "00:10:22",
        "Tram": "3009",
        "Action": "a",
        "Msg Sent": "17/10/2019 05:53:54",
        "Msg Received": "17/10/2019 05:53:54",
        "Msg Processed": "17/10/2019 05:53:54",
        "XML ID": "629",
        "Total Lag": "0.3820372",
        "Create Lag": "0.3195407",
        "Process Lag": "0.0624965"
      },
      {
        "Direction": "Outbound",
        "Destination": "Saggart",
        "Time": "00:00:51",
        "AVLS": "00:01:31",
        "Tram": "3009",
        "Action": "a",
        "Msg Sent": "17/10/2019 05:53:54",
        "Msg Received": "17/10/2019 05:53:54",
        "Msg Processed": "17/10/2019 05:53:54",
        "XML ID": "629",
        "Total Lag": "0.3664122",
        "Create Lag": "0.3195407",
        "Process Lag": "0.0468715"
      },
      {
        "Direction": "Outbound",
        "Destination": "Saggart",
        "Time": "00:14:09",
        "AVLS": "00:14:49",
        "Tram": "3026",
        "Action": "a",
        "Msg Sent": "17/10/2019 05:53:59",
        "Msg Received": "17/10/2019 05:53:59",
        "Msg Processed": "17/10/2019 05:53:59",
        "XML ID": "631",
        "Total Lag": "0.4132891",
        "Create Lag": "0.3976639",
        "Process Lag": "0.0156252"
      }
    ]
  },
  {
    "stopID": "24",
    "stopQueryTime": 1571288040982,
    "count": 3,
    "results": [
      {
        "Direction": "Inbound",
        "Destination": "Broombridge",
        "Time": "00:01:09",
        "AVLS": "00:01:49",
        "Tram": "3020",
        "Action": "a",
        "Msg Sent": "17/10/2019 05:53:54",
        "Msg Received": "17/10/2019 05:53:54",
        "Msg Processed": "17/10/2019 05:53:54",
        "XML ID": "629",
        "Total Lag": "0.50704",
        "Create Lag": "0.3195407",
        "Process Lag": "0.1874993"
      },
      {
        "Direction": "Inbound",
        "Destination": "Broombridge",
        "Time": "00:17:28",
        "AVLS": "00:18:08",
        "Tram": "5011",
        "Action": "a",
        "Msg Sent": "17/10/2019 05:53:56",
        "Msg Received": "17/10/2019 05:53:56",
        "Msg Processed": "17/10/2019 05:53:56",
        "XML ID": "630",
        "Total Lag": "0.4445387",
        "Create Lag": "0.3976586",
        "Process Lag": "0.0468801"
      },
      {
        "Direction": "Outbound",
        "Destination": "Bride's Glen",
        "Time": "00:17:47",
        "AVLS": "00:18:27",
        "Tram": "5025",
        "Action": "a",
        "Msg Sent": "17/10/2019 05:53:56",
        "Msg Received": "17/10/2019 05:53:56",
        "Msg Processed": "17/10/2019 05:53:56",
        "XML ID": "630",
        "Total Lag": "0.491412",
        "Create Lag": "0.3976586",
        "Process Lag": "0.0937534"
      }
    ]
  },
  {
    "stopID": "47",
    "stopQueryTime": 1571288040988,
    "count": 3,
    "results": [
      {
        "Direction": "Inbound",
        "Destination": "Broombridge",
        "Time": "00:16:35",
        "AVLS": "00:17:15",
        "Tram": "5002",
        "Action": "a",
        "Msg Sent": "17/10/2019 05:53:54",
        "Msg Received": "17/10/2019 05:53:54",
        "Msg Processed": "17/10/2019 05:53:54",
        "XML ID": "629",
        "Total Lag": "0.6164122",
        "Create Lag": "0.3195407",
        "Process Lag": "0.2968715"
      },
      {
        "Direction": "Outbound",
        "Destination": "Bride's Glen",
        "Time": "00:08:05",
        "AVLS": "00:08:45",
        "Tram": "5002",
        "Action": "a",
        "Msg Sent": "17/10/2019 05:53:54",
        "Msg Received": "17/10/2019 05:53:54",
        "Msg Processed": "17/10/2019 05:53:54",
        "XML ID": "629",
        "Total Lag": "0.6164122",
        "Create Lag": "0.3195407",
        "Process Lag": "0.2968715"
      },
      {
        "Direction": "Outbound",
        "Destination": "Bride's Glen",
        "Time": "00:13:49",
        "AVLS": "00:14:29",
        "Tram": "5021",
        "Action": "a",
        "Msg Sent": "17/10/2019 05:53:56",
        "Msg Received": "17/10/2019 05:53:56",
        "Msg Processed": "17/10/2019 05:53:56",
        "XML ID": "630",
        "Total Lag": "0.4601634",
        "Create Lag": "0.3976586",
        "Process Lag": "0.0625048"
      }
    ]
  },
  {
    "stopID": "42",
    "stopQueryTime": 1571288040991,
    "count": 3,
    "results": [
      {
        "Direction": "Inbound",
        "Destination": "Broombridge",
        "Time": "00:03:55",
        "AVLS": "00:04:35",
        "Tram": "5006",
        "Action": "a",
        "Msg Sent": "17/10/2019 05:53:54",
        "Msg Received": "17/10/2019 05:53:54",
        "Msg Processed": "17/10/2019 05:53:54",
        "XML ID": "629",
        "Total Lag": "0.6476694",
        "Create Lag": "0.3195407",
        "Process Lag": "0.3281287"
      },
      {
        "Direction": "Outbound",
        "Destination": "Bride's Glen",
        "Time": "00:00:39",
        "AVLS": "00:01:19",
        "Tram": "5002",
        "Action": "a",
        "Msg Sent": "17/10/2019 05:53:54",
        "Msg Received": "17/10/2019 05:53:54",
        "Msg Processed": "17/10/2019 05:53:54",
        "XML ID": "629",
        "Total Lag": "0.6007881",
        "Create Lag": "0.3195407",
        "Process Lag": "0.2812474"
      },
      {
        "Direction": "Outbound",
        "Destination": "Bride's Glen",
        "Time": "00:06:23",
        "AVLS": "00:07:03",
        "Tram": "5021",
        "Action": "a",
        "Msg Sent": "17/10/2019 05:53:56",
        "Msg Received": "17/10/2019 05:53:56",
        "Msg Processed": "17/10/2019 05:53:56",
        "XML ID": "630",
        "Total Lag": "0.4601634",
        "Create Lag": "0.3976586",
        "Process Lag": "0.0625048"
      }
    ]
  },
  {
    "stopID": "46",
    "stopQueryTime": 1571288041002,
    "count": 3,
    "results": [
      {
        "Direction": "Inbound",
        "Destination": "Broombridge",
        "Time": "00:18:36",
        "AVLS": "00:19:16",
        "Tram": "5002",
        "Action": "a",
        "Msg Sent": "17/10/2019 05:53:54",
        "Msg Received": "17/10/2019 05:53:54",
        "Msg Processed": "17/10/2019 05:53:54",
        "XML ID": "629",
        "Total Lag": "0.6164122",
        "Create Lag": "0.3195407",
        "Process Lag": "0.2968715"
      },
      {
        "Direction": "Outbound",
        "Destination": "Bride's Glen",
        "Time": "00:06:08",
        "AVLS": "00:06:48",
        "Tram": "5002",
        "Action": "a",
        "Msg Sent": "17/10/2019 05:53:54",
        "Msg Received": "17/10/2019 05:53:54",
        "Msg Processed": "17/10/2019 05:53:54",
        "XML ID": "629",
        "Total Lag": "0.6164122",
        "Create Lag": "0.3195407",
        "Process Lag": "0.2968715"
      },
      {
        "Direction": "Outbound",
        "Destination": "Bride's Glen",
        "Time": "00:11:52",
        "AVLS": "00:12:32",
        "Tram": "5021",
        "Action": "a",
        "Msg Sent": "17/10/2019 05:53:56",
        "Msg Received": "17/10/2019 05:53:56",
        "Msg Processed": "17/10/2019 05:53:56",
        "XML ID": "630",
        "Total Lag": "0.4601634",
        "Create Lag": "0.3976586",
        "Process Lag": "0.0625048"
      }
    ]
  },
  {
    "stopID": "34",
    "stopQueryTime": 1571288041011,
    "count": 4,
    "results": [
      {
        "Direction": "Inbound",
        "Destination": "Broombridge",
        "Time": "00:00:00",
        "AVLS": "00:00:00",
        "Tram": "5011",
        "Action": "a",
        "Msg Sent": "17/10/2019 05:53:36",
        "Msg Received": "17/10/2019 05:53:36",
        "Msg Processed": "17/10/2019 05:53:36",
        "XML ID": "624",
        "Total Lag": "0.4758016",
        "Create Lag": "0.2414261",
        "Process Lag": "0.2343755"
      },
      {
        "Direction": "Inbound",
        "Destination": "Parnell",
        "Time": "00:09:02",
        "AVLS": "00:09:42",
        "Tram": "5003",
        "Action": "a",
        "Msg Sent": "17/10/2019 05:53:54",
        "Msg Received": "17/10/2019 05:53:54",
        "Msg Processed": "17/10/2019 05:53:54",
        "XML ID": "629",
        "Total Lag": "0.3351652",
        "Create Lag": "0.3195407",
        "Process Lag": "0.0156245"
      },
      {
        "Direction": "Inbound",
        "Destination": "Broombridge",
        "Time": "00:16:50",
        "AVLS": "00:17:30",
        "Tram": "5006",
        "Action": "a",
        "Msg Sent": "17/10/2019 05:53:56",
        "Msg Received": "17/10/2019 05:53:56",
        "Msg Processed": "17/10/2019 05:53:56",
        "XML ID": "630",
        "Total Lag": "0.3976586",
        "Create Lag": "0.3976586",
        "Process Lag": "0"
      },
      {
        "Direction": "Outbound",
        "Destination": "Bride's Glen",
        "Time": "00:16:51",
        "AVLS": "00:17:31",
        "Tram": "5029",
        "Action": "a",
        "Msg Sent": "17/10/2019 05:53:56",
        "Msg Received": "17/10/2019 05:53:56",
        "Msg Processed": "17/10/2019 05:53:56",
        "XML ID": "630",
        "Total Lag": "0.5382858",
        "Create Lag": "0.3976586",
        "Process Lag": "0.1406272"
      }
    ]
  },
  {
    "stopID": "51",
    "stopQueryTime": 1571288041013,
    "count": 3,
    "results": [
      {
        "Direction": "Inbound",
        "Destination": "Belgard",
        "Time": "00:10:58",
        "AVLS": "00:11:38",
        "Tram": "3009",
        "Action": "a",
        "Msg Sent": "17/10/2019 05:53:54",
        "Msg Received": "17/10/2019 05:53:54",
        "Msg Processed": "17/10/2019 05:53:54",
        "XML ID": "629",
        "Total Lag": "0.3820372",
        "Create Lag": "0.3195407",
        "Process Lag": "0.0624965"
      },
      {
        "Direction": "Outbound",
        "Destination": "Saggart",
        "Time": "00:00:00",
        "AVLS": "00:00:19",
        "Tram": "3009",
        "Action": "a",
        "Msg Sent": "17/10/2019 05:53:54",
        "Msg Received": "17/10/2019 05:53:54",
        "Msg Processed": "17/10/2019 05:53:54",
        "XML ID": "629",
        "Total Lag": "0.3664122",
        "Create Lag": "0.3195407",
        "Process Lag": "0.0468715"
      },
      {
        "Direction": "Outbound",
        "Destination": "Saggart",
        "Time": "00:12:52",
        "AVLS": "00:13:32",
        "Tram": "3026",
        "Action": "a",
        "Msg Sent": "17/10/2019 05:53:59",
        "Msg Received": "17/10/2019 05:53:59",
        "Msg Processed": "17/10/2019 05:53:59",
        "XML ID": "631",
        "Total Lag": "0.4132891",
        "Create Lag": "0.3976639",
        "Process Lag": "0.0156252"
      }
    ]
  },
  {
    "stopID": "31",
    "stopQueryTime": 1571288041015,
    "count": 3,
    "results": [
      {
        "Direction": "Inbound",
        "Destination": "Broombridge",
        "Time": "00:04:27",
        "AVLS": "00:05:07",
        "Tram": "5011",
        "Action": "a",
        "Msg Sent": "17/10/2019 05:53:56",
        "Msg Received": "17/10/2019 05:53:56",
        "Msg Processed": "17/10/2019 05:53:56",
        "XML ID": "630",
        "Total Lag": "0.4132863",
        "Create Lag": "0.3976586",
        "Process Lag": "0.0156277"
      },
      {
        "Direction": "Inbound",
        "Destination": "Parnell",
        "Time": "00:14:43",
        "AVLS": "00:15:23",
        "Tram": "5003",
        "Action": "a",
        "Msg Sent": "17/10/2019 05:53:54",
        "Msg Received": "17/10/2019 05:53:54",
        "Msg Processed": "17/10/2019 05:53:54",
        "XML ID": "629",
        "Total Lag": "0.3508023",
        "Create Lag": "0.3195407",
        "Process Lag": "0.0312616"
      },
      {
        "Direction": "Outbound",
        "Destination": "Bride's Glen",
        "Time": "00:11:53",
        "AVLS": "00:12:33",
        "Tram": "5029",
        "Action": "a",
        "Msg Sent": "17/10/2019 05:53:56",
        "Msg Received": "17/10/2019 05:53:56",
        "Msg Processed": "17/10/2019 05:53:56",
        "XML ID": "630",
        "Total Lag": "0.5382858",
        "Create Lag": "0.3976586",
        "Process Lag": "0.1406272"
      }
    ]
  }
]