[
  {
    "stopID": "15",
    "stopQueryTime": 1571286060748,
    "count": 0,
    "results": []
  },
  {
    "stopID": "16",
    "stopQueryTime": 1571286060755,
    "count": 0,
    "results": []
  },
  {
    "stopID": "20",
    "stopQueryTime": 1571286060769,
    "count": 0,
    "results": []
  },
  {
    "stopID": "17",
    "stopQueryTime": 1571286060772,
    "count": 0,
    "results": []
  },
  {
    "stopID": "19",
    "stopQueryTime": 1571286060796,
    "count": 0,
    "results": []
  },
  {
    "stopID": "14",
    "stopQueryTime": 1571286060800,
    "count": 0,
    "results": []
  },
  {
    "stopID": "49",
    "stopQueryTime": 1571286060804,
    "count": 0,
    "results": []
  },
  {
    "stopID": "4",
    "stopQueryTime": 1571286060811,
    "count": 2,
    "results": [
      {
        "Direction": "Inbound",
        "Destination": "The Point",
        "Time": "00:14:27",
        "AVLS": "00:15:07",
        "Tram": "3018",
        "Action": "a",
        "Msg Sent": "17/10/2019 05:20:54",
        "Msg Received": "17/10/2019 05:20:54",
        "Msg Processed": "17/10/2019 05:20:54",
        "XML ID": "144",
        "Total Lag": "0.1828599",
        "Create Lag": "0.0422386",
        "Process Lag": "0.1406213"
      },
      {
        "Direction": "Outbound",
        "Destination": "Tallaght",
        "Time": "00:12:38",
        "AVLS": "00:13:18",
        "Tram": "4004",
        "Action": "a",
        "Msg Sent": "17/10/2019 05:20:54",
        "Msg Received": "17/10/2019 05:20:54",
        "Msg Processed": "17/10/2019 05:20:54",
        "XML ID": "144",
        "Total Lag": "0.1203667",
        "Create Lag": "0.0422386",
        "Process Lag": "0.0781281"
      }
    ]
  },
  {
    "stopID": "50",
    "stopQueryTime": 1571286060813,
    "count": 0,
    "results": []
  },
  {
    "stopID": "21",
    "stopQueryTime": 1571286060823,
    "count": 1,
    "results": [
      {
        "Direction": "Outbound",
        "Destination": "Tallaght",
        "Time": "00:18:27",
        "AVLS": "00:19:07",
        "Tram": "3013",
        "Action": "a",
        "Msg Sent": "17/10/2019 05:20:54",
        "Msg Received": "17/10/2019 05:20:54",
        "Msg Processed": "17/10/2019 05:20:54",
        "XML ID": "144",
        "Total Lag": "0.1672358",
        "Create Lag": "0.0422386",
        "Process Lag": "0.1249972"
      }
    ]
  },
  {
    "stopID": "53",
    "stopQueryTime": 1571286060825,
    "count": 0,
    "results": []
  },
  {
    "stopID": "23",
    "stopQueryTime": 1571286060844,
    "count": 0,
    "results": []
  },
  {
    "stopID": "13",
    "stopQueryTime": 1571286060847,
    "count": 1,
    "results": [
      {
        "Direction": "Inbound",
        "Destination": "The Point",
        "Time": "00:18:31",
        "AVLS": "00:19:11",
        "Tram": "4003",
        "Action": "a",
        "Msg Sent": "17/10/2019 05:20:54",
        "Msg Received": "17/10/2019 05:20:54",
        "Msg Processed": "17/10/2019 05:20:54",
        "XML ID": "144",
        "Total Lag": "0.1047325",
        "Create Lag": "0.0422386",
        "Process Lag": "0.0624939"
      }
    ]
  },
  {
    "stopID": "26",
    "stopQueryTime": 1571286060850,
    "count": 1,
    "results": [
      {
        "Direction": "Outbound",
        "Destination": "Bride's Glen",
        "Time": "00:13:05",
        "AVLS": "00:13:45",
        "Tram": "5021",
        "Action": "a",
        "Msg Sent": "17/10/2019 05:20:54",
        "Msg Received": "17/10/2019 05:20:54",
        "Msg Processed": "17/10/2019 05:20:54",
        "XML ID": "144",
        "Total Lag": "0.2297363",
        "Create Lag": "0.0422386",
        "Process Lag": "0.1874977"
      }
    ]
  },
  {
    "stopID": "10",
    "stopQueryTime": 1571286060854,
    "count": 1,
    "results": [
      {
        "Direction": "Inbound",
        "Destination": "The Point",
        "Time": "00:15:07",
        "AVLS": "00:15:47",
        "Tram": "4003",
        "Action": "a",
        "Msg Sent": "17/10/2019 05:20:54",
        "Msg Received": "17/10/2019 05:20:54",
        "Msg Processed": "17/10/2019 05:20:54",
        "XML ID": "144",
        "Total Lag": "0.0891104",
        "Create Lag": "0.0422386",
        "Process Lag": "0.0468718"
      }
    ]
  },
  {
    "stopID": "30",
    "stopQueryTime": 1571286060855,
    "count": 1,
    "results": [
      {
        "Direction": "Inbound",
        "Destination": "Broombridge",
        "Time": "00:19:13",
        "AVLS": "00:19:53",
        "Tram": "3020",
        "Action": "a",
        "Msg Sent": "17/10/2019 05:20:54",
        "Msg Received": "17/10/2019 05:20:54",
        "Msg Processed": "17/10/2019 05:20:54",
        "XML ID": "144",
        "Total Lag": "0.0734886",
        "Create Lag": "0.0422386",
        "Process Lag": "0.03125"
      }
    ]
  },
  {
    "stopID": "18",
    "stopQueryTime": 1571286060856,
    "count": 0,
    "results": []
  },
  {
    "stopID": "24",
    "stopQueryTime": 1571286060858,
    "count": 1,
    "results": [
      {
        "Direction": "Outbound",
        "Destination": "Bride's Glen",
        "Time": "00:08:27",
        "AVLS": "00:09:07",
        "Tram": "5021",
        "Action": "d",
        "Msg Sent": "17/10/2019 05:20:54",
        "Msg Received": "17/10/2019 05:20:54",
        "Msg Processed": "17/10/2019 05:20:54",
        "XML ID": "144",
        "Total Lag": "0.2141186",
        "Create Lag": "0.0422386",
        "Process Lag": "0.17188"
      }
    ]
  },
  {
    "stopID": "31",
    "stopQueryTime": 1571286060859,
    "count": 1,
    "results": [
      {
        "Direction": "Inbound",
        "Destination": "Broombridge",
        "Time": "00:17:26",
        "AVLS": "00:18:06",
        "Tram": "3020",
        "Action": "a",
        "Msg Sent": "17/10/2019 05:20:54",
        "Msg Received": "17/10/2019 05:20:54",
        "Msg Processed": "17/10/2019 05:20:54",
        "XML ID": "144",
        "Total Lag": "0.0734886",
        "Create Lag": "0.0422386",
        "Process Lag": "0.03125"
      }
    ]
  },
  {
    "stopID": "9",
    "stopQueryTime": 1571286060867,
    "count": 1,
    "results": [
      {
        "Direction": "Inbound",
        "Destination": "The Point",
        "Time": "00:13:57",
        "AVLS": "00:14:37",
        "Tram": "4003",
        "Action": "a",
        "Msg Sent": "17/10/2019 05:20:54",
        "Msg Received": "17/10/2019 05:20:54",
        "Msg Processed": "17/10/2019 05:20:54",
        "XML ID": "144",
        "Total Lag": "0.0891104",
        "Create Lag": "0.0422386",
        "Process Lag": "0.0468718"
      }
    ]
  },
  {
    "stopID": "12",
    "stopQueryTime": 1571286060868,
    "count": 1,
    "results": [
      {
        "Direction": "Inbound",
        "Destination": "The Point",
        "Time": "00:16:58",
        "AVLS": "00:17:38",
        "Tram": "4003",
        "Action": "a",
        "Msg Sent": "17/10/2019 05:20:54",
        "Msg Received": "17/10/2019 05:20:54",
        "Msg Processed": "17/10/2019 05:20:54",
        "XML ID": "144",
        "Total Lag": "0.1047325",
        "Create Lag": "0.0422386",
        "Process Lag": "0.0624939"
      }
    ]
  },
  {
    "stopID": "51",
    "stopQueryTime": 1571286060878,
    "count": 0,
    "results": []
  },
  {
    "stopID": "29",
    "stopQueryTime": 1571286060882,
    "count": 1,
    "results": [
      {
        "Direction": "Outbound",
        "Destination": "Bride's Glen",
        "Time": "00:17:55",
        "AVLS": "00:18:35",
        "Tram": "5021",
        "Action": "a",
        "Msg Sent": "17/10/2019 05:20:54",
        "Msg Received": "17/10/2019 05:20:54",
        "Msg Processed": "17/10/2019 05:20:54",
        "XML ID": "144",
        "Total Lag": "0.2297363",
        "Create Lag": "0.0422386",
        "Process Lag": "0.1874977"
      }
    ]
  },
  {
    "stopID": "39",
    "stopQueryTime": 1571286060885,
    "count": 1,
    "results": [
      {
        "Direction": "Outbound",
        "Destination": "Bride's Glen",
        "Time": "00:11:13",
        "AVLS": "00:11:53",
        "Tram": "5006",
        "Action": "a",
        "Msg Sent": "17/10/2019 05:20:54",
        "Msg Received": "17/10/2019 05:20:54",
        "Msg Processed": "17/10/2019 05:20:54",
        "XML ID": "144",
        "Total Lag": "0.1359868",
        "Create Lag": "0.0422386",
        "Process Lag": "0.0937482"
      }
    ]
  },
  {
    "stopID": "25",
    "stopQueryTime": 1571286060886,
    "count": 1,
    "results": [
      {
        "Direction": "Outbound",
        "Destination": "Bride's Glen",
        "Time": "00:10:25",
        "AVLS": "00:11:05",
        "Tram": "5021",
        "Action": "a",
        "Msg Sent": "17/10/2019 05:20:54",
        "Msg Received": "17/10/2019 05:20:54",
        "Msg Processed": "17/10/2019 05:20:54",
        "XML ID": "144",
        "Total Lag": "0.2141186",
        "Create Lag": "0.0422386",
        "Process Lag": "0.17188"
      }
    ]
  },
  {
    "stopID": "37",
    "stopQueryTime": 1571286060897,
    "count": 1,
    "results": [
      {
        "Direction": "Outbound",
        "Destination": "Bride's Glen",
        "Time": "00:08:00",
        "AVLS": "00:08:40",
        "Tram": "5006",
        "Action": "a",
        "Msg Sent": "17/10/2019 05:20:54",
        "Msg Received": "17/10/2019 05:20:54",
        "Msg Processed": "17/10/2019 05:20:54",
        "XML ID": "144",
        "Total Lag": "0.1359868",
        "Create Lag": "0.0422386",
        "Process Lag": "0.0937482"
      }
    ]
  },
  {
    "stopID": "1",
    "stopQueryTime": 1571286060900,
    "count": 2,
    "results": [
      {
        "Direction": "Inbound",
        "Destination": "The Point",
        "Time": "00:08:27",
        "AVLS": "00:09:07",
        "Tram": "3018",
        "Action": "d",
        "Msg Sent": "17/10/2019 05:20:54",
        "Msg Received": "17/10/2019 05:20:54",
        "Msg Processed": "17/10/2019 05:20:54",
        "XML ID": "144",
        "Total Lag": "0.1828599",
        "Create Lag": "0.0422386",
        "Process Lag": "0.1406213"
      },
      {
        "Direction": "Terminating",
        "Destination": "Tallaght",
        "Time": "00:17:27",
        "AVLS": "00:18:07",
        "Tram": "4004",
        "Action": "a",
        "Msg Sent": "17/10/2019 05:20:54",
        "Msg Received": "17/10/2019 05:20:54",
        "Msg Processed": "17/10/2019 05:20:54",
        "XML ID": "144",
        "Total Lag": "0.1203667",
        "Create Lag": "0.0422386",
        "Process Lag": "0.0781281"
      }
    ]
  },
  {
    "stopID": "22",
    "stopQueryTime": 1571286060903,
    "count": 1,
    "results": [
      {
        "Direction": "Outbound",
        "Destination": "Tallaght",
        "Time": "00:14:59",
        "AVLS": "00:15:39",
        "Tram": "3013",
        "Action": "a",
        "Msg Sent": "17/10/2019 05:20:54",
        "Msg Received": "17/10/2019 05:20:54",
        "Msg Processed": "17/10/2019 05:20:54",
        "XML ID": "144",
        "Total Lag": "0.1672358",
        "Create Lag": "0.0422386",
        "Process Lag": "0.1249972"
      }
    ]
  },
  {
    "stopID": "5",
    "stopQueryTime": 1571286060905,
    "count": 2,
    "results": [
      {
        "Direction": "Inbound",
        "Destination": "The Point",
        "Time": "00:16:20",
        "AVLS": "00:17:00",
        "Tram": "3018",
        "Action": "a",
        "Msg Sent": "17/10/2019 05:20:54",
        "Msg Received": "17/10/2019 05:20:54",
        "Msg Processed": "17/10/2019 05:20:54",
        "XML ID": "144",
        "Total Lag": "0.1828599",
        "Create Lag": "0.0422386",
        "Process Lag": "0.1406213"
      },
      {
        "Direction": "Outbound",
        "Destination": "Tallaght",
        "Time": "00:10:27",
        "AVLS": "00:11:07",
        "Tram": "4004",
        "Action": "d",
        "Msg Sent": "17/10/2019 05:20:54",
        "Msg Received": "17/10/2019 05:20:54",
        "Msg Processed": "17/10/2019 05:20:54",
        "XML ID": "144",
        "Total Lag": "0.1047325",
        "Create Lag": "0.0422386",
        "Process Lag": "0.0624939"
      }
    ]
  },
  {
    "stopID": "58",
    "stopQueryTime": 1571286060912,
    "count": 0,
    "results": []
  },
  {
    "stopID": "27",
    "stopQueryTime": 1571286060913,
    "count": 1,
    "results": [
      {
        "Direction": "Outbound",
        "Destination": "Bride's Glen",
        "Time": "00:14:33",
        "AVLS": "00:15:13",
        "Tram": "5021",
        "Action": "a",
        "Msg Sent": "17/10/2019 05:20:54",
        "Msg Received": "17/10/2019 05:20:54",
        "Msg Processed": "17/10/2019 05:20:54",
        "XML ID": "144",
        "Total Lag": "0.2297363",
        "Create Lag": "0.0422386",
        "Process Lag": "0.1874977"
      }
    ]
  },
  {
    "stopID": "6",
    "stopQueryTime": 1571286060917,
    "count": 1,
    "results": [
      {
        "Direction": "Inbound",
        "Destination": "The Point",
        "Time": "00:06:27",
        "AVLS": "00:07:07",
        "Tram": "4003",
        "Action": "d",
        "Msg Sent": "17/10/2019 05:20:54",
        "Msg Received": "17/10/2019 05:20:54",
        "Msg Processed": "17/10/2019 05:20:54",
        "XML ID": "144",
        "Total Lag": "0.0891104",
        "Create Lag": "0.0422386",
        "Process Lag": "0.0468718"
      }
    ]
  },
  {
    "stopID": "33",
    "stopQueryTime": 1571286060926,
    "count": 1,
    "results": [
      {
        "Direction": "Inbound",
        "Destination": "Broombridge",
        "Time": "00:13:45",
        "AVLS": "00:14:25",
        "Tram": "3020",
        "Action": "a",
        "Msg Sent": "17/10/2019 05:20:54",
        "Msg Received": "17/10/2019 05:20:54",
        "Msg Processed": "17/10/2019 05:20:54",
        "XML ID": "144",
        "Total Lag": "0.0734886",
        "Create Lag": "0.0422386",
        "Process Lag": "0.03125"
      }
    ]
  },
  {
    "stopID": "34",
    "stopQueryTime": 1571286060928,
    "count": 1,
    "results": [
      {
        "Direction": "Inbound",
        "Destination": "Broombridge",
        "Time": "00:12:02",
        "AVLS": "00:12:42",
        "Tram": "3020",
        "Action": "a",
        "Msg Sent": "17/10/2019 05:20:54",
        "Msg Received": "17/10/2019 05:20:54",
        "Msg Processed": "17/10/2019 05:20:54",
        "XML ID": "144",
        "Total Lag": "0.0578625",
        "Create Lag": "0.0422386",
        "Process Lag": "0.0156239"
      }
    ]
  },
  {
    "stopID": "48",
    "stopQueryTime": 1571286060937,
    "count": 1,
    "results": [
      {
        "Direction": "Inbound",
        "Destination": "Broombridge",
        "Time": "00:08:27",
        "AVLS": "00:09:07",
        "Tram": "5011",
        "Action": "d",
        "Msg Sent": "17/10/2019 05:20:54",
        "Msg Received": "17/10/2019 05:20:54",
        "Msg Processed": "17/10/2019 05:20:54",
        "XML ID": "144",
        "Total Lag": "0.1984963",
        "Create Lag": "0.0422386",
        "Process Lag": "0.1562577"
      }
    ]
  },
  {
    "stopID": "52",
    "stopQueryTime": 1571286060938,
    "count": 0,
    "results": []
  },
  {
    "stopID": "56",
    "stopQueryTime": 1571286060941,
    "count": 1,
    "results": [
      {
        "Direction": "Outbound",
        "Destination": "Tallaght",
        "Time": "00:09:36",
        "AVLS": "00:10:16",
        "Tram": "3013",
        "Action": "a",
        "Msg Sent": "17/10/2019 05:20:54",
        "Msg Received": "17/10/2019 05:20:54",
        "Msg Processed": "17/10/2019 05:20:54",
        "XML ID": "144",
        "Total Lag": "0.1516119",
        "Create Lag": "0.0422386",
        "Process Lag": "0.1093733"
      }
    ]
  },
  {
    "stopID": "7",
    "stopQueryTime": 1571286060943,
    "count": 1,
    "results": [
      {
        "Direction": "Inbound",
        "Destination": "The Point",
        "Time": "00:10:29",
        "AVLS": "00:11:09",
        "Tram": "4003",
        "Action": "a",
        "Msg Sent": "17/10/2019 05:20:54",
        "Msg Received": "17/10/2019 05:20:54",
        "Msg Processed": "17/10/2019 05:20:54",
        "XML ID": "144",
        "Total Lag": "0.0891104",
        "Create Lag": "0.0422386",
        "Process Lag": "0.0468718"
      }
    ]
  },
  {
    "stopID": "35",
    "stopQueryTime": 1571286060946,
    "count": 1,
    "results": [
      {
        "Direction": "Inbound",
        "Destination": "Broombridge",
        "Time": "00:10:02",
        "AVLS": "00:10:42",
        "Tram": "3020",
        "Action": "a",
        "Msg Sent": "17/10/2019 05:20:54",
        "Msg Received": "17/10/2019 05:20:54",
        "Msg Processed": "17/10/2019 05:20:54",
        "XML ID": "144",
        "Total Lag": "0.0578625",
        "Create Lag": "0.0422386",
        "Process Lag": "0.0156239"
      }
    ]
  },
  {
    "stopID": "11",
    "stopQueryTime": 1571286060947,
    "count": 1,
    "results": [
      {
        "Direction": "Inbound",
        "Destination": "The Point",
        "Time": "00:15:59",
        "AVLS": "00:16:39",
        "Tram": "4003",
        "Action": "a",
        "Msg Sent": "17/10/2019 05:20:54",
        "Msg Received": "17/10/2019 05:20:54",
        "Msg Processed": "17/10/2019 05:20:54",
        "XML ID": "144",
        "Total Lag": "0.1047325",
        "Create Lag": "0.0422386",
        "Process Lag": "0.0624939"
      }
    ]
  },
  {
    "stopID": "47",
    "stopQueryTime": 1571286060949,
    "count": 1,
    "results": [
      {
        "Direction": "Inbound",
        "Destination": "Broombridge",
        "Time": "00:09:35",
        "AVLS": "00:10:15",
        "Tram": "5011",
        "Action": "a",
        "Msg Sent": "17/10/2019 05:20:54",
        "Msg Received": "17/10/2019 05:20:54",
        "Msg Processed": "17/10/2019 05:20:54",
        "XML ID": "144",
        "Total Lag": "0.1984963",
        "Create Lag": "0.0422386",
        "Process Lag": "0.1562577"
      }
    ]
  },
  {
    "stopID": "3",
    "stopQueryTime": 1571286060956,
    "count": 2,
    "results": [
      {
        "Direction": "Inbound",
        "Destination": "The Point",
        "Time": "00:11:22",
        "AVLS": "00:12:02",
        "Tram": "3018",
        "Action": "a",
        "Msg Sent": "17/10/2019 05:20:54",
        "Msg Received": "17/10/2019 05:20:54",
        "Msg Processed": "17/10/2019 05:20:54",
        "XML ID": "144",
        "Total Lag": "0.1828599",
        "Create Lag": "0.0422386",
        "Process Lag": "0.1406213"
      },
      {
        "Direction": "Outbound",
        "Destination": "Tallaght",
        "Time": "00:14:30",
        "AVLS": "00:15:10",
        "Tram": "4004",
        "Action": "a",
        "Msg Sent": "17/10/2019 05:20:54",
        "Msg Received": "17/10/2019 05:20:54",
        "Msg Processed": "17/10/2019 05:20:54",
        "XML ID": "144",
        "Total Lag": "0.1203667",
        "Create Lag": "0.0422386",
        "Process Lag": "0.0781281"
      }
    ]
  },
  {
    "stopID": "36",
    "stopQueryTime": 1571286060961,
    "count": 2,
    "results": [
      {
        "Direction": "Inbound",
        "Destination": "Broombridge",
        "Time": "00:08:27",
        "AVLS": "00:09:07",
        "Tram": "3020",
        "Action": "d",
        "Msg Sent": "17/10/2019 05:20:54",
        "Msg Received": "17/10/2019 05:20:54",
        "Msg Processed": "17/10/2019 05:20:54",
        "XML ID": "144",
        "Total Lag": "0.0578625",
        "Create Lag": "0.0422386",
        "Process Lag": "0.0156239"
      },
      {
        "Direction": "Outbound",
        "Destination": "Bride's Glen",
        "Time": "00:05:27",
        "AVLS": "00:06:07",
        "Tram": "5006",
        "Action": "d",
        "Msg Sent": "17/10/2019 05:20:54",
        "Msg Received": "17/10/2019 05:20:54",
        "Msg Processed": "17/10/2019 05:20:54",
        "XML ID": "144",
        "Total Lag": "0.1203667",
        "Create Lag": "0.0422386",
        "Process Lag": "0.0781281"
      }
    ]
  },
  {
    "stopID": "57",
    "stopQueryTime": 1571286060970,
    "count": 1,
    "results": [
      {
        "Direction": "Outbound",
        "Destination": "Tallaght",
        "Time": "00:08:57",
        "AVLS": "00:09:37",
        "Tram": "3013",
        "Action": "d",
        "Msg Sent": "17/10/2019 05:20:54",
        "Msg Received": "17/10/2019 05:20:54",
        "Msg Processed": "17/10/2019 05:20:54",
        "XML ID": "144",
        "Total Lag": "0.1516119",
        "Create Lag": "0.0422386",
        "Process Lag": "0.1093733"
      }
    ]
  },
  {
    "stopID": "38",
    "stopQueryTime": 1571286060976,
    "count": 1,
    "results": [
      {
        "Direction": "Outbound",
        "Destination": "Bride's Glen",
        "Time": "00:09:28",
        "AVLS": "00:10:08",
        "Tram": "5006",
        "Action": "a",
        "Msg Sent": "17/10/2019 05:20:54",
        "Msg Received": "17/10/2019 05:20:54",
        "Msg Processed": "17/10/2019 05:20:54",
        "XML ID": "144",
        "Total Lag": "0.1359868",
        "Create Lag": "0.0422386",
        "Process Lag": "0.0937482"
      }
    ]
  },
  {
    "stopID": "32",
    "stopQueryTime": 1571286060980,
    "count": 1,
    "results": [
      {
        "Direction": "Inbound",
        "Destination": "Broombridge",
        "Time": "00:15:27",
        "AVLS": "00:16:07",
        "Tram": "3020",
        "Action": "a",
        "Msg Sent": "17/10/2019 05:20:54",
        "Msg Received": "17/10/2019 05:20:54",
        "Msg Processed": "17/10/2019 05:20:54",
        "XML ID": "144",
        "Total Lag": "0.0734886",
        "Create Lag": "0.0422386",
        "Process Lag": "0.03125"
      }
    ]
  },
  {
    "stopID": "44",
    "stopQueryTime": 1571286060982,
    "count": 2,
    "results": [
      {
        "Direction": "Inbound",
        "Destination": "Broombridge",
        "Time": "00:14:27",
        "AVLS": "00:15:07",
        "Tram": "5011",
        "Action": "a",
        "Msg Sent": "17/10/2019 05:20:54",
        "Msg Received": "17/10/2019 05:20:54",
        "Msg Processed": "17/10/2019 05:20:54",
        "XML ID": "144",
        "Total Lag": "0.1984963",
        "Create Lag": "0.0422386",
        "Process Lag": "0.1562577"
      },
      {
        "Direction": "Outbound",
        "Destination": "Bride's Glen",
        "Time": "00:17:27",
        "AVLS": "00:18:07",
        "Tram": "5006",
        "Action": "a",
        "Msg Sent": "17/10/2019 05:20:54",
        "Msg Received": "17/10/2019 05:20:54",
        "Msg Processed": "17/10/2019 05:20:54",
        "XML ID": "144",
        "Total Lag": "0.1516119",
        "Create Lag": "0.0422386",
        "Process Lag": "0.1093733"
      }
    ]
  },
  {
    "stopID": "43",
    "stopQueryTime": 1571286060988,
    "count": 2,
    "results": [
      {
        "Direction": "Inbound",
        "Destination": "Broombridge",
        "Time": "00:15:31",
        "AVLS": "00:16:11",
        "Tram": "5011",
        "Action": "a",
        "Msg Sent": "17/10/2019 05:20:54",
        "Msg Received": "17/10/2019 05:20:54",
        "Msg Processed": "17/10/2019 05:20:54",
        "XML ID": "144",
        "Total Lag": "0.1984963",
        "Create Lag": "0.0422386",
        "Process Lag": "0.1562577"
      },
      {
        "Direction": "Outbound",
        "Destination": "Bride's Glen",
        "Time": "00:16:22",
        "AVLS": "00:17:02",
        "Tram": "5006",
        "Action": "a",
        "Msg Sent": "17/10/2019 05:20:54",
        "Msg Received": "17/10/2019 05:20:54",
        "Msg Processed": "17/10/2019 05:20:54",
        "XML ID": "144",
        "Total Lag": "0.1516119",
        "Create Lag": "0.0422386",
        "Process Lag": "0.1093733"
      }
    ]
  },
  {
    "stopID": "54",
    "stopQueryTime": 1571286060996,
    "count": 1,
    "results": [
      {
        "Direction": "Outbound",
        "Destination": "Tallaght",
        "Time": "00:13:03",
        "AVLS": "00:13:43",
        "Tram": "3013",
        "Action": "a",
        "Msg Sent": "17/10/2019 05:20:54",
        "Msg Received": "17/10/2019 05:20:54",
        "Msg Processed": "17/10/2019 05:20:54",
        "XML ID": "144",
        "Total Lag": "0.1672358",
        "Create Lag": "0.0422386",
        "Process Lag": "0.1249972"
      }
    ]
  },
  {
    "stopID": "40",
    "stopQueryTime": 1571286060998,
    "count": 2,
    "results": [
      {
        "Direction": "Inbound",
        "Destination": "Broombridge",
        "Time": "00:19:18",
        "AVLS": "00:19:58",
        "Tram": "5011",
        "Action": "a",
        "Msg Sent": "17/10/2019 05:20:54",
        "Msg Received": "17/10/2019 05:20:54",
        "Msg Processed": "17/10/2019 05:20:54",
        "XML ID": "144",
        "Total Lag": "0.2141186",
        "Create Lag": "0.0422386",
        "Process Lag": "0.17188"
      },
      {
        "Direction": "Outbound",
        "Destination": "Bride's Glen",
        "Time": "00:12:41",
        "AVLS": "00:13:21",
        "Tram": "5006",
        "Action": "a",
        "Msg Sent": "17/10/2019 05:20:54",
        "Msg Received": "17/10/2019 05:20:54",
        "Msg Processed": "17/10/2019 05:20:54",
        "XML ID": "144",
        "Total Lag": "0.1359868",
        "Create Lag": "0.0422386",
        "Process Lag": "0.0937482"
      }
    ]
  },
  {
    "stopID": "2",
    "stopQueryTime": 1571286061000,
    "count": 2,
    "results": [
      {
        "Direction": "Inbound",
        "Destination": "The Point",
        "Time": "00:09:41",
        "AVLS": "00:10:21",
        "Tram": "3018",
        "Action": "a",
        "Msg Sent": "17/10/2019 05:20:54",
        "Msg Received": "17/10/2019 05:20:54",
        "Msg Processed": "17/10/2019 05:20:54",
        "XML ID": "144",
        "Total Lag": "0.1828599",
        "Create Lag": "0.0422386",
        "Process Lag": "0.1406213"
      },
      {
        "Direction": "Outbound",
        "Destination": "Tallaght",
        "Time": "00:15:46",
        "AVLS": "00:16:26",
        "Tram": "4004",
        "Action": "a",
        "Msg Sent": "17/10/2019 05:20:54",
        "Msg Received": "17/10/2019 05:20:54",
        "Msg Processed": "17/10/2019 05:20:54",
        "XML ID": "144",
        "Total Lag": "0.1203667",
        "Create Lag": "0.0422386",
        "Process Lag": "0.0781281"
      }
    ]
  },
  {
    "stopID": "55",
    "stopQueryTime": 1571286061004,
    "count": 1,
    "results": [
      {
        "Direction": "Outbound",
        "Destination": "Tallaght",
        "Time": "00:11:35",
        "AVLS": "00:12:15",
        "Tram": "3013",
        "Action": "a",
        "Msg Sent": "17/10/2019 05:20:54",
        "Msg Received": "17/10/2019 05:20:54",
        "Msg Processed": "17/10/2019 05:20:54",
        "XML ID": "144",
        "Total Lag": "0.1672358",
        "Create Lag": "0.0422386",
        "Process Lag": "0.1249972"
      }
    ]
  },
  {
    "stopID": "46",
    "stopQueryTime": 1571286061015,
    "count": 1,
    "results": [
      {
        "Direction": "Inbound",
        "Destination": "Broombridge",
        "Time": "00:11:36",
        "AVLS": "00:12:16",
        "Tram": "5011",
        "Action": "a",
        "Msg Sent": "17/10/2019 05:20:54",
        "Msg Received": "17/10/2019 05:20:54",
        "Msg Processed": "17/10/2019 05:20:54",
        "XML ID": "144",
        "Total Lag": "0.1984963",
        "Create Lag": "0.0422386",
        "Process Lag": "0.1562577"
      }
    ]
  },
  {
    "stopID": "45",
    "stopQueryTime": 1571286061023,
    "count": 2,
    "results": [
      {
        "Direction": "Inbound",
        "Destination": "Broombridge",
        "Time": "00:12:58",
        "AVLS": "00:13:38",
        "Tram": "5011",
        "Action": "a",
        "Msg Sent": "17/10/2019 05:20:54",
        "Msg Received": "17/10/2019 05:20:54",
        "Msg Processed": "17/10/2019 05:20:54",
        "XML ID": "144",
        "Total Lag": "0.1984963",
        "Create Lag": "0.0422386",
        "Process Lag": "0.1562577"
      },
      {
        "Direction": "Outbound",
        "Destination": "Bride's Glen",
        "Time": "00:18:55",
        "AVLS": "00:19:35",
        "Tram": "5006",
        "Action": "a",
        "Msg Sent": "17/10/2019 05:20:54",
        "Msg Received": "17/10/2019 05:20:54",
        "Msg Processed": "17/10/2019 05:20:54",
        "XML ID": "144",
        "Total Lag": "0.1516119",
        "Create Lag": "0.0422386",
        "Process Lag": "0.1093733"
      }
    ]
  },
  {
    "stopID": "8",
    "stopQueryTime": 1571286061025,
    "count": 1,
    "results": [
      {
        "Direction": "Inbound",
        "Destination": "The Point",
        "Time": "00:11:55",
        "AVLS": "00:12:35",
        "Tram": "4003",
        "Action": "a",
        "Msg Sent": "17/10/2019 05:20:54",
        "Msg Received": "17/10/2019 05:20:54",
        "Msg Processed": "17/10/2019 05:20:54",
        "XML ID": "144",
        "Total Lag": "0.0891104",
        "Create Lag": "0.0422386",
        "Process Lag": "0.0468718"
      }
    ]
  },
  {
    "stopID": "28",
    "stopQueryTime": 1571286061026,
    "count": 1,
    "results": [
      {
        "Direction": "Outbound",
        "Destination": "Bride's Glen",
        "Time": "00:16:27",
        "AVLS": "00:17:07",
        "Tram": "5021",
        "Action": "a",
        "Msg Sent": "17/10/2019 05:20:54",
        "Msg Received": "17/10/2019 05:20:54",
        "Msg Processed": "17/10/2019 05:20:54",
        "XML ID": "144",
        "Total Lag": "0.2297363",
        "Create Lag": "0.0422386",
        "Process Lag": "0.1874977"
      }
    ]
  },
  {
    "stopID": "42",
    "stopQueryTime": 1571286061034,
    "count": 2,
    "results": [
      {
        "Direction": "Inbound",
        "Destination": "Broombridge",
        "Time": "00:17:07",
        "AVLS": "00:17:47",
        "Tram": "5011",
        "Action": "a",
        "Msg Sent": "17/10/2019 05:20:54",
        "Msg Received": "17/10/2019 05:20:54",
        "Msg Processed": "17/10/2019 05:20:54",
        "XML ID": "144",
        "Total Lag": "0.2141186",
        "Create Lag": "0.0422386",
        "Process Lag": "0.17188"
      },
      {
        "Direction": "Outbound",
        "Destination": "Bride's Glen",
        "Time": "00:14:49",
        "AVLS": "00:15:29",
        "Tram": "5006",
        "Action": "a",
        "Msg Sent": "17/10/2019 05:20:54",
        "Msg Received": "17/10/2019 05:20:54",
        "Msg Processed": "17/10/2019 05:20:54",
        "XML ID": "144",
        "Total Lag": "0.1359868",
        "Create Lag": "0.0422386",
        "Process Lag": "0.0937482"
      }
    ]
  }
]