[
  {
    "stopID": "1",
    "stopQueryTime": 1571287800647,
    "count": 1,
    "results": [
      {
        "Direction": "Inbound",
        "Destination": "The Point",
        "Time": "00:00:00",
        "AVLS": "00:00:07",
        "Tram": "4004",
        "Action": "d",
        "Msg Sent": "17/10/2019 05:49:53",
        "Msg Received": "17/10/2019 05:49:54",
        "Msg Processed": "17/10/2019 05:49:54",
        "XML ID": "559",
        "Total Lag": "1.2785241",
        "Create Lag": "1.0441519",
        "Process Lag": "0.2343722"
      }
    ]
  },
  {
    "stopID": "2",
    "stopQueryTime": 1571287800684,
    "count": 1,
    "results": [
      {
        "Direction": "Inbound",
        "Destination": "The Point",
        "Time": "00:00:41",
        "AVLS": "00:01:21",
        "Tram": "4004",
        "Action": "a",
        "Msg Sent": "17/10/2019 05:49:53",
        "Msg Received": "17/10/2019 05:49:54",
        "Msg Processed": "17/10/2019 05:49:54",
        "XML ID": "559",
        "Total Lag": "1.2785241",
        "Create Lag": "1.0441519",
        "Process Lag": "0.2343722"
      }
    ]
  },
  {
    "stopID": "14",
    "stopQueryTime": 1571287800692,
    "count": 2,
    "results": [
      {
        "Direction": "Inbound",
        "Destination": "The Point",
        "Time": "00:05:50",
        "AVLS": "00:06:30",
        "Tram": "3018",
        "Action": "a",
        "Msg Sent": "17/10/2019 05:49:53",
        "Msg Received": "17/10/2019 05:49:54",
        "Msg Processed": "17/10/2019 05:49:54",
        "XML ID": "559",
        "Total Lag": "1.1535267",
        "Create Lag": "1.0441519",
        "Process Lag": "0.1093748"
      },
      {
        "Direction": "Outbound",
        "Destination": "Tallaght",
        "Time": "00:03:10",
        "AVLS": "00:03:50",
        "Tram": "3013",
        "Action": "a",
        "Msg Sent": "17/10/2019 05:49:53",
        "Msg Received": "17/10/2019 05:49:54",
        "Msg Processed": "17/10/2019 05:49:54",
        "XML ID": "559",
        "Total Lag": "1.1066589",
        "Create Lag": "1.0441519",
        "Process Lag": "0.062507"
      }
    ]
  },
  {
    "stopID": "5",
    "stopQueryTime": 1571287800694,
    "count": 1,
    "results": [
      {
        "Direction": "Inbound",
        "Destination": "The Point",
        "Time": "00:07:20",
        "AVLS": "00:08:00",
        "Tram": "4004",
        "Action": "a",
        "Msg Sent": "17/10/2019 05:49:53",
        "Msg Received": "17/10/2019 05:49:54",
        "Msg Processed": "17/10/2019 05:49:54",
        "XML ID": "559",
        "Total Lag": "1.294153",
        "Create Lag": "1.0441519",
        "Process Lag": "0.2500011"
      }
    ]
  },
  {
    "stopID": "24",
    "stopQueryTime": 1571287800705,
    "count": 2,
    "results": [
      {
        "Direction": "Inbound",
        "Destination": "Broombridge",
        "Time": "00:04:42",
        "AVLS": "00:05:22",
        "Tram": "3020",
        "Action": "a",
        "Msg Sent": "17/10/2019 05:49:53",
        "Msg Received": "17/10/2019 05:49:54",
        "Msg Processed": "17/10/2019 05:49:54",
        "XML ID": "559",
        "Total Lag": "1.2160274",
        "Create Lag": "1.0441519",
        "Process Lag": "0.1718755"
      },
      {
        "Direction": "Outbound",
        "Destination": "Bride's Glen",
        "Time": "00:01:41",
        "AVLS": "00:02:21",
        "Tram": "5029",
        "Action": "a",
        "Msg Sent": "17/10/2019 05:49:56",
        "Msg Received": "17/10/2019 05:49:56",
        "Msg Processed": "17/10/2019 05:49:56",
        "XML ID": "560",
        "Total Lag": "0.3097808",
        "Create Lag": "0.2316476",
        "Process Lag": "0.0781332"
      }
    ]
  },
  {
    "stopID": "3",
    "stopQueryTime": 1571287800707,
    "count": 1,
    "results": [
      {
        "Direction": "Inbound",
        "Destination": "The Point",
        "Time": "00:02:22",
        "AVLS": "00:03:02",
        "Tram": "4004",
        "Action": "a",
        "Msg Sent": "17/10/2019 05:49:53",
        "Msg Received": "17/10/2019 05:49:54",
        "Msg Processed": "17/10/2019 05:49:54",
        "XML ID": "559",
        "Total Lag": "1.294153",
        "Create Lag": "1.0441519",
        "Process Lag": "0.2500011"
      }
    ]
  },
  {
    "stopID": "12",
    "stopQueryTime": 1571287800712,
    "count": 2,
    "results": [
      {
        "Direction": "Inbound",
        "Destination": "The Point",
        "Time": "00:03:24",
        "AVLS": "00:04:04",
        "Tram": "3018",
        "Action": "a",
        "Msg Sent": "17/10/2019 05:49:53",
        "Msg Received": "17/10/2019 05:49:54",
        "Msg Processed": "17/10/2019 05:49:54",
        "XML ID": "559",
        "Total Lag": "1.1379029",
        "Create Lag": "1.0441519",
        "Process Lag": "0.093751"
      },
      {
        "Direction": "Outbound",
        "Destination": "Tallaght",
        "Time": "00:05:51",
        "AVLS": "00:06:31",
        "Tram": "3013",
        "Action": "a",
        "Msg Sent": "17/10/2019 05:49:53",
        "Msg Received": "17/10/2019 05:49:54",
        "Msg Processed": "17/10/2019 05:49:54",
        "XML ID": "559",
        "Total Lag": "1.1066589",
        "Create Lag": "1.0441519",
        "Process Lag": "0.062507"
      }
    ]
  },
  {
    "stopID": "37",
    "stopQueryTime": 1571287800715,
    "count": 2,
    "results": [
      {
        "Direction": "Inbound",
        "Destination": "Broombridge",
        "Time": "00:15:03",
        "AVLS": "00:15:43",
        "Tram": "5006",
        "Action": "a",
        "Msg Sent": "17/10/2019 05:49:56",
        "Msg Received": "17/10/2019 05:49:56",
        "Msg Processed": "17/10/2019 05:49:56",
        "XML ID": "560",
        "Total Lag": "0.2316476",
        "Create Lag": "0.2316476",
        "Process Lag": "0"
      },
      {
        "Direction": "Outbound",
        "Destination": "Bride's Glen",
        "Time": "00:02:05",
        "AVLS": "00:02:45",
        "Tram": "5021",
        "Action": "a",
        "Msg Sent": "17/10/2019 05:49:56",
        "Msg Received": "17/10/2019 05:49:56",
        "Msg Processed": "17/10/2019 05:49:56",
        "XML ID": "560",
        "Total Lag": "0.2629173",
        "Create Lag": "0.2316476",
        "Process Lag": "0.0312697"
      }
    ]
  },
  {
    "stopID": "7",
    "stopQueryTime": 1571287800724,
    "count": 2,
    "results": [
      {
        "Direction": "Inbound",
        "Destination": "The Point",
        "Time": "00:14:29",
        "AVLS": "00:15:09",
        "Tram": "4004",
        "Action": "a",
        "Msg Sent": "17/10/2019 05:49:53",
        "Msg Received": "17/10/2019 05:49:54",
        "Msg Processed": "17/10/2019 05:49:54",
        "XML ID": "559",
        "Total Lag": "1.294153",
        "Create Lag": "1.0441519",
        "Process Lag": "0.2500011"
      },
      {
        "Direction": "Outbound",
        "Destination": "Tallaght",
        "Time": "00:12:57",
        "AVLS": "00:13:37",
        "Tram": "3013",
        "Action": "a",
        "Msg Sent": "17/10/2019 05:49:53",
        "Msg Received": "17/10/2019 05:49:54",
        "Msg Processed": "17/10/2019 05:49:54",
        "XML ID": "559",
        "Total Lag": "1.1222839",
        "Create Lag": "1.0441519",
        "Process Lag": "0.078132"
      }
    ]
  },
  {
    "stopID": "23",
    "stopQueryTime": 1571287800727,
    "count": 0,
    "results": []
  },
  {
    "stopID": "29",
    "stopQueryTime": 1571287800731,
    "count": 2,
    "results": [
      {
        "Direction": "Inbound",
        "Destination": "Broombridge",
        "Time": "00:11:22",
        "AVLS": "00:12:02",
        "Tram": "5011",
        "Action": "a",
        "Msg Sent": "17/10/2019 05:49:56",
        "Msg Received": "17/10/2019 05:49:56",
        "Msg Processed": "17/10/2019 05:49:56",
        "XML ID": "560",
        "Total Lag": "0.2472721",
        "Create Lag": "0.2316476",
        "Process Lag": "0.0156245"
      },
      {
        "Direction": "Outbound",
        "Destination": "Bride's Glen",
        "Time": "00:11:09",
        "AVLS": "00:11:49",
        "Tram": "5029",
        "Action": "a",
        "Msg Sent": "17/10/2019 05:49:56",
        "Msg Received": "17/10/2019 05:49:56",
        "Msg Processed": "17/10/2019 05:49:56",
        "XML ID": "560",
        "Total Lag": "0.3253956",
        "Create Lag": "0.2316476",
        "Process Lag": "0.093748"
      }
    ]
  },
  {
    "stopID": "13",
    "stopQueryTime": 1571287800734,
    "count": 2,
    "results": [
      {
        "Direction": "Inbound",
        "Destination": "The Point",
        "Time": "00:04:57",
        "AVLS": "00:05:37",
        "Tram": "3018",
        "Action": "a",
        "Msg Sent": "17/10/2019 05:49:53",
        "Msg Received": "17/10/2019 05:49:54",
        "Msg Processed": "17/10/2019 05:49:54",
        "XML ID": "559",
        "Total Lag": "1.1379029",
        "Create Lag": "1.0441519",
        "Process Lag": "0.093751"
      },
      {
        "Direction": "Outbound",
        "Destination": "Tallaght",
        "Time": "00:04:10",
        "AVLS": "00:04:50",
        "Tram": "3013",
        "Action": "a",
        "Msg Sent": "17/10/2019 05:49:53",
        "Msg Received": "17/10/2019 05:49:54",
        "Msg Processed": "17/10/2019 05:49:54",
        "XML ID": "559",
        "Total Lag": "1.1066589",
        "Create Lag": "1.0441519",
        "Process Lag": "0.062507"
      }
    ]
  },
  {
    "stopID": "57",
    "stopQueryTime": 1571287800737,
    "count": 1,
    "results": [
      {
        "Direction": "Outbound",
        "Destination": "Tallaght",
        "Time": "00:00:00",
        "AVLS": "00:00:37",
        "Tram": "3019",
        "Action": "d",
        "Msg Sent": "17/10/2019 05:49:53",
        "Msg Received": "17/10/2019 05:49:54",
        "Msg Processed": "17/10/2019 05:49:54",
        "XML ID": "559",
        "Total Lag": "1.1691528",
        "Create Lag": "1.0441519",
        "Process Lag": "0.1250009"
      }
    ]
  },
  {
    "stopID": "16",
    "stopQueryTime": 1571287800740,
    "count": 3,
    "results": [
      {
        "Direction": "Inbound",
        "Destination": "The Point",
        "Time": "00:01:59",
        "AVLS": "00:02:39",
        "Tram": "4003",
        "Action": "a",
        "Msg Sent": "17/10/2019 05:49:53",
        "Msg Received": "17/10/2019 05:49:54",
        "Msg Processed": "17/10/2019 05:49:54",
        "XML ID": "559",
        "Total Lag": "1.2472796",
        "Create Lag": "1.0441519",
        "Process Lag": "0.2031277"
      },
      {
        "Direction": "Inbound",
        "Destination": "The Point",
        "Time": "00:09:53",
        "AVLS": "00:10:33",
        "Tram": "3018",
        "Action": "a",
        "Msg Sent": "17/10/2019 05:49:53",
        "Msg Received": "17/10/2019 05:49:54",
        "Msg Processed": "17/10/2019 05:49:54",
        "XML ID": "559",
        "Total Lag": "1.1535267",
        "Create Lag": "1.0441519",
        "Process Lag": "0.1093748"
      },
      {
        "Direction": "Outbound",
        "Destination": "Tallaght",
        "Time": "00:18:27",
        "AVLS": "00:19:07",
        "Tram": "3019",
        "Action": "a",
        "Msg Sent": "17/10/2019 05:49:53",
        "Msg Received": "17/10/2019 05:49:54",
        "Msg Processed": "17/10/2019 05:49:54",
        "XML ID": "559",
        "Total Lag": "1.2003989",
        "Create Lag": "1.0441519",
        "Process Lag": "0.156247"
      }
    ]
  },
  {
    "stopID": "58",
    "stopQueryTime": 1571287800747,
    "count": 0,
    "results": []
  },
  {
    "stopID": "48",
    "stopQueryTime": 1571287800749,
    "count": 1,
    "results": [
      {
        "Direction": "Inbound",
        "Destination": "Broombridge",
        "Time": "00:00:00",
        "AVLS": "00:00:07",
        "Tram": "5006",
        "Action": "d",
        "Msg Sent": "17/10/2019 05:49:53",
        "Msg Received": "17/10/2019 05:49:54",
        "Msg Processed": "17/10/2019 05:49:54",
        "XML ID": "559",
        "Total Lag": "1.3410346",
        "Create Lag": "1.0441519",
        "Process Lag": "0.2968827"
      }
    ]
  },
  {
    "stopID": "6",
    "stopQueryTime": 1571287800751,
    "count": 2,
    "results": [
      {
        "Direction": "Inbound",
        "Destination": "The Point",
        "Time": "00:10:27",
        "AVLS": "00:11:07",
        "Tram": "4004",
        "Action": "a",
        "Msg Sent": "17/10/2019 05:49:53",
        "Msg Received": "17/10/2019 05:49:54",
        "Msg Processed": "17/10/2019 05:49:54",
        "XML ID": "559",
        "Total Lag": "1.294153",
        "Create Lag": "1.0441519",
        "Process Lag": "0.2500011"
      },
      {
        "Direction": "Outbound",
        "Destination": "Tallaght",
        "Time": "00:17:00",
        "AVLS": "00:17:40",
        "Tram": "3013",
        "Action": "a",
        "Msg Sent": "17/10/2019 05:49:53",
        "Msg Received": "17/10/2019 05:49:54",
        "Msg Processed": "17/10/2019 05:49:54",
        "XML ID": "559",
        "Total Lag": "1.1222839",
        "Create Lag": "1.0441519",
        "Process Lag": "0.078132"
      }
    ]
  },
  {
    "stopID": "56",
    "stopQueryTime": 1571287800754,
    "count": 1,
    "results": [
      {
        "Direction": "Outbound",
        "Destination": "Tallaght",
        "Time": "00:00:36",
        "AVLS": "00:01:16",
        "Tram": "3019",
        "Action": "a",
        "Msg Sent": "17/10/2019 05:49:53",
        "Msg Received": "17/10/2019 05:49:54",
        "Msg Processed": "17/10/2019 05:49:54",
        "XML ID": "559",
        "Total Lag": "1.1691528",
        "Create Lag": "1.0441519",
        "Process Lag": "0.1250009"
      }
    ]
  },
  {
    "stopID": "15",
    "stopQueryTime": 1571287800762,
    "count": 3,
    "results": [
      {
        "Direction": "Inbound",
        "Destination": "The Point",
        "Time": "00:00:00",
        "AVLS": "00:00:14",
        "Tram": "4003",
        "Action": "a",
        "Msg Sent": "17/10/2019 05:49:53",
        "Msg Received": "17/10/2019 05:49:54",
        "Msg Processed": "17/10/2019 05:49:54",
        "XML ID": "559",
        "Total Lag": "1.2472796",
        "Create Lag": "1.0441519",
        "Process Lag": "0.2031277"
      },
      {
        "Direction": "Inbound",
        "Destination": "The Point",
        "Time": "00:07:28",
        "AVLS": "00:08:08",
        "Tram": "3018",
        "Action": "a",
        "Msg Sent": "17/10/2019 05:49:53",
        "Msg Received": "17/10/2019 05:49:54",
        "Msg Processed": "17/10/2019 05:49:54",
        "XML ID": "559",
        "Total Lag": "1.1535267",
        "Create Lag": "1.0441519",
        "Process Lag": "0.1093748"
      },
      {
        "Direction": "Outbound",
        "Destination": "Tallaght",
        "Time": "00:01:11",
        "AVLS": "00:01:51",
        "Tram": "3013",
        "Action": "a",
        "Msg Sent": "17/10/2019 05:49:53",
        "Msg Received": "17/10/2019 05:49:54",
        "Msg Processed": "17/10/2019 05:49:54",
        "XML ID": "559",
        "Total Lag": "1.0910301",
        "Create Lag": "1.0441519",
        "Process Lag": "0.0468782"
      }
    ]
  },
  {
    "stopID": "22",
    "stopQueryTime": 1571287800765,
    "count": 2,
    "results": [
      {
        "Direction": "Inbound",
        "Destination": "The Point",
        "Time": "00:15:03",
        "AVLS": "00:15:43",
        "Tram": "4003",
        "Action": "a",
        "Msg Sent": "17/10/2019 05:49:53",
        "Msg Received": "17/10/2019 05:49:54",
        "Msg Processed": "17/10/2019 05:49:54",
        "XML ID": "559",
        "Total Lag": "1.262906",
        "Create Lag": "1.0441519",
        "Process Lag": "0.2187541"
      },
      {
        "Direction": "Outbound",
        "Destination": "Tallaght",
        "Time": "00:05:59",
        "AVLS": "00:06:39",
        "Tram": "3019",
        "Action": "a",
        "Msg Sent": "17/10/2019 05:49:53",
        "Msg Received": "17/10/2019 05:49:54",
        "Msg Processed": "17/10/2019 05:49:54",
        "XML ID": "559",
        "Total Lag": "1.1847771",
        "Create Lag": "1.0441519",
        "Process Lag": "0.1406252"
      }
    ]
  },
  {
    "stopID": "21",
    "stopQueryTime": 1571287800767,
    "count": 2,
    "results": [
      {
        "Direction": "Inbound",
        "Destination": "The Point",
        "Time": "00:11:59",
        "AVLS": "00:12:39",
        "Tram": "4003",
        "Action": "a",
        "Msg Sent": "17/10/2019 05:49:53",
        "Msg Received": "17/10/2019 05:49:54",
        "Msg Processed": "17/10/2019 05:49:54",
        "XML ID": "559",
        "Total Lag": "1.262906",
        "Create Lag": "1.0441519",
        "Process Lag": "0.2187541"
      },
      {
        "Direction": "Outbound",
        "Destination": "Tallaght",
        "Time": "00:09:27",
        "AVLS": "00:10:07",
        "Tram": "3019",
        "Action": "a",
        "Msg Sent": "17/10/2019 05:49:53",
        "Msg Received": "17/10/2019 05:49:54",
        "Msg Processed": "17/10/2019 05:49:54",
        "XML ID": "559",
        "Total Lag": "1.1847771",
        "Create Lag": "1.0441519",
        "Process Lag": "0.1406252"
      }
    ]
  },
  {
    "stopID": "35",
    "stopQueryTime": 1571287800770,
    "count": 3,
    "results": [
      {
        "Direction": "Inbound",
        "Destination": "Broombridge",
        "Time": "00:00:26",
        "AVLS": "00:01:06",
        "Tram": "5011",
        "Action": "a",
        "Msg Sent": "17/10/2019 05:49:56",
        "Msg Received": "17/10/2019 05:49:56",
        "Msg Processed": "17/10/2019 05:49:56",
        "XML ID": "560",
        "Total Lag": "0.2316476",
        "Create Lag": "0.2316476",
        "Process Lag": "0"
      },
      {
        "Direction": "Inbound",
        "Destination": "Parnell",
        "Time": "00:11:02",
        "AVLS": "00:11:42",
        "Tram": "5003",
        "Action": "a",
        "Msg Sent": "17/10/2019 05:49:53",
        "Msg Received": "17/10/2019 05:49:54",
        "Msg Processed": "17/10/2019 05:49:54",
        "XML ID": "559",
        "Total Lag": "1.0441519",
        "Create Lag": "1.0441519",
        "Process Lag": "0"
      },
      {
        "Direction": "Inbound",
        "Destination": "Broombridge",
        "Time": "00:19:02",
        "AVLS": "00:19:42",
        "Tram": "5006",
        "Action": "a",
        "Msg Sent": "17/10/2019 05:49:56",
        "Msg Received": "17/10/2019 05:49:56",
        "Msg Processed": "17/10/2019 05:49:56",
        "XML ID": "560",
        "Total Lag": "0.2316476",
        "Create Lag": "0.2316476",
        "Process Lag": "0"
      }
    ]
  },
  {
    "stopID": "25",
    "stopQueryTime": 1571287800774,
    "count": 3,
    "results": [
      {
        "Direction": "Inbound",
        "Destination": "Broombridge",
        "Time": "00:01:44",
        "AVLS": "00:02:24",
        "Tram": "3020",
        "Action": "a",
        "Msg Sent": "17/10/2019 05:49:53",
        "Msg Received": "17/10/2019 05:49:54",
        "Msg Processed": "17/10/2019 05:49:54",
        "XML ID": "559",
        "Total Lag": "1.2003989",
        "Create Lag": "1.0441519",
        "Process Lag": "0.156247"
      },
      {
        "Direction": "Inbound",
        "Destination": "Broombridge",
        "Time": "00:17:53",
        "AVLS": "00:18:33",
        "Tram": "5011",
        "Action": "a",
        "Msg Sent": "17/10/2019 05:49:56",
        "Msg Received": "17/10/2019 05:49:56",
        "Msg Processed": "17/10/2019 05:49:56",
        "XML ID": "560",
        "Total Lag": "0.2629173",
        "Create Lag": "0.2316476",
        "Process Lag": "0.0312697"
      },
      {
        "Direction": "Outbound",
        "Destination": "Bride's Glen",
        "Time": "00:03:39",
        "AVLS": "00:04:19",
        "Tram": "5029",
        "Action": "a",
        "Msg Sent": "17/10/2019 05:49:56",
        "Msg Received": "17/10/2019 05:49:56",
        "Msg Processed": "17/10/2019 05:49:56",
        "XML ID": "560",
        "Total Lag": "0.3097808",
        "Create Lag": "0.2316476",
        "Process Lag": "0.0781332"
      }
    ]
  },
  {
    "stopID": "9",
    "stopQueryTime": 1571287800777,
    "count": 3,
    "results": [
      {
        "Direction": "Inbound",
        "Destination": "The Point",
        "Time": "00:00:23",
        "AVLS": "00:01:03",
        "Tram": "3018",
        "Action": "a",
        "Msg Sent": "17/10/2019 05:49:53",
        "Msg Received": "17/10/2019 05:49:54",
        "Msg Processed": "17/10/2019 05:49:54",
        "XML ID": "559",
        "Total Lag": "1.1379029",
        "Create Lag": "1.0441519",
        "Process Lag": "0.093751"
      },
      {
        "Direction": "Inbound",
        "Destination": "The Point",
        "Time": "00:17:57",
        "AVLS": "00:18:37",
        "Tram": "4004",
        "Action": "a",
        "Msg Sent": "17/10/2019 05:49:53",
        "Msg Received": "17/10/2019 05:49:54",
        "Msg Processed": "17/10/2019 05:49:54",
        "XML ID": "559",
        "Total Lag": "1.3097765",
        "Create Lag": "1.0441519",
        "Process Lag": "0.2656246"
      },
      {
        "Direction": "Outbound",
        "Destination": "Tallaght",
        "Time": "00:09:08",
        "AVLS": "00:09:48",
        "Tram": "3013",
        "Action": "a",
        "Msg Sent": "17/10/2019 05:49:53",
        "Msg Received": "17/10/2019 05:49:54",
        "Msg Processed": "17/10/2019 05:49:54",
        "XML ID": "559",
        "Total Lag": "1.1222839",
        "Create Lag": "1.0441519",
        "Process Lag": "0.078132"
      }
    ]
  },
  {
    "stopID": "28",
    "stopQueryTime": 1571287800779,
    "count": 2,
    "results": [
      {
        "Direction": "Inbound",
        "Destination": "Broombridge",
        "Time": "00:12:51",
        "AVLS": "00:13:31",
        "Tram": "5011",
        "Action": "a",
        "Msg Sent": "17/10/2019 05:49:56",
        "Msg Received": "17/10/2019 05:49:56",
        "Msg Processed": "17/10/2019 05:49:56",
        "XML ID": "560",
        "Total Lag": "0.2629173",
        "Create Lag": "0.2316476",
        "Process Lag": "0.0312697"
      },
      {
        "Direction": "Outbound",
        "Destination": "Bride's Glen",
        "Time": "00:09:41",
        "AVLS": "00:10:21",
        "Tram": "5029",
        "Action": "a",
        "Msg Sent": "17/10/2019 05:49:56",
        "Msg Received": "17/10/2019 05:49:56",
        "Msg Processed": "17/10/2019 05:49:56",
        "XML ID": "560",
        "Total Lag": "0.3097808",
        "Create Lag": "0.2316476",
        "Process Lag": "0.0781332"
      }
    ]
  },
  {
    "stopID": "4",
    "stopQueryTime": 1571287800783,
    "count": 2,
    "results": [
      {
        "Direction": "Inbound",
        "Destination": "The Point",
        "Time": "00:05:27",
        "AVLS": "00:06:07",
        "Tram": "4004",
        "Action": "a",
        "Msg Sent": "17/10/2019 05:49:53",
        "Msg Received": "17/10/2019 05:49:54",
        "Msg Processed": "17/10/2019 05:49:54",
        "XML ID": "559",
        "Total Lag": "1.294153",
        "Create Lag": "1.0441519",
        "Process Lag": "0.2500011"
      },
      {
        "Direction": "Outbound",
        "Destination": "Saggart",
        "Time": "00:09:57",
        "AVLS": "00:10:37",
        "Tram": "3026",
        "Action": "a",
        "Msg Sent": "17/10/2019 05:49:53",
        "Msg Received": "17/10/2019 05:49:54",
        "Msg Processed": "17/10/2019 05:49:54",
        "XML ID": "559",
        "Total Lag": "1.2316604",
        "Create Lag": "1.0441519",
        "Process Lag": "0.1875085"
      }
    ]
  },
  {
    "stopID": "27",
    "stopQueryTime": 1571287800793,
    "count": 2,
    "results": [
      {
        "Direction": "Inbound",
        "Destination": "Broombridge",
        "Time": "00:14:22",
        "AVLS": "00:15:02",
        "Tram": "5011",
        "Action": "a",
        "Msg Sent": "17/10/2019 05:49:56",
        "Msg Received": "17/10/2019 05:49:56",
        "Msg Processed": "17/10/2019 05:49:56",
        "XML ID": "560",
        "Total Lag": "0.2629173",
        "Create Lag": "0.2316476",
        "Process Lag": "0.0312697"
      },
      {
        "Direction": "Outbound",
        "Destination": "Bride's Glen",
        "Time": "00:07:47",
        "AVLS": "00:08:27",
        "Tram": "5029",
        "Action": "a",
        "Msg Sent": "17/10/2019 05:49:56",
        "Msg Received": "17/10/2019 05:49:56",
        "Msg Processed": "17/10/2019 05:49:56",
        "XML ID": "560",
        "Total Lag": "0.3097808",
        "Create Lag": "0.2316476",
        "Process Lag": "0.0781332"
      }
    ]
  },
  {
    "stopID": "8",
    "stopQueryTime": 1571287800795,
    "count": 2,
    "results": [
      {
        "Direction": "Inbound",
        "Destination": "The Point",
        "Time": "00:15:55",
        "AVLS": "00:16:35",
        "Tram": "4004",
        "Action": "a",
        "Msg Sent": "17/10/2019 05:49:53",
        "Msg Received": "17/10/2019 05:49:54",
        "Msg Processed": "17/10/2019 05:49:54",
        "XML ID": "559",
        "Total Lag": "1.294153",
        "Create Lag": "1.0441519",
        "Process Lag": "0.2500011"
      },
      {
        "Direction": "Outbound",
        "Destination": "Tallaght",
        "Time": "00:11:23",
        "AVLS": "00:12:03",
        "Tram": "3013",
        "Action": "a",
        "Msg Sent": "17/10/2019 05:49:53",
        "Msg Received": "17/10/2019 05:49:54",
        "Msg Processed": "17/10/2019 05:49:54",
        "XML ID": "559",
        "Total Lag": "1.1222839",
        "Create Lag": "1.0441519",
        "Process Lag": "0.078132"
      }
    ]
  },
  {
    "stopID": "55",
    "stopQueryTime": 1571287800798,
    "count": 2,
    "results": [
      {
        "Direction": "Inbound",
        "Destination": "The Point",
        "Time": "00:18:13",
        "AVLS": "00:18:53",
        "Tram": "4003",
        "Action": "a",
        "Msg Sent": "17/10/2019 05:49:53",
        "Msg Received": "17/10/2019 05:49:54",
        "Msg Processed": "17/10/2019 05:49:54",
        "XML ID": "559",
        "Total Lag": "1.2785241",
        "Create Lag": "1.0441519",
        "Process Lag": "0.2343722"
      },
      {
        "Direction": "Outbound",
        "Destination": "Tallaght",
        "Time": "00:02:35",
        "AVLS": "00:03:15",
        "Tram": "3019",
        "Action": "a",
        "Msg Sent": "17/10/2019 05:49:53",
        "Msg Received": "17/10/2019 05:49:54",
        "Msg Processed": "17/10/2019 05:49:54",
        "XML ID": "559",
        "Total Lag": "1.1691528",
        "Create Lag": "1.0441519",
        "Process Lag": "0.1250009"
      }
    ]
  },
  {
    "stopID": "47",
    "stopQueryTime": 1571287800799,
    "count": 3,
    "results": [
      {
        "Direction": "Inbound",
        "Destination": "Broombridge",
        "Time": "00:00:35",
        "AVLS": "00:01:15",
        "Tram": "5006",
        "Action": "a",
        "Msg Sent": "17/10/2019 05:49:53",
        "Msg Received": "17/10/2019 05:49:54",
        "Msg Processed": "17/10/2019 05:49:54",
        "XML ID": "559",
        "Total Lag": "1.3410346",
        "Create Lag": "1.0441519",
        "Process Lag": "0.2968827"
      },
      {
        "Direction": "Outbound",
        "Destination": "Bride's Glen",
        "Time": "00:12:26",
        "AVLS": "00:13:06",
        "Tram": "5002",
        "Action": "a",
        "Msg Sent": "17/10/2019 05:49:53",
        "Msg Received": "17/10/2019 05:49:54",
        "Msg Processed": "17/10/2019 05:49:54",
        "XML ID": "559",
        "Total Lag": "1.3410346",
        "Create Lag": "1.0441519",
        "Process Lag": "0.2968827"
      },
      {
        "Direction": "Outbound",
        "Destination": "Bride's Glen",
        "Time": "00:16:20",
        "AVLS": "00:17:00",
        "Tram": "5021",
        "Action": "a",
        "Msg Sent": "17/10/2019 05:49:56",
        "Msg Received": "17/10/2019 05:49:56",
        "Msg Processed": "17/10/2019 05:49:56",
        "XML ID": "560",
        "Total Lag": "0.2941462",
        "Create Lag": "0.2316476",
        "Process Lag": "0.0624986"
      }
    ]
  },
  {
    "stopID": "11",
    "stopQueryTime": 1571287800801,
    "count": 2,
    "results": [
      {
        "Direction": "Inbound",
        "Destination": "The Point",
        "Time": "00:02:25",
        "AVLS": "00:03:05",
        "Tram": "3018",
        "Action": "a",
        "Msg Sent": "17/10/2019 05:49:53",
        "Msg Received": "17/10/2019 05:49:54",
        "Msg Processed": "17/10/2019 05:49:54",
        "XML ID": "559",
        "Total Lag": "1.1379029",
        "Create Lag": "1.0441519",
        "Process Lag": "0.093751"
      },
      {
        "Direction": "Outbound",
        "Destination": "Tallaght",
        "Time": "00:06:56",
        "AVLS": "00:07:36",
        "Tram": "3013",
        "Action": "a",
        "Msg Sent": "17/10/2019 05:49:53",
        "Msg Received": "17/10/2019 05:49:54",
        "Msg Processed": "17/10/2019 05:49:54",
        "XML ID": "559",
        "Total Lag": "1.1066589",
        "Create Lag": "1.0441519",
        "Process Lag": "0.062507"
      }
    ]
  },
  {
    "stopID": "20",
    "stopQueryTime": 1571287800804,
    "count": 3,
    "results": [
      {
        "Direction": "Inbound",
        "Destination": "The Point",
        "Time": "00:09:28",
        "AVLS": "00:10:08",
        "Tram": "4003",
        "Action": "a",
        "Msg Sent": "17/10/2019 05:49:53",
        "Msg Received": "17/10/2019 05:49:54",
        "Msg Processed": "17/10/2019 05:49:54",
        "XML ID": "559",
        "Total Lag": "1.262906",
        "Create Lag": "1.0441519",
        "Process Lag": "0.2187541"
      },
      {
        "Direction": "Inbound",
        "Destination": "The Point",
        "Time": "00:17:22",
        "AVLS": "00:18:02",
        "Tram": "3018",
        "Action": "a",
        "Msg Sent": "17/10/2019 05:49:53",
        "Msg Received": "17/10/2019 05:49:54",
        "Msg Processed": "17/10/2019 05:49:54",
        "XML ID": "559",
        "Total Lag": "1.1691528",
        "Create Lag": "1.0441519",
        "Process Lag": "0.1250009"
      },
      {
        "Direction": "Outbound",
        "Destination": "Tallaght",
        "Time": "00:11:39",
        "AVLS": "00:12:19",
        "Tram": "3019",
        "Action": "a",
        "Msg Sent": "17/10/2019 05:49:53",
        "Msg Received": "17/10/2019 05:49:54",
        "Msg Processed": "17/10/2019 05:49:54",
        "XML ID": "559",
        "Total Lag": "1.1847771",
        "Create Lag": "1.0441519",
        "Process Lag": "0.1406252"
      }
    ]
  },
  {
    "stopID": "44",
    "stopQueryTime": 1571287800806,
    "count": 3,
    "results": [
      {
        "Direction": "Inbound",
        "Destination": "Broombridge",
        "Time": "00:05:27",
        "AVLS": "00:06:07",
        "Tram": "5006",
        "Action": "a",
        "Msg Sent": "17/10/2019 05:49:53",
        "Msg Received": "17/10/2019 05:49:54",
        "Msg Processed": "17/10/2019 05:49:54",
        "XML ID": "559",
        "Total Lag": "1.3566528",
        "Create Lag": "1.0441519",
        "Process Lag": "0.3125009"
      },
      {
        "Direction": "Outbound",
        "Destination": "Bride's Glen",
        "Time": "00:07:38",
        "AVLS": "00:08:18",
        "Tram": "5002",
        "Action": "a",
        "Msg Sent": "17/10/2019 05:49:53",
        "Msg Received": "17/10/2019 05:49:54",
        "Msg Processed": "17/10/2019 05:49:54",
        "XML ID": "559",
        "Total Lag": "1.325402",
        "Create Lag": "1.0441519",
        "Process Lag": "0.2812501"
      },
      {
        "Direction": "Outbound",
        "Destination": "Bride's Glen",
        "Time": "00:11:32",
        "AVLS": "00:12:12",
        "Tram": "5021",
        "Action": "a",
        "Msg Sent": "17/10/2019 05:49:56",
        "Msg Received": "17/10/2019 05:49:56",
        "Msg Processed": "17/10/2019 05:49:56",
        "XML ID": "560",
        "Total Lag": "0.2785275",
        "Create Lag": "0.2316476",
        "Process Lag": "0.0468799"
      }
    ]
  },
  {
    "stopID": "42",
    "stopQueryTime": 1571287800810,
    "count": 3,
    "results": [
      {
        "Direction": "Inbound",
        "Destination": "Broombridge",
        "Time": "00:08:07",
        "AVLS": "00:08:47",
        "Tram": "5006",
        "Action": "a",
        "Msg Sent": "17/10/2019 05:49:53",
        "Msg Received": "17/10/2019 05:49:54",
        "Msg Processed": "17/10/2019 05:49:54",
        "XML ID": "559",
        "Total Lag": "1.3566528",
        "Create Lag": "1.0441519",
        "Process Lag": "0.3125009"
      },
      {
        "Direction": "Outbound",
        "Destination": "Bride's Glen",
        "Time": "00:05:00",
        "AVLS": "00:05:40",
        "Tram": "5002",
        "Action": "a",
        "Msg Sent": "17/10/2019 05:49:53",
        "Msg Received": "17/10/2019 05:49:54",
        "Msg Processed": "17/10/2019 05:49:54",
        "XML ID": "559",
        "Total Lag": "1.325402",
        "Create Lag": "1.0441519",
        "Process Lag": "0.2812501"
      },
      {
        "Direction": "Outbound",
        "Destination": "Bride's Glen",
        "Time": "00:08:54",
        "AVLS": "00:09:34",
        "Tram": "5021",
        "Action": "a",
        "Msg Sent": "17/10/2019 05:49:56",
        "Msg Received": "17/10/2019 05:49:56",
        "Msg Processed": "17/10/2019 05:49:56",
        "XML ID": "560",
        "Total Lag": "0.2785275",
        "Create Lag": "0.2316476",
        "Process Lag": "0.0468799"
      }
    ]
  },
  {
    "stopID": "31",
    "stopQueryTime": 1571287800820,
    "count": 3,
    "results": [
      {
        "Direction": "Inbound",
        "Destination": "Broombridge",
        "Time": "00:07:50",
        "AVLS": "00:08:30",
        "Tram": "5011",
        "Action": "a",
        "Msg Sent": "17/10/2019 05:49:56",
        "Msg Received": "17/10/2019 05:49:56",
        "Msg Processed": "17/10/2019 05:49:56",
        "XML ID": "560",
        "Total Lag": "0.2472721",
        "Create Lag": "0.2316476",
        "Process Lag": "0.0156245"
      },
      {
        "Direction": "Inbound",
        "Destination": "Parnell",
        "Time": "00:18:43",
        "AVLS": "00:19:23",
        "Tram": "5003",
        "Action": "a",
        "Msg Sent": "17/10/2019 05:49:53",
        "Msg Received": "17/10/2019 05:49:54",
        "Msg Processed": "17/10/2019 05:49:54",
        "XML ID": "559",
        "Total Lag": "1.0597785",
        "Create Lag": "1.0441519",
        "Process Lag": "0.0156266"
      },
      {
        "Direction": "Outbound",
        "Destination": "Bride's Glen",
        "Time": "00:14:43",
        "AVLS": "00:15:23",
        "Tram": "5029",
        "Action": "a",
        "Msg Sent": "17/10/2019 05:49:56",
        "Msg Received": "17/10/2019 05:49:56",
        "Msg Processed": "17/10/2019 05:49:56",
        "XML ID": "560",
        "Total Lag": "0.3253956",
        "Create Lag": "0.2316476",
        "Process Lag": "0.093748"
      }
    ]
  },
  {
    "stopID": "30",
    "stopQueryTime": 1571287800824,
    "count": 2,
    "results": [
      {
        "Direction": "Inbound",
        "Destination": "Broombridge",
        "Time": "00:09:37",
        "AVLS": "00:10:17",
        "Tram": "5011",
        "Action": "a",
        "Msg Sent": "17/10/2019 05:49:56",
        "Msg Received": "17/10/2019 05:49:56",
        "Msg Processed": "17/10/2019 05:49:56",
        "XML ID": "560",
        "Total Lag": "0.2472721",
        "Create Lag": "0.2316476",
        "Process Lag": "0.0156245"
      },
      {
        "Direction": "Outbound",
        "Destination": "Bride's Glen",
        "Time": "00:12:55",
        "AVLS": "00:13:35",
        "Tram": "5029",
        "Action": "a",
        "Msg Sent": "17/10/2019 05:49:56",
        "Msg Received": "17/10/2019 05:49:56",
        "Msg Processed": "17/10/2019 05:49:56",
        "XML ID": "560",
        "Total Lag": "0.3253956",
        "Create Lag": "0.2316476",
        "Process Lag": "0.093748"
      }
    ]
  },
  {
    "stopID": "43",
    "stopQueryTime": 1571287800831,
    "count": 3,
    "results": [
      {
        "Direction": "Inbound",
        "Destination": "Broombridge",
        "Time": "00:06:31",
        "AVLS": "00:07:11",
        "Tram": "5006",
        "Action": "a",
        "Msg Sent": "17/10/2019 05:49:53",
        "Msg Received": "17/10/2019 05:49:54",
        "Msg Processed": "17/10/2019 05:49:54",
        "XML ID": "559",
        "Total Lag": "1.3566528",
        "Create Lag": "1.0441519",
        "Process Lag": "0.3125009"
      },
      {
        "Direction": "Outbound",
        "Destination": "Bride's Glen",
        "Time": "00:06:33",
        "AVLS": "00:07:13",
        "Tram": "5002",
        "Action": "a",
        "Msg Sent": "17/10/2019 05:49:53",
        "Msg Received": "17/10/2019 05:49:54",
        "Msg Processed": "17/10/2019 05:49:54",
        "XML ID": "559",
        "Total Lag": "1.325402",
        "Create Lag": "1.0441519",
        "Process Lag": "0.2812501"
      },
      {
        "Direction": "Outbound",
        "Destination": "Bride's Glen",
        "Time": "00:10:27",
        "AVLS": "00:11:07",
        "Tram": "5021",
        "Action": "a",
        "Msg Sent": "17/10/2019 05:49:56",
        "Msg Received": "17/10/2019 05:49:56",
        "Msg Processed": "17/10/2019 05:49:56",
        "XML ID": "560",
        "Total Lag": "0.2785275",
        "Create Lag": "0.2316476",
        "Process Lag": "0.0468799"
      }
    ]
  },
  {
    "stopID": "50",
    "stopQueryTime": 1571287800834,
    "count": 3,
    "results": [
      {
        "Direction": "Inbound",
        "Destination": "Belgard",
        "Time": "00:16:45",
        "AVLS": "00:17:25",
        "Tram": "3009",
        "Action": "a",
        "Msg Sent": "17/10/2019 05:49:53",
        "Msg Received": "17/10/2019 05:49:54",
        "Msg Processed": "17/10/2019 05:49:54",
        "XML ID": "559",
        "Total Lag": "1.0910301",
        "Create Lag": "1.0441519",
        "Process Lag": "0.0468782"
      },
      {
        "Direction": "Outbound",
        "Destination": "Saggart",
        "Time": "00:02:10",
        "AVLS": "00:02:50",
        "Tram": "3009",
        "Action": "a",
        "Msg Sent": "17/10/2019 05:49:53",
        "Msg Received": "17/10/2019 05:49:54",
        "Msg Processed": "17/10/2019 05:49:54",
        "XML ID": "559",
        "Total Lag": "1.0754016",
        "Create Lag": "1.0441519",
        "Process Lag": "0.0312497"
      },
      {
        "Direction": "Outbound",
        "Destination": "Saggart",
        "Time": "00:15:10",
        "AVLS": "00:15:50",
        "Tram": "3026",
        "Action": "a",
        "Msg Sent": "17/10/2019 05:49:53",
        "Msg Received": "17/10/2019 05:49:54",
        "Msg Processed": "17/10/2019 05:49:54",
        "XML ID": "559",
        "Total Lag": "1.2316604",
        "Create Lag": "1.0441519",
        "Process Lag": "0.1875085"
      }
    ]
  },
  {
    "stopID": "52",
    "stopQueryTime": 1571287800837,
    "count": 3,
    "results": [
      {
        "Direction": "Inbound",
        "Destination": "Belgard",
        "Time": "00:13:42",
        "AVLS": "00:14:22",
        "Tram": "3009",
        "Action": "a",
        "Msg Sent": "17/10/2019 05:49:53",
        "Msg Received": "17/10/2019 05:49:54",
        "Msg Processed": "17/10/2019 05:49:54",
        "XML ID": "559",
        "Total Lag": "1.0910301",
        "Create Lag": "1.0441519",
        "Process Lag": "0.0468782"
      },
      {
        "Direction": "Outbound",
        "Destination": "Saggart",
        "Time": "00:05:02",
        "AVLS": "00:05:42",
        "Tram": "3009",
        "Action": "a",
        "Msg Sent": "17/10/2019 05:49:53",
        "Msg Received": "17/10/2019 05:49:54",
        "Msg Processed": "17/10/2019 05:49:54",
        "XML ID": "559",
        "Total Lag": "1.0754016",
        "Create Lag": "1.0441519",
        "Process Lag": "0.0312497"
      },
      {
        "Direction": "Outbound",
        "Destination": "Saggart",
        "Time": "00:18:14",
        "AVLS": "00:18:54",
        "Tram": "3026",
        "Action": "a",
        "Msg Sent": "17/10/2019 05:49:53",
        "Msg Received": "17/10/2019 05:49:54",
        "Msg Processed": "17/10/2019 05:49:54",
        "XML ID": "559",
        "Total Lag": "1.2472796",
        "Create Lag": "1.0441519",
        "Process Lag": "0.2031277"
      }
    ]
  },
  {
    "stopID": "26",
    "stopQueryTime": 1571287800843,
    "count": 3,
    "results": [
      {
        "Direction": "Inbound",
        "Destination": "Broombridge",
        "Time": "00:00:00",
        "AVLS": "00:00:14",
        "Tram": "3020",
        "Action": "a",
        "Msg Sent": "17/10/2019 05:49:53",
        "Msg Received": "17/10/2019 05:49:54",
        "Msg Processed": "17/10/2019 05:49:54",
        "XML ID": "559",
        "Total Lag": "1.2003989",
        "Create Lag": "1.0441519",
        "Process Lag": "0.156247"
      },
      {
        "Direction": "Inbound",
        "Destination": "Broombridge",
        "Time": "00:15:43",
        "AVLS": "00:16:23",
        "Tram": "5011",
        "Action": "a",
        "Msg Sent": "17/10/2019 05:49:56",
        "Msg Received": "17/10/2019 05:49:56",
        "Msg Processed": "17/10/2019 05:49:56",
        "XML ID": "560",
        "Total Lag": "0.2629173",
        "Create Lag": "0.2316476",
        "Process Lag": "0.0312697"
      },
      {
        "Direction": "Outbound",
        "Destination": "Bride's Glen",
        "Time": "00:06:19",
        "AVLS": "00:06:59",
        "Tram": "5029",
        "Action": "a",
        "Msg Sent": "17/10/2019 05:49:56",
        "Msg Received": "17/10/2019 05:49:56",
        "Msg Processed": "17/10/2019 05:49:56",
        "XML ID": "560",
        "Total Lag": "0.3097808",
        "Create Lag": "0.2316476",
        "Process Lag": "0.0781332"
      }
    ]
  },
  {
    "stopID": "54",
    "stopQueryTime": 1571287800845,
    "count": 2,
    "results": [
      {
        "Direction": "Inbound",
        "Destination": "The Point",
        "Time": "00:16:57",
        "AVLS": "00:17:37",
        "Tram": "4003",
        "Action": "a",
        "Msg Sent": "17/10/2019 05:49:53",
        "Msg Received": "17/10/2019 05:49:54",
        "Msg Processed": "17/10/2019 05:49:54",
        "XML ID": "559",
        "Total Lag": "1.2785241",
        "Create Lag": "1.0441519",
        "Process Lag": "0.2343722"
      },
      {
        "Direction": "Outbound",
        "Destination": "Tallaght",
        "Time": "00:04:03",
        "AVLS": "00:04:43",
        "Tram": "3019",
        "Action": "a",
        "Msg Sent": "17/10/2019 05:49:53",
        "Msg Received": "17/10/2019 05:49:54",
        "Msg Processed": "17/10/2019 05:49:54",
        "XML ID": "559",
        "Total Lag": "1.1847771",
        "Create Lag": "1.0441519",
        "Process Lag": "0.1406252"
      }
    ]
  },
  {
    "stopID": "39",
    "stopQueryTime": 1571287800847,
    "count": 3,
    "results": [
      {
        "Direction": "Inbound",
        "Destination": "Broombridge",
        "Time": "00:11:48",
        "AVLS": "00:12:28",
        "Tram": "5006",
        "Action": "a",
        "Msg Sent": "17/10/2019 05:49:53",
        "Msg Received": "17/10/2019 05:49:54",
        "Msg Processed": "17/10/2019 05:49:54",
        "XML ID": "559",
        "Total Lag": "1.3722785",
        "Create Lag": "1.0441519",
        "Process Lag": "0.3281266"
      },
      {
        "Direction": "Outbound",
        "Destination": "Bride's Glen",
        "Time": "00:01:24",
        "AVLS": "00:02:04",
        "Tram": "5002",
        "Action": "a",
        "Msg Sent": "17/10/2019 05:49:53",
        "Msg Received": "17/10/2019 05:49:54",
        "Msg Processed": "17/10/2019 05:49:54",
        "XML ID": "559",
        "Total Lag": "1.3097765",
        "Create Lag": "1.0441519",
        "Process Lag": "0.2656246"
      },
      {
        "Direction": "Outbound",
        "Destination": "Bride's Glen",
        "Time": "00:05:18",
        "AVLS": "00:05:58",
        "Tram": "5021",
        "Action": "a",
        "Msg Sent": "17/10/2019 05:49:56",
        "Msg Received": "17/10/2019 05:49:56",
        "Msg Processed": "17/10/2019 05:49:56",
        "XML ID": "560",
        "Total Lag": "0.2785275",
        "Create Lag": "0.2316476",
        "Process Lag": "0.0468799"
      }
    ]
  },
  {
    "stopID": "45",
    "stopQueryTime": 1571287800849,
    "count": 3,
    "results": [
      {
        "Direction": "Inbound",
        "Destination": "Broombridge",
        "Time": "00:03:58",
        "AVLS": "00:04:38",
        "Tram": "5006",
        "Action": "a",
        "Msg Sent": "17/10/2019 05:49:53",
        "Msg Received": "17/10/2019 05:49:54",
        "Msg Processed": "17/10/2019 05:49:54",
        "XML ID": "559",
        "Total Lag": "1.3566528",
        "Create Lag": "1.0441519",
        "Process Lag": "0.3125009"
      },
      {
        "Direction": "Outbound",
        "Destination": "Bride's Glen",
        "Time": "00:09:06",
        "AVLS": "00:09:46",
        "Tram": "5002",
        "Action": "a",
        "Msg Sent": "17/10/2019 05:49:53",
        "Msg Received": "17/10/2019 05:49:54",
        "Msg Processed": "17/10/2019 05:49:54",
        "XML ID": "559",
        "Total Lag": "1.325402",
        "Create Lag": "1.0441519",
        "Process Lag": "0.2812501"
      },
      {
        "Direction": "Outbound",
        "Destination": "Bride's Glen",
        "Time": "00:13:00",
        "AVLS": "00:13:40",
        "Tram": "5021",
        "Action": "a",
        "Msg Sent": "17/10/2019 05:49:56",
        "Msg Received": "17/10/2019 05:49:56",
        "Msg Processed": "17/10/2019 05:49:56",
        "XML ID": "560",
        "Total Lag": "0.2785275",
        "Create Lag": "0.2316476",
        "Process Lag": "0.0468799"
      }
    ]
  },
  {
    "stopID": "53",
    "stopQueryTime": 1571287800850,
    "count": 2,
    "results": [
      {
        "Direction": "Inbound",
        "Destination": "Belgard",
        "Time": "00:11:27",
        "AVLS": "00:12:07",
        "Tram": "3009",
        "Action": "d",
        "Msg Sent": "17/10/2019 05:49:53",
        "Msg Received": "17/10/2019 05:49:54",
        "Msg Processed": "17/10/2019 05:49:54",
        "XML ID": "559",
        "Total Lag": "1.0754016",
        "Create Lag": "1.0441519",
        "Process Lag": "0.0312497"
      },
      {
        "Direction": "Terminating",
        "Destination": "Saggart",
        "Time": "00:07:06",
        "AVLS": "00:07:46",
        "Tram": "3009",
        "Action": "a",
        "Msg Sent": "17/10/2019 05:49:53",
        "Msg Received": "17/10/2019 05:49:54",
        "Msg Processed": "17/10/2019 05:49:54",
        "XML ID": "559",
        "Total Lag": "1.0754016",
        "Create Lag": "1.0441519",
        "Process Lag": "0.0312497"
      }
    ]
  },
  {
    "stopID": "34",
    "stopQueryTime": 1571287800852,
    "count": 2,
    "results": [
      {
        "Direction": "Inbound",
        "Destination": "Broombridge",
        "Time": "00:02:26",
        "AVLS": "00:03:06",
        "Tram": "5011",
        "Action": "a",
        "Msg Sent": "17/10/2019 05:49:56",
        "Msg Received": "17/10/2019 05:49:56",
        "Msg Processed": "17/10/2019 05:49:56",
        "XML ID": "560",
        "Total Lag": "0.2472721",
        "Create Lag": "0.2316476",
        "Process Lag": "0.0156245"
      },
      {
        "Direction": "Inbound",
        "Destination": "Parnell",
        "Time": "00:13:02",
        "AVLS": "00:13:42",
        "Tram": "5003",
        "Action": "a",
        "Msg Sent": "17/10/2019 05:49:53",
        "Msg Received": "17/10/2019 05:49:54",
        "Msg Processed": "17/10/2019 05:49:54",
        "XML ID": "559",
        "Total Lag": "1.0597785",
        "Create Lag": "1.0441519",
        "Process Lag": "0.0156266"
      }
    ]
  },
  {
    "stopID": "51",
    "stopQueryTime": 1571287800862,
    "count": 3,
    "results": [
      {
        "Direction": "Inbound",
        "Destination": "Belgard",
        "Time": "00:14:58",
        "AVLS": "00:15:38",
        "Tram": "3009",
        "Action": "a",
        "Msg Sent": "17/10/2019 05:49:53",
        "Msg Received": "17/10/2019 05:49:54",
        "Msg Processed": "17/10/2019 05:49:54",
        "XML ID": "559",
        "Total Lag": "1.0910301",
        "Create Lag": "1.0441519",
        "Process Lag": "0.0468782"
      },
      {
        "Direction": "Outbound",
        "Destination": "Saggart",
        "Time": "00:03:50",
        "AVLS": "00:04:30",
        "Tram": "3009",
        "Action": "a",
        "Msg Sent": "17/10/2019 05:49:53",
        "Msg Received": "17/10/2019 05:49:54",
        "Msg Processed": "17/10/2019 05:49:54",
        "XML ID": "559",
        "Total Lag": "1.0754016",
        "Create Lag": "1.0441519",
        "Process Lag": "0.0312497"
      },
      {
        "Direction": "Outbound",
        "Destination": "Saggart",
        "Time": "00:16:57",
        "AVLS": "00:17:37",
        "Tram": "3026",
        "Action": "a",
        "Msg Sent": "17/10/2019 05:49:53",
        "Msg Received": "17/10/2019 05:49:54",
        "Msg Processed": "17/10/2019 05:49:54",
        "XML ID": "559",
        "Total Lag": "1.2472796",
        "Create Lag": "1.0441519",
        "Process Lag": "0.2031277"
      }
    ]
  },
  {
    "stopID": "19",
    "stopQueryTime": 1571287800866,
    "count": 3,
    "results": [
      {
        "Direction": "Inbound",
        "Destination": "The Point",
        "Time": "00:07:30",
        "AVLS": "00:08:10",
        "Tram": "4003",
        "Action": "a",
        "Msg Sent": "17/10/2019 05:49:53",
        "Msg Received": "17/10/2019 05:49:54",
        "Msg Processed": "17/10/2019 05:49:54",
        "XML ID": "559",
        "Total Lag": "1.262906",
        "Create Lag": "1.0441519",
        "Process Lag": "0.2187541"
      },
      {
        "Direction": "Inbound",
        "Destination": "The Point",
        "Time": "00:15:24",
        "AVLS": "00:16:04",
        "Tram": "3018",
        "Action": "a",
        "Msg Sent": "17/10/2019 05:49:53",
        "Msg Received": "17/10/2019 05:49:54",
        "Msg Processed": "17/10/2019 05:49:54",
        "XML ID": "559",
        "Total Lag": "1.1691528",
        "Create Lag": "1.0441519",
        "Process Lag": "0.1250009"
      },
      {
        "Direction": "Outbound",
        "Destination": "Tallaght",
        "Time": "00:13:35",
        "AVLS": "00:14:15",
        "Tram": "3019",
        "Action": "a",
        "Msg Sent": "17/10/2019 05:49:53",
        "Msg Received": "17/10/2019 05:49:54",
        "Msg Processed": "17/10/2019 05:49:54",
        "XML ID": "559",
        "Total Lag": "1.2003989",
        "Create Lag": "1.0441519",
        "Process Lag": "0.156247"
      }
    ]
  },
  {
    "stopID": "33",
    "stopQueryTime": 1571287800873,
    "count": 3,
    "results": [
      {
        "Direction": "Inbound",
        "Destination": "Broombridge",
        "Time": "00:04:09",
        "AVLS": "00:04:49",
        "Tram": "5011",
        "Action": "a",
        "Msg Sent": "17/10/2019 05:49:56",
        "Msg Received": "17/10/2019 05:49:56",
        "Msg Processed": "17/10/2019 05:49:56",
        "XML ID": "560",
        "Total Lag": "0.2472721",
        "Create Lag": "0.2316476",
        "Process Lag": "0.0156245"
      },
      {
        "Direction": "Inbound",
        "Destination": "Parnell",
        "Time": "00:14:45",
        "AVLS": "00:15:25",
        "Tram": "5003",
        "Action": "a",
        "Msg Sent": "17/10/2019 05:49:53",
        "Msg Received": "17/10/2019 05:49:54",
        "Msg Processed": "17/10/2019 05:49:54",
        "XML ID": "559",
        "Total Lag": "1.0597785",
        "Create Lag": "1.0441519",
        "Process Lag": "0.0156266"
      },
      {
        "Direction": "Outbound",
        "Destination": "Bride's Glen",
        "Time": "00:18:07",
        "AVLS": "00:18:47",
        "Tram": "5029",
        "Action": "a",
        "Msg Sent": "17/10/2019 05:49:56",
        "Msg Received": "17/10/2019 05:49:56",
        "Msg Processed": "17/10/2019 05:49:56",
        "XML ID": "560",
        "Total Lag": "0.3253956",
        "Create Lag": "0.2316476",
        "Process Lag": "0.093748"
      }
    ]
  },
  {
    "stopID": "36",
    "stopQueryTime": 1571287800880,
    "count": 3,
    "results": [
      {
        "Direction": "Inbound",
        "Destination": "Parnell",
        "Time": "00:09:27",
        "AVLS": "00:10:07",
        "Tram": "5003",
        "Action": "d",
        "Msg Sent": "17/10/2019 05:49:53",
        "Msg Received": "17/10/2019 05:49:54",
        "Msg Processed": "17/10/2019 05:49:54",
        "XML ID": "559",
        "Total Lag": "1.0441519",
        "Create Lag": "1.0441519",
        "Process Lag": "0"
      },
      {
        "Direction": "Inbound",
        "Destination": "Broombridge",
        "Time": "00:17:27",
        "AVLS": "00:18:07",
        "Tram": "5006",
        "Action": "a",
        "Msg Sent": "17/10/2019 05:49:56",
        "Msg Received": "17/10/2019 05:49:56",
        "Msg Processed": "17/10/2019 05:49:56",
        "XML ID": "560",
        "Total Lag": "0.2316476",
        "Create Lag": "0.2316476",
        "Process Lag": "0"
      },
      {
        "Direction": "Outbound",
        "Destination": "Bride's Glen",
        "Time": "00:00:00",
        "AVLS": "00:00:12",
        "Tram": "5021",
        "Action": "a",
        "Msg Sent": "17/10/2019 05:49:56",
        "Msg Received": "17/10/2019 05:49:56",
        "Msg Processed": "17/10/2019 05:49:56",
        "XML ID": "560",
        "Total Lag": "0.2629173",
        "Create Lag": "0.2316476",
        "Process Lag": "0.0312697"
      }
    ]
  },
  {
    "stopID": "18",
    "stopQueryTime": 1571287800883,
    "count": 3,
    "results": [
      {
        "Direction": "Inbound",
        "Destination": "The Point",
        "Time": "00:06:14",
        "AVLS": "00:06:54",
        "Tram": "4003",
        "Action": "a",
        "Msg Sent": "17/10/2019 05:49:53",
        "Msg Received": "17/10/2019 05:49:54",
        "Msg Processed": "17/10/2019 05:49:54",
        "XML ID": "559",
        "Total Lag": "1.262906",
        "Create Lag": "1.0441519",
        "Process Lag": "0.2187541"
      },
      {
        "Direction": "Inbound",
        "Destination": "The Point",
        "Time": "00:14:08",
        "AVLS": "00:14:48",
        "Tram": "3018",
        "Action": "a",
        "Msg Sent": "17/10/2019 05:49:53",
        "Msg Received": "17/10/2019 05:49:54",
        "Msg Processed": "17/10/2019 05:49:54",
        "XML ID": "559",
        "Total Lag": "1.1535267",
        "Create Lag": "1.0441519",
        "Process Lag": "0.1093748"
      },
      {
        "Direction": "Outbound",
        "Destination": "Tallaght",
        "Time": "00:14:40",
        "AVLS": "00:15:20",
        "Tram": "3019",
        "Action": "a",
        "Msg Sent": "17/10/2019 05:49:53",
        "Msg Received": "17/10/2019 05:49:54",
        "Msg Processed": "17/10/2019 05:49:54",
        "XML ID": "559",
        "Total Lag": "1.2003989",
        "Create Lag": "1.0441519",
        "Process Lag": "0.156247"
      }
    ]
  },
  {
    "stopID": "17",
    "stopQueryTime": 1571287800885,
    "count": 3,
    "results": [
      {
        "Direction": "Inbound",
        "Destination": "The Point",
        "Time": "00:04:10",
        "AVLS": "00:04:50",
        "Tram": "4003",
        "Action": "a",
        "Msg Sent": "17/10/2019 05:49:53",
        "Msg Received": "17/10/2019 05:49:54",
        "Msg Processed": "17/10/2019 05:49:54",
        "XML ID": "559",
        "Total Lag": "1.2472796",
        "Create Lag": "1.0441519",
        "Process Lag": "0.2031277"
      },
      {
        "Direction": "Inbound",
        "Destination": "The Point",
        "Time": "00:12:04",
        "AVLS": "00:12:44",
        "Tram": "3018",
        "Action": "a",
        "Msg Sent": "17/10/2019 05:49:53",
        "Msg Received": "17/10/2019 05:49:54",
        "Msg Processed": "17/10/2019 05:49:54",
        "XML ID": "559",
        "Total Lag": "1.1535267",
        "Create Lag": "1.0441519",
        "Process Lag": "0.1093748"
      },
      {
        "Direction": "Outbound",
        "Destination": "Tallaght",
        "Time": "00:16:39",
        "AVLS": "00:17:19",
        "Tram": "3019",
        "Action": "a",
        "Msg Sent": "17/10/2019 05:49:53",
        "Msg Received": "17/10/2019 05:49:54",
        "Msg Processed": "17/10/2019 05:49:54",
        "XML ID": "559",
        "Total Lag": "1.2003989",
        "Create Lag": "1.0441519",
        "Process Lag": "0.156247"
      }
    ]
  },
  {
    "stopID": "49",
    "stopQueryTime": 1571287800888,
    "count": 4,
    "results": [
      {
        "Direction": "Inbound",
        "Destination": "Belgard",
        "Time": "00:00:00",
        "AVLS": "00:00:00",
        "Tram": "3026",
        "Action": "a",
        "Msg Sent": "17/10/2019 05:49:52",
        "Msg Received": "17/10/2019 05:49:52",
        "Msg Processed": "17/10/2019 05:49:52",
        "XML ID": "558",
        "Total Lag": "0.5441483",
        "Create Lag": "0.5441483",
        "Process Lag": "0"
      },
      {
        "Direction": "Inbound",
        "Destination": "Belgard",
        "Time": "00:18:33",
        "AVLS": "00:19:13",
        "Tram": "3009",
        "Action": "a",
        "Msg Sent": "17/10/2019 05:49:53",
        "Msg Received": "17/10/2019 05:49:54",
        "Msg Processed": "17/10/2019 05:49:54",
        "XML ID": "559",
        "Total Lag": "1.0910301",
        "Create Lag": "1.0441519",
        "Process Lag": "0.0468782"
      },
      {
        "Direction": "Outbound",
        "Destination": "Saggart",
        "Time": "00:00:31",
        "AVLS": "00:01:11",
        "Tram": "3009",
        "Action": "a",
        "Msg Sent": "17/10/2019 05:49:53",
        "Msg Received": "17/10/2019 05:49:54",
        "Msg Processed": "17/10/2019 05:49:54",
        "XML ID": "559",
        "Total Lag": "1.0754016",
        "Create Lag": "1.0441519",
        "Process Lag": "0.0312497"
      },
      {
        "Direction": "Outbound",
        "Destination": "Saggart",
        "Time": "00:13:24",
        "AVLS": "00:14:04",
        "Tram": "3026",
        "Action": "a",
        "Msg Sent": "17/10/2019 05:49:53",
        "Msg Received": "17/10/2019 05:49:54",
        "Msg Processed": "17/10/2019 05:49:54",
        "XML ID": "559",
        "Total Lag": "1.2316604",
        "Create Lag": "1.0441519",
        "Process Lag": "0.1875085"
      }
    ]
  },
  {
    "stopID": "46",
    "stopQueryTime": 1571287800892,
    "count": 3,
    "results": [
      {
        "Direction": "Inbound",
        "Destination": "Broombridge",
        "Time": "00:02:36",
        "AVLS": "00:03:16",
        "Tram": "5006",
        "Action": "a",
        "Msg Sent": "17/10/2019 05:49:53",
        "Msg Received": "17/10/2019 05:49:54",
        "Msg Processed": "17/10/2019 05:49:54",
        "XML ID": "559",
        "Total Lag": "1.3410346",
        "Create Lag": "1.0441519",
        "Process Lag": "0.2968827"
      },
      {
        "Direction": "Outbound",
        "Destination": "Bride's Glen",
        "Time": "00:10:29",
        "AVLS": "00:11:09",
        "Tram": "5002",
        "Action": "a",
        "Msg Sent": "17/10/2019 05:49:53",
        "Msg Received": "17/10/2019 05:49:54",
        "Msg Processed": "17/10/2019 05:49:54",
        "XML ID": "559",
        "Total Lag": "1.3410346",
        "Create Lag": "1.0441519",
        "Process Lag": "0.2968827"
      },
      {
        "Direction": "Outbound",
        "Destination": "Bride's Glen",
        "Time": "00:14:23",
        "AVLS": "00:15:03",
        "Tram": "5021",
        "Action": "a",
        "Msg Sent": "17/10/2019 05:49:56",
        "Msg Received": "17/10/2019 05:49:56",
        "Msg Processed": "17/10/2019 05:49:56",
        "XML ID": "560",
        "Total Lag": "0.2941462",
        "Create Lag": "0.2316476",
        "Process Lag": "0.0624986"
      }
    ]
  },
  {
    "stopID": "32",
    "stopQueryTime": 1571287800898,
    "count": 3,
    "results": [
      {
        "Direction": "Inbound",
        "Destination": "Broombridge",
        "Time": "00:05:51",
        "AVLS": "00:06:31",
        "Tram": "5011",
        "Action": "a",
        "Msg Sent": "17/10/2019 05:49:56",
        "Msg Received": "17/10/2019 05:49:56",
        "Msg Processed": "17/10/2019 05:49:56",
        "XML ID": "560",
        "Total Lag": "0.2472721",
        "Create Lag": "0.2316476",
        "Process Lag": "0.0156245"
      },
      {
        "Direction": "Inbound",
        "Destination": "Parnell",
        "Time": "00:16:27",
        "AVLS": "00:17:07",
        "Tram": "5003",
        "Action": "a",
        "Msg Sent": "17/10/2019 05:49:53",
        "Msg Received": "17/10/2019 05:49:54",
        "Msg Processed": "17/10/2019 05:49:54",
        "XML ID": "559",
        "Total Lag": "1.0597785",
        "Create Lag": "1.0441519",
        "Process Lag": "0.0156266"
      },
      {
        "Direction": "Outbound",
        "Destination": "Bride's Glen",
        "Time": "00:16:41",
        "AVLS": "00:17:21",
        "Tram": "5029",
        "Action": "a",
        "Msg Sent": "17/10/2019 05:49:56",
        "Msg Received": "17/10/2019 05:49:56",
        "Msg Processed": "17/10/2019 05:49:56",
        "XML ID": "560",
        "Total Lag": "0.3253956",
        "Create Lag": "0.2316476",
        "Process Lag": "0.093748"
      }
    ]
  },
  {
    "stopID": "40",
    "stopQueryTime": 1571287800900,
    "count": 3,
    "results": [
      {
        "Direction": "Inbound",
        "Destination": "Broombridge",
        "Time": "00:10:18",
        "AVLS": "00:10:58",
        "Tram": "5006",
        "Action": "a",
        "Msg Sent": "17/10/2019 05:49:53",
        "Msg Received": "17/10/2019 05:49:54",
        "Msg Processed": "17/10/2019 05:49:54",
        "XML ID": "559",
        "Total Lag": "1.3566528",
        "Create Lag": "1.0441519",
        "Process Lag": "0.3125009"
      },
      {
        "Direction": "Outbound",
        "Destination": "Bride's Glen",
        "Time": "00:02:52",
        "AVLS": "00:03:32",
        "Tram": "5002",
        "Action": "a",
        "Msg Sent": "17/10/2019 05:49:53",
        "Msg Received": "17/10/2019 05:49:54",
        "Msg Processed": "17/10/2019 05:49:54",
        "XML ID": "559",
        "Total Lag": "1.325402",
        "Create Lag": "1.0441519",
        "Process Lag": "0.2812501"
      },
      {
        "Direction": "Outbound",
        "Destination": "Bride's Glen",
        "Time": "00:06:46",
        "AVLS": "00:07:26",
        "Tram": "5021",
        "Action": "a",
        "Msg Sent": "17/10/2019 05:49:56",
        "Msg Received": "17/10/2019 05:49:56",
        "Msg Processed": "17/10/2019 05:49:56",
        "XML ID": "560",
        "Total Lag": "0.2785275",
        "Create Lag": "0.2316476",
        "Process Lag": "0.0468799"
      }
    ]
  },
  {
    "stopID": "38",
    "stopQueryTime": 1571287800902,
    "count": 3,
    "results": [
      {
        "Direction": "Inbound",
        "Destination": "Broombridge",
        "Time": "00:13:33",
        "AVLS": "00:14:13",
        "Tram": "5006",
        "Action": "a",
        "Msg Sent": "17/10/2019 05:49:53",
        "Msg Received": "17/10/2019 05:49:54",
        "Msg Processed": "17/10/2019 05:49:54",
        "XML ID": "559",
        "Total Lag": "1.3722785",
        "Create Lag": "1.0441519",
        "Process Lag": "0.3281266"
      },
      {
        "Direction": "Outbound",
        "Destination": "Bride's Glen",
        "Time": "00:00:00",
        "AVLS": "00:00:19",
        "Tram": "5002",
        "Action": "a",
        "Msg Sent": "17/10/2019 05:49:53",
        "Msg Received": "17/10/2019 05:49:54",
        "Msg Processed": "17/10/2019 05:49:54",
        "XML ID": "559",
        "Total Lag": "1.3097765",
        "Create Lag": "1.0441519",
        "Process Lag": "0.2656246"
      },
      {
        "Direction": "Outbound",
        "Destination": "Bride's Glen",
        "Time": "00:03:33",
        "AVLS": "00:04:13",
        "Tram": "5021",
        "Action": "a",
        "Msg Sent": "17/10/2019 05:49:56",
        "Msg Received": "17/10/2019 05:49:56",
        "Msg Processed": "17/10/2019 05:49:56",
        "XML ID": "560",
        "Total Lag": "0.2629173",
        "Create Lag": "0.2316476",
        "Process Lag": "0.0312697"
      }
    ]
  },
  {
    "stopID": "10",
    "stopQueryTime": 1571287800904,
    "count": 3,
    "results": [
      {
        "Direction": "Inbound",
        "Destination": "The Point",
        "Time": "00:01:33",
        "AVLS": "00:02:13",
        "Tram": "3018",
        "Action": "a",
        "Msg Sent": "17/10/2019 05:49:53",
        "Msg Received": "17/10/2019 05:49:54",
        "Msg Processed": "17/10/2019 05:49:54",
        "XML ID": "559",
        "Total Lag": "1.1379029",
        "Create Lag": "1.0441519",
        "Process Lag": "0.093751"
      },
      {
        "Direction": "Inbound",
        "Destination": "The Point",
        "Time": "00:19:07",
        "AVLS": "00:19:47",
        "Tram": "4004",
        "Action": "a",
        "Msg Sent": "17/10/2019 05:49:53",
        "Msg Received": "17/10/2019 05:49:54",
        "Msg Processed": "17/10/2019 05:49:54",
        "XML ID": "559",
        "Total Lag": "1.3097765",
        "Create Lag": "1.0441519",
        "Process Lag": "0.2656246"
      },
      {
        "Direction": "Outbound",
        "Destination": "Tallaght",
        "Time": "00:07:52",
        "AVLS": "00:08:32",
        "Tram": "3013",
        "Action": "a",
        "Msg Sent": "17/10/2019 05:49:53",
        "Msg Received": "17/10/2019 05:49:54",
        "Msg Processed": "17/10/2019 05:49:54",
        "XML ID": "559",
        "Total Lag": "1.1066589",
        "Create Lag": "1.0441519",
        "Process Lag": "0.062507"
      }
    ]
  }
]