[
  {
    "stopID": "15",
    "stopQueryTime": 1571286000781,
    "count": 0,
    "results": []
  },
  {
    "stopID": "11",
    "stopQueryTime": 1571286000797,
    "count": 1,
    "results": [
      {
        "Direction": "Inbound",
        "Destination": "The Point",
        "Time": "00:16:59",
        "AVLS": "00:17:39",
        "Tram": "4003",
        "Action": "a",
        "Msg Sent": "17/10/2019 05:19:54",
        "Msg Received": "17/10/2019 05:19:54",
        "Msg Processed": "17/10/2019 05:19:54",
        "XML ID": "136",
        "Total Lag": "0.0875342",
        "Create Lag": "0.040652",
        "Process Lag": "0.0468822"
      }
    ]
  },
  {
    "stopID": "12",
    "stopQueryTime": 1571286000801,
    "count": 1,
    "results": [
      {
        "Direction": "Inbound",
        "Destination": "The Point",
        "Time": "00:17:58",
        "AVLS": "00:18:38",
        "Tram": "4003",
        "Action": "a",
        "Msg Sent": "17/10/2019 05:19:54",
        "Msg Received": "17/10/2019 05:19:54",
        "Msg Processed": "17/10/2019 05:19:54",
        "XML ID": "136",
        "Total Lag": "0.0875342",
        "Create Lag": "0.040652",
        "Process Lag": "0.0468822"
      }
    ]
  },
  {
    "stopID": "7",
    "stopQueryTime": 1571286000804,
    "count": 1,
    "results": [
      {
        "Direction": "Inbound",
        "Destination": "The Point",
        "Time": "00:11:29",
        "AVLS": "00:12:09",
        "Tram": "4003",
        "Action": "a",
        "Msg Sent": "17/10/2019 05:19:54",
        "Msg Received": "17/10/2019 05:19:54",
        "Msg Processed": "17/10/2019 05:19:54",
        "XML ID": "136",
        "Total Lag": "0.0719056",
        "Create Lag": "0.040652",
        "Process Lag": "0.0312536"
      }
    ]
  },
  {
    "stopID": "1",
    "stopQueryTime": 1571286000810,
    "count": 2,
    "results": [
      {
        "Direction": "Inbound",
        "Destination": "The Point",
        "Time": "00:09:27",
        "AVLS": "00:10:07",
        "Tram": "3018",
        "Action": "d",
        "Msg Sent": "17/10/2019 05:19:54",
        "Msg Received": "17/10/2019 05:19:54",
        "Msg Processed": "17/10/2019 05:19:54",
        "XML ID": "136",
        "Total Lag": "0.1505024",
        "Create Lag": "0.040652",
        "Process Lag": "0.1098504"
      },
      {
        "Direction": "Terminating",
        "Destination": "Tallaght",
        "Time": "00:18:27",
        "AVLS": "00:19:07",
        "Tram": "4004",
        "Action": "a",
        "Msg Sent": "17/10/2019 05:19:54",
        "Msg Received": "17/10/2019 05:19:54",
        "Msg Processed": "17/10/2019 05:19:54",
        "XML ID": "136",
        "Total Lag": "0.1031544",
        "Create Lag": "0.040652",
        "Process Lag": "0.0625024"
      }
    ]
  },
  {
    "stopID": "8",
    "stopQueryTime": 1571286000813,
    "count": 1,
    "results": [
      {
        "Direction": "Inbound",
        "Destination": "The Point",
        "Time": "00:12:55",
        "AVLS": "00:13:35",
        "Tram": "4003",
        "Action": "a",
        "Msg Sent": "17/10/2019 05:19:54",
        "Msg Received": "17/10/2019 05:19:54",
        "Msg Processed": "17/10/2019 05:19:54",
        "XML ID": "136",
        "Total Lag": "0.0719056",
        "Create Lag": "0.040652",
        "Process Lag": "0.0312536"
      }
    ]
  },
  {
    "stopID": "6",
    "stopQueryTime": 1571286000815,
    "count": 1,
    "results": [
      {
        "Direction": "Inbound",
        "Destination": "The Point",
        "Time": "00:07:27",
        "AVLS": "00:08:07",
        "Tram": "4003",
        "Action": "d",
        "Msg Sent": "17/10/2019 05:19:54",
        "Msg Received": "17/10/2019 05:19:54",
        "Msg Processed": "17/10/2019 05:19:54",
        "XML ID": "136",
        "Total Lag": "0.0719056",
        "Create Lag": "0.040652",
        "Process Lag": "0.0312536"
      }
    ]
  },
  {
    "stopID": "2",
    "stopQueryTime": 1571286000819,
    "count": 2,
    "results": [
      {
        "Direction": "Inbound",
        "Destination": "The Point",
        "Time": "00:10:41",
        "AVLS": "00:11:21",
        "Tram": "3018",
        "Action": "a",
        "Msg Sent": "17/10/2019 05:19:54",
        "Msg Received": "17/10/2019 05:19:54",
        "Msg Processed": "17/10/2019 05:19:54",
        "XML ID": "136",
        "Total Lag": "0.1512572",
        "Create Lag": "0.040652",
        "Process Lag": "0.1106052"
      },
      {
        "Direction": "Outbound",
        "Destination": "Tallaght",
        "Time": "00:16:46",
        "AVLS": "00:17:26",
        "Tram": "4004",
        "Action": "a",
        "Msg Sent": "17/10/2019 05:19:54",
        "Msg Received": "17/10/2019 05:19:54",
        "Msg Processed": "17/10/2019 05:19:54",
        "XML ID": "136",
        "Total Lag": "0.1031544",
        "Create Lag": "0.040652",
        "Process Lag": "0.0625024"
      }
    ]
  },
  {
    "stopID": "17",
    "stopQueryTime": 1571286000825,
    "count": 0,
    "results": []
  },
  {
    "stopID": "23",
    "stopQueryTime": 1571286000827,
    "count": 0,
    "results": []
  },
  {
    "stopID": "3",
    "stopQueryTime": 1571286000829,
    "count": 2,
    "results": [
      {
        "Direction": "Inbound",
        "Destination": "The Point",
        "Time": "00:12:22",
        "AVLS": "00:13:02",
        "Tram": "3018",
        "Action": "a",
        "Msg Sent": "17/10/2019 05:19:54",
        "Msg Received": "17/10/2019 05:19:54",
        "Msg Processed": "17/10/2019 05:19:54",
        "XML ID": "136",
        "Total Lag": "0.1512572",
        "Create Lag": "0.040652",
        "Process Lag": "0.1106052"
      },
      {
        "Direction": "Outbound",
        "Destination": "Tallaght",
        "Time": "00:15:30",
        "AVLS": "00:16:10",
        "Tram": "4004",
        "Action": "a",
        "Msg Sent": "17/10/2019 05:19:54",
        "Msg Received": "17/10/2019 05:19:54",
        "Msg Processed": "17/10/2019 05:19:54",
        "XML ID": "136",
        "Total Lag": "0.0875342",
        "Create Lag": "0.040652",
        "Process Lag": "0.0468822"
      }
    ]
  },
  {
    "stopID": "4",
    "stopQueryTime": 1571286000833,
    "count": 2,
    "results": [
      {
        "Direction": "Inbound",
        "Destination": "The Point",
        "Time": "00:15:27",
        "AVLS": "00:16:07",
        "Tram": "3018",
        "Action": "a",
        "Msg Sent": "17/10/2019 05:19:54",
        "Msg Received": "17/10/2019 05:19:54",
        "Msg Processed": "17/10/2019 05:19:54",
        "XML ID": "136",
        "Total Lag": "0.1512572",
        "Create Lag": "0.040652",
        "Process Lag": "0.1106052"
      },
      {
        "Direction": "Outbound",
        "Destination": "Tallaght",
        "Time": "00:13:38",
        "AVLS": "00:14:18",
        "Tram": "4004",
        "Action": "a",
        "Msg Sent": "17/10/2019 05:19:54",
        "Msg Received": "17/10/2019 05:19:54",
        "Msg Processed": "17/10/2019 05:19:54",
        "XML ID": "136",
        "Total Lag": "0.0875342",
        "Create Lag": "0.040652",
        "Process Lag": "0.0468822"
      }
    ]
  },
  {
    "stopID": "30",
    "stopQueryTime": 1571286000835,
    "count": 0,
    "results": []
  },
  {
    "stopID": "22",
    "stopQueryTime": 1571286000837,
    "count": 1,
    "results": [
      {
        "Direction": "Outbound",
        "Destination": "Tallaght",
        "Time": "00:15:59",
        "AVLS": "00:16:39",
        "Tram": "3013",
        "Action": "a",
        "Msg Sent": "17/10/2019 05:19:54",
        "Msg Received": "17/10/2019 05:19:54",
        "Msg Processed": "17/10/2019 05:19:54",
        "XML ID": "136",
        "Total Lag": "0.1344039",
        "Create Lag": "0.040652",
        "Process Lag": "0.0937519"
      }
    ]
  },
  {
    "stopID": "31",
    "stopQueryTime": 1571286000843,
    "count": 1,
    "results": [
      {
        "Direction": "Inbound",
        "Destination": "Broombridge",
        "Time": "00:18:26",
        "AVLS": "00:19:06",
        "Tram": "3020",
        "Action": "a",
        "Msg Sent": "17/10/2019 05:19:54",
        "Msg Received": "17/10/2019 05:19:54",
        "Msg Processed": "17/10/2019 05:19:54",
        "XML ID": "136",
        "Total Lag": "0.0719056",
        "Create Lag": "0.040652",
        "Process Lag": "0.0312536"
      }
    ]
  },
  {
    "stopID": "28",
    "stopQueryTime": 1571286000855,
    "count": 1,
    "results": [
      {
        "Direction": "Outbound",
        "Destination": "Bride's Glen",
        "Time": "00:17:27",
        "AVLS": "00:18:07",
        "Tram": "5021",
        "Action": "a",
        "Msg Sent": "17/10/2019 05:19:54",
        "Msg Received": "17/10/2019 05:19:54",
        "Msg Processed": "17/10/2019 05:19:54",
        "XML ID": "136",
        "Total Lag": "0.182091",
        "Create Lag": "0.040652",
        "Process Lag": "0.141439"
      }
    ]
  },
  {
    "stopID": "58",
    "stopQueryTime": 1571286000857,
    "count": 0,
    "results": []
  },
  {
    "stopID": "13",
    "stopQueryTime": 1571286000862,
    "count": 0,
    "results": []
  },
  {
    "stopID": "33",
    "stopQueryTime": 1571286000865,
    "count": 1,
    "results": [
      {
        "Direction": "Inbound",
        "Destination": "Broombridge",
        "Time": "00:14:45",
        "AVLS": "00:15:25",
        "Tram": "3020",
        "Action": "a",
        "Msg Sent": "17/10/2019 05:19:54",
        "Msg Received": "17/10/2019 05:19:54",
        "Msg Processed": "17/10/2019 05:19:54",
        "XML ID": "136",
        "Total Lag": "0.0562844",
        "Create Lag": "0.040652",
        "Process Lag": "0.0156324"
      }
    ]
  },
  {
    "stopID": "50",
    "stopQueryTime": 1571286000866,
    "count": 0,
    "results": []
  },
  {
    "stopID": "25",
    "stopQueryTime": 1571286000869,
    "count": 1,
    "results": [
      {
        "Direction": "Outbound",
        "Destination": "Bride's Glen",
        "Time": "00:11:25",
        "AVLS": "00:12:05",
        "Tram": "5021",
        "Action": "a",
        "Msg Sent": "17/10/2019 05:19:54",
        "Msg Received": "17/10/2019 05:19:54",
        "Msg Processed": "17/10/2019 05:19:54",
        "XML ID": "136",
        "Total Lag": "0.182091",
        "Create Lag": "0.040652",
        "Process Lag": "0.141439"
      }
    ]
  },
  {
    "stopID": "34",
    "stopQueryTime": 1571286000874,
    "count": 1,
    "results": [
      {
        "Direction": "Inbound",
        "Destination": "Broombridge",
        "Time": "00:13:02",
        "AVLS": "00:13:42",
        "Tram": "3020",
        "Action": "a",
        "Msg Sent": "17/10/2019 05:19:54",
        "Msg Received": "17/10/2019 05:19:54",
        "Msg Processed": "17/10/2019 05:19:54",
        "XML ID": "136",
        "Total Lag": "0.0562844",
        "Create Lag": "0.040652",
        "Process Lag": "0.0156324"
      }
    ]
  },
  {
    "stopID": "29",
    "stopQueryTime": 1571286000876,
    "count": 1,
    "results": [
      {
        "Direction": "Outbound",
        "Destination": "Bride's Glen",
        "Time": "00:18:55",
        "AVLS": "00:19:35",
        "Tram": "5021",
        "Action": "a",
        "Msg Sent": "17/10/2019 05:19:54",
        "Msg Received": "17/10/2019 05:19:54",
        "Msg Processed": "17/10/2019 05:19:54",
        "XML ID": "136",
        "Total Lag": "0.1977169",
        "Create Lag": "0.040652",
        "Process Lag": "0.1570649"
      }
    ]
  },
  {
    "stopID": "16",
    "stopQueryTime": 1571286000884,
    "count": 0,
    "results": []
  },
  {
    "stopID": "46",
    "stopQueryTime": 1571286000885,
    "count": 1,
    "results": [
      {
        "Direction": "Inbound",
        "Destination": "Broombridge",
        "Time": "00:12:36",
        "AVLS": "00:13:16",
        "Tram": "5011",
        "Action": "a",
        "Msg Sent": "17/10/2019 05:19:54",
        "Msg Received": "17/10/2019 05:19:54",
        "Msg Processed": "17/10/2019 05:19:54",
        "XML ID": "136",
        "Total Lag": "0.166452",
        "Create Lag": "0.040652",
        "Process Lag": "0.1258"
      }
    ]
  },
  {
    "stopID": "26",
    "stopQueryTime": 1571286000889,
    "count": 1,
    "results": [
      {
        "Direction": "Outbound",
        "Destination": "Bride's Glen",
        "Time": "00:14:05",
        "AVLS": "00:14:45",
        "Tram": "5021",
        "Action": "a",
        "Msg Sent": "17/10/2019 05:19:54",
        "Msg Received": "17/10/2019 05:19:54",
        "Msg Processed": "17/10/2019 05:19:54",
        "XML ID": "136",
        "Total Lag": "0.182091",
        "Create Lag": "0.040652",
        "Process Lag": "0.141439"
      }
    ]
  },
  {
    "stopID": "39",
    "stopQueryTime": 1571286000894,
    "count": 1,
    "results": [
      {
        "Direction": "Outbound",
        "Destination": "Bride's Glen",
        "Time": "00:12:13",
        "AVLS": "00:12:53",
        "Tram": "5006",
        "Action": "a",
        "Msg Sent": "17/10/2019 05:19:54",
        "Msg Received": "17/10/2019 05:19:54",
        "Msg Processed": "17/10/2019 05:19:54",
        "XML ID": "136",
        "Total Lag": "0.1031544",
        "Create Lag": "0.040652",
        "Process Lag": "0.0625024"
      }
    ]
  },
  {
    "stopID": "21",
    "stopQueryTime": 1571286000898,
    "count": 0,
    "results": []
  },
  {
    "stopID": "37",
    "stopQueryTime": 1571286000904,
    "count": 1,
    "results": [
      {
        "Direction": "Outbound",
        "Destination": "Bride's Glen",
        "Time": "00:09:00",
        "AVLS": "00:09:40",
        "Tram": "5006",
        "Action": "a",
        "Msg Sent": "17/10/2019 05:19:54",
        "Msg Received": "17/10/2019 05:19:54",
        "Msg Processed": "17/10/2019 05:19:54",
        "XML ID": "136",
        "Total Lag": "0.1031544",
        "Create Lag": "0.040652",
        "Process Lag": "0.0625024"
      }
    ]
  },
  {
    "stopID": "10",
    "stopQueryTime": 1571286000907,
    "count": 1,
    "results": [
      {
        "Direction": "Inbound",
        "Destination": "The Point",
        "Time": "00:16:07",
        "AVLS": "00:16:47",
        "Tram": "4003",
        "Action": "a",
        "Msg Sent": "17/10/2019 05:19:54",
        "Msg Received": "17/10/2019 05:19:54",
        "Msg Processed": "17/10/2019 05:19:54",
        "XML ID": "136",
        "Total Lag": "0.0719056",
        "Create Lag": "0.040652",
        "Process Lag": "0.0312536"
      }
    ]
  },
  {
    "stopID": "32",
    "stopQueryTime": 1571286000909,
    "count": 1,
    "results": [
      {
        "Direction": "Inbound",
        "Destination": "Broombridge",
        "Time": "00:16:27",
        "AVLS": "00:17:07",
        "Tram": "3020",
        "Action": "a",
        "Msg Sent": "17/10/2019 05:19:54",
        "Msg Received": "17/10/2019 05:19:54",
        "Msg Processed": "17/10/2019 05:19:54",
        "XML ID": "136",
        "Total Lag": "0.0562844",
        "Create Lag": "0.040652",
        "Process Lag": "0.0156324"
      }
    ]
  },
  {
    "stopID": "18",
    "stopQueryTime": 1571286000919,
    "count": 0,
    "results": []
  },
  {
    "stopID": "54",
    "stopQueryTime": 1571286000920,
    "count": 1,
    "results": [
      {
        "Direction": "Outbound",
        "Destination": "Tallaght",
        "Time": "00:14:03",
        "AVLS": "00:14:43",
        "Tram": "3013",
        "Action": "a",
        "Msg Sent": "17/10/2019 05:19:54",
        "Msg Received": "17/10/2019 05:19:54",
        "Msg Processed": "17/10/2019 05:19:54",
        "XML ID": "136",
        "Total Lag": "0.1344039",
        "Create Lag": "0.040652",
        "Process Lag": "0.0937519"
      }
    ]
  },
  {
    "stopID": "47",
    "stopQueryTime": 1571286000922,
    "count": 1,
    "results": [
      {
        "Direction": "Inbound",
        "Destination": "Broombridge",
        "Time": "00:10:35",
        "AVLS": "00:11:15",
        "Tram": "5011",
        "Action": "a",
        "Msg Sent": "17/10/2019 05:19:54",
        "Msg Received": "17/10/2019 05:19:54",
        "Msg Processed": "17/10/2019 05:19:54",
        "XML ID": "136",
        "Total Lag": "0.166452",
        "Create Lag": "0.040652",
        "Process Lag": "0.1258"
      }
    ]
  },
  {
    "stopID": "35",
    "stopQueryTime": 1571286000932,
    "count": 1,
    "results": [
      {
        "Direction": "Inbound",
        "Destination": "Broombridge",
        "Time": "00:11:02",
        "AVLS": "00:11:42",
        "Tram": "3020",
        "Action": "a",
        "Msg Sent": "17/10/2019 05:19:54",
        "Msg Received": "17/10/2019 05:19:54",
        "Msg Processed": "17/10/2019 05:19:54",
        "XML ID": "136",
        "Total Lag": "0.040652",
        "Create Lag": "0.040652",
        "Process Lag": "0"
      }
    ]
  },
  {
    "stopID": "36",
    "stopQueryTime": 1571286000934,
    "count": 2,
    "results": [
      {
        "Direction": "Inbound",
        "Destination": "Broombridge",
        "Time": "00:09:27",
        "AVLS": "00:10:07",
        "Tram": "3020",
        "Action": "d",
        "Msg Sent": "17/10/2019 05:19:54",
        "Msg Received": "17/10/2019 05:19:54",
        "Msg Processed": "17/10/2019 05:19:54",
        "XML ID": "136",
        "Total Lag": "0.040652",
        "Create Lag": "0.040652",
        "Process Lag": "0"
      },
      {
        "Direction": "Outbound",
        "Destination": "Bride's Glen",
        "Time": "00:06:27",
        "AVLS": "00:07:07",
        "Tram": "5006",
        "Action": "d",
        "Msg Sent": "17/10/2019 05:19:54",
        "Msg Received": "17/10/2019 05:19:54",
        "Msg Processed": "17/10/2019 05:19:54",
        "XML ID": "136",
        "Total Lag": "0.1031544",
        "Create Lag": "0.040652",
        "Process Lag": "0.0625024"
      }
    ]
  },
  {
    "stopID": "20",
    "stopQueryTime": 1571286000943,
    "count": 0,
    "results": []
  },
  {
    "stopID": "43",
    "stopQueryTime": 1571286000952,
    "count": 2,
    "results": [
      {
        "Direction": "Inbound",
        "Destination": "Broombridge",
        "Time": "00:16:31",
        "AVLS": "00:17:11",
        "Tram": "5011",
        "Action": "a",
        "Msg Sent": "17/10/2019 05:19:54",
        "Msg Received": "17/10/2019 05:19:54",
        "Msg Processed": "17/10/2019 05:19:54",
        "XML ID": "136",
        "Total Lag": "0.166452",
        "Create Lag": "0.040652",
        "Process Lag": "0.1258"
      },
      {
        "Direction": "Outbound",
        "Destination": "Bride's Glen",
        "Time": "00:17:22",
        "AVLS": "00:18:02",
        "Tram": "5006",
        "Action": "a",
        "Msg Sent": "17/10/2019 05:19:54",
        "Msg Received": "17/10/2019 05:19:54",
        "Msg Processed": "17/10/2019 05:19:54",
        "XML ID": "136",
        "Total Lag": "0.1187794",
        "Create Lag": "0.040652",
        "Process Lag": "0.0781274"
      }
    ]
  },
  {
    "stopID": "44",
    "stopQueryTime": 1571286000956,
    "count": 2,
    "results": [
      {
        "Direction": "Inbound",
        "Destination": "Broombridge",
        "Time": "00:15:27",
        "AVLS": "00:16:07",
        "Tram": "5011",
        "Action": "a",
        "Msg Sent": "17/10/2019 05:19:54",
        "Msg Received": "17/10/2019 05:19:54",
        "Msg Processed": "17/10/2019 05:19:54",
        "XML ID": "136",
        "Total Lag": "0.166452",
        "Create Lag": "0.040652",
        "Process Lag": "0.1258"
      },
      {
        "Direction": "Outbound",
        "Destination": "Bride's Glen",
        "Time": "00:18:27",
        "AVLS": "00:19:07",
        "Tram": "5006",
        "Action": "a",
        "Msg Sent": "17/10/2019 05:19:54",
        "Msg Received": "17/10/2019 05:19:54",
        "Msg Processed": "17/10/2019 05:19:54",
        "XML ID": "136",
        "Total Lag": "0.1187794",
        "Create Lag": "0.040652",
        "Process Lag": "0.0781274"
      }
    ]
  },
  {
    "stopID": "14",
    "stopQueryTime": 1571286000958,
    "count": 0,
    "results": []
  },
  {
    "stopID": "19",
    "stopQueryTime": 1571286000959,
    "count": 0,
    "results": []
  },
  {
    "stopID": "48",
    "stopQueryTime": 1571286000960,
    "count": 1,
    "results": [
      {
        "Direction": "Inbound",
        "Destination": "Broombridge",
        "Time": "00:09:27",
        "AVLS": "00:10:07",
        "Tram": "5011",
        "Action": "d",
        "Msg Sent": "17/10/2019 05:19:54",
        "Msg Received": "17/10/2019 05:19:54",
        "Msg Processed": "17/10/2019 05:19:54",
        "XML ID": "136",
        "Total Lag": "0.166452",
        "Create Lag": "0.040652",
        "Process Lag": "0.1258"
      }
    ]
  },
  {
    "stopID": "9",
    "stopQueryTime": 1571286000961,
    "count": 1,
    "results": [
      {
        "Direction": "Inbound",
        "Destination": "The Point",
        "Time": "00:14:57",
        "AVLS": "00:15:37",
        "Tram": "4003",
        "Action": "a",
        "Msg Sent": "17/10/2019 05:19:54",
        "Msg Received": "17/10/2019 05:19:54",
        "Msg Processed": "17/10/2019 05:19:54",
        "XML ID": "136",
        "Total Lag": "0.0719056",
        "Create Lag": "0.040652",
        "Process Lag": "0.0312536"
      }
    ]
  },
  {
    "stopID": "42",
    "stopQueryTime": 1571286000964,
    "count": 2,
    "results": [
      {
        "Direction": "Inbound",
        "Destination": "Broombridge",
        "Time": "00:18:07",
        "AVLS": "00:18:47",
        "Tram": "5011",
        "Action": "a",
        "Msg Sent": "17/10/2019 05:19:54",
        "Msg Received": "17/10/2019 05:19:54",
        "Msg Processed": "17/10/2019 05:19:54",
        "XML ID": "136",
        "Total Lag": "0.182091",
        "Create Lag": "0.040652",
        "Process Lag": "0.141439"
      },
      {
        "Direction": "Outbound",
        "Destination": "Bride's Glen",
        "Time": "00:15:49",
        "AVLS": "00:16:29",
        "Tram": "5006",
        "Action": "a",
        "Msg Sent": "17/10/2019 05:19:54",
        "Msg Received": "17/10/2019 05:19:54",
        "Msg Processed": "17/10/2019 05:19:54",
        "XML ID": "136",
        "Total Lag": "0.1187794",
        "Create Lag": "0.040652",
        "Process Lag": "0.0781274"
      }
    ]
  },
  {
    "stopID": "24",
    "stopQueryTime": 1571286000965,
    "count": 1,
    "results": [
      {
        "Direction": "Outbound",
        "Destination": "Bride's Glen",
        "Time": "00:09:27",
        "AVLS": "00:10:07",
        "Tram": "5021",
        "Action": "d",
        "Msg Sent": "17/10/2019 05:19:54",
        "Msg Received": "17/10/2019 05:19:54",
        "Msg Processed": "17/10/2019 05:19:54",
        "XML ID": "136",
        "Total Lag": "0.182091",
        "Create Lag": "0.040652",
        "Process Lag": "0.141439"
      }
    ]
  },
  {
    "stopID": "27",
    "stopQueryTime": 1571286000967,
    "count": 1,
    "results": [
      {
        "Direction": "Outbound",
        "Destination": "Bride's Glen",
        "Time": "00:15:33",
        "AVLS": "00:16:13",
        "Tram": "5021",
        "Action": "a",
        "Msg Sent": "17/10/2019 05:19:54",
        "Msg Received": "17/10/2019 05:19:54",
        "Msg Processed": "17/10/2019 05:19:54",
        "XML ID": "136",
        "Total Lag": "0.182091",
        "Create Lag": "0.040652",
        "Process Lag": "0.141439"
      }
    ]
  },
  {
    "stopID": "53",
    "stopQueryTime": 1571286000977,
    "count": 0,
    "results": []
  },
  {
    "stopID": "5",
    "stopQueryTime": 1571286000986,
    "count": 2,
    "results": [
      {
        "Direction": "Inbound",
        "Destination": "The Point",
        "Time": "00:17:20",
        "AVLS": "00:18:00",
        "Tram": "3018",
        "Action": "a",
        "Msg Sent": "17/10/2019 05:19:54",
        "Msg Received": "17/10/2019 05:19:54",
        "Msg Processed": "17/10/2019 05:19:54",
        "XML ID": "136",
        "Total Lag": "0.1512572",
        "Create Lag": "0.040652",
        "Process Lag": "0.1106052"
      },
      {
        "Direction": "Outbound",
        "Destination": "Tallaght",
        "Time": "00:11:27",
        "AVLS": "00:12:07",
        "Tram": "4004",
        "Action": "d",
        "Msg Sent": "17/10/2019 05:19:54",
        "Msg Received": "17/10/2019 05:19:54",
        "Msg Processed": "17/10/2019 05:19:54",
        "XML ID": "136",
        "Total Lag": "0.0875342",
        "Create Lag": "0.040652",
        "Process Lag": "0.0468822"
      }
    ]
  },
  {
    "stopID": "38",
    "stopQueryTime": 1571286001001,
    "count": 1,
    "results": [
      {
        "Direction": "Outbound",
        "Destination": "Bride's Glen",
        "Time": "00:10:28",
        "AVLS": "00:11:08",
        "Tram": "5006",
        "Action": "a",
        "Msg Sent": "17/10/2019 05:19:54",
        "Msg Received": "17/10/2019 05:19:54",
        "Msg Processed": "17/10/2019 05:19:54",
        "XML ID": "136",
        "Total Lag": "0.1031544",
        "Create Lag": "0.040652",
        "Process Lag": "0.0625024"
      }
    ]
  },
  {
    "stopID": "52",
    "stopQueryTime": 1571286001005,
    "count": 0,
    "results": []
  },
  {
    "stopID": "40",
    "stopQueryTime": 1571286001007,
    "count": 1,
    "results": [
      {
        "Direction": "Outbound",
        "Destination": "Bride's Glen",
        "Time": "00:13:41",
        "AVLS": "00:14:21",
        "Tram": "5006",
        "Action": "a",
        "Msg Sent": "17/10/2019 05:19:54",
        "Msg Received": "17/10/2019 05:19:54",
        "Msg Processed": "17/10/2019 05:19:54",
        "XML ID": "136",
        "Total Lag": "0.1187794",
        "Create Lag": "0.040652",
        "Process Lag": "0.0781274"
      }
    ]
  },
  {
    "stopID": "51",
    "stopQueryTime": 1571286001009,
    "count": 0,
    "results": []
  },
  {
    "stopID": "49",
    "stopQueryTime": 1571286001014,
    "count": 0,
    "results": []
  },
  {
    "stopID": "45",
    "stopQueryTime": 1571286001018,
    "count": 1,
    "results": [
      {
        "Direction": "Inbound",
        "Destination": "Broombridge",
        "Time": "00:13:58",
        "AVLS": "00:14:38",
        "Tram": "5011",
        "Action": "a",
        "Msg Sent": "17/10/2019 05:19:54",
        "Msg Received": "17/10/2019 05:19:54",
        "Msg Processed": "17/10/2019 05:19:54",
        "XML ID": "136",
        "Total Lag": "0.166452",
        "Create Lag": "0.040652",
        "Process Lag": "0.1258"
      }
    ]
  },
  {
    "stopID": "56",
    "stopQueryTime": 1571286001019,
    "count": 1,
    "results": [
      {
        "Direction": "Outbound",
        "Destination": "Tallaght",
        "Time": "00:10:36",
        "AVLS": "00:11:16",
        "Tram": "3013",
        "Action": "a",
        "Msg Sent": "17/10/2019 05:19:54",
        "Msg Received": "17/10/2019 05:19:54",
        "Msg Processed": "17/10/2019 05:19:54",
        "XML ID": "136",
        "Total Lag": "0.1344039",
        "Create Lag": "0.040652",
        "Process Lag": "0.0937519"
      }
    ]
  },
  {
    "stopID": "55",
    "stopQueryTime": 1571286001027,
    "count": 1,
    "results": [
      {
        "Direction": "Outbound",
        "Destination": "Tallaght",
        "Time": "00:12:35",
        "AVLS": "00:13:15",
        "Tram": "3013",
        "Action": "a",
        "Msg Sent": "17/10/2019 05:19:54",
        "Msg Received": "17/10/2019 05:19:54",
        "Msg Processed": "17/10/2019 05:19:54",
        "XML ID": "136",
        "Total Lag": "0.1344039",
        "Create Lag": "0.040652",
        "Process Lag": "0.0937519"
      }
    ]
  },
  {
    "stopID": "57",
    "stopQueryTime": 1571286001029,
    "count": 1,
    "results": [
      {
        "Direction": "Outbound",
        "Destination": "Tallaght",
        "Time": "00:09:57",
        "AVLS": "00:10:37",
        "Tram": "3013",
        "Action": "d",
        "Msg Sent": "17/10/2019 05:19:54",
        "Msg Received": "17/10/2019 05:19:54",
        "Msg Processed": "17/10/2019 05:19:54",
        "XML ID": "136",
        "Total Lag": "0.1187794",
        "Create Lag": "0.040652",
        "Process Lag": "0.0781274"
      }
    ]
  }
]