[
  {
    "stopID": "4",
    "stopQueryTime": 1571287140787,
    "count": 2,
    "results": [
      {
        "Direction": "Inbound",
        "Destination": "The Point",
        "Time": "00:16:27",
        "AVLS": "00:17:07",
        "Tram": "4004",
        "Action": "a",
        "Msg Sent": "17/10/2019 05:38:53",
        "Msg Received": "17/10/2019 05:38:53",
        "Msg Processed": "17/10/2019 05:38:53",
        "XML ID": "363",
        "Total Lag": "0.5335414",
        "Create Lag": "0.2991681",
        "Process Lag": "0.2343733"
      },
      {
        "Direction": "Outbound",
        "Destination": "Saggart",
        "Time": "00:07:10",
        "AVLS": "00:07:50",
        "Tram": "3009",
        "Action": "a",
        "Msg Sent": "17/10/2019 05:38:53",
        "Msg Received": "17/10/2019 05:38:53",
        "Msg Processed": "17/10/2019 05:38:53",
        "XML ID": "363",
        "Total Lag": "0.3147913",
        "Create Lag": "0.2991681",
        "Process Lag": "0.0156232"
      }
    ]
  },
  {
    "stopID": "23",
    "stopQueryTime": 1571287140836,
    "count": 0,
    "results": []
  },
  {
    "stopID": "2",
    "stopQueryTime": 1571287140839,
    "count": 1,
    "results": [
      {
        "Direction": "Inbound",
        "Destination": "The Point",
        "Time": "00:11:41",
        "AVLS": "00:12:21",
        "Tram": "4004",
        "Action": "a",
        "Msg Sent": "17/10/2019 05:38:53",
        "Msg Received": "17/10/2019 05:38:53",
        "Msg Processed": "17/10/2019 05:38:53",
        "XML ID": "363",
        "Total Lag": "0.5335414",
        "Create Lag": "0.2991681",
        "Process Lag": "0.2343733"
      }
    ]
  },
  {
    "stopID": "20",
    "stopQueryTime": 1571287140844,
    "count": 1,
    "results": [
      {
        "Direction": "Outbound",
        "Destination": "Tallaght",
        "Time": "00:01:17",
        "AVLS": "00:01:57",
        "Tram": "3013",
        "Action": "a",
        "Msg Sent": "17/10/2019 05:38:53",
        "Msg Received": "17/10/2019 05:38:53",
        "Msg Processed": "17/10/2019 05:38:53",
        "XML ID": "363",
        "Total Lag": "0.3616664",
        "Create Lag": "0.2991681",
        "Process Lag": "0.0624983"
      }
    ]
  },
  {
    "stopID": "8",
    "stopQueryTime": 1571287140847,
    "count": 2,
    "results": [
      {
        "Direction": "Inbound",
        "Destination": "The Point",
        "Time": "00:00:46",
        "AVLS": "00:01:26",
        "Tram": "4003",
        "Action": "a",
        "Msg Sent": "17/10/2019 05:38:53",
        "Msg Received": "17/10/2019 05:38:53",
        "Msg Processed": "17/10/2019 05:38:53",
        "XML ID": "363",
        "Total Lag": "0.486985",
        "Create Lag": "0.2991681",
        "Process Lag": "0.1878169"
      },
      {
        "Direction": "Inbound",
        "Destination": "The Point",
        "Time": "00:07:43",
        "AVLS": "00:08:23",
        "Tram": "3018",
        "Action": "a",
        "Msg Sent": "17/10/2019 05:38:53",
        "Msg Received": "17/10/2019 05:38:53",
        "Msg Processed": "17/10/2019 05:38:53",
        "XML ID": "363",
        "Total Lag": "0.4085419",
        "Create Lag": "0.2991681",
        "Process Lag": "0.1093738"
      }
    ]
  },
  {
    "stopID": "26",
    "stopQueryTime": 1571287140857,
    "count": 1,
    "results": [
      {
        "Direction": "Inbound",
        "Destination": "Broombridge",
        "Time": "00:07:46",
        "AVLS": "00:08:26",
        "Tram": "3020",
        "Action": "a",
        "Msg Sent": "17/10/2019 05:38:53",
        "Msg Received": "17/10/2019 05:38:53",
        "Msg Processed": "17/10/2019 05:38:53",
        "XML ID": "363",
        "Total Lag": "0.455414",
        "Create Lag": "0.2991681",
        "Process Lag": "0.1562459"
      }
    ]
  },
  {
    "stopID": "21",
    "stopQueryTime": 1571287140876,
    "count": 1,
    "results": [
      {
        "Direction": "Outbound",
        "Destination": "Tallaght",
        "Time": "00:00:00",
        "AVLS": "00:00:00",
        "Tram": "3013",
        "Action": "a",
        "Msg Sent": "17/10/2019 05:38:39",
        "Msg Received": "17/10/2019 05:38:39",
        "Msg Processed": "17/10/2019 05:38:39",
        "XML ID": "358",
        "Total Lag": "0.2030823",
        "Create Lag": "0.2030823",
        "Process Lag": "0"
      }
    ]
  },
  {
    "stopID": "25",
    "stopQueryTime": 1571287140879,
    "count": 2,
    "results": [
      {
        "Direction": "Inbound",
        "Destination": "Broombridge",
        "Time": "00:09:56",
        "AVLS": "00:10:36",
        "Tram": "3020",
        "Action": "a",
        "Msg Sent": "17/10/2019 05:38:53",
        "Msg Received": "17/10/2019 05:38:53",
        "Msg Processed": "17/10/2019 05:38:53",
        "XML ID": "363",
        "Total Lag": "0.455414",
        "Create Lag": "0.2991681",
        "Process Lag": "0.1562459"
      },
      {
        "Direction": "Outbound",
        "Destination": "Bride's Glen",
        "Time": "00:16:59",
        "AVLS": "00:17:39",
        "Tram": "5029",
        "Action": "a",
        "Msg Sent": "17/10/2019 05:38:56",
        "Msg Received": "17/10/2019 05:38:56",
        "Msg Processed": "17/10/2019 05:38:56",
        "XML ID": "364",
        "Total Lag": "0.6741605",
        "Create Lag": "0.6116591",
        "Process Lag": "0.0625014"
      }
    ]
  },
  {
    "stopID": "1",
    "stopQueryTime": 1571287140882,
    "count": 2,
    "results": [
      {
        "Direction": "Inbound",
        "Destination": "The Point",
        "Time": "00:10:27",
        "AVLS": "00:11:07",
        "Tram": "4004",
        "Action": "d",
        "Msg Sent": "17/10/2019 05:38:53",
        "Msg Received": "17/10/2019 05:38:53",
        "Msg Processed": "17/10/2019 05:38:53",
        "XML ID": "363",
        "Total Lag": "0.5335414",
        "Create Lag": "0.2991681",
        "Process Lag": "0.2343733"
      },
      {
        "Direction": "Terminating",
        "Destination": "Tallaght",
        "Time": "00:00:12",
        "AVLS": "00:00:52",
        "Tram": "4004",
        "Action": "a",
        "Msg Sent": "17/10/2019 05:38:53",
        "Msg Received": "17/10/2019 05:38:53",
        "Msg Processed": "17/10/2019 05:38:53",
        "XML ID": "363",
        "Total Lag": "0.5179162",
        "Create Lag": "0.2991681",
        "Process Lag": "0.2187481"
      }
    ]
  },
  {
    "stopID": "6",
    "stopQueryTime": 1571287140898,
    "count": 1,
    "results": [
      {
        "Direction": "Inbound",
        "Destination": "The Point",
        "Time": "00:02:15",
        "AVLS": "00:02:55",
        "Tram": "3018",
        "Action": "a",
        "Msg Sent": "17/10/2019 05:38:53",
        "Msg Received": "17/10/2019 05:38:53",
        "Msg Processed": "17/10/2019 05:38:53",
        "XML ID": "363",
        "Total Lag": "0.4085419",
        "Create Lag": "0.2991681",
        "Process Lag": "0.1093738"
      }
    ]
  },
  {
    "stopID": "3",
    "stopQueryTime": 1571287140924,
    "count": 1,
    "results": [
      {
        "Direction": "Inbound",
        "Destination": "The Point",
        "Time": "00:13:22",
        "AVLS": "00:14:02",
        "Tram": "4004",
        "Action": "a",
        "Msg Sent": "17/10/2019 05:38:53",
        "Msg Received": "17/10/2019 05:38:53",
        "Msg Processed": "17/10/2019 05:38:53",
        "XML ID": "363",
        "Total Lag": "0.5335414",
        "Create Lag": "0.2991681",
        "Process Lag": "0.2343733"
      }
    ]
  },
  {
    "stopID": "29",
    "stopQueryTime": 1571287140937,
    "count": 1,
    "results": [
      {
        "Direction": "Inbound",
        "Destination": "Broombridge",
        "Time": "00:03:25",
        "AVLS": "00:04:05",
        "Tram": "3020",
        "Action": "a",
        "Msg Sent": "17/10/2019 05:38:53",
        "Msg Received": "17/10/2019 05:38:53",
        "Msg Processed": "17/10/2019 05:38:53",
        "XML ID": "363",
        "Total Lag": "0.455414",
        "Create Lag": "0.2991681",
        "Process Lag": "0.1562459"
      }
    ]
  },
  {
    "stopID": "9",
    "stopQueryTime": 1571287140947,
    "count": 3,
    "results": [
      {
        "Direction": "Inbound",
        "Destination": "The Point",
        "Time": "00:02:48",
        "AVLS": "00:03:28",
        "Tram": "4003",
        "Action": "a",
        "Msg Sent": "17/10/2019 05:38:53",
        "Msg Received": "17/10/2019 05:38:53",
        "Msg Processed": "17/10/2019 05:38:53",
        "XML ID": "363",
        "Total Lag": "0.5022917",
        "Create Lag": "0.2991681",
        "Process Lag": "0.2031236"
      },
      {
        "Direction": "Inbound",
        "Destination": "The Point",
        "Time": "00:09:45",
        "AVLS": "00:10:25",
        "Tram": "3018",
        "Action": "a",
        "Msg Sent": "17/10/2019 05:38:53",
        "Msg Received": "17/10/2019 05:38:53",
        "Msg Processed": "17/10/2019 05:38:53",
        "XML ID": "363",
        "Total Lag": "0.4085419",
        "Create Lag": "0.2991681",
        "Process Lag": "0.1093738"
      },
      {
        "Direction": "Outbound",
        "Destination": "Tallaght",
        "Time": "00:19:13",
        "AVLS": "00:19:53",
        "Tram": "3013",
        "Action": "a",
        "Msg Sent": "17/10/2019 05:38:53",
        "Msg Received": "17/10/2019 05:38:53",
        "Msg Processed": "17/10/2019 05:38:53",
        "XML ID": "363",
        "Total Lag": "0.4085419",
        "Create Lag": "0.2991681",
        "Process Lag": "0.1093738"
      }
    ]
  },
  {
    "stopID": "24",
    "stopQueryTime": 1571287140950,
    "count": 2,
    "results": [
      {
        "Direction": "Inbound",
        "Destination": "Broombridge",
        "Time": "00:12:54",
        "AVLS": "00:13:34",
        "Tram": "3020",
        "Action": "a",
        "Msg Sent": "17/10/2019 05:38:53",
        "Msg Received": "17/10/2019 05:38:53",
        "Msg Processed": "17/10/2019 05:38:53",
        "XML ID": "363",
        "Total Lag": "0.4710445",
        "Create Lag": "0.2991681",
        "Process Lag": "0.1718764"
      },
      {
        "Direction": "Outbound",
        "Destination": "Bride's Glen",
        "Time": "00:15:01",
        "AVLS": "00:15:41",
        "Tram": "5029",
        "Action": "a",
        "Msg Sent": "17/10/2019 05:38:56",
        "Msg Received": "17/10/2019 05:38:56",
        "Msg Processed": "17/10/2019 05:38:56",
        "XML ID": "364",
        "Total Lag": "0.6741605",
        "Create Lag": "0.6116591",
        "Process Lag": "0.0625014"
      }
    ]
  },
  {
    "stopID": "58",
    "stopQueryTime": 1571287140957,
    "count": 0,
    "results": []
  },
  {
    "stopID": "10",
    "stopQueryTime": 1571287140959,
    "count": 3,
    "results": [
      {
        "Direction": "Inbound",
        "Destination": "The Point",
        "Time": "00:03:58",
        "AVLS": "00:04:38",
        "Tram": "4003",
        "Action": "a",
        "Msg Sent": "17/10/2019 05:38:53",
        "Msg Received": "17/10/2019 05:38:53",
        "Msg Processed": "17/10/2019 05:38:53",
        "XML ID": "363",
        "Total Lag": "0.5022917",
        "Create Lag": "0.2991681",
        "Process Lag": "0.2031236"
      },
      {
        "Direction": "Inbound",
        "Destination": "The Point",
        "Time": "00:10:55",
        "AVLS": "00:11:35",
        "Tram": "3018",
        "Action": "a",
        "Msg Sent": "17/10/2019 05:38:53",
        "Msg Received": "17/10/2019 05:38:53",
        "Msg Processed": "17/10/2019 05:38:53",
        "XML ID": "363",
        "Total Lag": "0.4085419",
        "Create Lag": "0.2991681",
        "Process Lag": "0.1093738"
      },
      {
        "Direction": "Outbound",
        "Destination": "Tallaght",
        "Time": "00:17:57",
        "AVLS": "00:18:37",
        "Tram": "3013",
        "Action": "a",
        "Msg Sent": "17/10/2019 05:38:53",
        "Msg Received": "17/10/2019 05:38:53",
        "Msg Processed": "17/10/2019 05:38:53",
        "XML ID": "363",
        "Total Lag": "0.392917",
        "Create Lag": "0.2991681",
        "Process Lag": "0.0937489"
      }
    ]
  },
  {
    "stopID": "5",
    "stopQueryTime": 1571287140971,
    "count": 3,
    "results": [
      {
        "Direction": "Inbound",
        "Destination": "The Point",
        "Time": "00:00:00",
        "AVLS": "00:00:00",
        "Tram": "3018",
        "Action": "a",
        "Msg Sent": "17/10/2019 05:38:42",
        "Msg Received": "17/10/2019 05:38:42",
        "Msg Processed": "17/10/2019 05:38:42",
        "XML ID": "359",
        "Total Lag": "0.2030824",
        "Create Lag": "0.2030824",
        "Process Lag": "0"
      },
      {
        "Direction": "Inbound",
        "Destination": "The Point",
        "Time": "00:18:20",
        "AVLS": "00:19:00",
        "Tram": "4004",
        "Action": "a",
        "Msg Sent": "17/10/2019 05:38:53",
        "Msg Received": "17/10/2019 05:38:53",
        "Msg Processed": "17/10/2019 05:38:53",
        "XML ID": "363",
        "Total Lag": "0.5335414",
        "Create Lag": "0.2991681",
        "Process Lag": "0.2343733"
      },
      {
        "Direction": "Outbound",
        "Destination": "Saggart",
        "Time": "00:05:27",
        "AVLS": "00:06:07",
        "Tram": "3009",
        "Action": "d",
        "Msg Sent": "17/10/2019 05:38:53",
        "Msg Received": "17/10/2019 05:38:53",
        "Msg Processed": "17/10/2019 05:38:53",
        "XML ID": "363",
        "Total Lag": "0.2991681",
        "Create Lag": "0.2991681",
        "Process Lag": "0"
      }
    ]
  },
  {
    "stopID": "22",
    "stopQueryTime": 1571287140976,
    "count": 1,
    "results": [
      {
        "Direction": "Outbound",
        "Destination": "Tallaght",
        "Time": "00:16:59",
        "AVLS": "00:17:39",
        "Tram": "3019",
        "Action": "a",
        "Msg Sent": "17/10/2019 05:38:53",
        "Msg Received": "17/10/2019 05:38:53",
        "Msg Processed": "17/10/2019 05:38:53",
        "XML ID": "363",
        "Total Lag": "0.4397912",
        "Create Lag": "0.2991681",
        "Process Lag": "0.1406231"
      }
    ]
  },
  {
    "stopID": "57",
    "stopQueryTime": 1571287140983,
    "count": 1,
    "results": [
      {
        "Direction": "Outbound",
        "Destination": "Tallaght",
        "Time": "00:10:57",
        "AVLS": "00:11:37",
        "Tram": "3019",
        "Action": "d",
        "Msg Sent": "17/10/2019 05:38:53",
        "Msg Received": "17/10/2019 05:38:53",
        "Msg Processed": "17/10/2019 05:38:53",
        "XML ID": "363",
        "Total Lag": "0.4397912",
        "Create Lag": "0.2991681",
        "Process Lag": "0.1406231"
      }
    ]
  },
  {
    "stopID": "36",
    "stopQueryTime": 1571287140987,
    "count": 3,
    "results": [
      {
        "Direction": "Inbound",
        "Destination": "Broombridge",
        "Time": "00:08:05",
        "AVLS": "00:08:45",
        "Tram": "5011",
        "Action": "a",
        "Msg Sent": "17/10/2019 05:38:53",
        "Msg Received": "17/10/2019 05:38:53",
        "Msg Processed": "17/10/2019 05:38:53",
        "XML ID": "363",
        "Total Lag": "0.5804173",
        "Create Lag": "0.2991681",
        "Process Lag": "0.2812492"
      },
      {
        "Direction": "Outbound",
        "Destination": "Bride's Glen",
        "Time": "00:06:27",
        "AVLS": "00:07:07",
        "Tram": "5002",
        "Action": "d",
        "Msg Sent": "17/10/2019 05:38:53",
        "Msg Received": "17/10/2019 05:38:53",
        "Msg Processed": "17/10/2019 05:38:53",
        "XML ID": "363",
        "Total Lag": "0.330428",
        "Create Lag": "0.2991681",
        "Process Lag": "0.0312599"
      },
      {
        "Direction": "Outbound",
        "Destination": "Bride's Glen",
        "Time": "00:10:13",
        "AVLS": "00:10:53",
        "Tram": "5021",
        "Action": "a",
        "Msg Sent": "17/10/2019 05:38:56",
        "Msg Received": "17/10/2019 05:38:56",
        "Msg Processed": "17/10/2019 05:38:56",
        "XML ID": "364",
        "Total Lag": "0.6429102",
        "Create Lag": "0.6116591",
        "Process Lag": "0.0312511"
      }
    ]
  },
  {
    "stopID": "18",
    "stopQueryTime": 1571287141004,
    "count": 2,
    "results": [
      {
        "Direction": "Inbound",
        "Destination": "The Point",
        "Time": "00:16:33",
        "AVLS": "00:17:13",
        "Tram": "4003",
        "Action": "a",
        "Msg Sent": "17/10/2019 05:38:53",
        "Msg Received": "17/10/2019 05:38:53",
        "Msg Processed": "17/10/2019 05:38:53",
        "XML ID": "363",
        "Total Lag": "0.5179162",
        "Create Lag": "0.2991681",
        "Process Lag": "0.2187481"
      },
      {
        "Direction": "Outbound",
        "Destination": "Tallaght",
        "Time": "00:04:18",
        "AVLS": "00:04:58",
        "Tram": "3013",
        "Action": "a",
        "Msg Sent": "17/10/2019 05:38:53",
        "Msg Received": "17/10/2019 05:38:53",
        "Msg Processed": "17/10/2019 05:38:53",
        "XML ID": "363",
        "Total Lag": "0.3616664",
        "Create Lag": "0.2991681",
        "Process Lag": "0.0624983"
      }
    ]
  },
  {
    "stopID": "17",
    "stopQueryTime": 1571287141013,
    "count": 2,
    "results": [
      {
        "Direction": "Inbound",
        "Destination": "The Point",
        "Time": "00:14:29",
        "AVLS": "00:15:09",
        "Tram": "4003",
        "Action": "a",
        "Msg Sent": "17/10/2019 05:38:53",
        "Msg Received": "17/10/2019 05:38:53",
        "Msg Processed": "17/10/2019 05:38:53",
        "XML ID": "363",
        "Total Lag": "0.5179162",
        "Create Lag": "0.2991681",
        "Process Lag": "0.2187481"
      },
      {
        "Direction": "Outbound",
        "Destination": "Tallaght",
        "Time": "00:06:17",
        "AVLS": "00:06:57",
        "Tram": "3013",
        "Action": "a",
        "Msg Sent": "17/10/2019 05:38:53",
        "Msg Received": "17/10/2019 05:38:53",
        "Msg Processed": "17/10/2019 05:38:53",
        "XML ID": "363",
        "Total Lag": "0.3772929",
        "Create Lag": "0.2991681",
        "Process Lag": "0.0781248"
      }
    ]
  },
  {
    "stopID": "16",
    "stopQueryTime": 1571287141016,
    "count": 3,
    "results": [
      {
        "Direction": "Inbound",
        "Destination": "The Point",
        "Time": "00:12:18",
        "AVLS": "00:12:58",
        "Tram": "4003",
        "Action": "a",
        "Msg Sent": "17/10/2019 05:38:53",
        "Msg Received": "17/10/2019 05:38:53",
        "Msg Processed": "17/10/2019 05:38:53",
        "XML ID": "363",
        "Total Lag": "0.5179162",
        "Create Lag": "0.2991681",
        "Process Lag": "0.2187481"
      },
      {
        "Direction": "Inbound",
        "Destination": "The Point",
        "Time": "00:19:15",
        "AVLS": "00:19:55",
        "Tram": "3018",
        "Action": "a",
        "Msg Sent": "17/10/2019 05:38:53",
        "Msg Received": "17/10/2019 05:38:53",
        "Msg Processed": "17/10/2019 05:38:53",
        "XML ID": "363",
        "Total Lag": "0.4397912",
        "Create Lag": "0.2991681",
        "Process Lag": "0.1406231"
      },
      {
        "Direction": "Outbound",
        "Destination": "Tallaght",
        "Time": "00:08:05",
        "AVLS": "00:08:45",
        "Tram": "3013",
        "Action": "a",
        "Msg Sent": "17/10/2019 05:38:53",
        "Msg Received": "17/10/2019 05:38:53",
        "Msg Processed": "17/10/2019 05:38:53",
        "XML ID": "363",
        "Total Lag": "0.3772929",
        "Create Lag": "0.2991681",
        "Process Lag": "0.0781248"
      }
    ]
  },
  {
    "stopID": "27",
    "stopQueryTime": 1571287141022,
    "count": 1,
    "results": [
      {
        "Direction": "Inbound",
        "Destination": "Broombridge",
        "Time": "00:06:25",
        "AVLS": "00:07:05",
        "Tram": "3020",
        "Action": "a",
        "Msg Sent": "17/10/2019 05:38:53",
        "Msg Received": "17/10/2019 05:38:53",
        "Msg Processed": "17/10/2019 05:38:53",
        "XML ID": "363",
        "Total Lag": "0.455414",
        "Create Lag": "0.2991681",
        "Process Lag": "0.1562459"
      }
    ]
  },
  {
    "stopID": "35",
    "stopQueryTime": 1571287141025,
    "count": 2,
    "results": [
      {
        "Direction": "Inbound",
        "Destination": "Broombridge",
        "Time": "00:09:40",
        "AVLS": "00:10:20",
        "Tram": "5011",
        "Action": "a",
        "Msg Sent": "17/10/2019 05:38:53",
        "Msg Received": "17/10/2019 05:38:53",
        "Msg Processed": "17/10/2019 05:38:53",
        "XML ID": "363",
        "Total Lag": "0.5804173",
        "Create Lag": "0.2991681",
        "Process Lag": "0.2812492"
      },
      {
        "Direction": "Outbound",
        "Destination": "Bride's Glen",
        "Time": "00:08:52",
        "AVLS": "00:09:32",
        "Tram": "5021",
        "Action": "a",
        "Msg Sent": "17/10/2019 05:38:56",
        "Msg Received": "17/10/2019 05:38:56",
        "Msg Processed": "17/10/2019 05:38:56",
        "XML ID": "364",
        "Total Lag": "0.6272823",
        "Create Lag": "0.6116591",
        "Process Lag": "0.0156232"
      }
    ]
  },
  {
    "stopID": "15",
    "stopQueryTime": 1571287141028,
    "count": 3,
    "results": [
      {
        "Direction": "Inbound",
        "Destination": "The Point",
        "Time": "00:09:53",
        "AVLS": "00:10:33",
        "Tram": "4003",
        "Action": "a",
        "Msg Sent": "17/10/2019 05:38:53",
        "Msg Received": "17/10/2019 05:38:53",
        "Msg Processed": "17/10/2019 05:38:53",
        "XML ID": "363",
        "Total Lag": "0.5022917",
        "Create Lag": "0.2991681",
        "Process Lag": "0.2031236"
      },
      {
        "Direction": "Inbound",
        "Destination": "The Point",
        "Time": "00:16:50",
        "AVLS": "00:17:30",
        "Tram": "3018",
        "Action": "a",
        "Msg Sent": "17/10/2019 05:38:53",
        "Msg Received": "17/10/2019 05:38:53",
        "Msg Processed": "17/10/2019 05:38:53",
        "XML ID": "363",
        "Total Lag": "0.4241676",
        "Create Lag": "0.2991681",
        "Process Lag": "0.1249995"
      },
      {
        "Direction": "Outbound",
        "Destination": "Tallaght",
        "Time": "00:11:16",
        "AVLS": "00:11:56",
        "Tram": "3013",
        "Action": "a",
        "Msg Sent": "17/10/2019 05:38:53",
        "Msg Received": "17/10/2019 05:38:53",
        "Msg Processed": "17/10/2019 05:38:53",
        "XML ID": "363",
        "Total Lag": "0.392917",
        "Create Lag": "0.2991681",
        "Process Lag": "0.0937489"
      }
    ]
  },
  {
    "stopID": "45",
    "stopQueryTime": 1571287141031,
    "count": 2,
    "results": [
      {
        "Direction": "Inbound",
        "Destination": "Broombridge",
        "Time": "00:14:58",
        "AVLS": "00:15:38",
        "Tram": "5006",
        "Action": "a",
        "Msg Sent": "17/10/2019 05:38:53",
        "Msg Received": "17/10/2019 05:38:53",
        "Msg Processed": "17/10/2019 05:38:53",
        "XML ID": "363",
        "Total Lag": "0.5491686",
        "Create Lag": "0.2991681",
        "Process Lag": "0.2500005"
      },
      {
        "Direction": "Outbound",
        "Destination": "Bride's Glen",
        "Time": "00:00:28",
        "AVLS": "00:01:08",
        "Tram": "5006",
        "Action": "a",
        "Msg Sent": "17/10/2019 05:38:53",
        "Msg Received": "17/10/2019 05:38:53",
        "Msg Processed": "17/10/2019 05:38:53",
        "XML ID": "363",
        "Total Lag": "0.5335414",
        "Create Lag": "0.2991681",
        "Process Lag": "0.2343733"
      }
    ]
  },
  {
    "stopID": "42",
    "stopQueryTime": 1571287141035,
    "count": 2,
    "results": [
      {
        "Direction": "Inbound",
        "Destination": "Broombridge",
        "Time": "00:19:07",
        "AVLS": "00:19:47",
        "Tram": "5006",
        "Action": "a",
        "Msg Sent": "17/10/2019 05:38:53",
        "Msg Received": "17/10/2019 05:38:53",
        "Msg Processed": "17/10/2019 05:38:53",
        "XML ID": "363",
        "Total Lag": "0.564793",
        "Create Lag": "0.2991681",
        "Process Lag": "0.2656249"
      },
      {
        "Direction": "Outbound",
        "Destination": "Bride's Glen",
        "Time": "00:15:49",
        "AVLS": "00:16:29",
        "Tram": "5002",
        "Action": "a",
        "Msg Sent": "17/10/2019 05:38:53",
        "Msg Received": "17/10/2019 05:38:53",
        "Msg Processed": "17/10/2019 05:38:53",
        "XML ID": "363",
        "Total Lag": "0.3460385",
        "Create Lag": "0.2991681",
        "Process Lag": "0.0468704"
      }
    ]
  },
  {
    "stopID": "14",
    "stopQueryTime": 1571287141038,
    "count": 3,
    "results": [
      {
        "Direction": "Inbound",
        "Destination": "The Point",
        "Time": "00:08:15",
        "AVLS": "00:08:55",
        "Tram": "4003",
        "Action": "a",
        "Msg Sent": "17/10/2019 05:38:53",
        "Msg Received": "17/10/2019 05:38:53",
        "Msg Processed": "17/10/2019 05:38:53",
        "XML ID": "363",
        "Total Lag": "0.5022917",
        "Create Lag": "0.2991681",
        "Process Lag": "0.2031236"
      },
      {
        "Direction": "Inbound",
        "Destination": "The Point",
        "Time": "00:15:12",
        "AVLS": "00:15:52",
        "Tram": "3018",
        "Action": "a",
        "Msg Sent": "17/10/2019 05:38:53",
        "Msg Received": "17/10/2019 05:38:53",
        "Msg Processed": "17/10/2019 05:38:53",
        "XML ID": "363",
        "Total Lag": "0.4241676",
        "Create Lag": "0.2991681",
        "Process Lag": "0.1249995"
      },
      {
        "Direction": "Outbound",
        "Destination": "Tallaght",
        "Time": "00:13:15",
        "AVLS": "00:13:55",
        "Tram": "3013",
        "Action": "a",
        "Msg Sent": "17/10/2019 05:38:53",
        "Msg Received": "17/10/2019 05:38:53",
        "Msg Processed": "17/10/2019 05:38:53",
        "XML ID": "363",
        "Total Lag": "0.392917",
        "Create Lag": "0.2991681",
        "Process Lag": "0.0937489"
      }
    ]
  },
  {
    "stopID": "55",
    "stopQueryTime": 1571287141042,
    "count": 1,
    "results": [
      {
        "Direction": "Outbound",
        "Destination": "Tallaght",
        "Time": "00:13:35",
        "AVLS": "00:14:15",
        "Tram": "3019",
        "Action": "a",
        "Msg Sent": "17/10/2019 05:38:53",
        "Msg Received": "17/10/2019 05:38:53",
        "Msg Processed": "17/10/2019 05:38:53",
        "XML ID": "363",
        "Total Lag": "0.4397912",
        "Create Lag": "0.2991681",
        "Process Lag": "0.1406231"
      }
    ]
  },
  {
    "stopID": "11",
    "stopQueryTime": 1571287141045,
    "count": 3,
    "results": [
      {
        "Direction": "Inbound",
        "Destination": "The Point",
        "Time": "00:04:50",
        "AVLS": "00:05:30",
        "Tram": "4003",
        "Action": "a",
        "Msg Sent": "17/10/2019 05:38:53",
        "Msg Received": "17/10/2019 05:38:53",
        "Msg Processed": "17/10/2019 05:38:53",
        "XML ID": "363",
        "Total Lag": "0.5022917",
        "Create Lag": "0.2991681",
        "Process Lag": "0.2031236"
      },
      {
        "Direction": "Inbound",
        "Destination": "The Point",
        "Time": "00:11:47",
        "AVLS": "00:12:27",
        "Tram": "3018",
        "Action": "a",
        "Msg Sent": "17/10/2019 05:38:53",
        "Msg Received": "17/10/2019 05:38:53",
        "Msg Processed": "17/10/2019 05:38:53",
        "XML ID": "363",
        "Total Lag": "0.4085419",
        "Create Lag": "0.2991681",
        "Process Lag": "0.1093738"
      },
      {
        "Direction": "Outbound",
        "Destination": "Tallaght",
        "Time": "00:17:01",
        "AVLS": "00:17:41",
        "Tram": "3013",
        "Action": "a",
        "Msg Sent": "17/10/2019 05:38:53",
        "Msg Received": "17/10/2019 05:38:53",
        "Msg Processed": "17/10/2019 05:38:53",
        "XML ID": "363",
        "Total Lag": "0.392917",
        "Create Lag": "0.2991681",
        "Process Lag": "0.0937489"
      }
    ]
  },
  {
    "stopID": "13",
    "stopQueryTime": 1571287141047,
    "count": 3,
    "results": [
      {
        "Direction": "Inbound",
        "Destination": "The Point",
        "Time": "00:07:22",
        "AVLS": "00:08:02",
        "Tram": "4003",
        "Action": "a",
        "Msg Sent": "17/10/2019 05:38:53",
        "Msg Received": "17/10/2019 05:38:53",
        "Msg Processed": "17/10/2019 05:38:53",
        "XML ID": "363",
        "Total Lag": "0.5022917",
        "Create Lag": "0.2991681",
        "Process Lag": "0.2031236"
      },
      {
        "Direction": "Inbound",
        "Destination": "The Point",
        "Time": "00:14:19",
        "AVLS": "00:14:59",
        "Tram": "3018",
        "Action": "a",
        "Msg Sent": "17/10/2019 05:38:53",
        "Msg Received": "17/10/2019 05:38:53",
        "Msg Processed": "17/10/2019 05:38:53",
        "XML ID": "363",
        "Total Lag": "0.4241676",
        "Create Lag": "0.2991681",
        "Process Lag": "0.1249995"
      },
      {
        "Direction": "Outbound",
        "Destination": "Tallaght",
        "Time": "00:14:15",
        "AVLS": "00:14:55",
        "Tram": "3013",
        "Action": "a",
        "Msg Sent": "17/10/2019 05:38:53",
        "Msg Received": "17/10/2019 05:38:53",
        "Msg Processed": "17/10/2019 05:38:53",
        "XML ID": "363",
        "Total Lag": "0.392917",
        "Create Lag": "0.2991681",
        "Process Lag": "0.0937489"
      }
    ]
  },
  {
    "stopID": "49",
    "stopQueryTime": 1571287141052,
    "count": 2,
    "results": [
      {
        "Direction": "Inbound",
        "Destination": "Belgard",
        "Time": "00:09:33",
        "AVLS": "00:10:13",
        "Tram": "3026",
        "Action": "a",
        "Msg Sent": "17/10/2019 05:38:53",
        "Msg Received": "17/10/2019 05:38:53",
        "Msg Processed": "17/10/2019 05:38:53",
        "XML ID": "363",
        "Total Lag": "0.486985",
        "Create Lag": "0.2991681",
        "Process Lag": "0.1878169"
      },
      {
        "Direction": "Outbound",
        "Destination": "Saggart",
        "Time": "00:10:52",
        "AVLS": "00:11:32",
        "Tram": "3009",
        "Action": "a",
        "Msg Sent": "17/10/2019 05:38:53",
        "Msg Received": "17/10/2019 05:38:53",
        "Msg Processed": "17/10/2019 05:38:53",
        "XML ID": "363",
        "Total Lag": "0.3147913",
        "Create Lag": "0.2991681",
        "Process Lag": "0.0156232"
      }
    ]
  },
  {
    "stopID": "19",
    "stopQueryTime": 1571287141057,
    "count": 2,
    "results": [
      {
        "Direction": "Inbound",
        "Destination": "The Point",
        "Time": "00:17:49",
        "AVLS": "00:18:29",
        "Tram": "4003",
        "Action": "a",
        "Msg Sent": "17/10/2019 05:38:53",
        "Msg Received": "17/10/2019 05:38:53",
        "Msg Processed": "17/10/2019 05:38:53",
        "XML ID": "363",
        "Total Lag": "0.5179162",
        "Create Lag": "0.2991681",
        "Process Lag": "0.2187481"
      },
      {
        "Direction": "Outbound",
        "Destination": "Tallaght",
        "Time": "00:03:13",
        "AVLS": "00:03:53",
        "Tram": "3013",
        "Action": "a",
        "Msg Sent": "17/10/2019 05:38:53",
        "Msg Received": "17/10/2019 05:38:53",
        "Msg Processed": "17/10/2019 05:38:53",
        "XML ID": "363",
        "Total Lag": "0.3616664",
        "Create Lag": "0.2991681",
        "Process Lag": "0.0624983"
      }
    ]
  },
  {
    "stopID": "53",
    "stopQueryTime": 1571287141062,
    "count": 2,
    "results": [
      {
        "Direction": "Inbound",
        "Destination": "Belgard",
        "Time": "00:02:27",
        "AVLS": "00:03:07",
        "Tram": "3026",
        "Action": "d",
        "Msg Sent": "17/10/2019 05:38:53",
        "Msg Received": "17/10/2019 05:38:53",
        "Msg Processed": "17/10/2019 05:38:53",
        "XML ID": "363",
        "Total Lag": "0.4710445",
        "Create Lag": "0.2991681",
        "Process Lag": "0.1718764"
      },
      {
        "Direction": "Terminating",
        "Destination": "Saggart",
        "Time": "00:17:27",
        "AVLS": "00:18:07",
        "Tram": "3009",
        "Action": "a",
        "Msg Sent": "17/10/2019 05:38:53",
        "Msg Received": "17/10/2019 05:38:53",
        "Msg Processed": "17/10/2019 05:38:53",
        "XML ID": "363",
        "Total Lag": "0.330428",
        "Create Lag": "0.2991681",
        "Process Lag": "0.0312599"
      }
    ]
  },
  {
    "stopID": "12",
    "stopQueryTime": 1571287141066,
    "count": 3,
    "results": [
      {
        "Direction": "Inbound",
        "Destination": "The Point",
        "Time": "00:05:49",
        "AVLS": "00:06:29",
        "Tram": "4003",
        "Action": "a",
        "Msg Sent": "17/10/2019 05:38:53",
        "Msg Received": "17/10/2019 05:38:53",
        "Msg Processed": "17/10/2019 05:38:53",
        "XML ID": "363",
        "Total Lag": "0.5022917",
        "Create Lag": "0.2991681",
        "Process Lag": "0.2031236"
      },
      {
        "Direction": "Inbound",
        "Destination": "The Point",
        "Time": "00:12:46",
        "AVLS": "00:13:26",
        "Tram": "3018",
        "Action": "a",
        "Msg Sent": "17/10/2019 05:38:53",
        "Msg Received": "17/10/2019 05:38:53",
        "Msg Processed": "17/10/2019 05:38:53",
        "XML ID": "363",
        "Total Lag": "0.4241676",
        "Create Lag": "0.2991681",
        "Process Lag": "0.1249995"
      },
      {
        "Direction": "Outbound",
        "Destination": "Tallaght",
        "Time": "00:15:56",
        "AVLS": "00:16:36",
        "Tram": "3013",
        "Action": "a",
        "Msg Sent": "17/10/2019 05:38:53",
        "Msg Received": "17/10/2019 05:38:53",
        "Msg Processed": "17/10/2019 05:38:53",
        "XML ID": "363",
        "Total Lag": "0.392917",
        "Create Lag": "0.2991681",
        "Process Lag": "0.0937489"
      }
    ]
  },
  {
    "stopID": "47",
    "stopQueryTime": 1571287141068,
    "count": 2,
    "results": [
      {
        "Direction": "Inbound",
        "Destination": "Broombridge",
        "Time": "00:11:35",
        "AVLS": "00:12:15",
        "Tram": "5006",
        "Action": "a",
        "Msg Sent": "17/10/2019 05:38:53",
        "Msg Received": "17/10/2019 05:38:53",
        "Msg Processed": "17/10/2019 05:38:53",
        "XML ID": "363",
        "Total Lag": "0.5491686",
        "Create Lag": "0.2991681",
        "Process Lag": "0.2500005"
      },
      {
        "Direction": "Outbound",
        "Destination": "Bride's Glen",
        "Time": "00:03:48",
        "AVLS": "00:04:28",
        "Tram": "5006",
        "Action": "a",
        "Msg Sent": "17/10/2019 05:38:53",
        "Msg Received": "17/10/2019 05:38:53",
        "Msg Processed": "17/10/2019 05:38:53",
        "XML ID": "363",
        "Total Lag": "0.5491686",
        "Create Lag": "0.2991681",
        "Process Lag": "0.2500005"
      }
    ]
  },
  {
    "stopID": "7",
    "stopQueryTime": 1571287141073,
    "count": 2,
    "results": [
      {
        "Direction": "Inbound",
        "Destination": "The Point",
        "Time": "00:00:00",
        "AVLS": "00:00:00",
        "Tram": "4003",
        "Action": "a",
        "Msg Sent": "17/10/2019 05:38:53",
        "Msg Received": "17/10/2019 05:38:53",
        "Msg Processed": "17/10/2019 05:38:53",
        "XML ID": "363",
        "Total Lag": "0.486985",
        "Create Lag": "0.2991681",
        "Process Lag": "0.1878169"
      },
      {
        "Direction": "Inbound",
        "Destination": "The Point",
        "Time": "00:06:17",
        "AVLS": "00:06:57",
        "Tram": "3018",
        "Action": "a",
        "Msg Sent": "17/10/2019 05:38:53",
        "Msg Received": "17/10/2019 05:38:53",
        "Msg Processed": "17/10/2019 05:38:53",
        "XML ID": "363",
        "Total Lag": "0.4085419",
        "Create Lag": "0.2991681",
        "Process Lag": "0.1093738"
      }
    ]
  },
  {
    "stopID": "28",
    "stopQueryTime": 1571287141076,
    "count": 1,
    "results": [
      {
        "Direction": "Inbound",
        "Destination": "Broombridge",
        "Time": "00:04:54",
        "AVLS": "00:05:34",
        "Tram": "3020",
        "Action": "a",
        "Msg Sent": "17/10/2019 05:38:53",
        "Msg Received": "17/10/2019 05:38:53",
        "Msg Processed": "17/10/2019 05:38:53",
        "XML ID": "363",
        "Total Lag": "0.455414",
        "Create Lag": "0.2991681",
        "Process Lag": "0.1562459"
      }
    ]
  },
  {
    "stopID": "34",
    "stopQueryTime": 1571287141077,
    "count": 2,
    "results": [
      {
        "Direction": "Inbound",
        "Destination": "Broombridge",
        "Time": "00:11:40",
        "AVLS": "00:12:20",
        "Tram": "5011",
        "Action": "a",
        "Msg Sent": "17/10/2019 05:38:53",
        "Msg Received": "17/10/2019 05:38:53",
        "Msg Processed": "17/10/2019 05:38:53",
        "XML ID": "363",
        "Total Lag": "0.5960644",
        "Create Lag": "0.2991681",
        "Process Lag": "0.2968963"
      },
      {
        "Direction": "Outbound",
        "Destination": "Bride's Glen",
        "Time": "00:07:13",
        "AVLS": "00:07:53",
        "Tram": "5021",
        "Action": "a",
        "Msg Sent": "17/10/2019 05:38:56",
        "Msg Received": "17/10/2019 05:38:56",
        "Msg Processed": "17/10/2019 05:38:56",
        "XML ID": "364",
        "Total Lag": "0.6272823",
        "Create Lag": "0.6116591",
        "Process Lag": "0.0156232"
      }
    ]
  },
  {
    "stopID": "48",
    "stopQueryTime": 1571287141078,
    "count": 1,
    "results": [
      {
        "Direction": "Inbound",
        "Destination": "Broombridge",
        "Time": "00:10:27",
        "AVLS": "00:11:07",
        "Tram": "5006",
        "Action": "d",
        "Msg Sent": "17/10/2019 05:38:53",
        "Msg Received": "17/10/2019 05:38:53",
        "Msg Processed": "17/10/2019 05:38:53",
        "XML ID": "363",
        "Total Lag": "0.5491686",
        "Create Lag": "0.2991681",
        "Process Lag": "0.2500005"
      }
    ]
  },
  {
    "stopID": "38",
    "stopQueryTime": 1571287141082,
    "count": 3,
    "results": [
      {
        "Direction": "Inbound",
        "Destination": "Broombridge",
        "Time": "00:04:11",
        "AVLS": "00:04:51",
        "Tram": "5011",
        "Action": "a",
        "Msg Sent": "17/10/2019 05:38:53",
        "Msg Received": "17/10/2019 05:38:53",
        "Msg Processed": "17/10/2019 05:38:53",
        "XML ID": "363",
        "Total Lag": "0.5804173",
        "Create Lag": "0.2991681",
        "Process Lag": "0.2812492"
      },
      {
        "Direction": "Outbound",
        "Destination": "Bride's Glen",
        "Time": "00:10:28",
        "AVLS": "00:11:08",
        "Tram": "5002",
        "Action": "a",
        "Msg Sent": "17/10/2019 05:38:53",
        "Msg Received": "17/10/2019 05:38:53",
        "Msg Processed": "17/10/2019 05:38:53",
        "XML ID": "363",
        "Total Lag": "0.330428",
        "Create Lag": "0.2991681",
        "Process Lag": "0.0312599"
      },
      {
        "Direction": "Outbound",
        "Destination": "Bride's Glen",
        "Time": "00:14:14",
        "AVLS": "00:14:54",
        "Tram": "5021",
        "Action": "a",
        "Msg Sent": "17/10/2019 05:38:56",
        "Msg Received": "17/10/2019 05:38:56",
        "Msg Processed": "17/10/2019 05:38:56",
        "XML ID": "364",
        "Total Lag": "0.6429102",
        "Create Lag": "0.6116591",
        "Process Lag": "0.0312511"
      }
    ]
  },
  {
    "stopID": "56",
    "stopQueryTime": 1571287141086,
    "count": 1,
    "results": [
      {
        "Direction": "Outbound",
        "Destination": "Tallaght",
        "Time": "00:11:36",
        "AVLS": "00:12:16",
        "Tram": "3019",
        "Action": "a",
        "Msg Sent": "17/10/2019 05:38:53",
        "Msg Received": "17/10/2019 05:38:53",
        "Msg Processed": "17/10/2019 05:38:53",
        "XML ID": "363",
        "Total Lag": "0.4397912",
        "Create Lag": "0.2991681",
        "Process Lag": "0.1406231"
      }
    ]
  },
  {
    "stopID": "31",
    "stopQueryTime": 1571287141092,
    "count": 3,
    "results": [
      {
        "Direction": "Inbound",
        "Destination": "Broombridge",
        "Time": "00:00:00",
        "AVLS": "00:00:33",
        "Tram": "3020",
        "Action": "a",
        "Msg Sent": "17/10/2019 05:38:53",
        "Msg Received": "17/10/2019 05:38:53",
        "Msg Processed": "17/10/2019 05:38:53",
        "XML ID": "363",
        "Total Lag": "0.455414",
        "Create Lag": "0.2991681",
        "Process Lag": "0.1562459"
      },
      {
        "Direction": "Inbound",
        "Destination": "Broombridge",
        "Time": "00:17:04",
        "AVLS": "00:17:44",
        "Tram": "5011",
        "Action": "a",
        "Msg Sent": "17/10/2019 05:38:56",
        "Msg Received": "17/10/2019 05:38:56",
        "Msg Processed": "17/10/2019 05:38:56",
        "XML ID": "364",
        "Total Lag": "0.6116591",
        "Create Lag": "0.6116591",
        "Process Lag": "0"
      },
      {
        "Direction": "Outbound",
        "Destination": "Bride's Glen",
        "Time": "00:02:15",
        "AVLS": "00:02:55",
        "Tram": "5021",
        "Action": "a",
        "Msg Sent": "17/10/2019 05:38:56",
        "Msg Received": "17/10/2019 05:38:56",
        "Msg Processed": "17/10/2019 05:38:56",
        "XML ID": "364",
        "Total Lag": "0.6272823",
        "Create Lag": "0.6116591",
        "Process Lag": "0.0156232"
      }
    ]
  },
  {
    "stopID": "30",
    "stopQueryTime": 1571287141093,
    "count": 3,
    "results": [
      {
        "Direction": "Inbound",
        "Destination": "Broombridge",
        "Time": "00:01:40",
        "AVLS": "00:02:20",
        "Tram": "3020",
        "Action": "a",
        "Msg Sent": "17/10/2019 05:38:53",
        "Msg Received": "17/10/2019 05:38:53",
        "Msg Processed": "17/10/2019 05:38:53",
        "XML ID": "363",
        "Total Lag": "0.455414",
        "Create Lag": "0.2991681",
        "Process Lag": "0.1562459"
      },
      {
        "Direction": "Inbound",
        "Destination": "Broombridge",
        "Time": "00:18:51",
        "AVLS": "00:19:31",
        "Tram": "5011",
        "Action": "a",
        "Msg Sent": "17/10/2019 05:38:56",
        "Msg Received": "17/10/2019 05:38:56",
        "Msg Processed": "17/10/2019 05:38:56",
        "XML ID": "364",
        "Total Lag": "0.6116591",
        "Create Lag": "0.6116591",
        "Process Lag": "0"
      },
      {
        "Direction": "Outbound",
        "Destination": "Bride's Glen",
        "Time": "00:00:27",
        "AVLS": "00:01:07",
        "Tram": "5021",
        "Action": "a",
        "Msg Sent": "17/10/2019 05:38:56",
        "Msg Received": "17/10/2019 05:38:56",
        "Msg Processed": "17/10/2019 05:38:56",
        "XML ID": "364",
        "Total Lag": "0.6272823",
        "Create Lag": "0.6116591",
        "Process Lag": "0.0156232"
      }
    ]
  },
  {
    "stopID": "43",
    "stopQueryTime": 1571287141096,
    "count": 2,
    "results": [
      {
        "Direction": "Inbound",
        "Destination": "Broombridge",
        "Time": "00:17:31",
        "AVLS": "00:18:11",
        "Tram": "5006",
        "Action": "a",
        "Msg Sent": "17/10/2019 05:38:53",
        "Msg Received": "17/10/2019 05:38:53",
        "Msg Processed": "17/10/2019 05:38:53",
        "XML ID": "363",
        "Total Lag": "0.564793",
        "Create Lag": "0.2991681",
        "Process Lag": "0.2656249"
      },
      {
        "Direction": "Outbound",
        "Destination": "Bride's Glen",
        "Time": "00:17:22",
        "AVLS": "00:18:02",
        "Tram": "5002",
        "Action": "a",
        "Msg Sent": "17/10/2019 05:38:53",
        "Msg Received": "17/10/2019 05:38:53",
        "Msg Processed": "17/10/2019 05:38:53",
        "XML ID": "363",
        "Total Lag": "0.3460385",
        "Create Lag": "0.2991681",
        "Process Lag": "0.0468704"
      }
    ]
  },
  {
    "stopID": "33",
    "stopQueryTime": 1571287141102,
    "count": 2,
    "results": [
      {
        "Direction": "Inbound",
        "Destination": "Broombridge",
        "Time": "00:13:23",
        "AVLS": "00:14:03",
        "Tram": "5011",
        "Action": "a",
        "Msg Sent": "17/10/2019 05:38:53",
        "Msg Received": "17/10/2019 05:38:53",
        "Msg Processed": "17/10/2019 05:38:53",
        "XML ID": "363",
        "Total Lag": "0.5960644",
        "Create Lag": "0.2991681",
        "Process Lag": "0.2968963"
      },
      {
        "Direction": "Outbound",
        "Destination": "Bride's Glen",
        "Time": "00:05:39",
        "AVLS": "00:06:19",
        "Tram": "5021",
        "Action": "a",
        "Msg Sent": "17/10/2019 05:38:56",
        "Msg Received": "17/10/2019 05:38:56",
        "Msg Processed": "17/10/2019 05:38:56",
        "XML ID": "364",
        "Total Lag": "0.6272823",
        "Create Lag": "0.6116591",
        "Process Lag": "0.0156232"
      }
    ]
  },
  {
    "stopID": "54",
    "stopQueryTime": 1571287141106,
    "count": 1,
    "results": [
      {
        "Direction": "Outbound",
        "Destination": "Tallaght",
        "Time": "00:15:03",
        "AVLS": "00:15:43",
        "Tram": "3019",
        "Action": "a",
        "Msg Sent": "17/10/2019 05:38:53",
        "Msg Received": "17/10/2019 05:38:53",
        "Msg Processed": "17/10/2019 05:38:53",
        "XML ID": "363",
        "Total Lag": "0.4397912",
        "Create Lag": "0.2991681",
        "Process Lag": "0.1406231"
      }
    ]
  },
  {
    "stopID": "52",
    "stopQueryTime": 1571287141113,
    "count": 2,
    "results": [
      {
        "Direction": "Inbound",
        "Destination": "Belgard",
        "Time": "00:04:42",
        "AVLS": "00:05:22",
        "Tram": "3026",
        "Action": "a",
        "Msg Sent": "17/10/2019 05:38:53",
        "Msg Received": "17/10/2019 05:38:53",
        "Msg Processed": "17/10/2019 05:38:53",
        "XML ID": "363",
        "Total Lag": "0.486985",
        "Create Lag": "0.2991681",
        "Process Lag": "0.1878169"
      },
      {
        "Direction": "Outbound",
        "Destination": "Saggart",
        "Time": "00:15:23",
        "AVLS": "00:16:03",
        "Tram": "3009",
        "Action": "a",
        "Msg Sent": "17/10/2019 05:38:53",
        "Msg Received": "17/10/2019 05:38:53",
        "Msg Processed": "17/10/2019 05:38:53",
        "XML ID": "363",
        "Total Lag": "0.3147913",
        "Create Lag": "0.2991681",
        "Process Lag": "0.0156232"
      }
    ]
  },
  {
    "stopID": "32",
    "stopQueryTime": 1571287141115,
    "count": 2,
    "results": [
      {
        "Direction": "Inbound",
        "Destination": "Broombridge",
        "Time": "00:15:05",
        "AVLS": "00:15:45",
        "Tram": "5011",
        "Action": "a",
        "Msg Sent": "17/10/2019 05:38:56",
        "Msg Received": "17/10/2019 05:38:56",
        "Msg Processed": "17/10/2019 05:38:56",
        "XML ID": "364",
        "Total Lag": "0.6116591",
        "Create Lag": "0.6116591",
        "Process Lag": "0"
      },
      {
        "Direction": "Outbound",
        "Destination": "Bride's Glen",
        "Time": "00:04:13",
        "AVLS": "00:04:53",
        "Tram": "5021",
        "Action": "a",
        "Msg Sent": "17/10/2019 05:38:56",
        "Msg Received": "17/10/2019 05:38:56",
        "Msg Processed": "17/10/2019 05:38:56",
        "XML ID": "364",
        "Total Lag": "0.6272823",
        "Create Lag": "0.6116591",
        "Process Lag": "0.0156232"
      }
    ]
  },
  {
    "stopID": "40",
    "stopQueryTime": 1571287141123,
    "count": 3,
    "results": [
      {
        "Direction": "Inbound",
        "Destination": "Broombridge",
        "Time": "00:00:56",
        "AVLS": "00:01:36",
        "Tram": "5011",
        "Action": "a",
        "Msg Sent": "17/10/2019 05:38:53",
        "Msg Received": "17/10/2019 05:38:53",
        "Msg Processed": "17/10/2019 05:38:53",
        "XML ID": "363",
        "Total Lag": "0.5804173",
        "Create Lag": "0.2991681",
        "Process Lag": "0.2812492"
      },
      {
        "Direction": "Outbound",
        "Destination": "Bride's Glen",
        "Time": "00:13:41",
        "AVLS": "00:14:21",
        "Tram": "5002",
        "Action": "a",
        "Msg Sent": "17/10/2019 05:38:53",
        "Msg Received": "17/10/2019 05:38:53",
        "Msg Processed": "17/10/2019 05:38:53",
        "XML ID": "363",
        "Total Lag": "0.330428",
        "Create Lag": "0.2991681",
        "Process Lag": "0.0312599"
      },
      {
        "Direction": "Outbound",
        "Destination": "Bride's Glen",
        "Time": "00:17:27",
        "AVLS": "00:18:07",
        "Tram": "5021",
        "Action": "a",
        "Msg Sent": "17/10/2019 05:38:56",
        "Msg Received": "17/10/2019 05:38:56",
        "Msg Processed": "17/10/2019 05:38:56",
        "XML ID": "364",
        "Total Lag": "0.6585343",
        "Create Lag": "0.6116591",
        "Process Lag": "0.0468752"
      }
    ]
  },
  {
    "stopID": "46",
    "stopQueryTime": 1571287141125,
    "count": 2,
    "results": [
      {
        "Direction": "Inbound",
        "Destination": "Broombridge",
        "Time": "00:13:36",
        "AVLS": "00:14:16",
        "Tram": "5006",
        "Action": "a",
        "Msg Sent": "17/10/2019 05:38:53",
        "Msg Received": "17/10/2019 05:38:53",
        "Msg Processed": "17/10/2019 05:38:53",
        "XML ID": "363",
        "Total Lag": "0.5491686",
        "Create Lag": "0.2991681",
        "Process Lag": "0.2500005"
      },
      {
        "Direction": "Outbound",
        "Destination": "Bride's Glen",
        "Time": "00:01:51",
        "AVLS": "00:02:31",
        "Tram": "5006",
        "Action": "a",
        "Msg Sent": "17/10/2019 05:38:53",
        "Msg Received": "17/10/2019 05:38:53",
        "Msg Processed": "17/10/2019 05:38:53",
        "XML ID": "363",
        "Total Lag": "0.5491686",
        "Create Lag": "0.2991681",
        "Process Lag": "0.2500005"
      }
    ]
  },
  {
    "stopID": "50",
    "stopQueryTime": 1571287141130,
    "count": 2,
    "results": [
      {
        "Direction": "Inbound",
        "Destination": "Belgard",
        "Time": "00:07:45",
        "AVLS": "00:08:25",
        "Tram": "3026",
        "Action": "a",
        "Msg Sent": "17/10/2019 05:38:53",
        "Msg Received": "17/10/2019 05:38:53",
        "Msg Processed": "17/10/2019 05:38:53",
        "XML ID": "363",
        "Total Lag": "0.486985",
        "Create Lag": "0.2991681",
        "Process Lag": "0.1878169"
      },
      {
        "Direction": "Outbound",
        "Destination": "Saggart",
        "Time": "00:12:31",
        "AVLS": "00:13:11",
        "Tram": "3009",
        "Action": "a",
        "Msg Sent": "17/10/2019 05:38:53",
        "Msg Received": "17/10/2019 05:38:53",
        "Msg Processed": "17/10/2019 05:38:53",
        "XML ID": "363",
        "Total Lag": "0.3147913",
        "Create Lag": "0.2991681",
        "Process Lag": "0.0156232"
      }
    ]
  },
  {
    "stopID": "51",
    "stopQueryTime": 1571287141133,
    "count": 2,
    "results": [
      {
        "Direction": "Inbound",
        "Destination": "Belgard",
        "Time": "00:05:58",
        "AVLS": "00:06:38",
        "Tram": "3026",
        "Action": "a",
        "Msg Sent": "17/10/2019 05:38:53",
        "Msg Received": "17/10/2019 05:38:53",
        "Msg Processed": "17/10/2019 05:38:53",
        "XML ID": "363",
        "Total Lag": "0.486985",
        "Create Lag": "0.2991681",
        "Process Lag": "0.1878169"
      },
      {
        "Direction": "Outbound",
        "Destination": "Saggart",
        "Time": "00:14:11",
        "AVLS": "00:14:51",
        "Tram": "3009",
        "Action": "a",
        "Msg Sent": "17/10/2019 05:38:53",
        "Msg Received": "17/10/2019 05:38:53",
        "Msg Processed": "17/10/2019 05:38:53",
        "XML ID": "363",
        "Total Lag": "0.3147913",
        "Create Lag": "0.2991681",
        "Process Lag": "0.0156232"
      }
    ]
  },
  {
    "stopID": "37",
    "stopQueryTime": 1571287141153,
    "count": 3,
    "results": [
      {
        "Direction": "Inbound",
        "Destination": "Broombridge",
        "Time": "00:05:41",
        "AVLS": "00:06:21",
        "Tram": "5011",
        "Action": "a",
        "Msg Sent": "17/10/2019 05:38:53",
        "Msg Received": "17/10/2019 05:38:53",
        "Msg Processed": "17/10/2019 05:38:53",
        "XML ID": "363",
        "Total Lag": "0.5804173",
        "Create Lag": "0.2991681",
        "Process Lag": "0.2812492"
      },
      {
        "Direction": "Outbound",
        "Destination": "Bride's Glen",
        "Time": "00:09:00",
        "AVLS": "00:09:40",
        "Tram": "5002",
        "Action": "a",
        "Msg Sent": "17/10/2019 05:38:53",
        "Msg Received": "17/10/2019 05:38:53",
        "Msg Processed": "17/10/2019 05:38:53",
        "XML ID": "363",
        "Total Lag": "0.330428",
        "Create Lag": "0.2991681",
        "Process Lag": "0.0312599"
      },
      {
        "Direction": "Outbound",
        "Destination": "Bride's Glen",
        "Time": "00:12:46",
        "AVLS": "00:13:26",
        "Tram": "5021",
        "Action": "a",
        "Msg Sent": "17/10/2019 05:38:56",
        "Msg Received": "17/10/2019 05:38:56",
        "Msg Processed": "17/10/2019 05:38:56",
        "XML ID": "364",
        "Total Lag": "0.6429102",
        "Create Lag": "0.6116591",
        "Process Lag": "0.0312511"
      }
    ]
  },
  {
    "stopID": "39",
    "stopQueryTime": 1571287141160,
    "count": 3,
    "results": [
      {
        "Direction": "Inbound",
        "Destination": "Broombridge",
        "Time": "00:02:26",
        "AVLS": "00:03:06",
        "Tram": "5011",
        "Action": "a",
        "Msg Sent": "17/10/2019 05:38:53",
        "Msg Received": "17/10/2019 05:38:53",
        "Msg Processed": "17/10/2019 05:38:53",
        "XML ID": "363",
        "Total Lag": "0.5804173",
        "Create Lag": "0.2991681",
        "Process Lag": "0.2812492"
      },
      {
        "Direction": "Outbound",
        "Destination": "Bride's Glen",
        "Time": "00:12:13",
        "AVLS": "00:12:53",
        "Tram": "5002",
        "Action": "a",
        "Msg Sent": "17/10/2019 05:38:53",
        "Msg Received": "17/10/2019 05:38:53",
        "Msg Processed": "17/10/2019 05:38:53",
        "XML ID": "363",
        "Total Lag": "0.330428",
        "Create Lag": "0.2991681",
        "Process Lag": "0.0312599"
      },
      {
        "Direction": "Outbound",
        "Destination": "Bride's Glen",
        "Time": "00:15:59",
        "AVLS": "00:16:39",
        "Tram": "5021",
        "Action": "a",
        "Msg Sent": "17/10/2019 05:38:56",
        "Msg Received": "17/10/2019 05:38:56",
        "Msg Processed": "17/10/2019 05:38:56",
        "XML ID": "364",
        "Total Lag": "0.6429102",
        "Create Lag": "0.6116591",
        "Process Lag": "0.0312511"
      }
    ]
  },
  {
    "stopID": "44",
    "stopQueryTime": 1571287141167,
    "count": 3,
    "results": [
      {
        "Direction": "Inbound",
        "Destination": "Broombridge",
        "Time": "00:16:27",
        "AVLS": "00:17:07",
        "Tram": "5006",
        "Action": "a",
        "Msg Sent": "17/10/2019 05:38:53",
        "Msg Received": "17/10/2019 05:38:53",
        "Msg Processed": "17/10/2019 05:38:53",
        "XML ID": "363",
        "Total Lag": "0.564793",
        "Create Lag": "0.2991681",
        "Process Lag": "0.2656249"
      },
      {
        "Direction": "Outbound",
        "Destination": "Bride's Glen",
        "Time": "00:00:00",
        "AVLS": "00:00:00",
        "Tram": "5006",
        "Action": "a",
        "Msg Sent": "17/10/2019 05:38:36",
        "Msg Received": "17/10/2019 05:38:36",
        "Msg Processed": "17/10/2019 05:38:36",
        "XML ID": "357",
        "Total Lag": "0.2968353",
        "Create Lag": "0.2030905",
        "Process Lag": "0.0937448"
      },
      {
        "Direction": "Outbound",
        "Destination": "Bride's Glen",
        "Time": "00:18:27",
        "AVLS": "00:19:07",
        "Tram": "5002",
        "Action": "a",
        "Msg Sent": "17/10/2019 05:38:53",
        "Msg Received": "17/10/2019 05:38:53",
        "Msg Processed": "17/10/2019 05:38:53",
        "XML ID": "363",
        "Total Lag": "0.3460385",
        "Create Lag": "0.2991681",
        "Process Lag": "0.0468704"
      }
    ]
  }
]