[
  {
    "stopID": "24",
    "stopQueryTime": 1571286600956,
    "count": 0,
    "results": []
  },
  {
    "stopID": "18",
    "stopQueryTime": 1571286600975,
    "count": 1,
    "results": [
      {
        "Direction": "Outbound",
        "Destination": "Tallaght",
        "Time": "00:14:40",
        "AVLS": "00:15:20",
        "Tram": "3013",
        "Action": "a",
        "Msg Sent": "17/10/2019 05:29:53",
        "Msg Received": "17/10/2019 05:29:53",
        "Msg Processed": "17/10/2019 05:29:53",
        "XML ID": "219",
        "Total Lag": "0.8777666",
        "Create Lag": "0.8153833",
        "Process Lag": "0.0623833"
      }
    ]
  },
  {
    "stopID": "13",
    "stopQueryTime": 1571286600981,
    "count": 1,
    "results": [
      {
        "Direction": "Inbound",
        "Destination": "The Point",
        "Time": "00:13:24",
        "AVLS": "00:14:04",
        "Tram": "4003",
        "Action": "a",
        "Msg Sent": "17/10/2019 05:29:53",
        "Msg Received": "17/10/2019 05:29:53",
        "Msg Processed": "17/10/2019 05:29:53",
        "XML ID": "219",
        "Total Lag": "0.8308908",
        "Create Lag": "0.7996455",
        "Process Lag": "0.0312453"
      }
    ]
  },
  {
    "stopID": "1",
    "stopQueryTime": 1571286601019,
    "count": 2,
    "results": [
      {
        "Direction": "Inbound",
        "Destination": "The Point",
        "Time": "00:00:00",
        "AVLS": "00:00:07",
        "Tram": "3018",
        "Action": "d",
        "Msg Sent": "17/10/2019 05:29:53",
        "Msg Received": "17/10/2019 05:29:53",
        "Msg Processed": "17/10/2019 05:29:53",
        "XML ID": "219",
        "Total Lag": "0.8933918",
        "Create Lag": "0.8153833",
        "Process Lag": "0.0780085"
      },
      {
        "Direction": "Terminating",
        "Destination": "Tallaght",
        "Time": "00:08:27",
        "AVLS": "00:09:07",
        "Tram": "4004",
        "Action": "a",
        "Msg Sent": "17/10/2019 05:29:53",
        "Msg Received": "17/10/2019 05:29:53",
        "Msg Processed": "17/10/2019 05:29:53",
        "XML ID": "219",
        "Total Lag": "0.9871415",
        "Create Lag": "0.8153833",
        "Process Lag": "0.1717582"
      }
    ]
  },
  {
    "stopID": "12",
    "stopQueryTime": 1571286601029,
    "count": 1,
    "results": [
      {
        "Direction": "Inbound",
        "Destination": "The Point",
        "Time": "00:11:51",
        "AVLS": "00:12:31",
        "Tram": "4003",
        "Action": "a",
        "Msg Sent": "17/10/2019 05:29:53",
        "Msg Received": "17/10/2019 05:29:53",
        "Msg Processed": "17/10/2019 05:29:53",
        "XML ID": "219",
        "Total Lag": "0.8308908",
        "Create Lag": "0.7996455",
        "Process Lag": "0.0312453"
      }
    ]
  },
  {
    "stopID": "5",
    "stopQueryTime": 1571286601031,
    "count": 2,
    "results": [
      {
        "Direction": "Inbound",
        "Destination": "The Point",
        "Time": "00:07:20",
        "AVLS": "00:08:00",
        "Tram": "3018",
        "Action": "a",
        "Msg Sent": "17/10/2019 05:29:53",
        "Msg Received": "17/10/2019 05:29:53",
        "Msg Processed": "17/10/2019 05:29:53",
        "XML ID": "219",
        "Total Lag": "0.8933918",
        "Create Lag": "0.8153833",
        "Process Lag": "0.0780085"
      },
      {
        "Direction": "Outbound",
        "Destination": "Tallaght",
        "Time": "00:01:27",
        "AVLS": "00:02:07",
        "Tram": "4004",
        "Action": "d",
        "Msg Sent": "17/10/2019 05:29:53",
        "Msg Received": "17/10/2019 05:29:53",
        "Msg Processed": "17/10/2019 05:29:53",
        "XML ID": "219",
        "Total Lag": "0.9715151",
        "Create Lag": "0.8153833",
        "Process Lag": "0.1561318"
      }
    ]
  },
  {
    "stopID": "23",
    "stopQueryTime": 1571286601034,
    "count": 0,
    "results": []
  },
  {
    "stopID": "17",
    "stopQueryTime": 1571286601035,
    "count": 1,
    "results": [
      {
        "Direction": "Outbound",
        "Destination": "Tallaght",
        "Time": "00:16:39",
        "AVLS": "00:17:19",
        "Tram": "3013",
        "Action": "a",
        "Msg Sent": "17/10/2019 05:29:53",
        "Msg Received": "17/10/2019 05:29:53",
        "Msg Processed": "17/10/2019 05:29:53",
        "XML ID": "219",
        "Total Lag": "0.8777666",
        "Create Lag": "0.8153833",
        "Process Lag": "0.0623833"
      }
    ]
  },
  {
    "stopID": "4",
    "stopQueryTime": 1571286601043,
    "count": 2,
    "results": [
      {
        "Direction": "Inbound",
        "Destination": "The Point",
        "Time": "00:05:27",
        "AVLS": "00:06:07",
        "Tram": "3018",
        "Action": "a",
        "Msg Sent": "17/10/2019 05:29:53",
        "Msg Received": "17/10/2019 05:29:53",
        "Msg Processed": "17/10/2019 05:29:53",
        "XML ID": "219",
        "Total Lag": "0.8933918",
        "Create Lag": "0.8153833",
        "Process Lag": "0.0780085"
      },
      {
        "Direction": "Outbound",
        "Destination": "Tallaght",
        "Time": "00:03:38",
        "AVLS": "00:04:18",
        "Tram": "4004",
        "Action": "a",
        "Msg Sent": "17/10/2019 05:29:53",
        "Msg Received": "17/10/2019 05:29:53",
        "Msg Processed": "17/10/2019 05:29:53",
        "XML ID": "219",
        "Total Lag": "0.9715151",
        "Create Lag": "0.8153833",
        "Process Lag": "0.1561318"
      }
    ]
  },
  {
    "stopID": "8",
    "stopQueryTime": 1571286601046,
    "count": 2,
    "results": [
      {
        "Direction": "Inbound",
        "Destination": "The Point",
        "Time": "00:06:48",
        "AVLS": "00:07:28",
        "Tram": "4003",
        "Action": "a",
        "Msg Sent": "17/10/2019 05:29:53",
        "Msg Received": "17/10/2019 05:29:53",
        "Msg Processed": "17/10/2019 05:29:53",
        "XML ID": "219",
        "Total Lag": "0.8153833",
        "Create Lag": "0.7996455",
        "Process Lag": "0.0157378"
      },
      {
        "Direction": "Inbound",
        "Destination": "The Point",
        "Time": "00:15:55",
        "AVLS": "00:16:35",
        "Tram": "3018",
        "Action": "a",
        "Msg Sent": "17/10/2019 05:29:53",
        "Msg Received": "17/10/2019 05:29:53",
        "Msg Processed": "17/10/2019 05:29:53",
        "XML ID": "219",
        "Total Lag": "0.9090169",
        "Create Lag": "0.8153833",
        "Process Lag": "0.0936336"
      }
    ]
  },
  {
    "stopID": "22",
    "stopQueryTime": 1571286601047,
    "count": 1,
    "results": [
      {
        "Direction": "Outbound",
        "Destination": "Tallaght",
        "Time": "00:05:59",
        "AVLS": "00:06:39",
        "Tram": "3013",
        "Action": "a",
        "Msg Sent": "17/10/2019 05:29:53",
        "Msg Received": "17/10/2019 05:29:53",
        "Msg Processed": "17/10/2019 05:29:53",
        "XML ID": "219",
        "Total Lag": "0.8621391",
        "Create Lag": "0.8153833",
        "Process Lag": "0.0467558"
      }
    ]
  },
  {
    "stopID": "20",
    "stopQueryTime": 1571286601050,
    "count": 1,
    "results": [
      {
        "Direction": "Outbound",
        "Destination": "Tallaght",
        "Time": "00:11:39",
        "AVLS": "00:12:19",
        "Tram": "3013",
        "Action": "a",
        "Msg Sent": "17/10/2019 05:29:53",
        "Msg Received": "17/10/2019 05:29:53",
        "Msg Processed": "17/10/2019 05:29:53",
        "XML ID": "219",
        "Total Lag": "0.8777666",
        "Create Lag": "0.8153833",
        "Process Lag": "0.0623833"
      }
    ]
  },
  {
    "stopID": "9",
    "stopQueryTime": 1571286601053,
    "count": 2,
    "results": [
      {
        "Direction": "Inbound",
        "Destination": "The Point",
        "Time": "00:08:50",
        "AVLS": "00:09:30",
        "Tram": "4003",
        "Action": "a",
        "Msg Sent": "17/10/2019 05:29:53",
        "Msg Received": "17/10/2019 05:29:53",
        "Msg Processed": "17/10/2019 05:29:53",
        "XML ID": "219",
        "Total Lag": "0.8153833",
        "Create Lag": "0.7996455",
        "Process Lag": "0.0157378"
      },
      {
        "Direction": "Inbound",
        "Destination": "The Point",
        "Time": "00:17:57",
        "AVLS": "00:18:37",
        "Tram": "3018",
        "Action": "a",
        "Msg Sent": "17/10/2019 05:29:53",
        "Msg Received": "17/10/2019 05:29:53",
        "Msg Processed": "17/10/2019 05:29:53",
        "XML ID": "219",
        "Total Lag": "0.9090169",
        "Create Lag": "0.8153833",
        "Process Lag": "0.0936336"
      }
    ]
  },
  {
    "stopID": "3",
    "stopQueryTime": 1571286601057,
    "count": 2,
    "results": [
      {
        "Direction": "Inbound",
        "Destination": "The Point",
        "Time": "00:02:22",
        "AVLS": "00:03:02",
        "Tram": "3018",
        "Action": "a",
        "Msg Sent": "17/10/2019 05:29:53",
        "Msg Received": "17/10/2019 05:29:53",
        "Msg Processed": "17/10/2019 05:29:53",
        "XML ID": "219",
        "Total Lag": "0.8933918",
        "Create Lag": "0.8153833",
        "Process Lag": "0.0780085"
      },
      {
        "Direction": "Outbound",
        "Destination": "Tallaght",
        "Time": "00:05:30",
        "AVLS": "00:06:10",
        "Tram": "4004",
        "Action": "a",
        "Msg Sent": "17/10/2019 05:29:53",
        "Msg Received": "17/10/2019 05:29:53",
        "Msg Processed": "17/10/2019 05:29:53",
        "XML ID": "219",
        "Total Lag": "0.9715151",
        "Create Lag": "0.8153833",
        "Process Lag": "0.1561318"
      }
    ]
  },
  {
    "stopID": "7",
    "stopQueryTime": 1571286601072,
    "count": 2,
    "results": [
      {
        "Direction": "Inbound",
        "Destination": "The Point",
        "Time": "00:05:22",
        "AVLS": "00:06:02",
        "Tram": "4003",
        "Action": "a",
        "Msg Sent": "17/10/2019 05:29:53",
        "Msg Received": "17/10/2019 05:29:53",
        "Msg Processed": "17/10/2019 05:29:53",
        "XML ID": "219",
        "Total Lag": "0.8153833",
        "Create Lag": "0.7996455",
        "Process Lag": "0.0157378"
      },
      {
        "Direction": "Inbound",
        "Destination": "The Point",
        "Time": "00:14:29",
        "AVLS": "00:15:09",
        "Tram": "3018",
        "Action": "a",
        "Msg Sent": "17/10/2019 05:29:53",
        "Msg Received": "17/10/2019 05:29:53",
        "Msg Processed": "17/10/2019 05:29:53",
        "XML ID": "219",
        "Total Lag": "0.9090169",
        "Create Lag": "0.8153833",
        "Process Lag": "0.0936336"
      }
    ]
  },
  {
    "stopID": "58",
    "stopQueryTime": 1571286601074,
    "count": 0,
    "results": []
  },
  {
    "stopID": "39",
    "stopQueryTime": 1571286601079,
    "count": 2,
    "results": [
      {
        "Direction": "Inbound",
        "Destination": "Broombridge",
        "Time": "00:11:48",
        "AVLS": "00:12:28",
        "Tram": "5011",
        "Action": "a",
        "Msg Sent": "17/10/2019 05:29:53",
        "Msg Received": "17/10/2019 05:29:53",
        "Msg Processed": "17/10/2019 05:29:54",
        "XML ID": "219",
        "Total Lag": "1.0496598",
        "Create Lag": "0.8153833",
        "Process Lag": "0.2342765"
      },
      {
        "Direction": "Outbound",
        "Destination": "Bride's Glen",
        "Time": "00:03:37",
        "AVLS": "00:04:17",
        "Tram": "5006",
        "Action": "a",
        "Msg Sent": "17/10/2019 05:29:53",
        "Msg Received": "17/10/2019 05:29:53",
        "Msg Processed": "17/10/2019 05:29:54",
        "XML ID": "219",
        "Total Lag": "1.0027675",
        "Create Lag": "0.8153833",
        "Process Lag": "0.1873842"
      }
    ]
  },
  {
    "stopID": "50",
    "stopQueryTime": 1571286601082,
    "count": 1,
    "results": [
      {
        "Direction": "Inbound",
        "Destination": "Belgard",
        "Time": "00:16:45",
        "AVLS": "00:17:25",
        "Tram": "3026",
        "Action": "a",
        "Msg Sent": "17/10/2019 05:29:53",
        "Msg Received": "17/10/2019 05:29:53",
        "Msg Processed": "17/10/2019 05:29:53",
        "XML ID": "219",
        "Total Lag": "0.9715151",
        "Create Lag": "0.8153833",
        "Process Lag": "0.1561318"
      }
    ]
  },
  {
    "stopID": "19",
    "stopQueryTime": 1571286601092,
    "count": 1,
    "results": [
      {
        "Direction": "Outbound",
        "Destination": "Tallaght",
        "Time": "00:13:35",
        "AVLS": "00:14:15",
        "Tram": "3013",
        "Action": "a",
        "Msg Sent": "17/10/2019 05:29:53",
        "Msg Received": "17/10/2019 05:29:53",
        "Msg Processed": "17/10/2019 05:29:53",
        "XML ID": "219",
        "Total Lag": "0.8777666",
        "Create Lag": "0.8153833",
        "Process Lag": "0.0623833"
      }
    ]
  },
  {
    "stopID": "49",
    "stopQueryTime": 1571286601098,
    "count": 1,
    "results": [
      {
        "Direction": "Inbound",
        "Destination": "Belgard",
        "Time": "00:18:33",
        "AVLS": "00:19:13",
        "Tram": "3026",
        "Action": "a",
        "Msg Sent": "17/10/2019 05:29:53",
        "Msg Received": "17/10/2019 05:29:53",
        "Msg Processed": "17/10/2019 05:29:53",
        "XML ID": "219",
        "Total Lag": "0.9715151",
        "Create Lag": "0.8153833",
        "Process Lag": "0.1561318"
      }
    ]
  },
  {
    "stopID": "25",
    "stopQueryTime": 1571286601101,
    "count": 2,
    "results": [
      {
        "Direction": "Inbound",
        "Destination": "Broombridge",
        "Time": "00:18:29",
        "AVLS": "00:19:09",
        "Tram": "3020",
        "Action": "a",
        "Msg Sent": "17/10/2019 05:29:53",
        "Msg Received": "17/10/2019 05:29:53",
        "Msg Processed": "17/10/2019 05:29:53",
        "XML ID": "219",
        "Total Lag": "0.9558889",
        "Create Lag": "0.8153833",
        "Process Lag": "0.1405056"
      },
      {
        "Direction": "Outbound",
        "Destination": "Bride's Glen",
        "Time": "00:01:18",
        "AVLS": "00:01:58",
        "Tram": "5021",
        "Action": "a",
        "Msg Sent": "17/10/2019 05:29:56",
        "Msg Received": "17/10/2019 05:29:56",
        "Msg Processed": "17/10/2019 05:29:56",
        "XML ID": "220",
        "Total Lag": "0.2527643",
        "Create Lag": "0.2527643",
        "Process Lag": "0"
      }
    ]
  },
  {
    "stopID": "14",
    "stopQueryTime": 1571286601104,
    "count": 1,
    "results": [
      {
        "Direction": "Inbound",
        "Destination": "The Point",
        "Time": "00:14:17",
        "AVLS": "00:14:57",
        "Tram": "4003",
        "Action": "a",
        "Msg Sent": "17/10/2019 05:29:53",
        "Msg Received": "17/10/2019 05:29:53",
        "Msg Processed": "17/10/2019 05:29:53",
        "XML ID": "219",
        "Total Lag": "0.8308908",
        "Create Lag": "0.7996455",
        "Process Lag": "0.0312453"
      }
    ]
  },
  {
    "stopID": "51",
    "stopQueryTime": 1571286601106,
    "count": 1,
    "results": [
      {
        "Direction": "Inbound",
        "Destination": "Belgard",
        "Time": "00:14:58",
        "AVLS": "00:15:38",
        "Tram": "3026",
        "Action": "a",
        "Msg Sent": "17/10/2019 05:29:53",
        "Msg Received": "17/10/2019 05:29:53",
        "Msg Processed": "17/10/2019 05:29:53",
        "XML ID": "219",
        "Total Lag": "0.9715151",
        "Create Lag": "0.8153833",
        "Process Lag": "0.1561318"
      }
    ]
  },
  {
    "stopID": "35",
    "stopQueryTime": 1571286601119,
    "count": 3,
    "results": [
      {
        "Direction": "Inbound",
        "Destination": "Broombridge",
        "Time": "00:01:02",
        "AVLS": "00:01:42",
        "Tram": "3020",
        "Action": "a",
        "Msg Sent": "17/10/2019 05:29:53",
        "Msg Received": "17/10/2019 05:29:53",
        "Msg Processed": "17/10/2019 05:29:53",
        "XML ID": "219",
        "Total Lag": "0.9246469",
        "Create Lag": "0.8153833",
        "Process Lag": "0.1092636"
      },
      {
        "Direction": "Inbound",
        "Destination": "Broombridge",
        "Time": "00:19:02",
        "AVLS": "00:19:42",
        "Tram": "5011",
        "Action": "a",
        "Msg Sent": "17/10/2019 05:29:53",
        "Msg Received": "17/10/2019 05:29:53",
        "Msg Processed": "17/10/2019 05:29:54",
        "XML ID": "219",
        "Total Lag": "1.0652671",
        "Create Lag": "0.8153833",
        "Process Lag": "0.2498838"
      },
      {
        "Direction": "Outbound",
        "Destination": "Bride's Glen",
        "Time": "00:18:59",
        "AVLS": "00:19:39",
        "Tram": "5021",
        "Action": "a",
        "Msg Sent": "17/10/2019 05:29:56",
        "Msg Received": "17/10/2019 05:29:56",
        "Msg Processed": "17/10/2019 05:29:56",
        "XML ID": "220",
        "Total Lag": "0.2840162",
        "Create Lag": "0.2527643",
        "Process Lag": "0.0312519"
      }
    ]
  },
  {
    "stopID": "53",
    "stopQueryTime": 1571286601120,
    "count": 1,
    "results": [
      {
        "Direction": "Inbound",
        "Destination": "Belgard",
        "Time": "00:11:27",
        "AVLS": "00:12:07",
        "Tram": "3026",
        "Action": "d",
        "Msg Sent": "17/10/2019 05:29:53",
        "Msg Received": "17/10/2019 05:29:53",
        "Msg Processed": "17/10/2019 05:29:53",
        "XML ID": "219",
        "Total Lag": "0.9558889",
        "Create Lag": "0.8153833",
        "Process Lag": "0.1405056"
      }
    ]
  },
  {
    "stopID": "44",
    "stopQueryTime": 1571286601125,
    "count": 2,
    "results": [
      {
        "Direction": "Inbound",
        "Destination": "Broombridge",
        "Time": "00:05:27",
        "AVLS": "00:06:07",
        "Tram": "5011",
        "Action": "a",
        "Msg Sent": "17/10/2019 05:29:53",
        "Msg Received": "17/10/2019 05:29:53",
        "Msg Processed": "17/10/2019 05:29:54",
        "XML ID": "219",
        "Total Lag": "1.0340205",
        "Create Lag": "0.8153833",
        "Process Lag": "0.2186372"
      },
      {
        "Direction": "Outbound",
        "Destination": "Bride's Glen",
        "Time": "00:09:51",
        "AVLS": "00:10:31",
        "Tram": "5006",
        "Action": "a",
        "Msg Sent": "17/10/2019 05:29:53",
        "Msg Received": "17/10/2019 05:29:53",
        "Msg Processed": "17/10/2019 05:29:54",
        "XML ID": "219",
        "Total Lag": "1.0183919",
        "Create Lag": "0.8153833",
        "Process Lag": "0.2030086"
      }
    ]
  },
  {
    "stopID": "43",
    "stopQueryTime": 1571286601128,
    "count": 2,
    "results": [
      {
        "Direction": "Inbound",
        "Destination": "Broombridge",
        "Time": "00:06:31",
        "AVLS": "00:07:11",
        "Tram": "5011",
        "Action": "a",
        "Msg Sent": "17/10/2019 05:29:53",
        "Msg Received": "17/10/2019 05:29:53",
        "Msg Processed": "17/10/2019 05:29:54",
        "XML ID": "219",
        "Total Lag": "1.0340205",
        "Create Lag": "0.8153833",
        "Process Lag": "0.2186372"
      },
      {
        "Direction": "Outbound",
        "Destination": "Bride's Glen",
        "Time": "00:08:46",
        "AVLS": "00:09:26",
        "Tram": "5006",
        "Action": "a",
        "Msg Sent": "17/10/2019 05:29:53",
        "Msg Received": "17/10/2019 05:29:53",
        "Msg Processed": "17/10/2019 05:29:54",
        "XML ID": "219",
        "Total Lag": "1.0027675",
        "Create Lag": "0.8153833",
        "Process Lag": "0.1873842"
      }
    ]
  },
  {
    "stopID": "48",
    "stopQueryTime": 1571286601130,
    "count": 1,
    "results": [
      {
        "Direction": "Inbound",
        "Destination": "Broombridge",
        "Time": "00:00:00",
        "AVLS": "00:00:07",
        "Tram": "5011",
        "Action": "d",
        "Msg Sent": "17/10/2019 05:29:53",
        "Msg Received": "17/10/2019 05:29:53",
        "Msg Processed": "17/10/2019 05:29:54",
        "XML ID": "219",
        "Total Lag": "1.0183919",
        "Create Lag": "0.8153833",
        "Process Lag": "0.2030086"
      }
    ]
  },
  {
    "stopID": "11",
    "stopQueryTime": 1571286601131,
    "count": 1,
    "results": [
      {
        "Direction": "Inbound",
        "Destination": "The Point",
        "Time": "00:10:52",
        "AVLS": "00:11:32",
        "Tram": "4003",
        "Action": "a",
        "Msg Sent": "17/10/2019 05:29:53",
        "Msg Received": "17/10/2019 05:29:53",
        "Msg Processed": "17/10/2019 05:29:53",
        "XML ID": "219",
        "Total Lag": "0.8308908",
        "Create Lag": "0.7996455",
        "Process Lag": "0.0312453"
      }
    ]
  },
  {
    "stopID": "56",
    "stopQueryTime": 1571286601133,
    "count": 1,
    "results": [
      {
        "Direction": "Outbound",
        "Destination": "Tallaght",
        "Time": "00:00:36",
        "AVLS": "00:01:16",
        "Tram": "3013",
        "Action": "a",
        "Msg Sent": "17/10/2019 05:29:53",
        "Msg Received": "17/10/2019 05:29:53",
        "Msg Processed": "17/10/2019 05:29:53",
        "XML ID": "219",
        "Total Lag": "0.8621391",
        "Create Lag": "0.8153833",
        "Process Lag": "0.0467558"
      }
    ]
  },
  {
    "stopID": "32",
    "stopQueryTime": 1571286601134,
    "count": 2,
    "results": [
      {
        "Direction": "Inbound",
        "Destination": "Broombridge",
        "Time": "00:06:27",
        "AVLS": "00:07:07",
        "Tram": "3020",
        "Action": "a",
        "Msg Sent": "17/10/2019 05:29:53",
        "Msg Received": "17/10/2019 05:29:53",
        "Msg Processed": "17/10/2019 05:29:53",
        "XML ID": "219",
        "Total Lag": "0.940265",
        "Create Lag": "0.8153833",
        "Process Lag": "0.1248817"
      },
      {
        "Direction": "Outbound",
        "Destination": "Bride's Glen",
        "Time": "00:14:20",
        "AVLS": "00:15:00",
        "Tram": "5021",
        "Action": "a",
        "Msg Sent": "17/10/2019 05:29:56",
        "Msg Received": "17/10/2019 05:29:56",
        "Msg Processed": "17/10/2019 05:29:56",
        "XML ID": "220",
        "Total Lag": "0.2840162",
        "Create Lag": "0.2527643",
        "Process Lag": "0.0312519"
      }
    ]
  },
  {
    "stopID": "29",
    "stopQueryTime": 1571286601140,
    "count": 2,
    "results": [
      {
        "Direction": "Inbound",
        "Destination": "Broombridge",
        "Time": "00:11:58",
        "AVLS": "00:12:38",
        "Tram": "3020",
        "Action": "a",
        "Msg Sent": "17/10/2019 05:29:53",
        "Msg Received": "17/10/2019 05:29:53",
        "Msg Processed": "17/10/2019 05:29:53",
        "XML ID": "219",
        "Total Lag": "0.940265",
        "Create Lag": "0.8153833",
        "Process Lag": "0.1248817"
      },
      {
        "Direction": "Outbound",
        "Destination": "Bride's Glen",
        "Time": "00:08:48",
        "AVLS": "00:09:28",
        "Tram": "5021",
        "Action": "a",
        "Msg Sent": "17/10/2019 05:29:56",
        "Msg Received": "17/10/2019 05:29:56",
        "Msg Processed": "17/10/2019 05:29:56",
        "XML ID": "220",
        "Total Lag": "0.2683911",
        "Create Lag": "0.2527643",
        "Process Lag": "0.0156268"
      }
    ]
  },
  {
    "stopID": "30",
    "stopQueryTime": 1571286601142,
    "count": 2,
    "results": [
      {
        "Direction": "Inbound",
        "Destination": "Broombridge",
        "Time": "00:10:13",
        "AVLS": "00:10:53",
        "Tram": "3020",
        "Action": "a",
        "Msg Sent": "17/10/2019 05:29:53",
        "Msg Received": "17/10/2019 05:29:53",
        "Msg Processed": "17/10/2019 05:29:53",
        "XML ID": "219",
        "Total Lag": "0.940265",
        "Create Lag": "0.8153833",
        "Process Lag": "0.1248817"
      },
      {
        "Direction": "Outbound",
        "Destination": "Bride's Glen",
        "Time": "00:10:34",
        "AVLS": "00:11:14",
        "Tram": "5021",
        "Action": "a",
        "Msg Sent": "17/10/2019 05:29:56",
        "Msg Received": "17/10/2019 05:29:56",
        "Msg Processed": "17/10/2019 05:29:56",
        "XML ID": "220",
        "Total Lag": "0.2683911",
        "Create Lag": "0.2527643",
        "Process Lag": "0.0156268"
      }
    ]
  },
  {
    "stopID": "15",
    "stopQueryTime": 1571286601144,
    "count": 1,
    "results": [
      {
        "Direction": "Inbound",
        "Destination": "The Point",
        "Time": "00:15:55",
        "AVLS": "00:16:35",
        "Tram": "4003",
        "Action": "a",
        "Msg Sent": "17/10/2019 05:29:53",
        "Msg Received": "17/10/2019 05:29:53",
        "Msg Processed": "17/10/2019 05:29:53",
        "XML ID": "219",
        "Total Lag": "0.8308908",
        "Create Lag": "0.8153833",
        "Process Lag": "0.0155075"
      }
    ]
  },
  {
    "stopID": "28",
    "stopQueryTime": 1571286601145,
    "count": 2,
    "results": [
      {
        "Direction": "Inbound",
        "Destination": "Broombridge",
        "Time": "00:13:27",
        "AVLS": "00:14:07",
        "Tram": "3020",
        "Action": "a",
        "Msg Sent": "17/10/2019 05:29:53",
        "Msg Received": "17/10/2019 05:29:53",
        "Msg Processed": "17/10/2019 05:29:53",
        "XML ID": "219",
        "Total Lag": "0.940265",
        "Create Lag": "0.8153833",
        "Process Lag": "0.1248817"
      },
      {
        "Direction": "Outbound",
        "Destination": "Bride's Glen",
        "Time": "00:07:20",
        "AVLS": "00:08:00",
        "Tram": "5021",
        "Action": "a",
        "Msg Sent": "17/10/2019 05:29:56",
        "Msg Received": "17/10/2019 05:29:56",
        "Msg Processed": "17/10/2019 05:29:56",
        "XML ID": "220",
        "Total Lag": "0.2683911",
        "Create Lag": "0.2527643",
        "Process Lag": "0.0156268"
      }
    ]
  },
  {
    "stopID": "31",
    "stopQueryTime": 1571286601149,
    "count": 2,
    "results": [
      {
        "Direction": "Inbound",
        "Destination": "Broombridge",
        "Time": "00:08:26",
        "AVLS": "00:09:06",
        "Tram": "3020",
        "Action": "a",
        "Msg Sent": "17/10/2019 05:29:53",
        "Msg Received": "17/10/2019 05:29:53",
        "Msg Processed": "17/10/2019 05:29:53",
        "XML ID": "219",
        "Total Lag": "0.940265",
        "Create Lag": "0.8153833",
        "Process Lag": "0.1248817"
      },
      {
        "Direction": "Outbound",
        "Destination": "Bride's Glen",
        "Time": "00:12:22",
        "AVLS": "00:13:02",
        "Tram": "5021",
        "Action": "a",
        "Msg Sent": "17/10/2019 05:29:56",
        "Msg Received": "17/10/2019 05:29:56",
        "Msg Processed": "17/10/2019 05:29:56",
        "XML ID": "220",
        "Total Lag": "0.2840162",
        "Create Lag": "0.2527643",
        "Process Lag": "0.0312519"
      }
    ]
  },
  {
    "stopID": "10",
    "stopQueryTime": 1571286601154,
    "count": 2,
    "results": [
      {
        "Direction": "Inbound",
        "Destination": "The Point",
        "Time": "00:10:00",
        "AVLS": "00:10:40",
        "Tram": "4003",
        "Action": "a",
        "Msg Sent": "17/10/2019 05:29:53",
        "Msg Received": "17/10/2019 05:29:53",
        "Msg Processed": "17/10/2019 05:29:53",
        "XML ID": "219",
        "Total Lag": "0.8308908",
        "Create Lag": "0.7996455",
        "Process Lag": "0.0312453"
      },
      {
        "Direction": "Inbound",
        "Destination": "The Point",
        "Time": "00:19:07",
        "AVLS": "00:19:47",
        "Tram": "3018",
        "Action": "a",
        "Msg Sent": "17/10/2019 05:29:53",
        "Msg Received": "17/10/2019 05:29:53",
        "Msg Processed": "17/10/2019 05:29:53",
        "XML ID": "219",
        "Total Lag": "0.9246469",
        "Create Lag": "0.8153833",
        "Process Lag": "0.1092636"
      }
    ]
  },
  {
    "stopID": "27",
    "stopQueryTime": 1571286601156,
    "count": 2,
    "results": [
      {
        "Direction": "Inbound",
        "Destination": "Broombridge",
        "Time": "00:14:58",
        "AVLS": "00:15:38",
        "Tram": "3020",
        "Action": "a",
        "Msg Sent": "17/10/2019 05:29:53",
        "Msg Received": "17/10/2019 05:29:53",
        "Msg Processed": "17/10/2019 05:29:53",
        "XML ID": "219",
        "Total Lag": "0.9558889",
        "Create Lag": "0.8153833",
        "Process Lag": "0.1405056"
      },
      {
        "Direction": "Outbound",
        "Destination": "Bride's Glen",
        "Time": "00:05:26",
        "AVLS": "00:06:06",
        "Tram": "5021",
        "Action": "a",
        "Msg Sent": "17/10/2019 05:29:56",
        "Msg Received": "17/10/2019 05:29:56",
        "Msg Processed": "17/10/2019 05:29:56",
        "XML ID": "220",
        "Total Lag": "0.2527643",
        "Create Lag": "0.2527643",
        "Process Lag": "0"
      }
    ]
  },
  {
    "stopID": "34",
    "stopQueryTime": 1571286601164,
    "count": 2,
    "results": [
      {
        "Direction": "Inbound",
        "Destination": "Broombridge",
        "Time": "00:03:02",
        "AVLS": "00:03:42",
        "Tram": "3020",
        "Action": "a",
        "Msg Sent": "17/10/2019 05:29:53",
        "Msg Received": "17/10/2019 05:29:53",
        "Msg Processed": "17/10/2019 05:29:53",
        "XML ID": "219",
        "Total Lag": "0.9246469",
        "Create Lag": "0.8153833",
        "Process Lag": "0.1092636"
      },
      {
        "Direction": "Outbound",
        "Destination": "Bride's Glen",
        "Time": "00:17:20",
        "AVLS": "00:18:00",
        "Tram": "5021",
        "Action": "a",
        "Msg Sent": "17/10/2019 05:29:56",
        "Msg Received": "17/10/2019 05:29:56",
        "Msg Processed": "17/10/2019 05:29:56",
        "XML ID": "220",
        "Total Lag": "0.2840162",
        "Create Lag": "0.2527643",
        "Process Lag": "0.0312519"
      }
    ]
  },
  {
    "stopID": "37",
    "stopQueryTime": 1571286601166,
    "count": 3,
    "results": [
      {
        "Direction": "Inbound",
        "Destination": "Broombridge",
        "Time": "00:15:03",
        "AVLS": "00:15:43",
        "Tram": "5011",
        "Action": "a",
        "Msg Sent": "17/10/2019 05:29:53",
        "Msg Received": "17/10/2019 05:29:53",
        "Msg Processed": "17/10/2019 05:29:54",
        "XML ID": "219",
        "Total Lag": "1.0652671",
        "Create Lag": "0.8153833",
        "Process Lag": "0.2498838"
      },
      {
        "Direction": "Outbound",
        "Destination": "Bride's Glen",
        "Time": "00:00:24",
        "AVLS": "00:01:04",
        "Tram": "5006",
        "Action": "a",
        "Msg Sent": "17/10/2019 05:29:53",
        "Msg Received": "17/10/2019 05:29:53",
        "Msg Processed": "17/10/2019 05:29:53",
        "XML ID": "219",
        "Total Lag": "0.9871415",
        "Create Lag": "0.8153833",
        "Process Lag": "0.1717582"
      },
      {
        "Direction": "Outbound",
        "Destination": "Bride's Glen",
        "Time": "00:18:00",
        "AVLS": "00:18:40",
        "Tram": "5002",
        "Action": "a",
        "Msg Sent": "17/10/2019 05:29:53",
        "Msg Received": "17/10/2019 05:29:53",
        "Msg Processed": "17/10/2019 05:29:53",
        "XML ID": "219",
        "Total Lag": "0.8465224",
        "Create Lag": "0.8153833",
        "Process Lag": "0.0311391"
      }
    ]
  },
  {
    "stopID": "21",
    "stopQueryTime": 1571286601169,
    "count": 1,
    "results": [
      {
        "Direction": "Outbound",
        "Destination": "Tallaght",
        "Time": "00:09:27",
        "AVLS": "00:10:07",
        "Tram": "3013",
        "Action": "a",
        "Msg Sent": "17/10/2019 05:29:53",
        "Msg Received": "17/10/2019 05:29:53",
        "Msg Processed": "17/10/2019 05:29:53",
        "XML ID": "219",
        "Total Lag": "0.8777666",
        "Create Lag": "0.8153833",
        "Process Lag": "0.0623833"
      }
    ]
  },
  {
    "stopID": "55",
    "stopQueryTime": 1571286601170,
    "count": 1,
    "results": [
      {
        "Direction": "Outbound",
        "Destination": "Tallaght",
        "Time": "00:02:35",
        "AVLS": "00:03:15",
        "Tram": "3013",
        "Action": "a",
        "Msg Sent": "17/10/2019 05:29:53",
        "Msg Received": "17/10/2019 05:29:53",
        "Msg Processed": "17/10/2019 05:29:53",
        "XML ID": "219",
        "Total Lag": "0.8621391",
        "Create Lag": "0.8153833",
        "Process Lag": "0.0467558"
      }
    ]
  },
  {
    "stopID": "45",
    "stopQueryTime": 1571286601173,
    "count": 2,
    "results": [
      {
        "Direction": "Inbound",
        "Destination": "Broombridge",
        "Time": "00:03:58",
        "AVLS": "00:04:38",
        "Tram": "5011",
        "Action": "a",
        "Msg Sent": "17/10/2019 05:29:53",
        "Msg Received": "17/10/2019 05:29:53",
        "Msg Processed": "17/10/2019 05:29:54",
        "XML ID": "219",
        "Total Lag": "1.0340205",
        "Create Lag": "0.8153833",
        "Process Lag": "0.2186372"
      },
      {
        "Direction": "Outbound",
        "Destination": "Bride's Glen",
        "Time": "00:11:19",
        "AVLS": "00:11:59",
        "Tram": "5006",
        "Action": "a",
        "Msg Sent": "17/10/2019 05:29:53",
        "Msg Received": "17/10/2019 05:29:53",
        "Msg Processed": "17/10/2019 05:29:54",
        "XML ID": "219",
        "Total Lag": "1.0183919",
        "Create Lag": "0.8153833",
        "Process Lag": "0.2030086"
      }
    ]
  },
  {
    "stopID": "33",
    "stopQueryTime": 1571286601176,
    "count": 2,
    "results": [
      {
        "Direction": "Inbound",
        "Destination": "Broombridge",
        "Time": "00:04:45",
        "AVLS": "00:05:25",
        "Tram": "3020",
        "Action": "a",
        "Msg Sent": "17/10/2019 05:29:53",
        "Msg Received": "17/10/2019 05:29:53",
        "Msg Processed": "17/10/2019 05:29:53",
        "XML ID": "219",
        "Total Lag": "0.9246469",
        "Create Lag": "0.8153833",
        "Process Lag": "0.1092636"
      },
      {
        "Direction": "Outbound",
        "Destination": "Bride's Glen",
        "Time": "00:15:46",
        "AVLS": "00:16:26",
        "Tram": "5021",
        "Action": "a",
        "Msg Sent": "17/10/2019 05:29:56",
        "Msg Received": "17/10/2019 05:29:56",
        "Msg Processed": "17/10/2019 05:29:56",
        "XML ID": "220",
        "Total Lag": "0.2840162",
        "Create Lag": "0.2527643",
        "Process Lag": "0.0312519"
      }
    ]
  },
  {
    "stopID": "46",
    "stopQueryTime": 1571286601179,
    "count": 2,
    "results": [
      {
        "Direction": "Inbound",
        "Destination": "Broombridge",
        "Time": "00:02:36",
        "AVLS": "00:03:16",
        "Tram": "5011",
        "Action": "a",
        "Msg Sent": "17/10/2019 05:29:53",
        "Msg Received": "17/10/2019 05:29:53",
        "Msg Processed": "17/10/2019 05:29:54",
        "XML ID": "219",
        "Total Lag": "1.0340205",
        "Create Lag": "0.8153833",
        "Process Lag": "0.2186372"
      },
      {
        "Direction": "Outbound",
        "Destination": "Bride's Glen",
        "Time": "00:12:42",
        "AVLS": "00:13:22",
        "Tram": "5006",
        "Action": "a",
        "Msg Sent": "17/10/2019 05:29:53",
        "Msg Received": "17/10/2019 05:29:53",
        "Msg Processed": "17/10/2019 05:29:54",
        "XML ID": "219",
        "Total Lag": "1.0183919",
        "Create Lag": "0.8153833",
        "Process Lag": "0.2030086"
      }
    ]
  },
  {
    "stopID": "16",
    "stopQueryTime": 1571286601181,
    "count": 2,
    "results": [
      {
        "Direction": "Inbound",
        "Destination": "The Point",
        "Time": "00:18:20",
        "AVLS": "00:19:00",
        "Tram": "4003",
        "Action": "a",
        "Msg Sent": "17/10/2019 05:29:53",
        "Msg Received": "17/10/2019 05:29:53",
        "Msg Processed": "17/10/2019 05:29:53",
        "XML ID": "219",
        "Total Lag": "0.8465224",
        "Create Lag": "0.8153833",
        "Process Lag": "0.0311391"
      },
      {
        "Direction": "Outbound",
        "Destination": "Tallaght",
        "Time": "00:18:27",
        "AVLS": "00:19:07",
        "Tram": "3013",
        "Action": "a",
        "Msg Sent": "17/10/2019 05:29:53",
        "Msg Received": "17/10/2019 05:29:53",
        "Msg Processed": "17/10/2019 05:29:53",
        "XML ID": "219",
        "Total Lag": "0.8933918",
        "Create Lag": "0.8153833",
        "Process Lag": "0.0780085"
      }
    ]
  },
  {
    "stopID": "40",
    "stopQueryTime": 1571286601183,
    "count": 2,
    "results": [
      {
        "Direction": "Inbound",
        "Destination": "Broombridge",
        "Time": "00:10:18",
        "AVLS": "00:10:58",
        "Tram": "5011",
        "Action": "a",
        "Msg Sent": "17/10/2019 05:29:53",
        "Msg Received": "17/10/2019 05:29:53",
        "Msg Processed": "17/10/2019 05:29:54",
        "XML ID": "219",
        "Total Lag": "1.0496598",
        "Create Lag": "0.8153833",
        "Process Lag": "0.2342765"
      },
      {
        "Direction": "Outbound",
        "Destination": "Bride's Glen",
        "Time": "00:05:05",
        "AVLS": "00:05:45",
        "Tram": "5006",
        "Action": "a",
        "Msg Sent": "17/10/2019 05:29:53",
        "Msg Received": "17/10/2019 05:29:53",
        "Msg Processed": "17/10/2019 05:29:54",
        "XML ID": "219",
        "Total Lag": "1.0027675",
        "Create Lag": "0.8153833",
        "Process Lag": "0.1873842"
      }
    ]
  },
  {
    "stopID": "47",
    "stopQueryTime": 1571286601187,
    "count": 2,
    "results": [
      {
        "Direction": "Inbound",
        "Destination": "Broombridge",
        "Time": "00:00:35",
        "AVLS": "00:01:15",
        "Tram": "5011",
        "Action": "a",
        "Msg Sent": "17/10/2019 05:29:53",
        "Msg Received": "17/10/2019 05:29:53",
        "Msg Processed": "17/10/2019 05:29:54",
        "XML ID": "219",
        "Total Lag": "1.0183919",
        "Create Lag": "0.8153833",
        "Process Lag": "0.2030086"
      },
      {
        "Direction": "Outbound",
        "Destination": "Bride's Glen",
        "Time": "00:14:39",
        "AVLS": "00:15:19",
        "Tram": "5006",
        "Action": "a",
        "Msg Sent": "17/10/2019 05:29:53",
        "Msg Received": "17/10/2019 05:29:53",
        "Msg Processed": "17/10/2019 05:29:54",
        "XML ID": "219",
        "Total Lag": "1.0183919",
        "Create Lag": "0.8153833",
        "Process Lag": "0.2030086"
      }
    ]
  },
  {
    "stopID": "42",
    "stopQueryTime": 1571286601189,
    "count": 2,
    "results": [
      {
        "Direction": "Inbound",
        "Destination": "Broombridge",
        "Time": "00:08:07",
        "AVLS": "00:08:47",
        "Tram": "5011",
        "Action": "a",
        "Msg Sent": "17/10/2019 05:29:53",
        "Msg Received": "17/10/2019 05:29:53",
        "Msg Processed": "17/10/2019 05:29:54",
        "XML ID": "219",
        "Total Lag": "1.0340205",
        "Create Lag": "0.8153833",
        "Process Lag": "0.2186372"
      },
      {
        "Direction": "Outbound",
        "Destination": "Bride's Glen",
        "Time": "00:07:13",
        "AVLS": "00:07:53",
        "Tram": "5006",
        "Action": "a",
        "Msg Sent": "17/10/2019 05:29:53",
        "Msg Received": "17/10/2019 05:29:53",
        "Msg Processed": "17/10/2019 05:29:54",
        "XML ID": "219",
        "Total Lag": "1.0027675",
        "Create Lag": "0.8153833",
        "Process Lag": "0.1873842"
      }
    ]
  },
  {
    "stopID": "52",
    "stopQueryTime": 1571286601194,
    "count": 1,
    "results": [
      {
        "Direction": "Inbound",
        "Destination": "Belgard",
        "Time": "00:13:42",
        "AVLS": "00:14:22",
        "Tram": "3026",
        "Action": "a",
        "Msg Sent": "17/10/2019 05:29:53",
        "Msg Received": "17/10/2019 05:29:53",
        "Msg Processed": "17/10/2019 05:29:53",
        "XML ID": "219",
        "Total Lag": "0.9558889",
        "Create Lag": "0.8153833",
        "Process Lag": "0.1405056"
      }
    ]
  },
  {
    "stopID": "57",
    "stopQueryTime": 1571286601195,
    "count": 1,
    "results": [
      {
        "Direction": "Outbound",
        "Destination": "Tallaght",
        "Time": "00:00:00",
        "AVLS": "00:00:37",
        "Tram": "3013",
        "Action": "d",
        "Msg Sent": "17/10/2019 05:29:53",
        "Msg Received": "17/10/2019 05:29:53",
        "Msg Processed": "17/10/2019 05:29:53",
        "XML ID": "219",
        "Total Lag": "0.8621391",
        "Create Lag": "0.8153833",
        "Process Lag": "0.0467558"
      }
    ]
  },
  {
    "stopID": "38",
    "stopQueryTime": 1571286601201,
    "count": 2,
    "results": [
      {
        "Direction": "Inbound",
        "Destination": "Broombridge",
        "Time": "00:13:33",
        "AVLS": "00:14:13",
        "Tram": "5011",
        "Action": "a",
        "Msg Sent": "17/10/2019 05:29:53",
        "Msg Received": "17/10/2019 05:29:53",
        "Msg Processed": "17/10/2019 05:29:54",
        "XML ID": "219",
        "Total Lag": "1.0496598",
        "Create Lag": "0.8153833",
        "Process Lag": "0.2342765"
      },
      {
        "Direction": "Outbound",
        "Destination": "Bride's Glen",
        "Time": "00:01:52",
        "AVLS": "00:02:32",
        "Tram": "5006",
        "Action": "a",
        "Msg Sent": "17/10/2019 05:29:53",
        "Msg Received": "17/10/2019 05:29:53",
        "Msg Processed": "17/10/2019 05:29:54",
        "XML ID": "219",
        "Total Lag": "1.0027675",
        "Create Lag": "0.8153833",
        "Process Lag": "0.1873842"
      }
    ]
  },
  {
    "stopID": "26",
    "stopQueryTime": 1571286601202,
    "count": 2,
    "results": [
      {
        "Direction": "Inbound",
        "Destination": "Broombridge",
        "Time": "00:16:19",
        "AVLS": "00:16:59",
        "Tram": "3020",
        "Action": "a",
        "Msg Sent": "17/10/2019 05:29:53",
        "Msg Received": "17/10/2019 05:29:53",
        "Msg Processed": "17/10/2019 05:29:53",
        "XML ID": "219",
        "Total Lag": "0.9558889",
        "Create Lag": "0.8153833",
        "Process Lag": "0.1405056"
      },
      {
        "Direction": "Outbound",
        "Destination": "Bride's Glen",
        "Time": "00:03:58",
        "AVLS": "00:04:38",
        "Tram": "5021",
        "Action": "a",
        "Msg Sent": "17/10/2019 05:29:56",
        "Msg Received": "17/10/2019 05:29:56",
        "Msg Processed": "17/10/2019 05:29:56",
        "XML ID": "220",
        "Total Lag": "0.2527643",
        "Create Lag": "0.2527643",
        "Process Lag": "0"
      }
    ]
  },
  {
    "stopID": "54",
    "stopQueryTime": 1571286601203,
    "count": 1,
    "results": [
      {
        "Direction": "Outbound",
        "Destination": "Tallaght",
        "Time": "00:04:03",
        "AVLS": "00:04:43",
        "Tram": "3013",
        "Action": "a",
        "Msg Sent": "17/10/2019 05:29:53",
        "Msg Received": "17/10/2019 05:29:53",
        "Msg Processed": "17/10/2019 05:29:53",
        "XML ID": "219",
        "Total Lag": "0.8621391",
        "Create Lag": "0.8153833",
        "Process Lag": "0.0467558"
      }
    ]
  },
  {
    "stopID": "6",
    "stopQueryTime": 1571286601205,
    "count": 2,
    "results": [
      {
        "Direction": "Inbound",
        "Destination": "The Point",
        "Time": "00:01:20",
        "AVLS": "00:02:00",
        "Tram": "4003",
        "Action": "d",
        "Msg Sent": "17/10/2019 05:29:53",
        "Msg Received": "17/10/2019 05:29:53",
        "Msg Processed": "17/10/2019 05:29:53",
        "XML ID": "219",
        "Total Lag": "0.8153833",
        "Create Lag": "0.7996455",
        "Process Lag": "0.0157378"
      },
      {
        "Direction": "Inbound",
        "Destination": "The Point",
        "Time": "00:10:27",
        "AVLS": "00:11:07",
        "Tram": "3018",
        "Action": "a",
        "Msg Sent": "17/10/2019 05:29:53",
        "Msg Received": "17/10/2019 05:29:53",
        "Msg Processed": "17/10/2019 05:29:53",
        "XML ID": "219",
        "Total Lag": "0.9090169",
        "Create Lag": "0.8153833",
        "Process Lag": "0.0936336"
      }
    ]
  },
  {
    "stopID": "2",
    "stopQueryTime": 1571286601206,
    "count": 2,
    "results": [
      {
        "Direction": "Inbound",
        "Destination": "The Point",
        "Time": "00:00:41",
        "AVLS": "00:01:21",
        "Tram": "3018",
        "Action": "a",
        "Msg Sent": "17/10/2019 05:29:53",
        "Msg Received": "17/10/2019 05:29:53",
        "Msg Processed": "17/10/2019 05:29:53",
        "XML ID": "219",
        "Total Lag": "0.8933918",
        "Create Lag": "0.8153833",
        "Process Lag": "0.0780085"
      },
      {
        "Direction": "Outbound",
        "Destination": "Tallaght",
        "Time": "00:06:46",
        "AVLS": "00:07:26",
        "Tram": "4004",
        "Action": "a",
        "Msg Sent": "17/10/2019 05:29:53",
        "Msg Received": "17/10/2019 05:29:53",
        "Msg Processed": "17/10/2019 05:29:53",
        "XML ID": "219",
        "Total Lag": "0.9871415",
        "Create Lag": "0.8153833",
        "Process Lag": "0.1717582"
      }
    ]
  },
  {
    "stopID": "36",
    "stopQueryTime": 1571286601226,
    "count": 3,
    "results": [
      {
        "Direction": "Inbound",
        "Destination": "Broombridge",
        "Time": "00:00:00",
        "AVLS": "00:00:07",
        "Tram": "3020",
        "Action": "d",
        "Msg Sent": "17/10/2019 05:29:53",
        "Msg Received": "17/10/2019 05:29:53",
        "Msg Processed": "17/10/2019 05:29:53",
        "XML ID": "219",
        "Total Lag": "0.9246469",
        "Create Lag": "0.8153833",
        "Process Lag": "0.1092636"
      },
      {
        "Direction": "Inbound",
        "Destination": "Broombridge",
        "Time": "00:17:27",
        "AVLS": "00:18:07",
        "Tram": "5011",
        "Action": "a",
        "Msg Sent": "17/10/2019 05:29:53",
        "Msg Received": "17/10/2019 05:29:53",
        "Msg Processed": "17/10/2019 05:29:54",
        "XML ID": "219",
        "Total Lag": "1.0652671",
        "Create Lag": "0.8153833",
        "Process Lag": "0.2498838"
      },
      {
        "Direction": "Outbound",
        "Destination": "Bride's Glen",
        "Time": "00:15:27",
        "AVLS": "00:16:07",
        "Tram": "5002",
        "Action": "d",
        "Msg Sent": "17/10/2019 05:29:53",
        "Msg Received": "17/10/2019 05:29:53",
        "Msg Processed": "17/10/2019 05:29:53",
        "XML ID": "219",
        "Total Lag": "0.8465224",
        "Create Lag": "0.8153833",
        "Process Lag": "0.0311391"
      }
    ]
  }
]