[
  {
    "stopID": "10",
    "stopQueryTime": 1571286540763,
    "count": 1,
    "results": [
      {
        "Direction": "Inbound",
        "Destination": "The Point",
        "Time": "00:10:00",
        "AVLS": "00:10:40",
        "Tram": "4003",
        "Action": "a",
        "Msg Sent": "17/10/2019 05:28:54",
        "Msg Received": "17/10/2019 05:28:54",
        "Msg Processed": "17/10/2019 05:28:54",
        "XML ID": "211",
        "Total Lag": "0.8778059",
        "Create Lag": "0.8466921",
        "Process Lag": "0.0311138"
      }
    ]
  },
  {
    "stopID": "2",
    "stopQueryTime": 1571286540778,
    "count": 2,
    "results": [
      {
        "Direction": "Inbound",
        "Destination": "The Point",
        "Time": "00:01:41",
        "AVLS": "00:02:21",
        "Tram": "3018",
        "Action": "a",
        "Msg Sent": "17/10/2019 05:28:54",
        "Msg Received": "17/10/2019 05:28:54",
        "Msg Processed": "17/10/2019 05:28:54",
        "XML ID": "211",
        "Total Lag": "0.9403079",
        "Create Lag": "0.8466921",
        "Process Lag": "0.0936158"
      },
      {
        "Direction": "Outbound",
        "Destination": "Tallaght",
        "Time": "00:08:34",
        "AVLS": "00:09:14",
        "Tram": "4004",
        "Action": "a",
        "Msg Sent": "17/10/2019 05:28:54",
        "Msg Received": "17/10/2019 05:28:54",
        "Msg Processed": "17/10/2019 05:28:55",
        "XML ID": "211",
        "Total Lag": "1.0340585",
        "Create Lag": "0.8466921",
        "Process Lag": "0.1873664"
      }
    ]
  },
  {
    "stopID": "1",
    "stopQueryTime": 1571286540781,
    "count": 2,
    "results": [
      {
        "Direction": "Inbound",
        "Destination": "The Point",
        "Time": "00:00:27",
        "AVLS": "00:01:07",
        "Tram": "3018",
        "Action": "d",
        "Msg Sent": "17/10/2019 05:28:54",
        "Msg Received": "17/10/2019 05:28:54",
        "Msg Processed": "17/10/2019 05:28:54",
        "XML ID": "211",
        "Total Lag": "0.9403079",
        "Create Lag": "0.8466921",
        "Process Lag": "0.0936158"
      },
      {
        "Direction": "Terminating",
        "Destination": "Tallaght",
        "Time": "00:10:15",
        "AVLS": "00:10:55",
        "Tram": "4004",
        "Action": "a",
        "Msg Sent": "17/10/2019 05:28:54",
        "Msg Received": "17/10/2019 05:28:54",
        "Msg Processed": "17/10/2019 05:28:55",
        "XML ID": "211",
        "Total Lag": "1.0340585",
        "Create Lag": "0.8466921",
        "Process Lag": "0.1873664"
      }
    ]
  },
  {
    "stopID": "14",
    "stopQueryTime": 1571286540799,
    "count": 1,
    "results": [
      {
        "Direction": "Inbound",
        "Destination": "The Point",
        "Time": "00:14:17",
        "AVLS": "00:14:57",
        "Tram": "4003",
        "Action": "a",
        "Msg Sent": "17/10/2019 05:28:54",
        "Msg Received": "17/10/2019 05:28:54",
        "Msg Processed": "17/10/2019 05:28:54",
        "XML ID": "211",
        "Total Lag": "0.8934342",
        "Create Lag": "0.8466921",
        "Process Lag": "0.0467421"
      }
    ]
  },
  {
    "stopID": "15",
    "stopQueryTime": 1571286540802,
    "count": 1,
    "results": [
      {
        "Direction": "Inbound",
        "Destination": "The Point",
        "Time": "00:15:55",
        "AVLS": "00:16:35",
        "Tram": "4003",
        "Action": "a",
        "Msg Sent": "17/10/2019 05:28:54",
        "Msg Received": "17/10/2019 05:28:54",
        "Msg Processed": "17/10/2019 05:28:54",
        "XML ID": "211",
        "Total Lag": "0.8934342",
        "Create Lag": "0.8466921",
        "Process Lag": "0.0467421"
      }
    ]
  },
  {
    "stopID": "4",
    "stopQueryTime": 1571286540806,
    "count": 2,
    "results": [
      {
        "Direction": "Inbound",
        "Destination": "The Point",
        "Time": "00:06:27",
        "AVLS": "00:07:07",
        "Tram": "3018",
        "Action": "a",
        "Msg Sent": "17/10/2019 05:28:54",
        "Msg Received": "17/10/2019 05:28:54",
        "Msg Processed": "17/10/2019 05:28:54",
        "XML ID": "211",
        "Total Lag": "0.9403079",
        "Create Lag": "0.8466921",
        "Process Lag": "0.0936158"
      },
      {
        "Direction": "Outbound",
        "Destination": "Tallaght",
        "Time": "00:05:26",
        "AVLS": "00:06:06",
        "Tram": "4004",
        "Action": "a",
        "Msg Sent": "17/10/2019 05:28:54",
        "Msg Received": "17/10/2019 05:28:54",
        "Msg Processed": "17/10/2019 05:28:55",
        "XML ID": "211",
        "Total Lag": "1.0184327",
        "Create Lag": "0.8466921",
        "Process Lag": "0.1717406"
      }
    ]
  },
  {
    "stopID": "8",
    "stopQueryTime": 1571286540812,
    "count": 2,
    "results": [
      {
        "Direction": "Inbound",
        "Destination": "The Point",
        "Time": "00:06:48",
        "AVLS": "00:07:28",
        "Tram": "4003",
        "Action": "a",
        "Msg Sent": "17/10/2019 05:28:54",
        "Msg Received": "17/10/2019 05:28:54",
        "Msg Processed": "17/10/2019 05:28:54",
        "XML ID": "211",
        "Total Lag": "0.8621827",
        "Create Lag": "0.8466921",
        "Process Lag": "0.0154906"
      },
      {
        "Direction": "Inbound",
        "Destination": "The Point",
        "Time": "00:16:55",
        "AVLS": "00:17:35",
        "Tram": "3018",
        "Action": "a",
        "Msg Sent": "17/10/2019 05:28:54",
        "Msg Received": "17/10/2019 05:28:54",
        "Msg Processed": "17/10/2019 05:28:54",
        "XML ID": "211",
        "Total Lag": "0.9559391",
        "Create Lag": "0.8466921",
        "Process Lag": "0.109247"
      }
    ]
  },
  {
    "stopID": "9",
    "stopQueryTime": 1571286540814,
    "count": 2,
    "results": [
      {
        "Direction": "Inbound",
        "Destination": "The Point",
        "Time": "00:08:50",
        "AVLS": "00:09:30",
        "Tram": "4003",
        "Action": "a",
        "Msg Sent": "17/10/2019 05:28:54",
        "Msg Received": "17/10/2019 05:28:54",
        "Msg Processed": "17/10/2019 05:28:54",
        "XML ID": "211",
        "Total Lag": "0.8621827",
        "Create Lag": "0.8466921",
        "Process Lag": "0.0154906"
      },
      {
        "Direction": "Inbound",
        "Destination": "The Point",
        "Time": "00:18:57",
        "AVLS": "00:19:37",
        "Tram": "3018",
        "Action": "a",
        "Msg Sent": "17/10/2019 05:28:54",
        "Msg Received": "17/10/2019 05:28:54",
        "Msg Processed": "17/10/2019 05:28:54",
        "XML ID": "211",
        "Total Lag": "0.9559391",
        "Create Lag": "0.8466921",
        "Process Lag": "0.109247"
      }
    ]
  },
  {
    "stopID": "16",
    "stopQueryTime": 1571286540822,
    "count": 1,
    "results": [
      {
        "Direction": "Inbound",
        "Destination": "The Point",
        "Time": "00:18:20",
        "AVLS": "00:19:00",
        "Tram": "4003",
        "Action": "a",
        "Msg Sent": "17/10/2019 05:28:54",
        "Msg Received": "17/10/2019 05:28:54",
        "Msg Processed": "17/10/2019 05:28:54",
        "XML ID": "211",
        "Total Lag": "0.8934342",
        "Create Lag": "0.8466921",
        "Process Lag": "0.0467421"
      }
    ]
  },
  {
    "stopID": "22",
    "stopQueryTime": 1571286540823,
    "count": 1,
    "results": [
      {
        "Direction": "Outbound",
        "Destination": "Tallaght",
        "Time": "00:06:59",
        "AVLS": "00:07:39",
        "Tram": "3013",
        "Action": "a",
        "Msg Sent": "17/10/2019 05:28:54",
        "Msg Received": "17/10/2019 05:28:54",
        "Msg Processed": "17/10/2019 05:28:54",
        "XML ID": "211",
        "Total Lag": "0.9090569",
        "Create Lag": "0.8466921",
        "Process Lag": "0.0623648"
      }
    ]
  },
  {
    "stopID": "13",
    "stopQueryTime": 1571286540825,
    "count": 1,
    "results": [
      {
        "Direction": "Inbound",
        "Destination": "The Point",
        "Time": "00:13:24",
        "AVLS": "00:14:04",
        "Tram": "4003",
        "Action": "a",
        "Msg Sent": "17/10/2019 05:28:54",
        "Msg Received": "17/10/2019 05:28:54",
        "Msg Processed": "17/10/2019 05:28:54",
        "XML ID": "211",
        "Total Lag": "0.8778059",
        "Create Lag": "0.8466921",
        "Process Lag": "0.0311138"
      }
    ]
  },
  {
    "stopID": "58",
    "stopQueryTime": 1571286540829,
    "count": 0,
    "results": []
  },
  {
    "stopID": "23",
    "stopQueryTime": 1571286540831,
    "count": 0,
    "results": []
  },
  {
    "stopID": "25",
    "stopQueryTime": 1571286540841,
    "count": 1,
    "results": [
      {
        "Direction": "Outbound",
        "Destination": "Bride's Glen",
        "Time": "00:02:25",
        "AVLS": "00:03:05",
        "Tram": "5021",
        "Action": "a",
        "Msg Sent": "17/10/2019 05:28:54",
        "Msg Received": "17/10/2019 05:28:54",
        "Msg Processed": "17/10/2019 05:28:55",
        "XML ID": "211",
        "Total Lag": "1.1121819",
        "Create Lag": "0.8466921",
        "Process Lag": "0.2654898"
      }
    ]
  },
  {
    "stopID": "20",
    "stopQueryTime": 1571286540857,
    "count": 1,
    "results": [
      {
        "Direction": "Outbound",
        "Destination": "Tallaght",
        "Time": "00:12:39",
        "AVLS": "00:13:19",
        "Tram": "3013",
        "Action": "a",
        "Msg Sent": "17/10/2019 05:28:54",
        "Msg Received": "17/10/2019 05:28:54",
        "Msg Processed": "17/10/2019 05:28:54",
        "XML ID": "211",
        "Total Lag": "0.924703",
        "Create Lag": "0.8466921",
        "Process Lag": "0.0780109"
      }
    ]
  },
  {
    "stopID": "48",
    "stopQueryTime": 1571286540860,
    "count": 1,
    "results": [
      {
        "Direction": "Inbound",
        "Destination": "Broombridge",
        "Time": "00:00:27",
        "AVLS": "00:01:07",
        "Tram": "5011",
        "Action": "d",
        "Msg Sent": "17/10/2019 05:28:54",
        "Msg Received": "17/10/2019 05:28:54",
        "Msg Processed": "17/10/2019 05:28:55",
        "XML ID": "211",
        "Total Lag": "1.0653072",
        "Create Lag": "0.8466921",
        "Process Lag": "0.2186151"
      }
    ]
  },
  {
    "stopID": "54",
    "stopQueryTime": 1571286540861,
    "count": 1,
    "results": [
      {
        "Direction": "Outbound",
        "Destination": "Tallaght",
        "Time": "00:05:03",
        "AVLS": "00:05:43",
        "Tram": "3013",
        "Action": "a",
        "Msg Sent": "17/10/2019 05:28:54",
        "Msg Received": "17/10/2019 05:28:54",
        "Msg Processed": "17/10/2019 05:28:54",
        "XML ID": "211",
        "Total Lag": "0.9090569",
        "Create Lag": "0.8466921",
        "Process Lag": "0.0623648"
      }
    ]
  },
  {
    "stopID": "11",
    "stopQueryTime": 1571286540869,
    "count": 1,
    "results": [
      {
        "Direction": "Inbound",
        "Destination": "The Point",
        "Time": "00:10:52",
        "AVLS": "00:11:32",
        "Tram": "4003",
        "Action": "a",
        "Msg Sent": "17/10/2019 05:28:54",
        "Msg Received": "17/10/2019 05:28:54",
        "Msg Processed": "17/10/2019 05:28:54",
        "XML ID": "211",
        "Total Lag": "0.8778059",
        "Create Lag": "0.8466921",
        "Process Lag": "0.0311138"
      }
    ]
  },
  {
    "stopID": "38",
    "stopQueryTime": 1571286540876,
    "count": 2,
    "results": [
      {
        "Direction": "Inbound",
        "Destination": "Broombridge",
        "Time": "00:14:33",
        "AVLS": "00:15:13",
        "Tram": "5011",
        "Action": "a",
        "Msg Sent": "17/10/2019 05:28:54",
        "Msg Received": "17/10/2019 05:28:54",
        "Msg Processed": "17/10/2019 05:28:55",
        "XML ID": "211",
        "Total Lag": "1.0965571",
        "Create Lag": "0.8466921",
        "Process Lag": "0.249865"
      },
      {
        "Direction": "Outbound",
        "Destination": "Bride's Glen",
        "Time": "00:02:52",
        "AVLS": "00:03:32",
        "Tram": "5006",
        "Action": "a",
        "Msg Sent": "17/10/2019 05:28:54",
        "Msg Received": "17/10/2019 05:28:54",
        "Msg Processed": "17/10/2019 05:28:55",
        "XML ID": "211",
        "Total Lag": "1.0340585",
        "Create Lag": "0.8466921",
        "Process Lag": "0.1873664"
      }
    ]
  },
  {
    "stopID": "3",
    "stopQueryTime": 1571286540878,
    "count": 2,
    "results": [
      {
        "Direction": "Inbound",
        "Destination": "The Point",
        "Time": "00:03:22",
        "AVLS": "00:04:02",
        "Tram": "3018",
        "Action": "a",
        "Msg Sent": "17/10/2019 05:28:54",
        "Msg Received": "17/10/2019 05:28:54",
        "Msg Processed": "17/10/2019 05:28:54",
        "XML ID": "211",
        "Total Lag": "0.9403079",
        "Create Lag": "0.8466921",
        "Process Lag": "0.0936158"
      },
      {
        "Direction": "Outbound",
        "Destination": "Tallaght",
        "Time": "00:07:18",
        "AVLS": "00:07:58",
        "Tram": "4004",
        "Action": "a",
        "Msg Sent": "17/10/2019 05:28:54",
        "Msg Received": "17/10/2019 05:28:54",
        "Msg Processed": "17/10/2019 05:28:55",
        "XML ID": "211",
        "Total Lag": "1.0184327",
        "Create Lag": "0.8466921",
        "Process Lag": "0.1717406"
      }
    ]
  },
  {
    "stopID": "39",
    "stopQueryTime": 1571286540881,
    "count": 2,
    "results": [
      {
        "Direction": "Inbound",
        "Destination": "Broombridge",
        "Time": "00:12:48",
        "AVLS": "00:13:28",
        "Tram": "5011",
        "Action": "a",
        "Msg Sent": "17/10/2019 05:28:54",
        "Msg Received": "17/10/2019 05:28:54",
        "Msg Processed": "17/10/2019 05:28:55",
        "XML ID": "211",
        "Total Lag": "1.0965571",
        "Create Lag": "0.8466921",
        "Process Lag": "0.249865"
      },
      {
        "Direction": "Outbound",
        "Destination": "Bride's Glen",
        "Time": "00:04:37",
        "AVLS": "00:05:17",
        "Tram": "5006",
        "Action": "a",
        "Msg Sent": "17/10/2019 05:28:54",
        "Msg Received": "17/10/2019 05:28:54",
        "Msg Processed": "17/10/2019 05:28:55",
        "XML ID": "211",
        "Total Lag": "1.0340585",
        "Create Lag": "0.8466921",
        "Process Lag": "0.1873664"
      }
    ]
  },
  {
    "stopID": "26",
    "stopQueryTime": 1571286540883,
    "count": 2,
    "results": [
      {
        "Direction": "Inbound",
        "Destination": "Broombridge",
        "Time": "00:19:05",
        "AVLS": "00:19:45",
        "Tram": "3020",
        "Action": "a",
        "Msg Sent": "17/10/2019 05:28:54",
        "Msg Received": "17/10/2019 05:28:54",
        "Msg Processed": "17/10/2019 05:28:55",
        "XML ID": "211",
        "Total Lag": "1.0028093",
        "Create Lag": "0.8466921",
        "Process Lag": "0.1561172"
      },
      {
        "Direction": "Outbound",
        "Destination": "Bride's Glen",
        "Time": "00:05:05",
        "AVLS": "00:05:45",
        "Tram": "5021",
        "Action": "a",
        "Msg Sent": "17/10/2019 05:28:54",
        "Msg Received": "17/10/2019 05:28:54",
        "Msg Processed": "17/10/2019 05:28:55",
        "XML ID": "211",
        "Total Lag": "1.1121819",
        "Create Lag": "0.8466921",
        "Process Lag": "0.2654898"
      }
    ]
  },
  {
    "stopID": "50",
    "stopQueryTime": 1571286540884,
    "count": 1,
    "results": [
      {
        "Direction": "Inbound",
        "Destination": "Belgard",
        "Time": "00:17:45",
        "AVLS": "00:18:25",
        "Tram": "3026",
        "Action": "a",
        "Msg Sent": "17/10/2019 05:28:54",
        "Msg Received": "17/10/2019 05:28:54",
        "Msg Processed": "17/10/2019 05:28:55",
        "XML ID": "211",
        "Total Lag": "1.0184327",
        "Create Lag": "0.8466921",
        "Process Lag": "0.1717406"
      }
    ]
  },
  {
    "stopID": "12",
    "stopQueryTime": 1571286540887,
    "count": 1,
    "results": [
      {
        "Direction": "Inbound",
        "Destination": "The Point",
        "Time": "00:11:51",
        "AVLS": "00:12:31",
        "Tram": "4003",
        "Action": "a",
        "Msg Sent": "17/10/2019 05:28:54",
        "Msg Received": "17/10/2019 05:28:54",
        "Msg Processed": "17/10/2019 05:28:54",
        "XML ID": "211",
        "Total Lag": "0.8778059",
        "Create Lag": "0.8466921",
        "Process Lag": "0.0311138"
      }
    ]
  },
  {
    "stopID": "56",
    "stopQueryTime": 1571286540888,
    "count": 1,
    "results": [
      {
        "Direction": "Outbound",
        "Destination": "Tallaght",
        "Time": "00:01:36",
        "AVLS": "00:02:16",
        "Tram": "3013",
        "Action": "a",
        "Msg Sent": "17/10/2019 05:28:54",
        "Msg Received": "17/10/2019 05:28:54",
        "Msg Processed": "17/10/2019 05:28:54",
        "XML ID": "211",
        "Total Lag": "0.9090569",
        "Create Lag": "0.8466921",
        "Process Lag": "0.0623648"
      }
    ]
  },
  {
    "stopID": "31",
    "stopQueryTime": 1571286540891,
    "count": 2,
    "results": [
      {
        "Direction": "Inbound",
        "Destination": "Broombridge",
        "Time": "00:11:12",
        "AVLS": "00:11:52",
        "Tram": "3020",
        "Action": "a",
        "Msg Sent": "17/10/2019 05:28:54",
        "Msg Received": "17/10/2019 05:28:54",
        "Msg Processed": "17/10/2019 05:28:54",
        "XML ID": "211",
        "Total Lag": "0.9715561",
        "Create Lag": "0.8466921",
        "Process Lag": "0.124864"
      },
      {
        "Direction": "Outbound",
        "Destination": "Bride's Glen",
        "Time": "00:13:29",
        "AVLS": "00:14:09",
        "Tram": "5021",
        "Action": "a",
        "Msg Sent": "17/10/2019 05:28:54",
        "Msg Received": "17/10/2019 05:28:54",
        "Msg Processed": "17/10/2019 05:28:55",
        "XML ID": "211",
        "Total Lag": "1.1278079",
        "Create Lag": "0.8466921",
        "Process Lag": "0.2811158"
      }
    ]
  },
  {
    "stopID": "28",
    "stopQueryTime": 1571286540892,
    "count": 2,
    "results": [
      {
        "Direction": "Inbound",
        "Destination": "Broombridge",
        "Time": "00:16:13",
        "AVLS": "00:16:53",
        "Tram": "3020",
        "Action": "a",
        "Msg Sent": "17/10/2019 05:28:54",
        "Msg Received": "17/10/2019 05:28:54",
        "Msg Processed": "17/10/2019 05:28:54",
        "XML ID": "211",
        "Total Lag": "0.987181",
        "Create Lag": "0.8466921",
        "Process Lag": "0.1404889"
      },
      {
        "Direction": "Outbound",
        "Destination": "Bride's Glen",
        "Time": "00:08:27",
        "AVLS": "00:09:07",
        "Tram": "5021",
        "Action": "a",
        "Msg Sent": "17/10/2019 05:28:54",
        "Msg Received": "17/10/2019 05:28:54",
        "Msg Processed": "17/10/2019 05:28:55",
        "XML ID": "211",
        "Total Lag": "1.1121819",
        "Create Lag": "0.8466921",
        "Process Lag": "0.2654898"
      }
    ]
  },
  {
    "stopID": "27",
    "stopQueryTime": 1571286540898,
    "count": 2,
    "results": [
      {
        "Direction": "Inbound",
        "Destination": "Broombridge",
        "Time": "00:17:44",
        "AVLS": "00:18:24",
        "Tram": "3020",
        "Action": "a",
        "Msg Sent": "17/10/2019 05:28:54",
        "Msg Received": "17/10/2019 05:28:54",
        "Msg Processed": "17/10/2019 05:28:55",
        "XML ID": "211",
        "Total Lag": "1.0028093",
        "Create Lag": "0.8466921",
        "Process Lag": "0.1561172"
      },
      {
        "Direction": "Outbound",
        "Destination": "Bride's Glen",
        "Time": "00:06:33",
        "AVLS": "00:07:13",
        "Tram": "5021",
        "Action": "a",
        "Msg Sent": "17/10/2019 05:28:54",
        "Msg Received": "17/10/2019 05:28:54",
        "Msg Processed": "17/10/2019 05:28:55",
        "XML ID": "211",
        "Total Lag": "1.1121819",
        "Create Lag": "0.8466921",
        "Process Lag": "0.2654898"
      }
    ]
  },
  {
    "stopID": "30",
    "stopQueryTime": 1571286540900,
    "count": 2,
    "results": [
      {
        "Direction": "Inbound",
        "Destination": "Broombridge",
        "Time": "00:12:59",
        "AVLS": "00:13:39",
        "Tram": "3020",
        "Action": "a",
        "Msg Sent": "17/10/2019 05:28:54",
        "Msg Received": "17/10/2019 05:28:54",
        "Msg Processed": "17/10/2019 05:28:54",
        "XML ID": "211",
        "Total Lag": "0.987181",
        "Create Lag": "0.8466921",
        "Process Lag": "0.1404889"
      },
      {
        "Direction": "Outbound",
        "Destination": "Bride's Glen",
        "Time": "00:11:41",
        "AVLS": "00:12:21",
        "Tram": "5021",
        "Action": "a",
        "Msg Sent": "17/10/2019 05:28:54",
        "Msg Received": "17/10/2019 05:28:54",
        "Msg Processed": "17/10/2019 05:28:55",
        "XML ID": "211",
        "Total Lag": "1.1278079",
        "Create Lag": "0.8466921",
        "Process Lag": "0.2811158"
      }
    ]
  },
  {
    "stopID": "53",
    "stopQueryTime": 1571286540905,
    "count": 1,
    "results": [
      {
        "Direction": "Inbound",
        "Destination": "Belgard",
        "Time": "00:12:27",
        "AVLS": "00:13:07",
        "Tram": "3026",
        "Action": "d",
        "Msg Sent": "17/10/2019 05:28:54",
        "Msg Received": "17/10/2019 05:28:54",
        "Msg Processed": "17/10/2019 05:28:55",
        "XML ID": "211",
        "Total Lag": "1.0028093",
        "Create Lag": "0.8466921",
        "Process Lag": "0.1561172"
      }
    ]
  },
  {
    "stopID": "32",
    "stopQueryTime": 1571286540907,
    "count": 2,
    "results": [
      {
        "Direction": "Inbound",
        "Destination": "Broombridge",
        "Time": "00:09:13",
        "AVLS": "00:09:53",
        "Tram": "3020",
        "Action": "a",
        "Msg Sent": "17/10/2019 05:28:54",
        "Msg Received": "17/10/2019 05:28:54",
        "Msg Processed": "17/10/2019 05:28:54",
        "XML ID": "211",
        "Total Lag": "0.9715561",
        "Create Lag": "0.8466921",
        "Process Lag": "0.124864"
      },
      {
        "Direction": "Outbound",
        "Destination": "Bride's Glen",
        "Time": "00:15:27",
        "AVLS": "00:16:07",
        "Tram": "5021",
        "Action": "a",
        "Msg Sent": "17/10/2019 05:28:54",
        "Msg Received": "17/10/2019 05:28:54",
        "Msg Processed": "17/10/2019 05:28:55",
        "XML ID": "211",
        "Total Lag": "1.1278079",
        "Create Lag": "0.8466921",
        "Process Lag": "0.2811158"
      }
    ]
  },
  {
    "stopID": "6",
    "stopQueryTime": 1571286540911,
    "count": 2,
    "results": [
      {
        "Direction": "Inbound",
        "Destination": "The Point",
        "Time": "00:01:20",
        "AVLS": "00:02:00",
        "Tram": "4003",
        "Action": "d",
        "Msg Sent": "17/10/2019 05:28:54",
        "Msg Received": "17/10/2019 05:28:54",
        "Msg Processed": "17/10/2019 05:28:54",
        "XML ID": "211",
        "Total Lag": "0.8466921",
        "Create Lag": "0.8466921",
        "Process Lag": "0"
      },
      {
        "Direction": "Inbound",
        "Destination": "The Point",
        "Time": "00:11:27",
        "AVLS": "00:12:07",
        "Tram": "3018",
        "Action": "a",
        "Msg Sent": "17/10/2019 05:28:54",
        "Msg Received": "17/10/2019 05:28:54",
        "Msg Processed": "17/10/2019 05:28:54",
        "XML ID": "211",
        "Total Lag": "0.9559391",
        "Create Lag": "0.8466921",
        "Process Lag": "0.109247"
      }
    ]
  },
  {
    "stopID": "44",
    "stopQueryTime": 1571286540913,
    "count": 2,
    "results": [
      {
        "Direction": "Inbound",
        "Destination": "Broombridge",
        "Time": "00:06:27",
        "AVLS": "00:07:07",
        "Tram": "5011",
        "Action": "a",
        "Msg Sent": "17/10/2019 05:28:54",
        "Msg Received": "17/10/2019 05:28:54",
        "Msg Processed": "17/10/2019 05:28:55",
        "XML ID": "211",
        "Total Lag": "1.0809332",
        "Create Lag": "0.8466921",
        "Process Lag": "0.2342411"
      },
      {
        "Direction": "Outbound",
        "Destination": "Bride's Glen",
        "Time": "00:10:51",
        "AVLS": "00:11:31",
        "Tram": "5006",
        "Action": "a",
        "Msg Sent": "17/10/2019 05:28:54",
        "Msg Received": "17/10/2019 05:28:54",
        "Msg Processed": "17/10/2019 05:28:55",
        "XML ID": "211",
        "Total Lag": "1.0496866",
        "Create Lag": "0.8466921",
        "Process Lag": "0.2029945"
      }
    ]
  },
  {
    "stopID": "47",
    "stopQueryTime": 1571286540917,
    "count": 2,
    "results": [
      {
        "Direction": "Inbound",
        "Destination": "Broombridge",
        "Time": "00:01:35",
        "AVLS": "00:02:15",
        "Tram": "5011",
        "Action": "a",
        "Msg Sent": "17/10/2019 05:28:54",
        "Msg Received": "17/10/2019 05:28:54",
        "Msg Processed": "17/10/2019 05:28:55",
        "XML ID": "211",
        "Total Lag": "1.0653072",
        "Create Lag": "0.8466921",
        "Process Lag": "0.2186151"
      },
      {
        "Direction": "Outbound",
        "Destination": "Bride's Glen",
        "Time": "00:15:39",
        "AVLS": "00:16:19",
        "Tram": "5006",
        "Action": "a",
        "Msg Sent": "17/10/2019 05:28:54",
        "Msg Received": "17/10/2019 05:28:54",
        "Msg Processed": "17/10/2019 05:28:55",
        "XML ID": "211",
        "Total Lag": "1.0653072",
        "Create Lag": "0.8466921",
        "Process Lag": "0.2186151"
      }
    ]
  },
  {
    "stopID": "45",
    "stopQueryTime": 1571286540919,
    "count": 2,
    "results": [
      {
        "Direction": "Inbound",
        "Destination": "Broombridge",
        "Time": "00:04:58",
        "AVLS": "00:05:38",
        "Tram": "5011",
        "Action": "a",
        "Msg Sent": "17/10/2019 05:28:54",
        "Msg Received": "17/10/2019 05:28:54",
        "Msg Processed": "17/10/2019 05:28:55",
        "XML ID": "211",
        "Total Lag": "1.0809332",
        "Create Lag": "0.8466921",
        "Process Lag": "0.2342411"
      },
      {
        "Direction": "Outbound",
        "Destination": "Bride's Glen",
        "Time": "00:12:19",
        "AVLS": "00:12:59",
        "Tram": "5006",
        "Action": "a",
        "Msg Sent": "17/10/2019 05:28:54",
        "Msg Received": "17/10/2019 05:28:54",
        "Msg Processed": "17/10/2019 05:28:55",
        "XML ID": "211",
        "Total Lag": "1.0496866",
        "Create Lag": "0.8466921",
        "Process Lag": "0.2029945"
      }
    ]
  },
  {
    "stopID": "17",
    "stopQueryTime": 1571286540925,
    "count": 1,
    "results": [
      {
        "Direction": "Outbound",
        "Destination": "Tallaght",
        "Time": "00:17:39",
        "AVLS": "00:18:19",
        "Tram": "3013",
        "Action": "a",
        "Msg Sent": "17/10/2019 05:28:54",
        "Msg Received": "17/10/2019 05:28:54",
        "Msg Processed": "17/10/2019 05:28:54",
        "XML ID": "211",
        "Total Lag": "0.924703",
        "Create Lag": "0.8466921",
        "Process Lag": "0.0780109"
      }
    ]
  },
  {
    "stopID": "33",
    "stopQueryTime": 1571286540927,
    "count": 2,
    "results": [
      {
        "Direction": "Inbound",
        "Destination": "Broombridge",
        "Time": "00:07:31",
        "AVLS": "00:08:11",
        "Tram": "3020",
        "Action": "a",
        "Msg Sent": "17/10/2019 05:28:54",
        "Msg Received": "17/10/2019 05:28:54",
        "Msg Processed": "17/10/2019 05:28:54",
        "XML ID": "211",
        "Total Lag": "0.9715561",
        "Create Lag": "0.8466921",
        "Process Lag": "0.124864"
      },
      {
        "Direction": "Outbound",
        "Destination": "Bride's Glen",
        "Time": "00:16:53",
        "AVLS": "00:17:33",
        "Tram": "5021",
        "Action": "a",
        "Msg Sent": "17/10/2019 05:28:54",
        "Msg Received": "17/10/2019 05:28:54",
        "Msg Processed": "17/10/2019 05:28:55",
        "XML ID": "211",
        "Total Lag": "1.1278079",
        "Create Lag": "0.8466921",
        "Process Lag": "0.2811158"
      }
    ]
  },
  {
    "stopID": "46",
    "stopQueryTime": 1571286540929,
    "count": 2,
    "results": [
      {
        "Direction": "Inbound",
        "Destination": "Broombridge",
        "Time": "00:03:36",
        "AVLS": "00:04:16",
        "Tram": "5011",
        "Action": "a",
        "Msg Sent": "17/10/2019 05:28:54",
        "Msg Received": "17/10/2019 05:28:54",
        "Msg Processed": "17/10/2019 05:28:55",
        "XML ID": "211",
        "Total Lag": "1.0653072",
        "Create Lag": "0.8466921",
        "Process Lag": "0.2186151"
      },
      {
        "Direction": "Outbound",
        "Destination": "Bride's Glen",
        "Time": "00:13:42",
        "AVLS": "00:14:22",
        "Tram": "5006",
        "Action": "a",
        "Msg Sent": "17/10/2019 05:28:54",
        "Msg Received": "17/10/2019 05:28:54",
        "Msg Processed": "17/10/2019 05:28:55",
        "XML ID": "211",
        "Total Lag": "1.0653072",
        "Create Lag": "0.8466921",
        "Process Lag": "0.2186151"
      }
    ]
  },
  {
    "stopID": "49",
    "stopQueryTime": 1571286540934,
    "count": 0,
    "results": []
  },
  {
    "stopID": "18",
    "stopQueryTime": 1571286540936,
    "count": 1,
    "results": [
      {
        "Direction": "Outbound",
        "Destination": "Tallaght",
        "Time": "00:15:40",
        "AVLS": "00:16:20",
        "Tram": "3013",
        "Action": "a",
        "Msg Sent": "17/10/2019 05:28:54",
        "Msg Received": "17/10/2019 05:28:54",
        "Msg Processed": "17/10/2019 05:28:54",
        "XML ID": "211",
        "Total Lag": "0.924703",
        "Create Lag": "0.8466921",
        "Process Lag": "0.0780109"
      }
    ]
  },
  {
    "stopID": "5",
    "stopQueryTime": 1571286540938,
    "count": 2,
    "results": [
      {
        "Direction": "Inbound",
        "Destination": "The Point",
        "Time": "00:08:20",
        "AVLS": "00:09:00",
        "Tram": "3018",
        "Action": "a",
        "Msg Sent": "17/10/2019 05:28:54",
        "Msg Received": "17/10/2019 05:28:54",
        "Msg Processed": "17/10/2019 05:28:54",
        "XML ID": "211",
        "Total Lag": "0.9403079",
        "Create Lag": "0.8466921",
        "Process Lag": "0.0936158"
      },
      {
        "Direction": "Outbound",
        "Destination": "Tallaght",
        "Time": "00:03:15",
        "AVLS": "00:03:55",
        "Tram": "4004",
        "Action": "d",
        "Msg Sent": "17/10/2019 05:28:54",
        "Msg Received": "17/10/2019 05:28:54",
        "Msg Processed": "17/10/2019 05:28:55",
        "XML ID": "211",
        "Total Lag": "1.0184327",
        "Create Lag": "0.8466921",
        "Process Lag": "0.1717406"
      }
    ]
  },
  {
    "stopID": "21",
    "stopQueryTime": 1571286540939,
    "count": 1,
    "results": [
      {
        "Direction": "Outbound",
        "Destination": "Tallaght",
        "Time": "00:10:27",
        "AVLS": "00:11:07",
        "Tram": "3013",
        "Action": "a",
        "Msg Sent": "17/10/2019 05:28:54",
        "Msg Received": "17/10/2019 05:28:54",
        "Msg Processed": "17/10/2019 05:28:54",
        "XML ID": "211",
        "Total Lag": "0.924703",
        "Create Lag": "0.8466921",
        "Process Lag": "0.0780109"
      }
    ]
  },
  {
    "stopID": "7",
    "stopQueryTime": 1571286540941,
    "count": 2,
    "results": [
      {
        "Direction": "Inbound",
        "Destination": "The Point",
        "Time": "00:05:22",
        "AVLS": "00:06:02",
        "Tram": "4003",
        "Action": "a",
        "Msg Sent": "17/10/2019 05:28:54",
        "Msg Received": "17/10/2019 05:28:54",
        "Msg Processed": "17/10/2019 05:28:54",
        "XML ID": "211",
        "Total Lag": "0.8621827",
        "Create Lag": "0.8466921",
        "Process Lag": "0.0154906"
      },
      {
        "Direction": "Inbound",
        "Destination": "The Point",
        "Time": "00:15:29",
        "AVLS": "00:16:09",
        "Tram": "3018",
        "Action": "a",
        "Msg Sent": "17/10/2019 05:28:54",
        "Msg Received": "17/10/2019 05:28:54",
        "Msg Processed": "17/10/2019 05:28:54",
        "XML ID": "211",
        "Total Lag": "0.9559391",
        "Create Lag": "0.8466921",
        "Process Lag": "0.109247"
      }
    ]
  },
  {
    "stopID": "36",
    "stopQueryTime": 1571286540949,
    "count": 3,
    "results": [
      {
        "Direction": "Inbound",
        "Destination": "Broombridge",
        "Time": "00:02:13",
        "AVLS": "00:02:53",
        "Tram": "3020",
        "Action": "d",
        "Msg Sent": "17/10/2019 05:28:54",
        "Msg Received": "17/10/2019 05:28:54",
        "Msg Processed": "17/10/2019 05:28:54",
        "XML ID": "211",
        "Total Lag": "0.9559391",
        "Create Lag": "0.8466921",
        "Process Lag": "0.109247"
      },
      {
        "Direction": "Inbound",
        "Destination": "Broombridge",
        "Time": "00:18:27",
        "AVLS": "00:19:07",
        "Tram": "5011",
        "Action": "a",
        "Msg Sent": "17/10/2019 05:28:54",
        "Msg Received": "17/10/2019 05:28:54",
        "Msg Processed": "17/10/2019 05:28:55",
        "XML ID": "211",
        "Total Lag": "1.0965571",
        "Create Lag": "0.8466921",
        "Process Lag": "0.249865"
      },
      {
        "Direction": "Outbound",
        "Destination": "Bride's Glen",
        "Time": "00:16:27",
        "AVLS": "00:17:07",
        "Tram": "5002",
        "Action": "d",
        "Msg Sent": "17/10/2019 05:28:54",
        "Msg Received": "17/10/2019 05:28:54",
        "Msg Processed": "17/10/2019 05:28:54",
        "XML ID": "211",
        "Total Lag": "0.8934342",
        "Create Lag": "0.8466921",
        "Process Lag": "0.0467421"
      }
    ]
  },
  {
    "stopID": "55",
    "stopQueryTime": 1571286540958,
    "count": 1,
    "results": [
      {
        "Direction": "Outbound",
        "Destination": "Tallaght",
        "Time": "00:03:35",
        "AVLS": "00:04:15",
        "Tram": "3013",
        "Action": "a",
        "Msg Sent": "17/10/2019 05:28:54",
        "Msg Received": "17/10/2019 05:28:54",
        "Msg Processed": "17/10/2019 05:28:54",
        "XML ID": "211",
        "Total Lag": "0.9090569",
        "Create Lag": "0.8466921",
        "Process Lag": "0.0623648"
      }
    ]
  },
  {
    "stopID": "19",
    "stopQueryTime": 1571286540960,
    "count": 1,
    "results": [
      {
        "Direction": "Outbound",
        "Destination": "Tallaght",
        "Time": "00:14:35",
        "AVLS": "00:15:15",
        "Tram": "3013",
        "Action": "a",
        "Msg Sent": "17/10/2019 05:28:54",
        "Msg Received": "17/10/2019 05:28:54",
        "Msg Processed": "17/10/2019 05:28:54",
        "XML ID": "211",
        "Total Lag": "0.924703",
        "Create Lag": "0.8466921",
        "Process Lag": "0.0780109"
      }
    ]
  },
  {
    "stopID": "57",
    "stopQueryTime": 1571286540965,
    "count": 1,
    "results": [
      {
        "Direction": "Outbound",
        "Destination": "Tallaght",
        "Time": "00:00:57",
        "AVLS": "00:01:37",
        "Tram": "3013",
        "Action": "d",
        "Msg Sent": "17/10/2019 05:28:54",
        "Msg Received": "17/10/2019 05:28:54",
        "Msg Processed": "17/10/2019 05:28:54",
        "XML ID": "211",
        "Total Lag": "0.9090569",
        "Create Lag": "0.8466921",
        "Process Lag": "0.0623648"
      }
    ]
  },
  {
    "stopID": "29",
    "stopQueryTime": 1571286540968,
    "count": 2,
    "results": [
      {
        "Direction": "Inbound",
        "Destination": "Broombridge",
        "Time": "00:14:44",
        "AVLS": "00:15:24",
        "Tram": "3020",
        "Action": "a",
        "Msg Sent": "17/10/2019 05:28:54",
        "Msg Received": "17/10/2019 05:28:54",
        "Msg Processed": "17/10/2019 05:28:54",
        "XML ID": "211",
        "Total Lag": "0.987181",
        "Create Lag": "0.8466921",
        "Process Lag": "0.1404889"
      },
      {
        "Direction": "Outbound",
        "Destination": "Bride's Glen",
        "Time": "00:09:55",
        "AVLS": "00:10:35",
        "Tram": "5021",
        "Action": "a",
        "Msg Sent": "17/10/2019 05:28:54",
        "Msg Received": "17/10/2019 05:28:54",
        "Msg Processed": "17/10/2019 05:28:55",
        "XML ID": "211",
        "Total Lag": "1.1278079",
        "Create Lag": "0.8466921",
        "Process Lag": "0.2811158"
      }
    ]
  },
  {
    "stopID": "37",
    "stopQueryTime": 1571286540970,
    "count": 3,
    "results": [
      {
        "Direction": "Inbound",
        "Destination": "Broombridge",
        "Time": "00:16:03",
        "AVLS": "00:16:43",
        "Tram": "5011",
        "Action": "a",
        "Msg Sent": "17/10/2019 05:28:54",
        "Msg Received": "17/10/2019 05:28:54",
        "Msg Processed": "17/10/2019 05:28:55",
        "XML ID": "211",
        "Total Lag": "1.0965571",
        "Create Lag": "0.8466921",
        "Process Lag": "0.249865"
      },
      {
        "Direction": "Outbound",
        "Destination": "Bride's Glen",
        "Time": "00:01:24",
        "AVLS": "00:02:04",
        "Tram": "5006",
        "Action": "a",
        "Msg Sent": "17/10/2019 05:28:54",
        "Msg Received": "17/10/2019 05:28:54",
        "Msg Processed": "17/10/2019 05:28:55",
        "XML ID": "211",
        "Total Lag": "1.0340585",
        "Create Lag": "0.8466921",
        "Process Lag": "0.1873664"
      },
      {
        "Direction": "Outbound",
        "Destination": "Bride's Glen",
        "Time": "00:19:00",
        "AVLS": "00:19:40",
        "Tram": "5002",
        "Action": "a",
        "Msg Sent": "17/10/2019 05:28:54",
        "Msg Received": "17/10/2019 05:28:54",
        "Msg Processed": "17/10/2019 05:28:54",
        "XML ID": "211",
        "Total Lag": "0.8934342",
        "Create Lag": "0.8466921",
        "Process Lag": "0.0467421"
      }
    ]
  },
  {
    "stopID": "24",
    "stopQueryTime": 1571286540972,
    "count": 1,
    "results": [
      {
        "Direction": "Outbound",
        "Destination": "Bride's Glen",
        "Time": "00:00:27",
        "AVLS": "00:01:07",
        "Tram": "5021",
        "Action": "d",
        "Msg Sent": "17/10/2019 05:28:54",
        "Msg Received": "17/10/2019 05:28:54",
        "Msg Processed": "17/10/2019 05:28:55",
        "XML ID": "211",
        "Total Lag": "1.0965571",
        "Create Lag": "0.8466921",
        "Process Lag": "0.249865"
      }
    ]
  },
  {
    "stopID": "52",
    "stopQueryTime": 1571286540977,
    "count": 1,
    "results": [
      {
        "Direction": "Inbound",
        "Destination": "Belgard",
        "Time": "00:14:42",
        "AVLS": "00:15:22",
        "Tram": "3026",
        "Action": "a",
        "Msg Sent": "17/10/2019 05:28:54",
        "Msg Received": "17/10/2019 05:28:54",
        "Msg Processed": "17/10/2019 05:28:55",
        "XML ID": "211",
        "Total Lag": "1.0028093",
        "Create Lag": "0.8466921",
        "Process Lag": "0.1561172"
      }
    ]
  },
  {
    "stopID": "34",
    "stopQueryTime": 1571286540980,
    "count": 2,
    "results": [
      {
        "Direction": "Inbound",
        "Destination": "Broombridge",
        "Time": "00:05:48",
        "AVLS": "00:06:28",
        "Tram": "3020",
        "Action": "a",
        "Msg Sent": "17/10/2019 05:28:54",
        "Msg Received": "17/10/2019 05:28:54",
        "Msg Processed": "17/10/2019 05:28:54",
        "XML ID": "211",
        "Total Lag": "0.9715561",
        "Create Lag": "0.8466921",
        "Process Lag": "0.124864"
      },
      {
        "Direction": "Outbound",
        "Destination": "Bride's Glen",
        "Time": "00:18:27",
        "AVLS": "00:19:07",
        "Tram": "5021",
        "Action": "a",
        "Msg Sent": "17/10/2019 05:28:54",
        "Msg Received": "17/10/2019 05:28:54",
        "Msg Processed": "17/10/2019 05:28:55",
        "XML ID": "211",
        "Total Lag": "1.1434315",
        "Create Lag": "0.8466921",
        "Process Lag": "0.2967394"
      }
    ]
  },
  {
    "stopID": "51",
    "stopQueryTime": 1571286540982,
    "count": 1,
    "results": [
      {
        "Direction": "Inbound",
        "Destination": "Belgard",
        "Time": "00:15:58",
        "AVLS": "00:16:38",
        "Tram": "3026",
        "Action": "a",
        "Msg Sent": "17/10/2019 05:28:54",
        "Msg Received": "17/10/2019 05:28:54",
        "Msg Processed": "17/10/2019 05:28:55",
        "XML ID": "211",
        "Total Lag": "1.0184327",
        "Create Lag": "0.8466921",
        "Process Lag": "0.1717406"
      }
    ]
  },
  {
    "stopID": "40",
    "stopQueryTime": 1571286540986,
    "count": 2,
    "results": [
      {
        "Direction": "Inbound",
        "Destination": "Broombridge",
        "Time": "00:11:18",
        "AVLS": "00:11:58",
        "Tram": "5011",
        "Action": "a",
        "Msg Sent": "17/10/2019 05:28:54",
        "Msg Received": "17/10/2019 05:28:54",
        "Msg Processed": "17/10/2019 05:28:55",
        "XML ID": "211",
        "Total Lag": "1.0809332",
        "Create Lag": "0.8466921",
        "Process Lag": "0.2342411"
      },
      {
        "Direction": "Outbound",
        "Destination": "Bride's Glen",
        "Time": "00:06:05",
        "AVLS": "00:06:45",
        "Tram": "5006",
        "Action": "a",
        "Msg Sent": "17/10/2019 05:28:54",
        "Msg Received": "17/10/2019 05:28:54",
        "Msg Processed": "17/10/2019 05:28:55",
        "XML ID": "211",
        "Total Lag": "1.0496866",
        "Create Lag": "0.8466921",
        "Process Lag": "0.2029945"
      }
    ]
  },
  {
    "stopID": "35",
    "stopQueryTime": 1571286540988,
    "count": 1,
    "results": [
      {
        "Direction": "Inbound",
        "Destination": "Broombridge",
        "Time": "00:03:48",
        "AVLS": "00:04:28",
        "Tram": "3020",
        "Action": "a",
        "Msg Sent": "17/10/2019 05:28:54",
        "Msg Received": "17/10/2019 05:28:54",
        "Msg Processed": "17/10/2019 05:28:54",
        "XML ID": "211",
        "Total Lag": "0.9715561",
        "Create Lag": "0.8466921",
        "Process Lag": "0.124864"
      }
    ]
  },
  {
    "stopID": "42",
    "stopQueryTime": 1571286540990,
    "count": 2,
    "results": [
      {
        "Direction": "Inbound",
        "Destination": "Broombridge",
        "Time": "00:09:07",
        "AVLS": "00:09:47",
        "Tram": "5011",
        "Action": "a",
        "Msg Sent": "17/10/2019 05:28:54",
        "Msg Received": "17/10/2019 05:28:54",
        "Msg Processed": "17/10/2019 05:28:55",
        "XML ID": "211",
        "Total Lag": "1.0809332",
        "Create Lag": "0.8466921",
        "Process Lag": "0.2342411"
      },
      {
        "Direction": "Outbound",
        "Destination": "Bride's Glen",
        "Time": "00:08:13",
        "AVLS": "00:08:53",
        "Tram": "5006",
        "Action": "a",
        "Msg Sent": "17/10/2019 05:28:54",
        "Msg Received": "17/10/2019 05:28:54",
        "Msg Processed": "17/10/2019 05:28:55",
        "XML ID": "211",
        "Total Lag": "1.0496866",
        "Create Lag": "0.8466921",
        "Process Lag": "0.2029945"
      }
    ]
  },
  {
    "stopID": "43",
    "stopQueryTime": 1571286540998,
    "count": 2,
    "results": [
      {
        "Direction": "Inbound",
        "Destination": "Broombridge",
        "Time": "00:07:31",
        "AVLS": "00:08:11",
        "Tram": "5011",
        "Action": "a",
        "Msg Sent": "17/10/2019 05:28:54",
        "Msg Received": "17/10/2019 05:28:54",
        "Msg Processed": "17/10/2019 05:28:55",
        "XML ID": "211",
        "Total Lag": "1.0809332",
        "Create Lag": "0.8466921",
        "Process Lag": "0.2342411"
      },
      {
        "Direction": "Outbound",
        "Destination": "Bride's Glen",
        "Time": "00:09:46",
        "AVLS": "00:10:26",
        "Tram": "5006",
        "Action": "a",
        "Msg Sent": "17/10/2019 05:28:54",
        "Msg Received": "17/10/2019 05:28:54",
        "Msg Processed": "17/10/2019 05:28:55",
        "XML ID": "211",
        "Total Lag": "1.0496866",
        "Create Lag": "0.8466921",
        "Process Lag": "0.2029945"
      }
    ]
  }
]