[
  {
    "stopID": "1",
    "stopQueryTime": 1571288220757,
    "count": 0,
    "results": []
  },
  {
    "stopID": "14",
    "stopQueryTime": 1571288220802,
    "count": 3,
    "results": [
      {
        "Direction": "Inbound",
        "Destination": "The Point",
        "Time": "00:00:00",
        "AVLS": "00:00:00",
        "Tram": "3018",
        "Action": "a",
        "Msg Sent": "17/10/2019 05:56:46",
        "Msg Received": "17/10/2019 05:56:46",
        "Msg Processed": "17/10/2019 05:56:46",
        "XML ID": "689",
        "Total Lag": "0.5154746",
        "Create Lag": "0.2498477",
        "Process Lag": "0.2656269"
      },
      {
        "Direction": "Inbound",
        "Destination": "The Point",
        "Time": "00:16:51",
        "AVLS": "00:17:31",
        "Tram": "4004",
        "Action": "a",
        "Msg Sent": "17/10/2019 05:56:53",
        "Msg Received": "17/10/2019 05:56:53",
        "Msg Processed": "17/10/2019 05:56:53",
        "XML ID": "690",
        "Total Lag": "0.9846731",
        "Create Lag": "0.7029932",
        "Process Lag": "0.2816799"
      },
      {
        "Direction": "Outbound",
        "Destination": "Tallaght",
        "Time": "00:16:08",
        "AVLS": "00:16:48",
        "Tram": "3019",
        "Action": "a",
        "Msg Sent": "17/10/2019 05:56:53",
        "Msg Received": "17/10/2019 05:56:53",
        "Msg Processed": "17/10/2019 05:56:53",
        "XML ID": "690",
        "Total Lag": "0.8436014",
        "Create Lag": "0.7029932",
        "Process Lag": "0.1406082"
      }
    ]
  },
  {
    "stopID": "2",
    "stopQueryTime": 1571288220806,
    "count": 1,
    "results": [
      {
        "Direction": "Outbound",
        "Destination": "Tallaght",
        "Time": "00:18:43",
        "AVLS": "00:19:23",
        "Tram": "3013",
        "Action": "a",
        "Msg Sent": "17/10/2019 05:56:53",
        "Msg Received": "17/10/2019 05:56:53",
        "Msg Processed": "17/10/2019 05:56:53",
        "XML ID": "690",
        "Total Lag": "0.781108",
        "Create Lag": "0.7029932",
        "Process Lag": "0.0781148"
      }
    ]
  },
  {
    "stopID": "43",
    "stopQueryTime": 1571288220820,
    "count": 1,
    "results": [
      {
        "Direction": "Outbound",
        "Destination": "Bride's Glen",
        "Time": "00:05:35",
        "AVLS": "00:06:15",
        "Tram": "5021",
        "Action": "a",
        "Msg Sent": "17/10/2019 05:56:56",
        "Msg Received": "17/10/2019 05:56:56",
        "Msg Processed": "17/10/2019 05:56:56",
        "XML ID": "691",
        "Total Lag": "0.5635014",
        "Create Lag": "0.4853772",
        "Process Lag": "0.0781242"
      }
    ]
  },
  {
    "stopID": "24",
    "stopQueryTime": 1571288220828,
    "count": 2,
    "results": [
      {
        "Direction": "Inbound",
        "Destination": "Broombridge",
        "Time": "00:14:20",
        "AVLS": "00:15:00",
        "Tram": "5011",
        "Action": "a",
        "Msg Sent": "17/10/2019 05:56:56",
        "Msg Received": "17/10/2019 05:56:56",
        "Msg Processed": "17/10/2019 05:56:56",
        "XML ID": "691",
        "Total Lag": "0.6885022",
        "Create Lag": "0.4853772",
        "Process Lag": "0.203125"
      },
      {
        "Direction": "Outbound",
        "Destination": "Bride's Glen",
        "Time": "00:15:36",
        "AVLS": "00:16:16",
        "Tram": "5025",
        "Action": "a",
        "Msg Sent": "17/10/2019 05:56:56",
        "Msg Received": "17/10/2019 05:56:56",
        "Msg Processed": "17/10/2019 05:56:56",
        "XML ID": "691",
        "Total Lag": "0.5791362",
        "Create Lag": "0.4853772",
        "Process Lag": "0.093759"
      }
    ]
  },
  {
    "stopID": "26",
    "stopQueryTime": 1571288220835,
    "count": 2,
    "results": [
      {
        "Direction": "Inbound",
        "Destination": "Broombridge",
        "Time": "00:09:12",
        "AVLS": "00:09:52",
        "Tram": "5011",
        "Action": "a",
        "Msg Sent": "17/10/2019 05:56:56",
        "Msg Received": "17/10/2019 05:56:56",
        "Msg Processed": "17/10/2019 05:56:56",
        "XML ID": "691",
        "Total Lag": "0.6728769",
        "Create Lag": "0.4853772",
        "Process Lag": "0.1874997"
      },
      {
        "Direction": "Outbound",
        "Destination": "Bride's Glen",
        "Time": "00:01:11",
        "AVLS": "00:01:51",
        "Tram": "5029",
        "Action": "a",
        "Msg Sent": "17/10/2019 05:56:56",
        "Msg Received": "17/10/2019 05:56:56",
        "Msg Processed": "17/10/2019 05:56:56",
        "XML ID": "691",
        "Total Lag": "0.6260235",
        "Create Lag": "0.4853772",
        "Process Lag": "0.1406463"
      }
    ]
  },
  {
    "stopID": "6",
    "stopQueryTime": 1571288220838,
    "count": 2,
    "results": [
      {
        "Direction": "Inbound",
        "Destination": "The Point",
        "Time": "00:03:54",
        "AVLS": "00:04:34",
        "Tram": "4004",
        "Action": "a",
        "Msg Sent": "17/10/2019 05:56:53",
        "Msg Received": "17/10/2019 05:56:53",
        "Msg Processed": "17/10/2019 05:56:53",
        "XML ID": "690",
        "Total Lag": "0.9530286",
        "Create Lag": "0.7029932",
        "Process Lag": "0.2500354"
      },
      {
        "Direction": "Outbound",
        "Destination": "Tallaght",
        "Time": "00:09:49",
        "AVLS": "00:10:29",
        "Tram": "3013",
        "Action": "a",
        "Msg Sent": "17/10/2019 05:56:53",
        "Msg Received": "17/10/2019 05:56:53",
        "Msg Processed": "17/10/2019 05:56:53",
        "XML ID": "690",
        "Total Lag": "0.7654779",
        "Create Lag": "0.7029932",
        "Process Lag": "0.0624847"
      }
    ]
  },
  {
    "stopID": "58",
    "stopQueryTime": 1571288220841,
    "count": 0,
    "results": []
  },
  {
    "stopID": "9",
    "stopQueryTime": 1571288220843,
    "count": 2,
    "results": [
      {
        "Direction": "Inbound",
        "Destination": "The Point",
        "Time": "00:11:24",
        "AVLS": "00:12:04",
        "Tram": "4004",
        "Action": "a",
        "Msg Sent": "17/10/2019 05:56:53",
        "Msg Received": "17/10/2019 05:56:53",
        "Msg Processed": "17/10/2019 05:56:53",
        "XML ID": "690",
        "Total Lag": "0.9686506",
        "Create Lag": "0.7029932",
        "Process Lag": "0.2656574"
      },
      {
        "Direction": "Outbound",
        "Destination": "Tallaght",
        "Time": "00:01:57",
        "AVLS": "00:02:37",
        "Tram": "3013",
        "Action": "a",
        "Msg Sent": "17/10/2019 05:56:53",
        "Msg Received": "17/10/2019 05:56:53",
        "Msg Processed": "17/10/2019 05:56:53",
        "XML ID": "690",
        "Total Lag": "0.7654779",
        "Create Lag": "0.7029932",
        "Process Lag": "0.0624847"
      }
    ]
  },
  {
    "stopID": "37",
    "stopQueryTime": 1571288220845,
    "count": 1,
    "results": [
      {
        "Direction": "Inbound",
        "Destination": "Broombridge",
        "Time": "00:06:46",
        "AVLS": "00:07:26",
        "Tram": "5006",
        "Action": "a",
        "Msg Sent": "17/10/2019 05:56:56",
        "Msg Received": "17/10/2019 05:56:56",
        "Msg Processed": "17/10/2019 05:56:56",
        "XML ID": "691",
        "Total Lag": "0.501003",
        "Create Lag": "0.4853772",
        "Process Lag": "0.0156258"
      }
    ]
  },
  {
    "stopID": "13",
    "stopQueryTime": 1571288220848,
    "count": 2,
    "results": [
      {
        "Direction": "Inbound",
        "Destination": "The Point",
        "Time": "00:15:58",
        "AVLS": "00:16:38",
        "Tram": "4004",
        "Action": "a",
        "Msg Sent": "17/10/2019 05:56:53",
        "Msg Received": "17/10/2019 05:56:53",
        "Msg Processed": "17/10/2019 05:56:53",
        "XML ID": "690",
        "Total Lag": "0.9846731",
        "Create Lag": "0.7029932",
        "Process Lag": "0.2816799"
      },
      {
        "Direction": "Outbound",
        "Destination": "Tallaght",
        "Time": "00:17:08",
        "AVLS": "00:17:48",
        "Tram": "3019",
        "Action": "a",
        "Msg Sent": "17/10/2019 05:56:53",
        "Msg Received": "17/10/2019 05:56:53",
        "Msg Processed": "17/10/2019 05:56:53",
        "XML ID": "690",
        "Total Lag": "0.8436014",
        "Create Lag": "0.7029932",
        "Process Lag": "0.1406082"
      }
    ]
  },
  {
    "stopID": "23",
    "stopQueryTime": 1571288220850,
    "count": 0,
    "results": []
  },
  {
    "stopID": "12",
    "stopQueryTime": 1571288220853,
    "count": 2,
    "results": [
      {
        "Direction": "Inbound",
        "Destination": "The Point",
        "Time": "00:14:25",
        "AVLS": "00:15:05",
        "Tram": "4004",
        "Action": "a",
        "Msg Sent": "17/10/2019 05:56:53",
        "Msg Received": "17/10/2019 05:56:53",
        "Msg Processed": "17/10/2019 05:56:53",
        "XML ID": "690",
        "Total Lag": "0.9686506",
        "Create Lag": "0.7029932",
        "Process Lag": "0.2656574"
      },
      {
        "Direction": "Outbound",
        "Destination": "Tallaght",
        "Time": "00:18:49",
        "AVLS": "00:19:29",
        "Tram": "3019",
        "Action": "a",
        "Msg Sent": "17/10/2019 05:56:53",
        "Msg Received": "17/10/2019 05:56:53",
        "Msg Processed": "17/10/2019 05:56:53",
        "XML ID": "690",
        "Total Lag": "0.8436014",
        "Create Lag": "0.7029932",
        "Process Lag": "0.1406082"
      }
    ]
  },
  {
    "stopID": "25",
    "stopQueryTime": 1571288220856,
    "count": 2,
    "results": [
      {
        "Direction": "Inbound",
        "Destination": "Broombridge",
        "Time": "00:11:22",
        "AVLS": "00:12:02",
        "Tram": "5011",
        "Action": "a",
        "Msg Sent": "17/10/2019 05:56:56",
        "Msg Received": "17/10/2019 05:56:56",
        "Msg Processed": "17/10/2019 05:56:56",
        "XML ID": "691",
        "Total Lag": "0.6728769",
        "Create Lag": "0.4853772",
        "Process Lag": "0.1874997"
      },
      {
        "Direction": "Outbound",
        "Destination": "Bride's Glen",
        "Time": "00:17:34",
        "AVLS": "00:18:14",
        "Tram": "5025",
        "Action": "a",
        "Msg Sent": "17/10/2019 05:56:56",
        "Msg Received": "17/10/2019 05:56:56",
        "Msg Processed": "17/10/2019 05:56:56",
        "XML ID": "691",
        "Total Lag": "0.5947587",
        "Create Lag": "0.4853772",
        "Process Lag": "0.1093815"
      }
    ]
  },
  {
    "stopID": "3",
    "stopQueryTime": 1571288220858,
    "count": 1,
    "results": [
      {
        "Direction": "Outbound",
        "Destination": "Tallaght",
        "Time": "00:17:08",
        "AVLS": "00:17:48",
        "Tram": "3013",
        "Action": "a",
        "Msg Sent": "17/10/2019 05:56:53",
        "Msg Received": "17/10/2019 05:56:53",
        "Msg Processed": "17/10/2019 05:56:53",
        "XML ID": "690",
        "Total Lag": "0.781108",
        "Create Lag": "0.7029932",
        "Process Lag": "0.0781148"
      }
    ]
  },
  {
    "stopID": "7",
    "stopQueryTime": 1571288220860,
    "count": 2,
    "results": [
      {
        "Direction": "Inbound",
        "Destination": "The Point",
        "Time": "00:07:56",
        "AVLS": "00:08:36",
        "Tram": "4004",
        "Action": "a",
        "Msg Sent": "17/10/2019 05:56:53",
        "Msg Received": "17/10/2019 05:56:53",
        "Msg Processed": "17/10/2019 05:56:53",
        "XML ID": "690",
        "Total Lag": "0.9530286",
        "Create Lag": "0.7029932",
        "Process Lag": "0.2500354"
      },
      {
        "Direction": "Outbound",
        "Destination": "Tallaght",
        "Time": "00:05:46",
        "AVLS": "00:06:26",
        "Tram": "3013",
        "Action": "a",
        "Msg Sent": "17/10/2019 05:56:53",
        "Msg Received": "17/10/2019 05:56:53",
        "Msg Processed": "17/10/2019 05:56:53",
        "XML ID": "690",
        "Total Lag": "0.7654779",
        "Create Lag": "0.7029932",
        "Process Lag": "0.0624847"
      }
    ]
  },
  {
    "stopID": "40",
    "stopQueryTime": 1571288220867,
    "count": 2,
    "results": [
      {
        "Direction": "Inbound",
        "Destination": "Broombridge",
        "Time": "00:02:01",
        "AVLS": "00:02:41",
        "Tram": "5006",
        "Action": "a",
        "Msg Sent": "17/10/2019 05:56:56",
        "Msg Received": "17/10/2019 05:56:56",
        "Msg Processed": "17/10/2019 05:56:56",
        "XML ID": "691",
        "Total Lag": "0.4853772",
        "Create Lag": "0.4853772",
        "Process Lag": "0"
      },
      {
        "Direction": "Outbound",
        "Destination": "Bride's Glen",
        "Time": "00:01:54",
        "AVLS": "00:02:34",
        "Tram": "5021",
        "Action": "a",
        "Msg Sent": "17/10/2019 05:56:56",
        "Msg Received": "17/10/2019 05:56:56",
        "Msg Processed": "17/10/2019 05:56:56",
        "XML ID": "691",
        "Total Lag": "0.5478842",
        "Create Lag": "0.4853772",
        "Process Lag": "0.062507"
      }
    ]
  },
  {
    "stopID": "10",
    "stopQueryTime": 1571288220871,
    "count": 2,
    "results": [
      {
        "Direction": "Inbound",
        "Destination": "The Point",
        "Time": "00:12:34",
        "AVLS": "00:13:14",
        "Tram": "4004",
        "Action": "a",
        "Msg Sent": "17/10/2019 05:56:53",
        "Msg Received": "17/10/2019 05:56:53",
        "Msg Processed": "17/10/2019 05:56:53",
        "XML ID": "690",
        "Total Lag": "0.9686506",
        "Create Lag": "0.7029932",
        "Process Lag": "0.2656574"
      },
      {
        "Direction": "Outbound",
        "Destination": "Tallaght",
        "Time": "00:00:41",
        "AVLS": "00:01:21",
        "Tram": "3013",
        "Action": "a",
        "Msg Sent": "17/10/2019 05:56:53",
        "Msg Received": "17/10/2019 05:56:53",
        "Msg Processed": "17/10/2019 05:56:53",
        "XML ID": "690",
        "Total Lag": "0.7498613",
        "Create Lag": "0.7029932",
        "Process Lag": "0.0468681"
      }
    ]
  },
  {
    "stopID": "38",
    "stopQueryTime": 1571288220879,
    "count": 1,
    "results": [
      {
        "Direction": "Inbound",
        "Destination": "Broombridge",
        "Time": "00:05:16",
        "AVLS": "00:05:56",
        "Tram": "5006",
        "Action": "a",
        "Msg Sent": "17/10/2019 05:56:56",
        "Msg Received": "17/10/2019 05:56:56",
        "Msg Processed": "17/10/2019 05:56:56",
        "XML ID": "691",
        "Total Lag": "0.4853772",
        "Create Lag": "0.4853772",
        "Process Lag": "0"
      }
    ]
  },
  {
    "stopID": "48",
    "stopQueryTime": 1571288220882,
    "count": 1,
    "results": [
      {
        "Direction": "Inbound",
        "Destination": "Broombridge",
        "Time": "00:12:24",
        "AVLS": "00:13:04",
        "Tram": "5002",
        "Action": "d",
        "Msg Sent": "17/10/2019 05:56:59",
        "Msg Received": "17/10/2019 05:56:59",
        "Msg Processed": "17/10/2019 05:56:59",
        "XML ID": "692",
        "Total Lag": "0.4697535",
        "Create Lag": "0.4541283",
        "Process Lag": "0.0156252"
      }
    ]
  },
  {
    "stopID": "39",
    "stopQueryTime": 1571288220885,
    "count": 2,
    "results": [
      {
        "Direction": "Inbound",
        "Destination": "Broombridge",
        "Time": "00:03:31",
        "AVLS": "00:04:11",
        "Tram": "5006",
        "Action": "a",
        "Msg Sent": "17/10/2019 05:56:56",
        "Msg Received": "17/10/2019 05:56:56",
        "Msg Processed": "17/10/2019 05:56:56",
        "XML ID": "691",
        "Total Lag": "0.4853772",
        "Create Lag": "0.4853772",
        "Process Lag": "0"
      },
      {
        "Direction": "Outbound",
        "Destination": "Bride's Glen",
        "Time": "00:00:26",
        "AVLS": "00:01:06",
        "Tram": "5021",
        "Action": "a",
        "Msg Sent": "17/10/2019 05:56:56",
        "Msg Received": "17/10/2019 05:56:56",
        "Msg Processed": "17/10/2019 05:56:56",
        "XML ID": "691",
        "Total Lag": "0.5478842",
        "Create Lag": "0.4853772",
        "Process Lag": "0.062507"
      }
    ]
  },
  {
    "stopID": "8",
    "stopQueryTime": 1571288220886,
    "count": 2,
    "results": [
      {
        "Direction": "Inbound",
        "Destination": "The Point",
        "Time": "00:09:22",
        "AVLS": "00:10:02",
        "Tram": "4004",
        "Action": "a",
        "Msg Sent": "17/10/2019 05:56:53",
        "Msg Received": "17/10/2019 05:56:53",
        "Msg Processed": "17/10/2019 05:56:53",
        "XML ID": "690",
        "Total Lag": "0.9686506",
        "Create Lag": "0.7029932",
        "Process Lag": "0.2656574"
      },
      {
        "Direction": "Outbound",
        "Destination": "Tallaght",
        "Time": "00:04:12",
        "AVLS": "00:04:52",
        "Tram": "3013",
        "Action": "a",
        "Msg Sent": "17/10/2019 05:56:53",
        "Msg Received": "17/10/2019 05:56:53",
        "Msg Processed": "17/10/2019 05:56:53",
        "XML ID": "690",
        "Total Lag": "0.7654779",
        "Create Lag": "0.7029932",
        "Process Lag": "0.0624847"
      }
    ]
  },
  {
    "stopID": "30",
    "stopQueryTime": 1571288220889,
    "count": 3,
    "results": [
      {
        "Direction": "Inbound",
        "Destination": "Broombridge",
        "Time": "00:03:06",
        "AVLS": "00:03:46",
        "Tram": "5011",
        "Action": "a",
        "Msg Sent": "17/10/2019 05:56:56",
        "Msg Received": "17/10/2019 05:56:56",
        "Msg Processed": "17/10/2019 05:56:56",
        "XML ID": "691",
        "Total Lag": "0.6572575",
        "Create Lag": "0.4853772",
        "Process Lag": "0.1718803"
      },
      {
        "Direction": "Inbound",
        "Destination": "Parnell",
        "Time": "00:13:46",
        "AVLS": "00:14:26",
        "Tram": "5003",
        "Action": "a",
        "Msg Sent": "17/10/2019 05:56:53",
        "Msg Received": "17/10/2019 05:56:53",
        "Msg Processed": "17/10/2019 05:56:54",
        "XML ID": "690",
        "Total Lag": "1.0471912",
        "Create Lag": "0.7029932",
        "Process Lag": "0.344198"
      },
      {
        "Direction": "Outbound",
        "Destination": "Bride's Glen",
        "Time": "00:07:47",
        "AVLS": "00:08:27",
        "Tram": "5029",
        "Action": "a",
        "Msg Sent": "17/10/2019 05:56:56",
        "Msg Received": "17/10/2019 05:56:56",
        "Msg Processed": "17/10/2019 05:56:56",
        "XML ID": "691",
        "Total Lag": "0.6260235",
        "Create Lag": "0.4853772",
        "Process Lag": "0.1406463"
      }
    ]
  },
  {
    "stopID": "57",
    "stopQueryTime": 1571288220892,
    "count": 1,
    "results": [
      {
        "Direction": "Outbound",
        "Destination": "Tallaght",
        "Time": "00:16:05",
        "AVLS": "00:16:45",
        "Tram": "4003",
        "Action": "d",
        "Msg Sent": "17/10/2019 05:56:56",
        "Msg Received": "17/10/2019 05:56:56",
        "Msg Processed": "17/10/2019 05:56:56",
        "XML ID": "691",
        "Total Lag": "0.7197522",
        "Create Lag": "0.4853772",
        "Process Lag": "0.234375"
      }
    ]
  },
  {
    "stopID": "22",
    "stopQueryTime": 1571288220895,
    "count": 2,
    "results": [
      {
        "Direction": "Inbound",
        "Destination": "The Point",
        "Time": "00:08:09",
        "AVLS": "00:08:49",
        "Tram": "4003",
        "Action": "a",
        "Msg Sent": "17/10/2019 05:56:56",
        "Msg Received": "17/10/2019 05:56:56",
        "Msg Processed": "17/10/2019 05:56:56",
        "XML ID": "691",
        "Total Lag": "0.7044271",
        "Create Lag": "0.4853772",
        "Process Lag": "0.2190499"
      },
      {
        "Direction": "Inbound",
        "Destination": "The Point",
        "Time": "00:16:19",
        "AVLS": "00:16:59",
        "Tram": "3018",
        "Action": "a",
        "Msg Sent": "17/10/2019 05:56:53",
        "Msg Received": "17/10/2019 05:56:53",
        "Msg Processed": "17/10/2019 05:56:53",
        "XML ID": "690",
        "Total Lag": "0.7967266",
        "Create Lag": "0.7029932",
        "Process Lag": "0.0937334"
      }
    ]
  },
  {
    "stopID": "4",
    "stopQueryTime": 1571288220900,
    "count": 3,
    "results": [
      {
        "Direction": "Outbound",
        "Destination": "Saggart",
        "Time": "00:02:57",
        "AVLS": "00:03:37",
        "Tram": "3026",
        "Action": "a",
        "Msg Sent": "17/10/2019 05:56:53",
        "Msg Received": "17/10/2019 05:56:53",
        "Msg Processed": "17/10/2019 05:56:53",
        "XML ID": "690",
        "Total Lag": "0.8904799",
        "Create Lag": "0.7029932",
        "Process Lag": "0.1874867"
      },
      {
        "Direction": "Outbound",
        "Destination": "Saggart",
        "Time": "00:13:10",
        "AVLS": "00:13:50",
        "Tram": "4013",
        "Action": "a",
        "Msg Sent": "17/10/2019 05:56:53",
        "Msg Received": "17/10/2019 05:56:53",
        "Msg Processed": "17/10/2019 05:56:53",
        "XML ID": "690",
        "Total Lag": "0.7186031",
        "Create Lag": "0.7029932",
        "Process Lag": "0.0156099"
      },
      {
        "Direction": "Outbound",
        "Destination": "Tallaght",
        "Time": "00:14:49",
        "AVLS": "00:15:29",
        "Tram": "3013",
        "Action": "a",
        "Msg Sent": "17/10/2019 05:56:53",
        "Msg Received": "17/10/2019 05:56:53",
        "Msg Processed": "17/10/2019 05:56:53",
        "XML ID": "690",
        "Total Lag": "0.7654779",
        "Create Lag": "0.7029932",
        "Process Lag": "0.0624847"
      }
    ]
  },
  {
    "stopID": "11",
    "stopQueryTime": 1571288220904,
    "count": 2,
    "results": [
      {
        "Direction": "Inbound",
        "Destination": "The Point",
        "Time": "00:13:26",
        "AVLS": "00:14:06",
        "Tram": "4004",
        "Action": "a",
        "Msg Sent": "17/10/2019 05:56:53",
        "Msg Received": "17/10/2019 05:56:53",
        "Msg Processed": "17/10/2019 05:56:53",
        "XML ID": "690",
        "Total Lag": "0.9686506",
        "Create Lag": "0.7029932",
        "Process Lag": "0.2656574"
      },
      {
        "Direction": "Outbound",
        "Destination": "Tallaght",
        "Time": "00:00:00",
        "AVLS": "00:00:25",
        "Tram": "3013",
        "Action": "a",
        "Msg Sent": "17/10/2019 05:56:53",
        "Msg Received": "17/10/2019 05:56:53",
        "Msg Processed": "17/10/2019 05:56:53",
        "XML ID": "690",
        "Total Lag": "0.7498613",
        "Create Lag": "0.7029932",
        "Process Lag": "0.0468681"
      }
    ]
  },
  {
    "stopID": "5",
    "stopQueryTime": 1571288220909,
    "count": 3,
    "results": [
      {
        "Direction": "Inbound",
        "Destination": "The Point",
        "Time": "00:00:47",
        "AVLS": "00:01:27",
        "Tram": "4004",
        "Action": "a",
        "Msg Sent": "17/10/2019 05:56:53",
        "Msg Received": "17/10/2019 05:56:53",
        "Msg Processed": "17/10/2019 05:56:53",
        "XML ID": "690",
        "Total Lag": "0.9530286",
        "Create Lag": "0.7029932",
        "Process Lag": "0.2500354"
      },
      {
        "Direction": "Outbound",
        "Destination": "Saggart",
        "Time": "00:11:27",
        "AVLS": "00:12:07",
        "Tram": "4013",
        "Action": "d",
        "Msg Sent": "17/10/2019 05:56:53",
        "Msg Received": "17/10/2019 05:56:53",
        "Msg Processed": "17/10/2019 05:56:53",
        "XML ID": "690",
        "Total Lag": "0.7186031",
        "Create Lag": "0.7029932",
        "Process Lag": "0.0156099"
      },
      {
        "Direction": "Outbound",
        "Destination": "Tallaght",
        "Time": "00:13:04",
        "AVLS": "00:13:44",
        "Tram": "3013",
        "Action": "a",
        "Msg Sent": "17/10/2019 05:56:53",
        "Msg Received": "17/10/2019 05:56:53",
        "Msg Processed": "17/10/2019 05:56:53",
        "XML ID": "690",
        "Total Lag": "0.7654779",
        "Create Lag": "0.7029932",
        "Process Lag": "0.0624847"
      }
    ]
  },
  {
    "stopID": "21",
    "stopQueryTime": 1571288220916,
    "count": 3,
    "results": [
      {
        "Direction": "Inbound",
        "Destination": "The Point",
        "Time": "00:05:05",
        "AVLS": "00:05:45",
        "Tram": "4003",
        "Action": "a",
        "Msg Sent": "17/10/2019 05:56:56",
        "Msg Received": "17/10/2019 05:56:56",
        "Msg Processed": "17/10/2019 05:56:56",
        "XML ID": "691",
        "Total Lag": "0.7044271",
        "Create Lag": "0.4853772",
        "Process Lag": "0.2190499"
      },
      {
        "Direction": "Inbound",
        "Destination": "The Point",
        "Time": "00:13:15",
        "AVLS": "00:13:55",
        "Tram": "3018",
        "Action": "a",
        "Msg Sent": "17/10/2019 05:56:53",
        "Msg Received": "17/10/2019 05:56:53",
        "Msg Processed": "17/10/2019 05:56:53",
        "XML ID": "690",
        "Total Lag": "0.7967266",
        "Create Lag": "0.7029932",
        "Process Lag": "0.0937334"
      },
      {
        "Direction": "Outbound",
        "Destination": "Tallaght",
        "Time": "00:01:58",
        "AVLS": "00:02:38",
        "Tram": "3019",
        "Action": "a",
        "Msg Sent": "17/10/2019 05:56:53",
        "Msg Received": "17/10/2019 05:56:53",
        "Msg Processed": "17/10/2019 05:56:53",
        "XML ID": "690",
        "Total Lag": "0.8123521",
        "Create Lag": "0.7029932",
        "Process Lag": "0.1093589"
      }
    ]
  },
  {
    "stopID": "17",
    "stopQueryTime": 1571288220919,
    "count": 2,
    "results": [
      {
        "Direction": "Inbound",
        "Destination": "The Point",
        "Time": "00:05:26",
        "AVLS": "00:06:06",
        "Tram": "3018",
        "Action": "a",
        "Msg Sent": "17/10/2019 05:56:53",
        "Msg Received": "17/10/2019 05:56:53",
        "Msg Processed": "17/10/2019 05:56:53",
        "XML ID": "690",
        "Total Lag": "0.781108",
        "Create Lag": "0.7029932",
        "Process Lag": "0.0781148"
      },
      {
        "Direction": "Outbound",
        "Destination": "Tallaght",
        "Time": "00:09:10",
        "AVLS": "00:09:50",
        "Tram": "3019",
        "Action": "a",
        "Msg Sent": "17/10/2019 05:56:53",
        "Msg Received": "17/10/2019 05:56:53",
        "Msg Processed": "17/10/2019 05:56:53",
        "XML ID": "690",
        "Total Lag": "0.8279858",
        "Create Lag": "0.7029932",
        "Process Lag": "0.1249926"
      }
    ]
  },
  {
    "stopID": "51",
    "stopQueryTime": 1571288220926,
    "count": 2,
    "results": [
      {
        "Direction": "Inbound",
        "Destination": "Belgard",
        "Time": "00:07:58",
        "AVLS": "00:08:38",
        "Tram": "3009",
        "Action": "a",
        "Msg Sent": "17/10/2019 05:56:53",
        "Msg Received": "17/10/2019 05:56:53",
        "Msg Processed": "17/10/2019 05:56:53",
        "XML ID": "690",
        "Total Lag": "0.7498613",
        "Create Lag": "0.7029932",
        "Process Lag": "0.0468681"
      },
      {
        "Direction": "Outbound",
        "Destination": "Saggart",
        "Time": "00:09:57",
        "AVLS": "00:10:37",
        "Tram": "3026",
        "Action": "a",
        "Msg Sent": "17/10/2019 05:56:53",
        "Msg Received": "17/10/2019 05:56:53",
        "Msg Processed": "17/10/2019 05:56:53",
        "XML ID": "690",
        "Total Lag": "0.8904799",
        "Create Lag": "0.7029932",
        "Process Lag": "0.1874867"
      }
    ]
  },
  {
    "stopID": "18",
    "stopQueryTime": 1571288220934,
    "count": 3,
    "results": [
      {
        "Direction": "Inbound",
        "Destination": "The Point",
        "Time": "00:00:00",
        "AVLS": "00:00:00",
        "Tram": "4003",
        "Action": "a",
        "Msg Sent": "17/10/2019 05:56:56",
        "Msg Received": "17/10/2019 05:56:56",
        "Msg Processed": "17/10/2019 05:56:56",
        "XML ID": "691",
        "Total Lag": "0.6885022",
        "Create Lag": "0.4853772",
        "Process Lag": "0.203125"
      },
      {
        "Direction": "Inbound",
        "Destination": "The Point",
        "Time": "00:07:30",
        "AVLS": "00:08:10",
        "Tram": "3018",
        "Action": "a",
        "Msg Sent": "17/10/2019 05:56:53",
        "Msg Received": "17/10/2019 05:56:53",
        "Msg Processed": "17/10/2019 05:56:53",
        "XML ID": "690",
        "Total Lag": "0.7967266",
        "Create Lag": "0.7029932",
        "Process Lag": "0.0937334"
      },
      {
        "Direction": "Outbound",
        "Destination": "Tallaght",
        "Time": "00:07:11",
        "AVLS": "00:07:51",
        "Tram": "3019",
        "Action": "a",
        "Msg Sent": "17/10/2019 05:56:53",
        "Msg Received": "17/10/2019 05:56:53",
        "Msg Processed": "17/10/2019 05:56:53",
        "XML ID": "690",
        "Total Lag": "0.8279858",
        "Create Lag": "0.7029932",
        "Process Lag": "0.1249926"
      }
    ]
  },
  {
    "stopID": "15",
    "stopQueryTime": 1571288220936,
    "count": 3,
    "results": [
      {
        "Direction": "Inbound",
        "Destination": "The Point",
        "Time": "00:00:50",
        "AVLS": "00:01:30",
        "Tram": "3018",
        "Action": "a",
        "Msg Sent": "17/10/2019 05:56:53",
        "Msg Received": "17/10/2019 05:56:53",
        "Msg Processed": "17/10/2019 05:56:53",
        "XML ID": "690",
        "Total Lag": "0.781108",
        "Create Lag": "0.7029932",
        "Process Lag": "0.0781148"
      },
      {
        "Direction": "Inbound",
        "Destination": "The Point",
        "Time": "00:18:29",
        "AVLS": "00:19:09",
        "Tram": "4004",
        "Action": "a",
        "Msg Sent": "17/10/2019 05:56:53",
        "Msg Received": "17/10/2019 05:56:53",
        "Msg Processed": "17/10/2019 05:56:53",
        "XML ID": "690",
        "Total Lag": "0.9846731",
        "Create Lag": "0.7029932",
        "Process Lag": "0.2816799"
      },
      {
        "Direction": "Outbound",
        "Destination": "Tallaght",
        "Time": "00:14:09",
        "AVLS": "00:14:49",
        "Tram": "3019",
        "Action": "a",
        "Msg Sent": "17/10/2019 05:56:53",
        "Msg Received": "17/10/2019 05:56:53",
        "Msg Processed": "17/10/2019 05:56:53",
        "XML ID": "690",
        "Total Lag": "0.8279858",
        "Create Lag": "0.7029932",
        "Process Lag": "0.1249926"
      }
    ]
  },
  {
    "stopID": "52",
    "stopQueryTime": 1571288220939,
    "count": 2,
    "results": [
      {
        "Direction": "Inbound",
        "Destination": "Belgard",
        "Time": "00:06:42",
        "AVLS": "00:07:22",
        "Tram": "3009",
        "Action": "a",
        "Msg Sent": "17/10/2019 05:56:53",
        "Msg Received": "17/10/2019 05:56:53",
        "Msg Processed": "17/10/2019 05:56:53",
        "XML ID": "690",
        "Total Lag": "0.7342338",
        "Create Lag": "0.7029932",
        "Process Lag": "0.0312406"
      },
      {
        "Direction": "Outbound",
        "Destination": "Saggart",
        "Time": "00:11:14",
        "AVLS": "00:11:54",
        "Tram": "3026",
        "Action": "a",
        "Msg Sent": "17/10/2019 05:56:53",
        "Msg Received": "17/10/2019 05:56:53",
        "Msg Processed": "17/10/2019 05:56:53",
        "XML ID": "690",
        "Total Lag": "0.9061395",
        "Create Lag": "0.7029932",
        "Process Lag": "0.2031463"
      }
    ]
  },
  {
    "stopID": "56",
    "stopQueryTime": 1571288220941,
    "count": 2,
    "results": [
      {
        "Direction": "Inbound",
        "Destination": "The Point",
        "Time": "00:12:58",
        "AVLS": "00:13:38",
        "Tram": "4003",
        "Action": "a",
        "Msg Sent": "17/10/2019 05:56:56",
        "Msg Received": "17/10/2019 05:56:56",
        "Msg Processed": "17/10/2019 05:56:56",
        "XML ID": "691",
        "Total Lag": "0.7044271",
        "Create Lag": "0.4853772",
        "Process Lag": "0.2190499"
      },
      {
        "Direction": "Outbound",
        "Destination": "Tallaght",
        "Time": "00:16:44",
        "AVLS": "00:17:24",
        "Tram": "4003",
        "Action": "a",
        "Msg Sent": "17/10/2019 05:56:56",
        "Msg Received": "17/10/2019 05:56:56",
        "Msg Processed": "17/10/2019 05:56:56",
        "XML ID": "691",
        "Total Lag": "0.7197522",
        "Create Lag": "0.4853772",
        "Process Lag": "0.234375"
      }
    ]
  },
  {
    "stopID": "16",
    "stopQueryTime": 1571288220948,
    "count": 2,
    "results": [
      {
        "Direction": "Inbound",
        "Destination": "The Point",
        "Time": "00:03:15",
        "AVLS": "00:03:55",
        "Tram": "3018",
        "Action": "a",
        "Msg Sent": "17/10/2019 05:56:53",
        "Msg Received": "17/10/2019 05:56:53",
        "Msg Processed": "17/10/2019 05:56:53",
        "XML ID": "690",
        "Total Lag": "0.781108",
        "Create Lag": "0.7029932",
        "Process Lag": "0.0781148"
      },
      {
        "Direction": "Outbound",
        "Destination": "Tallaght",
        "Time": "00:10:58",
        "AVLS": "00:11:38",
        "Tram": "3019",
        "Action": "a",
        "Msg Sent": "17/10/2019 05:56:53",
        "Msg Received": "17/10/2019 05:56:53",
        "Msg Processed": "17/10/2019 05:56:53",
        "XML ID": "690",
        "Total Lag": "0.8279858",
        "Create Lag": "0.7029932",
        "Process Lag": "0.1249926"
      }
    ]
  },
  {
    "stopID": "54",
    "stopQueryTime": 1571288220950,
    "count": 2,
    "results": [
      {
        "Direction": "Inbound",
        "Destination": "The Point",
        "Time": "00:10:03",
        "AVLS": "00:10:43",
        "Tram": "4003",
        "Action": "a",
        "Msg Sent": "17/10/2019 05:56:56",
        "Msg Received": "17/10/2019 05:56:56",
        "Msg Processed": "17/10/2019 05:56:56",
        "XML ID": "691",
        "Total Lag": "0.7044271",
        "Create Lag": "0.4853772",
        "Process Lag": "0.2190499"
      },
      {
        "Direction": "Inbound",
        "Destination": "The Point",
        "Time": "00:18:13",
        "AVLS": "00:18:53",
        "Tram": "3018",
        "Action": "a",
        "Msg Sent": "17/10/2019 05:56:53",
        "Msg Received": "17/10/2019 05:56:53",
        "Msg Processed": "17/10/2019 05:56:53",
        "XML ID": "690",
        "Total Lag": "0.8123521",
        "Create Lag": "0.7029932",
        "Process Lag": "0.1093589"
      }
    ]
  },
  {
    "stopID": "55",
    "stopQueryTime": 1571288220957,
    "count": 2,
    "results": [
      {
        "Direction": "Inbound",
        "Destination": "The Point",
        "Time": "00:11:19",
        "AVLS": "00:11:59",
        "Tram": "4003",
        "Action": "a",
        "Msg Sent": "17/10/2019 05:56:56",
        "Msg Received": "17/10/2019 05:56:56",
        "Msg Processed": "17/10/2019 05:56:56",
        "XML ID": "691",
        "Total Lag": "0.7044271",
        "Create Lag": "0.4853772",
        "Process Lag": "0.2190499"
      },
      {
        "Direction": "Outbound",
        "Destination": "Tallaght",
        "Time": "00:18:43",
        "AVLS": "00:19:23",
        "Tram": "4003",
        "Action": "a",
        "Msg Sent": "17/10/2019 05:56:56",
        "Msg Received": "17/10/2019 05:56:56",
        "Msg Processed": "17/10/2019 05:56:56",
        "XML ID": "691",
        "Total Lag": "0.7197522",
        "Create Lag": "0.4853772",
        "Process Lag": "0.234375"
      }
    ]
  },
  {
    "stopID": "29",
    "stopQueryTime": 1571288220960,
    "count": 3,
    "results": [
      {
        "Direction": "Inbound",
        "Destination": "Broombridge",
        "Time": "00:04:51",
        "AVLS": "00:05:31",
        "Tram": "5011",
        "Action": "a",
        "Msg Sent": "17/10/2019 05:56:56",
        "Msg Received": "17/10/2019 05:56:56",
        "Msg Processed": "17/10/2019 05:56:56",
        "XML ID": "691",
        "Total Lag": "0.6728769",
        "Create Lag": "0.4853772",
        "Process Lag": "0.1874997"
      },
      {
        "Direction": "Inbound",
        "Destination": "Parnell",
        "Time": "00:15:46",
        "AVLS": "00:16:26",
        "Tram": "5003",
        "Action": "a",
        "Msg Sent": "17/10/2019 05:56:53",
        "Msg Received": "17/10/2019 05:56:53",
        "Msg Processed": "17/10/2019 05:56:54",
        "XML ID": "690",
        "Total Lag": "1.0471912",
        "Create Lag": "0.7029932",
        "Process Lag": "0.344198"
      },
      {
        "Direction": "Outbound",
        "Destination": "Bride's Glen",
        "Time": "00:06:01",
        "AVLS": "00:06:41",
        "Tram": "5029",
        "Action": "a",
        "Msg Sent": "17/10/2019 05:56:56",
        "Msg Received": "17/10/2019 05:56:56",
        "Msg Processed": "17/10/2019 05:56:56",
        "XML ID": "691",
        "Total Lag": "0.6260235",
        "Create Lag": "0.4853772",
        "Process Lag": "0.1406463"
      }
    ]
  },
  {
    "stopID": "42",
    "stopQueryTime": 1571288220967,
    "count": 2,
    "results": [
      {
        "Direction": "Inbound",
        "Destination": "Broombridge",
        "Time": "00:00:00",
        "AVLS": "00:00:30",
        "Tram": "5006",
        "Action": "a",
        "Msg Sent": "17/10/2019 05:56:56",
        "Msg Received": "17/10/2019 05:56:56",
        "Msg Processed": "17/10/2019 05:56:56",
        "XML ID": "691",
        "Total Lag": "0.4853772",
        "Create Lag": "0.4853772",
        "Process Lag": "0"
      },
      {
        "Direction": "Outbound",
        "Destination": "Bride's Glen",
        "Time": "00:04:02",
        "AVLS": "00:04:42",
        "Tram": "5021",
        "Action": "a",
        "Msg Sent": "17/10/2019 05:56:56",
        "Msg Received": "17/10/2019 05:56:56",
        "Msg Processed": "17/10/2019 05:56:56",
        "XML ID": "691",
        "Total Lag": "0.5478842",
        "Create Lag": "0.4853772",
        "Process Lag": "0.062507"
      }
    ]
  },
  {
    "stopID": "28",
    "stopQueryTime": 1571288220981,
    "count": 3,
    "results": [
      {
        "Direction": "Inbound",
        "Destination": "Broombridge",
        "Time": "00:06:20",
        "AVLS": "00:07:00",
        "Tram": "5011",
        "Action": "a",
        "Msg Sent": "17/10/2019 05:56:56",
        "Msg Received": "17/10/2019 05:56:56",
        "Msg Processed": "17/10/2019 05:56:56",
        "XML ID": "691",
        "Total Lag": "0.6728769",
        "Create Lag": "0.4853772",
        "Process Lag": "0.1874997"
      },
      {
        "Direction": "Inbound",
        "Destination": "Parnell",
        "Time": "00:17:27",
        "AVLS": "00:18:07",
        "Tram": "5003",
        "Action": "a",
        "Msg Sent": "17/10/2019 05:56:53",
        "Msg Received": "17/10/2019 05:56:53",
        "Msg Processed": "17/10/2019 05:56:54",
        "XML ID": "690",
        "Total Lag": "1.0471912",
        "Create Lag": "0.7029932",
        "Process Lag": "0.344198"
      },
      {
        "Direction": "Outbound",
        "Destination": "Bride's Glen",
        "Time": "00:04:33",
        "AVLS": "00:05:13",
        "Tram": "5029",
        "Action": "a",
        "Msg Sent": "17/10/2019 05:56:56",
        "Msg Received": "17/10/2019 05:56:56",
        "Msg Processed": "17/10/2019 05:56:56",
        "XML ID": "691",
        "Total Lag": "0.6260235",
        "Create Lag": "0.4853772",
        "Process Lag": "0.1406463"
      }
    ]
  },
  {
    "stopID": "34",
    "stopQueryTime": 1571288220983,
    "count": 3,
    "results": [
      {
        "Direction": "Inbound",
        "Destination": "Parnell",
        "Time": "00:06:02",
        "AVLS": "00:06:42",
        "Tram": "5003",
        "Action": "a",
        "Msg Sent": "17/10/2019 05:56:53",
        "Msg Received": "17/10/2019 05:56:53",
        "Msg Processed": "17/10/2019 05:56:54",
        "XML ID": "690",
        "Total Lag": "1.0315592",
        "Create Lag": "0.7029932",
        "Process Lag": "0.328566"
      },
      {
        "Direction": "Inbound",
        "Destination": "Broombridge",
        "Time": "00:12:45",
        "AVLS": "00:13:25",
        "Tram": "5006",
        "Action": "a",
        "Msg Sent": "17/10/2019 05:56:56",
        "Msg Received": "17/10/2019 05:56:56",
        "Msg Processed": "17/10/2019 05:56:56",
        "XML ID": "691",
        "Total Lag": "0.501003",
        "Create Lag": "0.4853772",
        "Process Lag": "0.0156258"
      },
      {
        "Direction": "Outbound",
        "Destination": "Bride's Glen",
        "Time": "00:14:33",
        "AVLS": "00:15:13",
        "Tram": "5029",
        "Action": "a",
        "Msg Sent": "17/10/2019 05:56:56",
        "Msg Received": "17/10/2019 05:56:56",
        "Msg Processed": "17/10/2019 05:56:56",
        "XML ID": "691",
        "Total Lag": "0.6416316",
        "Create Lag": "0.4853772",
        "Process Lag": "0.1562544"
      }
    ]
  },
  {
    "stopID": "36",
    "stopQueryTime": 1571288220986,
    "count": 3,
    "results": [
      {
        "Direction": "Inbound",
        "Destination": "Parnell",
        "Time": "00:02:27",
        "AVLS": "00:03:07",
        "Tram": "5003",
        "Action": "d",
        "Msg Sent": "17/10/2019 05:56:53",
        "Msg Received": "17/10/2019 05:56:53",
        "Msg Processed": "17/10/2019 05:56:54",
        "XML ID": "690",
        "Total Lag": "1.0159337",
        "Create Lag": "0.7029932",
        "Process Lag": "0.3129405"
      },
      {
        "Direction": "Inbound",
        "Destination": "Broombridge",
        "Time": "00:09:10",
        "AVLS": "00:09:50",
        "Tram": "5006",
        "Action": "a",
        "Msg Sent": "17/10/2019 05:56:56",
        "Msg Received": "17/10/2019 05:56:56",
        "Msg Processed": "17/10/2019 05:56:56",
        "XML ID": "691",
        "Total Lag": "0.501003",
        "Create Lag": "0.4853772",
        "Process Lag": "0.0156258"
      },
      {
        "Direction": "Outbound",
        "Destination": "Bride's Glen",
        "Time": "00:17:33",
        "AVLS": "00:18:13",
        "Tram": "5029",
        "Action": "a",
        "Msg Sent": "17/10/2019 05:56:56",
        "Msg Received": "17/10/2019 05:56:56",
        "Msg Processed": "17/10/2019 05:56:56",
        "XML ID": "691",
        "Total Lag": "0.6572575",
        "Create Lag": "0.4853772",
        "Process Lag": "0.1718803"
      }
    ]
  },
  {
    "stopID": "33",
    "stopQueryTime": 1571288220989,
    "count": 3,
    "results": [
      {
        "Direction": "Inbound",
        "Destination": "Parnell",
        "Time": "00:07:45",
        "AVLS": "00:08:25",
        "Tram": "5003",
        "Action": "a",
        "Msg Sent": "17/10/2019 05:56:53",
        "Msg Received": "17/10/2019 05:56:53",
        "Msg Processed": "17/10/2019 05:56:54",
        "XML ID": "690",
        "Total Lag": "1.0315592",
        "Create Lag": "0.7029932",
        "Process Lag": "0.328566"
      },
      {
        "Direction": "Inbound",
        "Destination": "Broombridge",
        "Time": "00:14:28",
        "AVLS": "00:15:08",
        "Tram": "5006",
        "Action": "a",
        "Msg Sent": "17/10/2019 05:56:56",
        "Msg Received": "17/10/2019 05:56:56",
        "Msg Processed": "17/10/2019 05:56:56",
        "XML ID": "691",
        "Total Lag": "0.501003",
        "Create Lag": "0.4853772",
        "Process Lag": "0.0156258"
      },
      {
        "Direction": "Outbound",
        "Destination": "Bride's Glen",
        "Time": "00:12:59",
        "AVLS": "00:13:39",
        "Tram": "5029",
        "Action": "a",
        "Msg Sent": "17/10/2019 05:56:56",
        "Msg Received": "17/10/2019 05:56:56",
        "Msg Processed": "17/10/2019 05:56:56",
        "XML ID": "691",
        "Total Lag": "0.6416316",
        "Create Lag": "0.4853772",
        "Process Lag": "0.1562544"
      }
    ]
  },
  {
    "stopID": "44",
    "stopQueryTime": 1571288220990,
    "count": 3,
    "results": [
      {
        "Direction": "Inbound",
        "Destination": "Broombridge",
        "Time": "00:18:24",
        "AVLS": "00:19:04",
        "Tram": "5002",
        "Action": "a",
        "Msg Sent": "17/10/2019 05:56:59",
        "Msg Received": "17/10/2019 05:56:59",
        "Msg Processed": "17/10/2019 05:56:59",
        "XML ID": "692",
        "Total Lag": "0.4853787",
        "Create Lag": "0.4541283",
        "Process Lag": "0.0312504"
      },
      {
        "Direction": "Outbound",
        "Destination": "Bride's Glen",
        "Time": "00:00:00",
        "AVLS": "00:00:00",
        "Tram": "5002",
        "Action": "a",
        "Msg Sent": "17/10/2019 05:56:59",
        "Msg Received": "17/10/2019 05:56:59",
        "Msg Processed": "17/10/2019 05:56:59",
        "XML ID": "692",
        "Total Lag": "0.4541283",
        "Create Lag": "0.4541283",
        "Process Lag": "0"
      },
      {
        "Direction": "Outbound",
        "Destination": "Bride's Glen",
        "Time": "00:06:40",
        "AVLS": "00:07:20",
        "Tram": "5021",
        "Action": "a",
        "Msg Sent": "17/10/2019 05:56:56",
        "Msg Received": "17/10/2019 05:56:56",
        "Msg Processed": "17/10/2019 05:56:56",
        "XML ID": "691",
        "Total Lag": "0.5635014",
        "Create Lag": "0.4853772",
        "Process Lag": "0.0781242"
      }
    ]
  },
  {
    "stopID": "50",
    "stopQueryTime": 1571288220997,
    "count": 3,
    "results": [
      {
        "Direction": "Inbound",
        "Destination": "Belgard",
        "Time": "00:09:45",
        "AVLS": "00:10:25",
        "Tram": "3009",
        "Action": "a",
        "Msg Sent": "17/10/2019 05:56:53",
        "Msg Received": "17/10/2019 05:56:53",
        "Msg Processed": "17/10/2019 05:56:53",
        "XML ID": "690",
        "Total Lag": "0.7498613",
        "Create Lag": "0.7029932",
        "Process Lag": "0.0468681"
      },
      {
        "Direction": "Outbound",
        "Destination": "Saggart",
        "Time": "00:08:10",
        "AVLS": "00:08:50",
        "Tram": "3026",
        "Action": "a",
        "Msg Sent": "17/10/2019 05:56:53",
        "Msg Received": "17/10/2019 05:56:53",
        "Msg Processed": "17/10/2019 05:56:53",
        "XML ID": "690",
        "Total Lag": "0.8904799",
        "Create Lag": "0.7029932",
        "Process Lag": "0.1874867"
      },
      {
        "Direction": "Outbound",
        "Destination": "Saggart",
        "Time": "00:18:31",
        "AVLS": "00:19:11",
        "Tram": "4013",
        "Action": "a",
        "Msg Sent": "17/10/2019 05:56:53",
        "Msg Received": "17/10/2019 05:56:53",
        "Msg Processed": "17/10/2019 05:56:53",
        "XML ID": "690",
        "Total Lag": "0.7186031",
        "Create Lag": "0.7029932",
        "Process Lag": "0.0156099"
      }
    ]
  },
  {
    "stopID": "27",
    "stopQueryTime": 1571288220999,
    "count": 3,
    "results": [
      {
        "Direction": "Inbound",
        "Destination": "Broombridge",
        "Time": "00:07:51",
        "AVLS": "00:08:31",
        "Tram": "5011",
        "Action": "a",
        "Msg Sent": "17/10/2019 05:56:56",
        "Msg Received": "17/10/2019 05:56:56",
        "Msg Processed": "17/10/2019 05:56:56",
        "XML ID": "691",
        "Total Lag": "0.6728769",
        "Create Lag": "0.4853772",
        "Process Lag": "0.1874997"
      },
      {
        "Direction": "Inbound",
        "Destination": "Parnell",
        "Time": "00:18:47",
        "AVLS": "00:19:27",
        "Tram": "5003",
        "Action": "a",
        "Msg Sent": "17/10/2019 05:56:53",
        "Msg Received": "17/10/2019 05:56:53",
        "Msg Processed": "17/10/2019 05:56:54",
        "XML ID": "690",
        "Total Lag": "1.0471912",
        "Create Lag": "0.7029932",
        "Process Lag": "0.344198"
      },
      {
        "Direction": "Outbound",
        "Destination": "Bride's Glen",
        "Time": "00:02:39",
        "AVLS": "00:03:19",
        "Tram": "5029",
        "Action": "a",
        "Msg Sent": "17/10/2019 05:56:56",
        "Msg Received": "17/10/2019 05:56:56",
        "Msg Processed": "17/10/2019 05:56:56",
        "XML ID": "691",
        "Total Lag": "0.6260235",
        "Create Lag": "0.4853772",
        "Process Lag": "0.1406463"
      }
    ]
  },
  {
    "stopID": "49",
    "stopQueryTime": 1571288221008,
    "count": 3,
    "results": [
      {
        "Direction": "Inbound",
        "Destination": "Belgard",
        "Time": "00:11:33",
        "AVLS": "00:12:13",
        "Tram": "3009",
        "Action": "a",
        "Msg Sent": "17/10/2019 05:56:53",
        "Msg Received": "17/10/2019 05:56:53",
        "Msg Processed": "17/10/2019 05:56:53",
        "XML ID": "690",
        "Total Lag": "0.7498613",
        "Create Lag": "0.7029932",
        "Process Lag": "0.0468681"
      },
      {
        "Direction": "Outbound",
        "Destination": "Saggart",
        "Time": "00:06:24",
        "AVLS": "00:07:04",
        "Tram": "3026",
        "Action": "a",
        "Msg Sent": "17/10/2019 05:56:53",
        "Msg Received": "17/10/2019 05:56:53",
        "Msg Processed": "17/10/2019 05:56:53",
        "XML ID": "690",
        "Total Lag": "0.8904799",
        "Create Lag": "0.7029932",
        "Process Lag": "0.1874867"
      },
      {
        "Direction": "Outbound",
        "Destination": "Saggart",
        "Time": "00:16:52",
        "AVLS": "00:17:32",
        "Tram": "4013",
        "Action": "a",
        "Msg Sent": "17/10/2019 05:56:53",
        "Msg Received": "17/10/2019 05:56:53",
        "Msg Processed": "17/10/2019 05:56:53",
        "XML ID": "690",
        "Total Lag": "0.7186031",
        "Create Lag": "0.7029932",
        "Process Lag": "0.0156099"
      }
    ]
  },
  {
    "stopID": "20",
    "stopQueryTime": 1571288221011,
    "count": 3,
    "results": [
      {
        "Direction": "Inbound",
        "Destination": "The Point",
        "Time": "00:02:34",
        "AVLS": "00:03:14",
        "Tram": "4003",
        "Action": "a",
        "Msg Sent": "17/10/2019 05:56:56",
        "Msg Received": "17/10/2019 05:56:56",
        "Msg Processed": "17/10/2019 05:56:56",
        "XML ID": "691",
        "Total Lag": "0.6885022",
        "Create Lag": "0.4853772",
        "Process Lag": "0.203125"
      },
      {
        "Direction": "Inbound",
        "Destination": "The Point",
        "Time": "00:10:44",
        "AVLS": "00:11:24",
        "Tram": "3018",
        "Action": "a",
        "Msg Sent": "17/10/2019 05:56:53",
        "Msg Received": "17/10/2019 05:56:53",
        "Msg Processed": "17/10/2019 05:56:53",
        "XML ID": "690",
        "Total Lag": "0.7967266",
        "Create Lag": "0.7029932",
        "Process Lag": "0.0937334"
      },
      {
        "Direction": "Outbound",
        "Destination": "Tallaght",
        "Time": "00:04:10",
        "AVLS": "00:04:50",
        "Tram": "3019",
        "Action": "a",
        "Msg Sent": "17/10/2019 05:56:53",
        "Msg Received": "17/10/2019 05:56:53",
        "Msg Processed": "17/10/2019 05:56:53",
        "XML ID": "690",
        "Total Lag": "0.8123521",
        "Create Lag": "0.7029932",
        "Process Lag": "0.1093589"
      }
    ]
  },
  {
    "stopID": "45",
    "stopQueryTime": 1571288221013,
    "count": 3,
    "results": [
      {
        "Direction": "Inbound",
        "Destination": "Broombridge",
        "Time": "00:16:55",
        "AVLS": "00:17:35",
        "Tram": "5002",
        "Action": "a",
        "Msg Sent": "17/10/2019 05:56:59",
        "Msg Received": "17/10/2019 05:56:59",
        "Msg Processed": "17/10/2019 05:56:59",
        "XML ID": "692",
        "Total Lag": "0.4853787",
        "Create Lag": "0.4541283",
        "Process Lag": "0.0312504"
      },
      {
        "Direction": "Outbound",
        "Destination": "Bride's Glen",
        "Time": "00:00:48",
        "AVLS": "00:01:28",
        "Tram": "5002",
        "Action": "a",
        "Msg Sent": "17/10/2019 05:56:59",
        "Msg Received": "17/10/2019 05:56:59",
        "Msg Processed": "17/10/2019 05:56:59",
        "XML ID": "692",
        "Total Lag": "0.4697535",
        "Create Lag": "0.4541283",
        "Process Lag": "0.0156252"
      },
      {
        "Direction": "Outbound",
        "Destination": "Bride's Glen",
        "Time": "00:08:08",
        "AVLS": "00:08:48",
        "Tram": "5021",
        "Action": "a",
        "Msg Sent": "17/10/2019 05:56:56",
        "Msg Received": "17/10/2019 05:56:56",
        "Msg Processed": "17/10/2019 05:56:56",
        "XML ID": "691",
        "Total Lag": "0.5635014",
        "Create Lag": "0.4853772",
        "Process Lag": "0.0781242"
      }
    ]
  },
  {
    "stopID": "35",
    "stopQueryTime": 1571288221016,
    "count": 3,
    "results": [
      {
        "Direction": "Inbound",
        "Destination": "Parnell",
        "Time": "00:04:02",
        "AVLS": "00:04:42",
        "Tram": "5003",
        "Action": "a",
        "Msg Sent": "17/10/2019 05:56:53",
        "Msg Received": "17/10/2019 05:56:53",
        "Msg Processed": "17/10/2019 05:56:54",
        "XML ID": "690",
        "Total Lag": "1.0315592",
        "Create Lag": "0.7029932",
        "Process Lag": "0.328566"
      },
      {
        "Direction": "Inbound",
        "Destination": "Broombridge",
        "Time": "00:10:45",
        "AVLS": "00:11:25",
        "Tram": "5006",
        "Action": "a",
        "Msg Sent": "17/10/2019 05:56:56",
        "Msg Received": "17/10/2019 05:56:56",
        "Msg Processed": "17/10/2019 05:56:56",
        "XML ID": "691",
        "Total Lag": "0.501003",
        "Create Lag": "0.4853772",
        "Process Lag": "0.0156258"
      },
      {
        "Direction": "Outbound",
        "Destination": "Bride's Glen",
        "Time": "00:16:12",
        "AVLS": "00:16:52",
        "Tram": "5029",
        "Action": "a",
        "Msg Sent": "17/10/2019 05:56:56",
        "Msg Received": "17/10/2019 05:56:56",
        "Msg Processed": "17/10/2019 05:56:56",
        "XML ID": "691",
        "Total Lag": "0.6416316",
        "Create Lag": "0.4853772",
        "Process Lag": "0.1562544"
      }
    ]
  },
  {
    "stopID": "47",
    "stopQueryTime": 1571288221020,
    "count": 3,
    "results": [
      {
        "Direction": "Inbound",
        "Destination": "Broombridge",
        "Time": "00:13:32",
        "AVLS": "00:14:12",
        "Tram": "5002",
        "Action": "a",
        "Msg Sent": "17/10/2019 05:56:59",
        "Msg Received": "17/10/2019 05:56:59",
        "Msg Processed": "17/10/2019 05:56:59",
        "XML ID": "692",
        "Total Lag": "0.4697535",
        "Create Lag": "0.4541283",
        "Process Lag": "0.0156252"
      },
      {
        "Direction": "Outbound",
        "Destination": "Bride's Glen",
        "Time": "00:04:08",
        "AVLS": "00:04:48",
        "Tram": "5002",
        "Action": "a",
        "Msg Sent": "17/10/2019 05:56:59",
        "Msg Received": "17/10/2019 05:56:59",
        "Msg Processed": "17/10/2019 05:56:59",
        "XML ID": "692",
        "Total Lag": "0.4697535",
        "Create Lag": "0.4541283",
        "Process Lag": "0.0156252"
      },
      {
        "Direction": "Outbound",
        "Destination": "Bride's Glen",
        "Time": "00:11:28",
        "AVLS": "00:12:08",
        "Tram": "5021",
        "Action": "a",
        "Msg Sent": "17/10/2019 05:56:56",
        "Msg Received": "17/10/2019 05:56:56",
        "Msg Processed": "17/10/2019 05:56:56",
        "XML ID": "691",
        "Total Lag": "0.5635014",
        "Create Lag": "0.4853772",
        "Process Lag": "0.0781242"
      }
    ]
  },
  {
    "stopID": "32",
    "stopQueryTime": 1571288221028,
    "count": 4,
    "results": [
      {
        "Direction": "Inbound",
        "Destination": "Broombridge",
        "Time": "00:00:00",
        "AVLS": "00:00:00",
        "Tram": "5011",
        "Action": "a",
        "Msg Sent": "17/10/2019 05:56:56",
        "Msg Received": "17/10/2019 05:56:56",
        "Msg Processed": "17/10/2019 05:56:56",
        "XML ID": "691",
        "Total Lag": "0.6572575",
        "Create Lag": "0.4853772",
        "Process Lag": "0.1718803"
      },
      {
        "Direction": "Inbound",
        "Destination": "Parnell",
        "Time": "00:09:27",
        "AVLS": "00:10:07",
        "Tram": "5003",
        "Action": "a",
        "Msg Sent": "17/10/2019 05:56:53",
        "Msg Received": "17/10/2019 05:56:53",
        "Msg Processed": "17/10/2019 05:56:54",
        "XML ID": "690",
        "Total Lag": "1.0315592",
        "Create Lag": "0.7029932",
        "Process Lag": "0.328566"
      },
      {
        "Direction": "Inbound",
        "Destination": "Broombridge",
        "Time": "00:16:10",
        "AVLS": "00:16:50",
        "Tram": "5006",
        "Action": "a",
        "Msg Sent": "17/10/2019 05:56:56",
        "Msg Received": "17/10/2019 05:56:56",
        "Msg Processed": "17/10/2019 05:56:56",
        "XML ID": "691",
        "Total Lag": "0.5166261",
        "Create Lag": "0.4853772",
        "Process Lag": "0.0312489"
      },
      {
        "Direction": "Outbound",
        "Destination": "Bride's Glen",
        "Time": "00:11:33",
        "AVLS": "00:12:13",
        "Tram": "5029",
        "Action": "a",
        "Msg Sent": "17/10/2019 05:56:56",
        "Msg Received": "17/10/2019 05:56:56",
        "Msg Processed": "17/10/2019 05:56:56",
        "XML ID": "691",
        "Total Lag": "0.6416316",
        "Create Lag": "0.4853772",
        "Process Lag": "0.1562544"
      }
    ]
  },
  {
    "stopID": "19",
    "stopQueryTime": 1571288221031,
    "count": 3,
    "results": [
      {
        "Direction": "Inbound",
        "Destination": "The Point",
        "Time": "00:00:36",
        "AVLS": "00:01:16",
        "Tram": "4003",
        "Action": "a",
        "Msg Sent": "17/10/2019 05:56:56",
        "Msg Received": "17/10/2019 05:56:56",
        "Msg Processed": "17/10/2019 05:56:56",
        "XML ID": "691",
        "Total Lag": "0.6885022",
        "Create Lag": "0.4853772",
        "Process Lag": "0.203125"
      },
      {
        "Direction": "Inbound",
        "Destination": "The Point",
        "Time": "00:08:46",
        "AVLS": "00:09:26",
        "Tram": "3018",
        "Action": "a",
        "Msg Sent": "17/10/2019 05:56:53",
        "Msg Received": "17/10/2019 05:56:53",
        "Msg Processed": "17/10/2019 05:56:53",
        "XML ID": "690",
        "Total Lag": "0.7967266",
        "Create Lag": "0.7029932",
        "Process Lag": "0.0937334"
      },
      {
        "Direction": "Outbound",
        "Destination": "Tallaght",
        "Time": "00:06:06",
        "AVLS": "00:06:46",
        "Tram": "3019",
        "Action": "a",
        "Msg Sent": "17/10/2019 05:56:53",
        "Msg Received": "17/10/2019 05:56:53",
        "Msg Processed": "17/10/2019 05:56:53",
        "XML ID": "690",
        "Total Lag": "0.8123521",
        "Create Lag": "0.7029932",
        "Process Lag": "0.1093589"
      }
    ]
  },
  {
    "stopID": "46",
    "stopQueryTime": 1571288221033,
    "count": 3,
    "results": [
      {
        "Direction": "Inbound",
        "Destination": "Broombridge",
        "Time": "00:15:33",
        "AVLS": "00:16:13",
        "Tram": "5002",
        "Action": "a",
        "Msg Sent": "17/10/2019 05:56:59",
        "Msg Received": "17/10/2019 05:56:59",
        "Msg Processed": "17/10/2019 05:56:59",
        "XML ID": "692",
        "Total Lag": "0.4853787",
        "Create Lag": "0.4541283",
        "Process Lag": "0.0312504"
      },
      {
        "Direction": "Outbound",
        "Destination": "Bride's Glen",
        "Time": "00:02:11",
        "AVLS": "00:02:51",
        "Tram": "5002",
        "Action": "a",
        "Msg Sent": "17/10/2019 05:56:59",
        "Msg Received": "17/10/2019 05:56:59",
        "Msg Processed": "17/10/2019 05:56:59",
        "XML ID": "692",
        "Total Lag": "0.4697535",
        "Create Lag": "0.4541283",
        "Process Lag": "0.0156252"
      },
      {
        "Direction": "Outbound",
        "Destination": "Bride's Glen",
        "Time": "00:09:31",
        "AVLS": "00:10:11",
        "Tram": "5021",
        "Action": "a",
        "Msg Sent": "17/10/2019 05:56:56",
        "Msg Received": "17/10/2019 05:56:56",
        "Msg Processed": "17/10/2019 05:56:56",
        "XML ID": "691",
        "Total Lag": "0.5635014",
        "Create Lag": "0.4853772",
        "Process Lag": "0.0781242"
      }
    ]
  },
  {
    "stopID": "31",
    "stopQueryTime": 1571288221037,
    "count": 4,
    "results": [
      {
        "Direction": "Inbound",
        "Destination": "Broombridge",
        "Time": "00:01:19",
        "AVLS": "00:01:59",
        "Tram": "5011",
        "Action": "a",
        "Msg Sent": "17/10/2019 05:56:56",
        "Msg Received": "17/10/2019 05:56:56",
        "Msg Processed": "17/10/2019 05:56:56",
        "XML ID": "691",
        "Total Lag": "0.6572575",
        "Create Lag": "0.4853772",
        "Process Lag": "0.1718803"
      },
      {
        "Direction": "Inbound",
        "Destination": "Parnell",
        "Time": "00:11:43",
        "AVLS": "00:12:23",
        "Tram": "5003",
        "Action": "a",
        "Msg Sent": "17/10/2019 05:56:53",
        "Msg Received": "17/10/2019 05:56:53",
        "Msg Processed": "17/10/2019 05:56:54",
        "XML ID": "690",
        "Total Lag": "1.0315592",
        "Create Lag": "0.7029932",
        "Process Lag": "0.328566"
      },
      {
        "Direction": "Inbound",
        "Destination": "Broombridge",
        "Time": "00:18:09",
        "AVLS": "00:18:49",
        "Tram": "5006",
        "Action": "a",
        "Msg Sent": "17/10/2019 05:56:56",
        "Msg Received": "17/10/2019 05:56:56",
        "Msg Processed": "17/10/2019 05:56:56",
        "XML ID": "691",
        "Total Lag": "0.5166261",
        "Create Lag": "0.4853772",
        "Process Lag": "0.0312489"
      },
      {
        "Direction": "Outbound",
        "Destination": "Bride's Glen",
        "Time": "00:09:35",
        "AVLS": "00:10:15",
        "Tram": "5029",
        "Action": "a",
        "Msg Sent": "17/10/2019 05:56:56",
        "Msg Received": "17/10/2019 05:56:56",
        "Msg Processed": "17/10/2019 05:56:56",
        "XML ID": "691",
        "Total Lag": "0.6416316",
        "Create Lag": "0.4853772",
        "Process Lag": "0.1562544"
      }
    ]
  },
  {
    "stopID": "53",
    "stopQueryTime": 1571288221057,
    "count": 4,
    "results": [
      {
        "Direction": "Inbound",
        "Destination": "Belgard",
        "Time": "00:04:27",
        "AVLS": "00:05:07",
        "Tram": "3009",
        "Action": "d",
        "Msg Sent": "17/10/2019 05:56:53",
        "Msg Received": "17/10/2019 05:56:53",
        "Msg Processed": "17/10/2019 05:56:53",
        "XML ID": "690",
        "Total Lag": "0.7342338",
        "Create Lag": "0.7029932",
        "Process Lag": "0.0312406"
      },
      {
        "Direction": "Inbound",
        "Destination": "Belgard",
        "Time": "00:18:27",
        "AVLS": "00:19:07",
        "Tram": "3026",
        "Action": "d",
        "Msg Sent": "17/10/2019 05:56:53",
        "Msg Received": "17/10/2019 05:56:53",
        "Msg Processed": "17/10/2019 05:56:53",
        "XML ID": "690",
        "Total Lag": "0.9061395",
        "Create Lag": "0.7029932",
        "Process Lag": "0.2031463"
      },
      {
        "Direction": "Terminating",
        "Destination": "Saggart",
        "Time": "00:00:03",
        "AVLS": "00:00:43",
        "Tram": "3009",
        "Action": "a",
        "Msg Sent": "17/10/2019 05:56:53",
        "Msg Received": "17/10/2019 05:56:53",
        "Msg Processed": "17/10/2019 05:56:53",
        "XML ID": "690",
        "Total Lag": "0.7342338",
        "Create Lag": "0.7029932",
        "Process Lag": "0.0312406"
      },
      {
        "Direction": "Terminating",
        "Destination": "Saggart",
        "Time": "00:13:27",
        "AVLS": "00:14:07",
        "Tram": "3026",
        "Action": "a",
        "Msg Sent": "17/10/2019 05:56:53",
        "Msg Received": "17/10/2019 05:56:53",
        "Msg Processed": "17/10/2019 05:56:53",
        "XML ID": "690",
        "Total Lag": "0.9061395",
        "Create Lag": "0.7029932",
        "Process Lag": "0.2031463"
      }
    ]
  }
]