[
  {
    "stopID": "8",
    "stopQueryTime": 1571286180660,
    "count": 1,
    "results": [
      {
        "Direction": "Inbound",
        "Destination": "The Point",
        "Time": "00:09:55",
        "AVLS": "00:10:35",
        "Tram": "4003",
        "Action": "a",
        "Msg Sent": "17/10/2019 05:22:54",
        "Msg Received": "17/10/2019 05:22:54",
        "Msg Processed": "17/10/2019 05:22:54",
        "XML ID": "162",
        "Total Lag": "0.0747044",
        "Create Lag": "0.0434505",
        "Process Lag": "0.0312539"
      }
    ]
  },
  {
    "stopID": "16",
    "stopQueryTime": 1571286180679,
    "count": 0,
    "results": []
  },
  {
    "stopID": "17",
    "stopQueryTime": 1571286180682,
    "count": 0,
    "results": []
  },
  {
    "stopID": "18",
    "stopQueryTime": 1571286180687,
    "count": 0,
    "results": []
  },
  {
    "stopID": "23",
    "stopQueryTime": 1571286180690,
    "count": 0,
    "results": []
  },
  {
    "stopID": "20",
    "stopQueryTime": 1571286180699,
    "count": 1,
    "results": [
      {
        "Direction": "Outbound",
        "Destination": "Tallaght",
        "Time": "00:18:39",
        "AVLS": "00:19:19",
        "Tram": "3013",
        "Action": "a",
        "Msg Sent": "17/10/2019 05:22:54",
        "Msg Received": "17/10/2019 05:22:54",
        "Msg Processed": "17/10/2019 05:22:54",
        "XML ID": "162",
        "Total Lag": "0.1997138",
        "Create Lag": "0.0434505",
        "Process Lag": "0.1562633"
      }
    ]
  },
  {
    "stopID": "14",
    "stopQueryTime": 1571286180708,
    "count": 1,
    "results": [
      {
        "Direction": "Inbound",
        "Destination": "The Point",
        "Time": "00:17:24",
        "AVLS": "00:18:04",
        "Tram": "4003",
        "Action": "a",
        "Msg Sent": "17/10/2019 05:22:54",
        "Msg Received": "17/10/2019 05:22:54",
        "Msg Processed": "17/10/2019 05:22:54",
        "XML ID": "162",
        "Total Lag": "0.09033",
        "Create Lag": "0.0434505",
        "Process Lag": "0.0468795"
      }
    ]
  },
  {
    "stopID": "51",
    "stopQueryTime": 1571286180717,
    "count": 0,
    "results": []
  },
  {
    "stopID": "13",
    "stopQueryTime": 1571286180723,
    "count": 1,
    "results": [
      {
        "Direction": "Inbound",
        "Destination": "The Point",
        "Time": "00:16:31",
        "AVLS": "00:17:11",
        "Tram": "4003",
        "Action": "a",
        "Msg Sent": "17/10/2019 05:22:54",
        "Msg Received": "17/10/2019 05:22:54",
        "Msg Processed": "17/10/2019 05:22:54",
        "XML ID": "162",
        "Total Lag": "0.09033",
        "Create Lag": "0.0434505",
        "Process Lag": "0.0468795"
      }
    ]
  },
  {
    "stopID": "49",
    "stopQueryTime": 1571286180743,
    "count": 0,
    "results": []
  },
  {
    "stopID": "31",
    "stopQueryTime": 1571286180744,
    "count": 1,
    "results": [
      {
        "Direction": "Inbound",
        "Destination": "Broombridge",
        "Time": "00:15:26",
        "AVLS": "00:16:06",
        "Tram": "3020",
        "Action": "a",
        "Msg Sent": "17/10/2019 05:22:54",
        "Msg Received": "17/10/2019 05:22:54",
        "Msg Processed": "17/10/2019 05:22:54",
        "XML ID": "162",
        "Total Lag": "0.059081",
        "Create Lag": "0.0434505",
        "Process Lag": "0.0156305"
      }
    ]
  },
  {
    "stopID": "50",
    "stopQueryTime": 1571286180747,
    "count": 0,
    "results": []
  },
  {
    "stopID": "28",
    "stopQueryTime": 1571286180750,
    "count": 1,
    "results": [
      {
        "Direction": "Outbound",
        "Destination": "Bride's Glen",
        "Time": "00:14:27",
        "AVLS": "00:15:07",
        "Tram": "5021",
        "Action": "a",
        "Msg Sent": "17/10/2019 05:22:54",
        "Msg Received": "17/10/2019 05:22:54",
        "Msg Processed": "17/10/2019 05:22:54",
        "XML ID": "162",
        "Total Lag": "0.2622164",
        "Create Lag": "0.0434505",
        "Process Lag": "0.2187659"
      }
    ]
  },
  {
    "stopID": "7",
    "stopQueryTime": 1571286180752,
    "count": 1,
    "results": [
      {
        "Direction": "Inbound",
        "Destination": "The Point",
        "Time": "00:08:29",
        "AVLS": "00:09:09",
        "Tram": "4003",
        "Action": "a",
        "Msg Sent": "17/10/2019 05:22:54",
        "Msg Received": "17/10/2019 05:22:54",
        "Msg Processed": "17/10/2019 05:22:54",
        "XML ID": "162",
        "Total Lag": "0.0747044",
        "Create Lag": "0.0434505",
        "Process Lag": "0.0312539"
      }
    ]
  },
  {
    "stopID": "34",
    "stopQueryTime": 1571286180754,
    "count": 1,
    "results": [
      {
        "Direction": "Inbound",
        "Destination": "Broombridge",
        "Time": "00:10:02",
        "AVLS": "00:10:42",
        "Tram": "3020",
        "Action": "a",
        "Msg Sent": "17/10/2019 05:22:54",
        "Msg Received": "17/10/2019 05:22:54",
        "Msg Processed": "17/10/2019 05:22:54",
        "XML ID": "162",
        "Total Lag": "0.059081",
        "Create Lag": "0.0434505",
        "Process Lag": "0.0156305"
      }
    ]
  },
  {
    "stopID": "35",
    "stopQueryTime": 1571286180756,
    "count": 1,
    "results": [
      {
        "Direction": "Inbound",
        "Destination": "Broombridge",
        "Time": "00:08:02",
        "AVLS": "00:08:42",
        "Tram": "3020",
        "Action": "a",
        "Msg Sent": "17/10/2019 05:22:54",
        "Msg Received": "17/10/2019 05:22:54",
        "Msg Processed": "17/10/2019 05:22:54",
        "XML ID": "162",
        "Total Lag": "0.0434505",
        "Create Lag": "0.0434505",
        "Process Lag": "0"
      }
    ]
  },
  {
    "stopID": "10",
    "stopQueryTime": 1571286180759,
    "count": 1,
    "results": [
      {
        "Direction": "Inbound",
        "Destination": "The Point",
        "Time": "00:13:07",
        "AVLS": "00:13:47",
        "Tram": "4003",
        "Action": "a",
        "Msg Sent": "17/10/2019 05:22:54",
        "Msg Received": "17/10/2019 05:22:54",
        "Msg Processed": "17/10/2019 05:22:54",
        "XML ID": "162",
        "Total Lag": "0.09033",
        "Create Lag": "0.0434505",
        "Process Lag": "0.0468795"
      }
    ]
  },
  {
    "stopID": "26",
    "stopQueryTime": 1571286180770,
    "count": 1,
    "results": [
      {
        "Direction": "Outbound",
        "Destination": "Bride's Glen",
        "Time": "00:11:05",
        "AVLS": "00:11:45",
        "Tram": "5021",
        "Action": "a",
        "Msg Sent": "17/10/2019 05:22:54",
        "Msg Received": "17/10/2019 05:22:54",
        "Msg Processed": "17/10/2019 05:22:54",
        "XML ID": "162",
        "Total Lag": "0.2622164",
        "Create Lag": "0.0434505",
        "Process Lag": "0.2187659"
      }
    ]
  },
  {
    "stopID": "38",
    "stopQueryTime": 1571286180778,
    "count": 1,
    "results": [
      {
        "Direction": "Outbound",
        "Destination": "Bride's Glen",
        "Time": "00:07:28",
        "AVLS": "00:08:08",
        "Tram": "5006",
        "Action": "a",
        "Msg Sent": "17/10/2019 05:22:54",
        "Msg Received": "17/10/2019 05:22:54",
        "Msg Processed": "17/10/2019 05:22:54",
        "XML ID": "162",
        "Total Lag": "0.137213",
        "Create Lag": "0.0434505",
        "Process Lag": "0.0937625"
      }
    ]
  },
  {
    "stopID": "9",
    "stopQueryTime": 1571286180781,
    "count": 1,
    "results": [
      {
        "Direction": "Inbound",
        "Destination": "The Point",
        "Time": "00:11:57",
        "AVLS": "00:12:37",
        "Tram": "4003",
        "Action": "a",
        "Msg Sent": "17/10/2019 05:22:54",
        "Msg Received": "17/10/2019 05:22:54",
        "Msg Processed": "17/10/2019 05:22:54",
        "XML ID": "162",
        "Total Lag": "0.0747044",
        "Create Lag": "0.0434505",
        "Process Lag": "0.0312539"
      }
    ]
  },
  {
    "stopID": "19",
    "stopQueryTime": 1571286180805,
    "count": 0,
    "results": []
  },
  {
    "stopID": "58",
    "stopQueryTime": 1571286180811,
    "count": 0,
    "results": []
  },
  {
    "stopID": "57",
    "stopQueryTime": 1571286180827,
    "count": 1,
    "results": [
      {
        "Direction": "Outbound",
        "Destination": "Tallaght",
        "Time": "00:06:57",
        "AVLS": "00:07:37",
        "Tram": "3013",
        "Action": "d",
        "Msg Sent": "17/10/2019 05:22:54",
        "Msg Received": "17/10/2019 05:22:54",
        "Msg Processed": "17/10/2019 05:22:54",
        "XML ID": "162",
        "Total Lag": "0.1840829",
        "Create Lag": "0.0434505",
        "Process Lag": "0.1406324"
      }
    ]
  },
  {
    "stopID": "22",
    "stopQueryTime": 1571286180832,
    "count": 1,
    "results": [
      {
        "Direction": "Outbound",
        "Destination": "Tallaght",
        "Time": "00:12:59",
        "AVLS": "00:13:39",
        "Tram": "3013",
        "Action": "a",
        "Msg Sent": "17/10/2019 05:22:54",
        "Msg Received": "17/10/2019 05:22:54",
        "Msg Processed": "17/10/2019 05:22:54",
        "XML ID": "162",
        "Total Lag": "0.1997138",
        "Create Lag": "0.0434505",
        "Process Lag": "0.1562633"
      }
    ]
  },
  {
    "stopID": "3",
    "stopQueryTime": 1571286180834,
    "count": 2,
    "results": [
      {
        "Direction": "Inbound",
        "Destination": "The Point",
        "Time": "00:09:22",
        "AVLS": "00:10:02",
        "Tram": "3018",
        "Action": "a",
        "Msg Sent": "17/10/2019 05:22:54",
        "Msg Received": "17/10/2019 05:22:54",
        "Msg Processed": "17/10/2019 05:22:54",
        "XML ID": "162",
        "Total Lag": "0.2153309",
        "Create Lag": "0.0434505",
        "Process Lag": "0.1718804"
      },
      {
        "Direction": "Outbound",
        "Destination": "Tallaght",
        "Time": "00:12:30",
        "AVLS": "00:13:10",
        "Tram": "4004",
        "Action": "a",
        "Msg Sent": "17/10/2019 05:22:54",
        "Msg Received": "17/10/2019 05:22:54",
        "Msg Processed": "17/10/2019 05:22:54",
        "XML ID": "162",
        "Total Lag": "0.1059719",
        "Create Lag": "0.0434505",
        "Process Lag": "0.0625214"
      }
    ]
  },
  {
    "stopID": "32",
    "stopQueryTime": 1571286180836,
    "count": 1,
    "results": [
      {
        "Direction": "Inbound",
        "Destination": "Broombridge",
        "Time": "00:13:27",
        "AVLS": "00:14:07",
        "Tram": "3020",
        "Action": "a",
        "Msg Sent": "17/10/2019 05:22:54",
        "Msg Received": "17/10/2019 05:22:54",
        "Msg Processed": "17/10/2019 05:22:54",
        "XML ID": "162",
        "Total Lag": "0.059081",
        "Create Lag": "0.0434505",
        "Process Lag": "0.0156305"
      }
    ]
  },
  {
    "stopID": "6",
    "stopQueryTime": 1571286180841,
    "count": 2,
    "results": [
      {
        "Direction": "Inbound",
        "Destination": "The Point",
        "Time": "00:04:27",
        "AVLS": "00:05:07",
        "Tram": "4003",
        "Action": "d",
        "Msg Sent": "17/10/2019 05:22:54",
        "Msg Received": "17/10/2019 05:22:54",
        "Msg Processed": "17/10/2019 05:22:54",
        "XML ID": "162",
        "Total Lag": "0.0747044",
        "Create Lag": "0.0434505",
        "Process Lag": "0.0312539"
      },
      {
        "Direction": "Inbound",
        "Destination": "The Point",
        "Time": "00:17:27",
        "AVLS": "00:18:07",
        "Tram": "3018",
        "Action": "a",
        "Msg Sent": "17/10/2019 05:22:54",
        "Msg Received": "17/10/2019 05:22:54",
        "Msg Processed": "17/10/2019 05:22:54",
        "XML ID": "162",
        "Total Lag": "0.2153309",
        "Create Lag": "0.0434505",
        "Process Lag": "0.1718804"
      }
    ]
  },
  {
    "stopID": "37",
    "stopQueryTime": 1571286180843,
    "count": 1,
    "results": [
      {
        "Direction": "Outbound",
        "Destination": "Bride's Glen",
        "Time": "00:06:00",
        "AVLS": "00:06:40",
        "Tram": "5006",
        "Action": "a",
        "Msg Sent": "17/10/2019 05:22:54",
        "Msg Received": "17/10/2019 05:22:54",
        "Msg Processed": "17/10/2019 05:22:54",
        "XML ID": "162",
        "Total Lag": "0.1216033",
        "Create Lag": "0.0434505",
        "Process Lag": "0.0781528"
      }
    ]
  },
  {
    "stopID": "52",
    "stopQueryTime": 1571286180845,
    "count": 0,
    "results": []
  },
  {
    "stopID": "54",
    "stopQueryTime": 1571286180853,
    "count": 1,
    "results": [
      {
        "Direction": "Outbound",
        "Destination": "Tallaght",
        "Time": "00:11:03",
        "AVLS": "00:11:43",
        "Tram": "3013",
        "Action": "a",
        "Msg Sent": "17/10/2019 05:22:54",
        "Msg Received": "17/10/2019 05:22:54",
        "Msg Processed": "17/10/2019 05:22:54",
        "XML ID": "162",
        "Total Lag": "0.1840829",
        "Create Lag": "0.0434505",
        "Process Lag": "0.1406324"
      }
    ]
  },
  {
    "stopID": "33",
    "stopQueryTime": 1571286180856,
    "count": 1,
    "results": [
      {
        "Direction": "Inbound",
        "Destination": "Broombridge",
        "Time": "00:11:45",
        "AVLS": "00:12:25",
        "Tram": "3020",
        "Action": "a",
        "Msg Sent": "17/10/2019 05:22:54",
        "Msg Received": "17/10/2019 05:22:54",
        "Msg Processed": "17/10/2019 05:22:54",
        "XML ID": "162",
        "Total Lag": "0.059081",
        "Create Lag": "0.0434505",
        "Process Lag": "0.0156305"
      }
    ]
  },
  {
    "stopID": "27",
    "stopQueryTime": 1571286180860,
    "count": 1,
    "results": [
      {
        "Direction": "Outbound",
        "Destination": "Bride's Glen",
        "Time": "00:12:33",
        "AVLS": "00:13:13",
        "Tram": "5021",
        "Action": "a",
        "Msg Sent": "17/10/2019 05:22:54",
        "Msg Received": "17/10/2019 05:22:54",
        "Msg Processed": "17/10/2019 05:22:54",
        "XML ID": "162",
        "Total Lag": "0.2622164",
        "Create Lag": "0.0434505",
        "Process Lag": "0.2187659"
      }
    ]
  },
  {
    "stopID": "15",
    "stopQueryTime": 1571286180862,
    "count": 1,
    "results": [
      {
        "Direction": "Inbound",
        "Destination": "The Point",
        "Time": "00:19:02",
        "AVLS": "00:19:42",
        "Tram": "4003",
        "Action": "a",
        "Msg Sent": "17/10/2019 05:22:54",
        "Msg Received": "17/10/2019 05:22:54",
        "Msg Processed": "17/10/2019 05:22:54",
        "XML ID": "162",
        "Total Lag": "0.09033",
        "Create Lag": "0.0434505",
        "Process Lag": "0.0468795"
      }
    ]
  },
  {
    "stopID": "21",
    "stopQueryTime": 1571286180864,
    "count": 1,
    "results": [
      {
        "Direction": "Outbound",
        "Destination": "Tallaght",
        "Time": "00:16:27",
        "AVLS": "00:17:07",
        "Tram": "3013",
        "Action": "a",
        "Msg Sent": "17/10/2019 05:22:54",
        "Msg Received": "17/10/2019 05:22:54",
        "Msg Processed": "17/10/2019 05:22:54",
        "XML ID": "162",
        "Total Lag": "0.1997138",
        "Create Lag": "0.0434505",
        "Process Lag": "0.1562633"
      }
    ]
  },
  {
    "stopID": "42",
    "stopQueryTime": 1571286180871,
    "count": 2,
    "results": [
      {
        "Direction": "Inbound",
        "Destination": "Broombridge",
        "Time": "00:15:07",
        "AVLS": "00:15:47",
        "Tram": "5011",
        "Action": "a",
        "Msg Sent": "17/10/2019 05:22:54",
        "Msg Received": "17/10/2019 05:22:54",
        "Msg Processed": "17/10/2019 05:22:54",
        "XML ID": "162",
        "Total Lag": "0.246589",
        "Create Lag": "0.0434505",
        "Process Lag": "0.2031385"
      },
      {
        "Direction": "Outbound",
        "Destination": "Bride's Glen",
        "Time": "00:12:49",
        "AVLS": "00:13:29",
        "Tram": "5006",
        "Action": "a",
        "Msg Sent": "17/10/2019 05:22:54",
        "Msg Received": "17/10/2019 05:22:54",
        "Msg Processed": "17/10/2019 05:22:54",
        "XML ID": "162",
        "Total Lag": "0.1684775",
        "Create Lag": "0.0434505",
        "Process Lag": "0.125027"
      }
    ]
  },
  {
    "stopID": "5",
    "stopQueryTime": 1571286180873,
    "count": 2,
    "results": [
      {
        "Direction": "Inbound",
        "Destination": "The Point",
        "Time": "00:14:20",
        "AVLS": "00:15:00",
        "Tram": "3018",
        "Action": "a",
        "Msg Sent": "17/10/2019 05:22:54",
        "Msg Received": "17/10/2019 05:22:54",
        "Msg Processed": "17/10/2019 05:22:54",
        "XML ID": "162",
        "Total Lag": "0.2153309",
        "Create Lag": "0.0434505",
        "Process Lag": "0.1718804"
      },
      {
        "Direction": "Outbound",
        "Destination": "Tallaght",
        "Time": "00:08:27",
        "AVLS": "00:09:07",
        "Tram": "4004",
        "Action": "d",
        "Msg Sent": "17/10/2019 05:22:54",
        "Msg Received": "17/10/2019 05:22:54",
        "Msg Processed": "17/10/2019 05:22:54",
        "XML ID": "162",
        "Total Lag": "0.1059719",
        "Create Lag": "0.0434505",
        "Process Lag": "0.0625214"
      }
    ]
  },
  {
    "stopID": "47",
    "stopQueryTime": 1571286180877,
    "count": 1,
    "results": [
      {
        "Direction": "Inbound",
        "Destination": "Broombridge",
        "Time": "00:07:35",
        "AVLS": "00:08:15",
        "Tram": "5011",
        "Action": "a",
        "Msg Sent": "17/10/2019 05:22:54",
        "Msg Received": "17/10/2019 05:22:54",
        "Msg Processed": "17/10/2019 05:22:54",
        "XML ID": "162",
        "Total Lag": "0.2309525",
        "Create Lag": "0.0434505",
        "Process Lag": "0.187502"
      }
    ]
  },
  {
    "stopID": "24",
    "stopQueryTime": 1571286180878,
    "count": 1,
    "results": [
      {
        "Direction": "Outbound",
        "Destination": "Bride's Glen",
        "Time": "00:06:27",
        "AVLS": "00:07:07",
        "Tram": "5021",
        "Action": "d",
        "Msg Sent": "17/10/2019 05:22:54",
        "Msg Received": "17/10/2019 05:22:54",
        "Msg Processed": "17/10/2019 05:22:54",
        "XML ID": "162",
        "Total Lag": "0.246589",
        "Create Lag": "0.0434505",
        "Process Lag": "0.2031385"
      }
    ]
  },
  {
    "stopID": "25",
    "stopQueryTime": 1571286180880,
    "count": 1,
    "results": [
      {
        "Direction": "Outbound",
        "Destination": "Bride's Glen",
        "Time": "00:08:25",
        "AVLS": "00:09:05",
        "Tram": "5021",
        "Action": "a",
        "Msg Sent": "17/10/2019 05:22:54",
        "Msg Received": "17/10/2019 05:22:54",
        "Msg Processed": "17/10/2019 05:22:54",
        "XML ID": "162",
        "Total Lag": "0.2622164",
        "Create Lag": "0.0434505",
        "Process Lag": "0.2187659"
      }
    ]
  },
  {
    "stopID": "1",
    "stopQueryTime": 1571286180881,
    "count": 2,
    "results": [
      {
        "Direction": "Inbound",
        "Destination": "The Point",
        "Time": "00:06:27",
        "AVLS": "00:07:07",
        "Tram": "3018",
        "Action": "d",
        "Msg Sent": "17/10/2019 05:22:54",
        "Msg Received": "17/10/2019 05:22:54",
        "Msg Processed": "17/10/2019 05:22:54",
        "XML ID": "162",
        "Total Lag": "0.1997138",
        "Create Lag": "0.0434505",
        "Process Lag": "0.1562633"
      },
      {
        "Direction": "Terminating",
        "Destination": "Tallaght",
        "Time": "00:15:27",
        "AVLS": "00:16:07",
        "Tram": "4004",
        "Action": "a",
        "Msg Sent": "17/10/2019 05:22:54",
        "Msg Received": "17/10/2019 05:22:54",
        "Msg Processed": "17/10/2019 05:22:54",
        "XML ID": "162",
        "Total Lag": "0.1059719",
        "Create Lag": "0.0434505",
        "Process Lag": "0.0625214"
      }
    ]
  },
  {
    "stopID": "11",
    "stopQueryTime": 1571286180883,
    "count": 1,
    "results": [
      {
        "Direction": "Inbound",
        "Destination": "The Point",
        "Time": "00:13:59",
        "AVLS": "00:14:39",
        "Tram": "4003",
        "Action": "a",
        "Msg Sent": "17/10/2019 05:22:54",
        "Msg Received": "17/10/2019 05:22:54",
        "Msg Processed": "17/10/2019 05:22:54",
        "XML ID": "162",
        "Total Lag": "0.09033",
        "Create Lag": "0.0434505",
        "Process Lag": "0.0468795"
      }
    ]
  },
  {
    "stopID": "30",
    "stopQueryTime": 1571286180885,
    "count": 2,
    "results": [
      {
        "Direction": "Inbound",
        "Destination": "Broombridge",
        "Time": "00:17:13",
        "AVLS": "00:17:53",
        "Tram": "3020",
        "Action": "a",
        "Msg Sent": "17/10/2019 05:22:54",
        "Msg Received": "17/10/2019 05:22:54",
        "Msg Processed": "17/10/2019 05:22:54",
        "XML ID": "162",
        "Total Lag": "0.059081",
        "Create Lag": "0.0434505",
        "Process Lag": "0.0156305"
      },
      {
        "Direction": "Outbound",
        "Destination": "Bride's Glen",
        "Time": "00:17:41",
        "AVLS": "00:18:21",
        "Tram": "5021",
        "Action": "a",
        "Msg Sent": "17/10/2019 05:22:54",
        "Msg Received": "17/10/2019 05:22:54",
        "Msg Processed": "17/10/2019 05:22:54",
        "XML ID": "162",
        "Total Lag": "0.2778554",
        "Create Lag": "0.0434505",
        "Process Lag": "0.2344049"
      }
    ]
  },
  {
    "stopID": "56",
    "stopQueryTime": 1571286180891,
    "count": 1,
    "results": [
      {
        "Direction": "Outbound",
        "Destination": "Tallaght",
        "Time": "00:07:36",
        "AVLS": "00:08:16",
        "Tram": "3013",
        "Action": "a",
        "Msg Sent": "17/10/2019 05:22:54",
        "Msg Received": "17/10/2019 05:22:54",
        "Msg Processed": "17/10/2019 05:22:54",
        "XML ID": "162",
        "Total Lag": "0.1840829",
        "Create Lag": "0.0434505",
        "Process Lag": "0.1406324"
      }
    ]
  },
  {
    "stopID": "36",
    "stopQueryTime": 1571286180895,
    "count": 2,
    "results": [
      {
        "Direction": "Inbound",
        "Destination": "Broombridge",
        "Time": "00:06:27",
        "AVLS": "00:07:07",
        "Tram": "3020",
        "Action": "d",
        "Msg Sent": "17/10/2019 05:22:54",
        "Msg Received": "17/10/2019 05:22:54",
        "Msg Processed": "17/10/2019 05:22:54",
        "XML ID": "162",
        "Total Lag": "0.0434505",
        "Create Lag": "0.0434505",
        "Process Lag": "0"
      },
      {
        "Direction": "Outbound",
        "Destination": "Bride's Glen",
        "Time": "00:03:27",
        "AVLS": "00:04:07",
        "Tram": "5006",
        "Action": "d",
        "Msg Sent": "17/10/2019 05:22:54",
        "Msg Received": "17/10/2019 05:22:54",
        "Msg Processed": "17/10/2019 05:22:54",
        "XML ID": "162",
        "Total Lag": "0.1216033",
        "Create Lag": "0.0434505",
        "Process Lag": "0.0781528"
      }
    ]
  },
  {
    "stopID": "46",
    "stopQueryTime": 1571286180897,
    "count": 2,
    "results": [
      {
        "Direction": "Inbound",
        "Destination": "Broombridge",
        "Time": "00:09:36",
        "AVLS": "00:10:16",
        "Tram": "5011",
        "Action": "a",
        "Msg Sent": "17/10/2019 05:22:54",
        "Msg Received": "17/10/2019 05:22:54",
        "Msg Processed": "17/10/2019 05:22:54",
        "XML ID": "162",
        "Total Lag": "0.2309525",
        "Create Lag": "0.0434505",
        "Process Lag": "0.187502"
      },
      {
        "Direction": "Outbound",
        "Destination": "Bride's Glen",
        "Time": "00:18:18",
        "AVLS": "00:18:58",
        "Tram": "5006",
        "Action": "a",
        "Msg Sent": "17/10/2019 05:22:54",
        "Msg Received": "17/10/2019 05:22:54",
        "Msg Processed": "17/10/2019 05:22:54",
        "XML ID": "162",
        "Total Lag": "0.1840829",
        "Create Lag": "0.0434505",
        "Process Lag": "0.1406324"
      }
    ]
  },
  {
    "stopID": "39",
    "stopQueryTime": 1571286180898,
    "count": 2,
    "results": [
      {
        "Direction": "Inbound",
        "Destination": "Broombridge",
        "Time": "00:18:48",
        "AVLS": "00:19:28",
        "Tram": "5011",
        "Action": "a",
        "Msg Sent": "17/10/2019 05:22:54",
        "Msg Received": "17/10/2019 05:22:54",
        "Msg Processed": "17/10/2019 05:22:54",
        "XML ID": "162",
        "Total Lag": "0.246589",
        "Create Lag": "0.0434505",
        "Process Lag": "0.2031385"
      },
      {
        "Direction": "Outbound",
        "Destination": "Bride's Glen",
        "Time": "00:09:13",
        "AVLS": "00:09:53",
        "Tram": "5006",
        "Action": "a",
        "Msg Sent": "17/10/2019 05:22:54",
        "Msg Received": "17/10/2019 05:22:54",
        "Msg Processed": "17/10/2019 05:22:54",
        "XML ID": "162",
        "Total Lag": "0.137213",
        "Create Lag": "0.0434505",
        "Process Lag": "0.0937625"
      }
    ]
  },
  {
    "stopID": "12",
    "stopQueryTime": 1571286180901,
    "count": 1,
    "results": [
      {
        "Direction": "Inbound",
        "Destination": "The Point",
        "Time": "00:14:58",
        "AVLS": "00:15:38",
        "Tram": "4003",
        "Action": "a",
        "Msg Sent": "17/10/2019 05:22:54",
        "Msg Received": "17/10/2019 05:22:54",
        "Msg Processed": "17/10/2019 05:22:54",
        "XML ID": "162",
        "Total Lag": "0.09033",
        "Create Lag": "0.0434505",
        "Process Lag": "0.0468795"
      }
    ]
  },
  {
    "stopID": "53",
    "stopQueryTime": 1571286180903,
    "count": 1,
    "results": [
      {
        "Direction": "Inbound",
        "Destination": "Belgard",
        "Time": "00:18:27",
        "AVLS": "00:19:07",
        "Tram": "3026",
        "Action": "d",
        "Msg Sent": "17/10/2019 05:22:54",
        "Msg Received": "17/10/2019 05:22:54",
        "Msg Processed": "17/10/2019 05:22:54",
        "XML ID": "162",
        "Total Lag": "0.2153309",
        "Create Lag": "0.0434505",
        "Process Lag": "0.1718804"
      }
    ]
  },
  {
    "stopID": "29",
    "stopQueryTime": 1571286180909,
    "count": 2,
    "results": [
      {
        "Direction": "Inbound",
        "Destination": "Broombridge",
        "Time": "00:18:58",
        "AVLS": "00:19:38",
        "Tram": "3020",
        "Action": "a",
        "Msg Sent": "17/10/2019 05:22:54",
        "Msg Received": "17/10/2019 05:22:54",
        "Msg Processed": "17/10/2019 05:22:54",
        "XML ID": "162",
        "Total Lag": "0.0747044",
        "Create Lag": "0.0434505",
        "Process Lag": "0.0312539"
      },
      {
        "Direction": "Outbound",
        "Destination": "Bride's Glen",
        "Time": "00:15:55",
        "AVLS": "00:16:35",
        "Tram": "5021",
        "Action": "a",
        "Msg Sent": "17/10/2019 05:22:54",
        "Msg Received": "17/10/2019 05:22:54",
        "Msg Processed": "17/10/2019 05:22:54",
        "XML ID": "162",
        "Total Lag": "0.2622164",
        "Create Lag": "0.0434505",
        "Process Lag": "0.2187659"
      }
    ]
  },
  {
    "stopID": "45",
    "stopQueryTime": 1571286180912,
    "count": 2,
    "results": [
      {
        "Direction": "Inbound",
        "Destination": "Broombridge",
        "Time": "00:10:58",
        "AVLS": "00:11:38",
        "Tram": "5011",
        "Action": "a",
        "Msg Sent": "17/10/2019 05:22:54",
        "Msg Received": "17/10/2019 05:22:54",
        "Msg Processed": "17/10/2019 05:22:54",
        "XML ID": "162",
        "Total Lag": "0.2309525",
        "Create Lag": "0.0434505",
        "Process Lag": "0.187502"
      },
      {
        "Direction": "Outbound",
        "Destination": "Bride's Glen",
        "Time": "00:16:55",
        "AVLS": "00:17:35",
        "Tram": "5006",
        "Action": "a",
        "Msg Sent": "17/10/2019 05:22:54",
        "Msg Received": "17/10/2019 05:22:54",
        "Msg Processed": "17/10/2019 05:22:54",
        "XML ID": "162",
        "Total Lag": "0.1684775",
        "Create Lag": "0.0434505",
        "Process Lag": "0.125027"
      }
    ]
  },
  {
    "stopID": "2",
    "stopQueryTime": 1571286180913,
    "count": 2,
    "results": [
      {
        "Direction": "Inbound",
        "Destination": "The Point",
        "Time": "00:07:41",
        "AVLS": "00:08:21",
        "Tram": "3018",
        "Action": "a",
        "Msg Sent": "17/10/2019 05:22:54",
        "Msg Received": "17/10/2019 05:22:54",
        "Msg Processed": "17/10/2019 05:22:54",
        "XML ID": "162",
        "Total Lag": "0.1997138",
        "Create Lag": "0.0434505",
        "Process Lag": "0.1562633"
      },
      {
        "Direction": "Outbound",
        "Destination": "Tallaght",
        "Time": "00:13:46",
        "AVLS": "00:14:26",
        "Tram": "4004",
        "Action": "a",
        "Msg Sent": "17/10/2019 05:22:54",
        "Msg Received": "17/10/2019 05:22:54",
        "Msg Processed": "17/10/2019 05:22:54",
        "XML ID": "162",
        "Total Lag": "0.1059719",
        "Create Lag": "0.0434505",
        "Process Lag": "0.0625214"
      }
    ]
  },
  {
    "stopID": "48",
    "stopQueryTime": 1571286180920,
    "count": 1,
    "results": [
      {
        "Direction": "Inbound",
        "Destination": "Broombridge",
        "Time": "00:06:27",
        "AVLS": "00:07:07",
        "Tram": "5011",
        "Action": "d",
        "Msg Sent": "17/10/2019 05:22:54",
        "Msg Received": "17/10/2019 05:22:54",
        "Msg Processed": "17/10/2019 05:22:54",
        "XML ID": "162",
        "Total Lag": "0.2309525",
        "Create Lag": "0.0434505",
        "Process Lag": "0.187502"
      }
    ]
  },
  {
    "stopID": "55",
    "stopQueryTime": 1571286180922,
    "count": 1,
    "results": [
      {
        "Direction": "Outbound",
        "Destination": "Tallaght",
        "Time": "00:09:35",
        "AVLS": "00:10:15",
        "Tram": "3013",
        "Action": "a",
        "Msg Sent": "17/10/2019 05:22:54",
        "Msg Received": "17/10/2019 05:22:54",
        "Msg Processed": "17/10/2019 05:22:54",
        "XML ID": "162",
        "Total Lag": "0.1840829",
        "Create Lag": "0.0434505",
        "Process Lag": "0.1406324"
      }
    ]
  },
  {
    "stopID": "4",
    "stopQueryTime": 1571286180923,
    "count": 2,
    "results": [
      {
        "Direction": "Inbound",
        "Destination": "The Point",
        "Time": "00:12:27",
        "AVLS": "00:13:07",
        "Tram": "3018",
        "Action": "a",
        "Msg Sent": "17/10/2019 05:22:54",
        "Msg Received": "17/10/2019 05:22:54",
        "Msg Processed": "17/10/2019 05:22:54",
        "XML ID": "162",
        "Total Lag": "0.2153309",
        "Create Lag": "0.0434505",
        "Process Lag": "0.1718804"
      },
      {
        "Direction": "Outbound",
        "Destination": "Tallaght",
        "Time": "00:10:38",
        "AVLS": "00:11:18",
        "Tram": "4004",
        "Action": "a",
        "Msg Sent": "17/10/2019 05:22:54",
        "Msg Received": "17/10/2019 05:22:54",
        "Msg Processed": "17/10/2019 05:22:54",
        "XML ID": "162",
        "Total Lag": "0.1059719",
        "Create Lag": "0.0434505",
        "Process Lag": "0.0625214"
      }
    ]
  },
  {
    "stopID": "43",
    "stopQueryTime": 1571286180925,
    "count": 2,
    "results": [
      {
        "Direction": "Inbound",
        "Destination": "Broombridge",
        "Time": "00:13:31",
        "AVLS": "00:14:11",
        "Tram": "5011",
        "Action": "a",
        "Msg Sent": "17/10/2019 05:22:54",
        "Msg Received": "17/10/2019 05:22:54",
        "Msg Processed": "17/10/2019 05:22:54",
        "XML ID": "162",
        "Total Lag": "0.246589",
        "Create Lag": "0.0434505",
        "Process Lag": "0.2031385"
      },
      {
        "Direction": "Outbound",
        "Destination": "Bride's Glen",
        "Time": "00:14:22",
        "AVLS": "00:15:02",
        "Tram": "5006",
        "Action": "a",
        "Msg Sent": "17/10/2019 05:22:54",
        "Msg Received": "17/10/2019 05:22:54",
        "Msg Processed": "17/10/2019 05:22:54",
        "XML ID": "162",
        "Total Lag": "0.1684775",
        "Create Lag": "0.0434505",
        "Process Lag": "0.125027"
      }
    ]
  },
  {
    "stopID": "44",
    "stopQueryTime": 1571286180933,
    "count": 2,
    "results": [
      {
        "Direction": "Inbound",
        "Destination": "Broombridge",
        "Time": "00:12:27",
        "AVLS": "00:13:07",
        "Tram": "5011",
        "Action": "a",
        "Msg Sent": "17/10/2019 05:22:54",
        "Msg Received": "17/10/2019 05:22:54",
        "Msg Processed": "17/10/2019 05:22:54",
        "XML ID": "162",
        "Total Lag": "0.2309525",
        "Create Lag": "0.0434505",
        "Process Lag": "0.187502"
      },
      {
        "Direction": "Outbound",
        "Destination": "Bride's Glen",
        "Time": "00:15:27",
        "AVLS": "00:16:07",
        "Tram": "5006",
        "Action": "a",
        "Msg Sent": "17/10/2019 05:22:54",
        "Msg Received": "17/10/2019 05:22:54",
        "Msg Processed": "17/10/2019 05:22:54",
        "XML ID": "162",
        "Total Lag": "0.1684775",
        "Create Lag": "0.0434505",
        "Process Lag": "0.125027"
      }
    ]
  },
  {
    "stopID": "40",
    "stopQueryTime": 1571286180944,
    "count": 2,
    "results": [
      {
        "Direction": "Inbound",
        "Destination": "Broombridge",
        "Time": "00:17:18",
        "AVLS": "00:17:58",
        "Tram": "5011",
        "Action": "a",
        "Msg Sent": "17/10/2019 05:22:54",
        "Msg Received": "17/10/2019 05:22:54",
        "Msg Processed": "17/10/2019 05:22:54",
        "XML ID": "162",
        "Total Lag": "0.246589",
        "Create Lag": "0.0434505",
        "Process Lag": "0.2031385"
      },
      {
        "Direction": "Outbound",
        "Destination": "Bride's Glen",
        "Time": "00:10:41",
        "AVLS": "00:11:21",
        "Tram": "5006",
        "Action": "a",
        "Msg Sent": "17/10/2019 05:22:54",
        "Msg Received": "17/10/2019 05:22:54",
        "Msg Processed": "17/10/2019 05:22:54",
        "XML ID": "162",
        "Total Lag": "0.1528591",
        "Create Lag": "0.0434505",
        "Process Lag": "0.1094086"
      }
    ]
  }
]