[
  {
    "stopID": "23",
    "stopQueryTime": 1571287740862,
    "count": 0,
    "results": []
  },
  {
    "stopID": "1",
    "stopQueryTime": 1571287740873,
    "count": 1,
    "results": [
      {
        "Direction": "Inbound",
        "Destination": "The Point",
        "Time": "00:00:27",
        "AVLS": "00:01:07",
        "Tram": "4004",
        "Action": "d",
        "Msg Sent": "17/10/2019 05:48:53",
        "Msg Received": "17/10/2019 05:48:53",
        "Msg Processed": "17/10/2019 05:48:53",
        "XML ID": "543",
        "Total Lag": "0.7758791",
        "Create Lag": "0.5571304",
        "Process Lag": "0.2187487"
      }
    ]
  },
  {
    "stopID": "3",
    "stopQueryTime": 1571287740876,
    "count": 1,
    "results": [
      {
        "Direction": "Inbound",
        "Destination": "The Point",
        "Time": "00:03:22",
        "AVLS": "00:04:02",
        "Tram": "4004",
        "Action": "a",
        "Msg Sent": "17/10/2019 05:48:53",
        "Msg Received": "17/10/2019 05:48:53",
        "Msg Processed": "17/10/2019 05:48:53",
        "XML ID": "543",
        "Total Lag": "0.7758791",
        "Create Lag": "0.5571304",
        "Process Lag": "0.2187487"
      }
    ]
  },
  {
    "stopID": "2",
    "stopQueryTime": 1571287740908,
    "count": 1,
    "results": [
      {
        "Direction": "Inbound",
        "Destination": "The Point",
        "Time": "00:01:41",
        "AVLS": "00:02:21",
        "Tram": "4004",
        "Action": "a",
        "Msg Sent": "17/10/2019 05:48:53",
        "Msg Received": "17/10/2019 05:48:53",
        "Msg Processed": "17/10/2019 05:48:53",
        "XML ID": "543",
        "Total Lag": "0.7758791",
        "Create Lag": "0.5571304",
        "Process Lag": "0.2187487"
      }
    ]
  },
  {
    "stopID": "28",
    "stopQueryTime": 1571287740911,
    "count": 2,
    "results": [
      {
        "Direction": "Inbound",
        "Destination": "Broombridge",
        "Time": "00:12:51",
        "AVLS": "00:13:31",
        "Tram": "5011",
        "Action": "a",
        "Msg Sent": "17/10/2019 05:48:56",
        "Msg Received": "17/10/2019 05:48:56",
        "Msg Processed": "17/10/2019 05:48:56",
        "XML ID": "544",
        "Total Lag": "0.2602554",
        "Create Lag": "0.2446286",
        "Process Lag": "0.0156268"
      },
      {
        "Direction": "Outbound",
        "Destination": "Bride's Glen",
        "Time": "00:11:01",
        "AVLS": "00:11:41",
        "Tram": "5029",
        "Action": "a",
        "Msg Sent": "17/10/2019 05:48:56",
        "Msg Received": "17/10/2019 05:48:56",
        "Msg Processed": "17/10/2019 05:48:56",
        "XML ID": "544",
        "Total Lag": "0.3852555",
        "Create Lag": "0.2446286",
        "Process Lag": "0.1406269"
      }
    ]
  },
  {
    "stopID": "11",
    "stopQueryTime": 1571287740917,
    "count": 2,
    "results": [
      {
        "Direction": "Inbound",
        "Destination": "The Point",
        "Time": "00:03:20",
        "AVLS": "00:04:00",
        "Tram": "3018",
        "Action": "a",
        "Msg Sent": "17/10/2019 05:48:53",
        "Msg Received": "17/10/2019 05:48:53",
        "Msg Processed": "17/10/2019 05:48:53",
        "XML ID": "543",
        "Total Lag": "0.6352551",
        "Create Lag": "0.5571304",
        "Process Lag": "0.0781247"
      },
      {
        "Direction": "Outbound",
        "Destination": "Tallaght",
        "Time": "00:07:47",
        "AVLS": "00:08:27",
        "Tram": "3013",
        "Action": "a",
        "Msg Sent": "17/10/2019 05:48:53",
        "Msg Received": "17/10/2019 05:48:53",
        "Msg Processed": "17/10/2019 05:48:53",
        "XML ID": "543",
        "Total Lag": "0.6196347",
        "Create Lag": "0.5571304",
        "Process Lag": "0.0625043"
      }
    ]
  },
  {
    "stopID": "7",
    "stopQueryTime": 1571287740919,
    "count": 2,
    "results": [
      {
        "Direction": "Inbound",
        "Destination": "The Point",
        "Time": "00:15:29",
        "AVLS": "00:16:09",
        "Tram": "4004",
        "Action": "a",
        "Msg Sent": "17/10/2019 05:48:53",
        "Msg Received": "17/10/2019 05:48:53",
        "Msg Processed": "17/10/2019 05:48:53",
        "XML ID": "543",
        "Total Lag": "0.7915066",
        "Create Lag": "0.5571304",
        "Process Lag": "0.2343762"
      },
      {
        "Direction": "Outbound",
        "Destination": "Tallaght",
        "Time": "00:13:48",
        "AVLS": "00:14:28",
        "Tram": "3013",
        "Action": "a",
        "Msg Sent": "17/10/2019 05:48:53",
        "Msg Received": "17/10/2019 05:48:53",
        "Msg Processed": "17/10/2019 05:48:53",
        "XML ID": "543",
        "Total Lag": "0.6196347",
        "Create Lag": "0.5571304",
        "Process Lag": "0.0625043"
      }
    ]
  },
  {
    "stopID": "34",
    "stopQueryTime": 1571287740933,
    "count": 2,
    "results": [
      {
        "Direction": "Inbound",
        "Destination": "Broombridge",
        "Time": "00:02:26",
        "AVLS": "00:03:06",
        "Tram": "5011",
        "Action": "a",
        "Msg Sent": "17/10/2019 05:48:56",
        "Msg Received": "17/10/2019 05:48:56",
        "Msg Processed": "17/10/2019 05:48:56",
        "XML ID": "544",
        "Total Lag": "0.2446286",
        "Create Lag": "0.2446286",
        "Process Lag": "0"
      },
      {
        "Direction": "Inbound",
        "Destination": "Parnell",
        "Time": "00:14:02",
        "AVLS": "00:14:42",
        "Tram": "5003",
        "Action": "a",
        "Msg Sent": "17/10/2019 05:48:53",
        "Msg Received": "17/10/2019 05:48:53",
        "Msg Processed": "17/10/2019 05:48:53",
        "XML ID": "543",
        "Total Lag": "0.5727539",
        "Create Lag": "0.5571304",
        "Process Lag": "0.0156235"
      }
    ]
  },
  {
    "stopID": "21",
    "stopQueryTime": 1571287740937,
    "count": 2,
    "results": [
      {
        "Direction": "Inbound",
        "Destination": "The Point",
        "Time": "00:12:54",
        "AVLS": "00:13:34",
        "Tram": "4003",
        "Action": "a",
        "Msg Sent": "17/10/2019 05:48:59",
        "Msg Received": "17/10/2019 05:48:59",
        "Msg Processed": "17/10/2019 05:48:59",
        "XML ID": "545",
        "Total Lag": "0.2602617",
        "Create Lag": "0.2290046",
        "Process Lag": "0.0312571"
      },
      {
        "Direction": "Outbound",
        "Destination": "Tallaght",
        "Time": "00:10:27",
        "AVLS": "00:11:07",
        "Tram": "3019",
        "Action": "a",
        "Msg Sent": "17/10/2019 05:48:53",
        "Msg Received": "17/10/2019 05:48:53",
        "Msg Processed": "17/10/2019 05:48:53",
        "XML ID": "543",
        "Total Lag": "0.6821354",
        "Create Lag": "0.5571304",
        "Process Lag": "0.125005"
      }
    ]
  },
  {
    "stopID": "22",
    "stopQueryTime": 1571287740940,
    "count": 2,
    "results": [
      {
        "Direction": "Inbound",
        "Destination": "The Point",
        "Time": "00:15:58",
        "AVLS": "00:16:38",
        "Tram": "4003",
        "Action": "a",
        "Msg Sent": "17/10/2019 05:48:59",
        "Msg Received": "17/10/2019 05:48:59",
        "Msg Processed": "17/10/2019 05:48:59",
        "XML ID": "545",
        "Total Lag": "0.2602617",
        "Create Lag": "0.2290046",
        "Process Lag": "0.0312571"
      },
      {
        "Direction": "Outbound",
        "Destination": "Tallaght",
        "Time": "00:06:59",
        "AVLS": "00:07:39",
        "Tram": "3019",
        "Action": "a",
        "Msg Sent": "17/10/2019 05:48:53",
        "Msg Received": "17/10/2019 05:48:53",
        "Msg Processed": "17/10/2019 05:48:53",
        "XML ID": "543",
        "Total Lag": "0.6821354",
        "Create Lag": "0.5571304",
        "Process Lag": "0.125005"
      }
    ]
  },
  {
    "stopID": "5",
    "stopQueryTime": 1571287740943,
    "count": 1,
    "results": [
      {
        "Direction": "Inbound",
        "Destination": "The Point",
        "Time": "00:08:20",
        "AVLS": "00:09:00",
        "Tram": "4004",
        "Action": "a",
        "Msg Sent": "17/10/2019 05:48:53",
        "Msg Received": "17/10/2019 05:48:53",
        "Msg Processed": "17/10/2019 05:48:53",
        "XML ID": "543",
        "Total Lag": "0.7758791",
        "Create Lag": "0.5571304",
        "Process Lag": "0.2187487"
      }
    ]
  },
  {
    "stopID": "58",
    "stopQueryTime": 1571287740944,
    "count": 0,
    "results": []
  },
  {
    "stopID": "52",
    "stopQueryTime": 1571287740962,
    "count": 3,
    "results": [
      {
        "Direction": "Inbound",
        "Destination": "Belgard",
        "Time": "00:14:42",
        "AVLS": "00:15:22",
        "Tram": "3009",
        "Action": "a",
        "Msg Sent": "17/10/2019 05:48:53",
        "Msg Received": "17/10/2019 05:48:53",
        "Msg Processed": "17/10/2019 05:48:53",
        "XML ID": "543",
        "Total Lag": "0.5883789",
        "Create Lag": "0.5571304",
        "Process Lag": "0.0312485"
      },
      {
        "Direction": "Outbound",
        "Destination": "Saggart",
        "Time": "00:06:02",
        "AVLS": "00:06:42",
        "Tram": "3009",
        "Action": "a",
        "Msg Sent": "17/10/2019 05:48:53",
        "Msg Received": "17/10/2019 05:48:53",
        "Msg Processed": "17/10/2019 05:48:53",
        "XML ID": "543",
        "Total Lag": "0.5883789",
        "Create Lag": "0.5571304",
        "Process Lag": "0.0312485"
      },
      {
        "Direction": "Outbound",
        "Destination": "Saggart",
        "Time": "00:19:14",
        "AVLS": "00:19:54",
        "Tram": "3026",
        "Action": "a",
        "Msg Sent": "17/10/2019 05:48:53",
        "Msg Received": "17/10/2019 05:48:53",
        "Msg Processed": "17/10/2019 05:48:53",
        "XML ID": "543",
        "Total Lag": "0.7446295",
        "Create Lag": "0.5571304",
        "Process Lag": "0.1874991"
      }
    ]
  },
  {
    "stopID": "48",
    "stopQueryTime": 1571287740966,
    "count": 1,
    "results": [
      {
        "Direction": "Inbound",
        "Destination": "Broombridge",
        "Time": "00:00:27",
        "AVLS": "00:01:07",
        "Tram": "5006",
        "Action": "d",
        "Msg Sent": "17/10/2019 05:48:53",
        "Msg Received": "17/10/2019 05:48:53",
        "Msg Processed": "17/10/2019 05:48:53",
        "XML ID": "543",
        "Total Lag": "0.8227545",
        "Create Lag": "0.5571304",
        "Process Lag": "0.2656241"
      }
    ]
  },
  {
    "stopID": "35",
    "stopQueryTime": 1571287740969,
    "count": 3,
    "results": [
      {
        "Direction": "Inbound",
        "Destination": "Broombridge",
        "Time": "00:00:26",
        "AVLS": "00:01:06",
        "Tram": "5011",
        "Action": "a",
        "Msg Sent": "17/10/2019 05:48:53",
        "Msg Received": "17/10/2019 05:48:53",
        "Msg Processed": "17/10/2019 05:48:53",
        "XML ID": "543",
        "Total Lag": "0.8540015",
        "Create Lag": "0.5571304",
        "Process Lag": "0.2968711"
      },
      {
        "Direction": "Inbound",
        "Destination": "Parnell",
        "Time": "00:12:02",
        "AVLS": "00:12:42",
        "Tram": "5003",
        "Action": "a",
        "Msg Sent": "17/10/2019 05:48:53",
        "Msg Received": "17/10/2019 05:48:53",
        "Msg Processed": "17/10/2019 05:48:53",
        "XML ID": "543",
        "Total Lag": "0.5727539",
        "Create Lag": "0.5571304",
        "Process Lag": "0.0156235"
      },
      {
        "Direction": "Outbound",
        "Destination": "Bride's Glen",
        "Time": "00:00:00",
        "AVLS": "00:00:00",
        "Tram": "5021",
        "Action": "a",
        "Msg Sent": "17/10/2019 05:48:39",
        "Msg Received": "17/10/2019 05:48:39",
        "Msg Processed": "17/10/2019 05:48:39",
        "XML ID": "539",
        "Total Lag": "0.3696253",
        "Create Lag": "0.3696253",
        "Process Lag": "0"
      }
    ]
  },
  {
    "stopID": "15",
    "stopQueryTime": 1571287740973,
    "count": 3,
    "results": [
      {
        "Direction": "Inbound",
        "Destination": "The Point",
        "Time": "00:00:29",
        "AVLS": "00:01:09",
        "Tram": "4003",
        "Action": "a",
        "Msg Sent": "17/10/2019 05:48:59",
        "Msg Received": "17/10/2019 05:48:59",
        "Msg Processed": "17/10/2019 05:48:59",
        "XML ID": "545",
        "Total Lag": "0.2446385",
        "Create Lag": "0.2290046",
        "Process Lag": "0.0156339"
      },
      {
        "Direction": "Inbound",
        "Destination": "The Point",
        "Time": "00:08:23",
        "AVLS": "00:09:03",
        "Tram": "3018",
        "Action": "a",
        "Msg Sent": "17/10/2019 05:48:53",
        "Msg Received": "17/10/2019 05:48:53",
        "Msg Processed": "17/10/2019 05:48:53",
        "XML ID": "543",
        "Total Lag": "0.6508759",
        "Create Lag": "0.5571304",
        "Process Lag": "0.0937455"
      },
      {
        "Direction": "Outbound",
        "Destination": "Tallaght",
        "Time": "00:02:02",
        "AVLS": "00:02:42",
        "Tram": "3013",
        "Action": "a",
        "Msg Sent": "17/10/2019 05:48:53",
        "Msg Received": "17/10/2019 05:48:53",
        "Msg Processed": "17/10/2019 05:48:53",
        "XML ID": "543",
        "Total Lag": "0.6040051",
        "Create Lag": "0.5571304",
        "Process Lag": "0.0468747"
      }
    ]
  },
  {
    "stopID": "51",
    "stopQueryTime": 1571287740975,
    "count": 3,
    "results": [
      {
        "Direction": "Inbound",
        "Destination": "Belgard",
        "Time": "00:15:58",
        "AVLS": "00:16:38",
        "Tram": "3009",
        "Action": "a",
        "Msg Sent": "17/10/2019 05:48:53",
        "Msg Received": "17/10/2019 05:48:53",
        "Msg Processed": "17/10/2019 05:48:53",
        "XML ID": "543",
        "Total Lag": "0.6040051",
        "Create Lag": "0.5571304",
        "Process Lag": "0.0468747"
      },
      {
        "Direction": "Outbound",
        "Destination": "Saggart",
        "Time": "00:04:50",
        "AVLS": "00:05:30",
        "Tram": "3009",
        "Action": "a",
        "Msg Sent": "17/10/2019 05:48:53",
        "Msg Received": "17/10/2019 05:48:53",
        "Msg Processed": "17/10/2019 05:48:53",
        "XML ID": "543",
        "Total Lag": "0.5883789",
        "Create Lag": "0.5571304",
        "Process Lag": "0.0312485"
      },
      {
        "Direction": "Outbound",
        "Destination": "Saggart",
        "Time": "00:17:57",
        "AVLS": "00:18:37",
        "Tram": "3026",
        "Action": "a",
        "Msg Sent": "17/10/2019 05:48:53",
        "Msg Received": "17/10/2019 05:48:53",
        "Msg Processed": "17/10/2019 05:48:53",
        "XML ID": "543",
        "Total Lag": "0.7446295",
        "Create Lag": "0.5571304",
        "Process Lag": "0.1874991"
      }
    ]
  },
  {
    "stopID": "14",
    "stopQueryTime": 1571287740978,
    "count": 2,
    "results": [
      {
        "Direction": "Inbound",
        "Destination": "The Point",
        "Time": "00:06:45",
        "AVLS": "00:07:25",
        "Tram": "3018",
        "Action": "a",
        "Msg Sent": "17/10/2019 05:48:53",
        "Msg Received": "17/10/2019 05:48:53",
        "Msg Processed": "17/10/2019 05:48:53",
        "XML ID": "543",
        "Total Lag": "0.6508759",
        "Create Lag": "0.5571304",
        "Process Lag": "0.0937455"
      },
      {
        "Direction": "Outbound",
        "Destination": "Tallaght",
        "Time": "00:04:01",
        "AVLS": "00:04:41",
        "Tram": "3013",
        "Action": "a",
        "Msg Sent": "17/10/2019 05:48:53",
        "Msg Received": "17/10/2019 05:48:53",
        "Msg Processed": "17/10/2019 05:48:53",
        "XML ID": "543",
        "Total Lag": "0.6040051",
        "Create Lag": "0.5571304",
        "Process Lag": "0.0468747"
      }
    ]
  },
  {
    "stopID": "57",
    "stopQueryTime": 1571287740983,
    "count": 1,
    "results": [
      {
        "Direction": "Outbound",
        "Destination": "Tallaght",
        "Time": "00:00:57",
        "AVLS": "00:01:37",
        "Tram": "3019",
        "Action": "d",
        "Msg Sent": "17/10/2019 05:48:53",
        "Msg Received": "17/10/2019 05:48:53",
        "Msg Processed": "17/10/2019 05:48:53",
        "XML ID": "543",
        "Total Lag": "0.6665035",
        "Create Lag": "0.5571304",
        "Process Lag": "0.1093731"
      }
    ]
  },
  {
    "stopID": "39",
    "stopQueryTime": 1571287740985,
    "count": 3,
    "results": [
      {
        "Direction": "Inbound",
        "Destination": "Broombridge",
        "Time": "00:12:48",
        "AVLS": "00:13:28",
        "Tram": "5006",
        "Action": "a",
        "Msg Sent": "17/10/2019 05:48:53",
        "Msg Received": "17/10/2019 05:48:53",
        "Msg Processed": "17/10/2019 05:48:53",
        "XML ID": "543",
        "Total Lag": "0.8540015",
        "Create Lag": "0.5571304",
        "Process Lag": "0.2968711"
      },
      {
        "Direction": "Outbound",
        "Destination": "Bride's Glen",
        "Time": "00:02:24",
        "AVLS": "00:03:04",
        "Tram": "5002",
        "Action": "a",
        "Msg Sent": "17/10/2019 05:48:53",
        "Msg Received": "17/10/2019 05:48:53",
        "Msg Processed": "17/10/2019 05:48:53",
        "XML ID": "543",
        "Total Lag": "0.8071327",
        "Create Lag": "0.5571304",
        "Process Lag": "0.2500023"
      },
      {
        "Direction": "Outbound",
        "Destination": "Bride's Glen",
        "Time": "00:06:12",
        "AVLS": "00:06:52",
        "Tram": "5021",
        "Action": "a",
        "Msg Sent": "17/10/2019 05:48:56",
        "Msg Received": "17/10/2019 05:48:56",
        "Msg Processed": "17/10/2019 05:48:56",
        "XML ID": "544",
        "Total Lag": "0.2915061",
        "Create Lag": "0.2446286",
        "Process Lag": "0.0468775"
      }
    ]
  },
  {
    "stopID": "10",
    "stopQueryTime": 1571287740987,
    "count": 2,
    "results": [
      {
        "Direction": "Inbound",
        "Destination": "The Point",
        "Time": "00:02:28",
        "AVLS": "00:03:08",
        "Tram": "3018",
        "Action": "a",
        "Msg Sent": "17/10/2019 05:48:53",
        "Msg Received": "17/10/2019 05:48:53",
        "Msg Processed": "17/10/2019 05:48:53",
        "XML ID": "543",
        "Total Lag": "0.6352551",
        "Create Lag": "0.5571304",
        "Process Lag": "0.0781247"
      },
      {
        "Direction": "Outbound",
        "Destination": "Tallaght",
        "Time": "00:08:43",
        "AVLS": "00:09:23",
        "Tram": "3013",
        "Action": "a",
        "Msg Sent": "17/10/2019 05:48:53",
        "Msg Received": "17/10/2019 05:48:53",
        "Msg Processed": "17/10/2019 05:48:53",
        "XML ID": "543",
        "Total Lag": "0.6196347",
        "Create Lag": "0.5571304",
        "Process Lag": "0.0625043"
      }
    ]
  },
  {
    "stopID": "36",
    "stopQueryTime": 1571287740989,
    "count": 3,
    "results": [
      {
        "Direction": "Inbound",
        "Destination": "Parnell",
        "Time": "00:10:27",
        "AVLS": "00:11:07",
        "Tram": "5003",
        "Action": "d",
        "Msg Sent": "17/10/2019 05:48:53",
        "Msg Received": "17/10/2019 05:48:53",
        "Msg Processed": "17/10/2019 05:48:53",
        "XML ID": "543",
        "Total Lag": "0.5571304",
        "Create Lag": "0.5571304",
        "Process Lag": "0"
      },
      {
        "Direction": "Inbound",
        "Destination": "Broombridge",
        "Time": "00:18:27",
        "AVLS": "00:19:07",
        "Tram": "5006",
        "Action": "a",
        "Msg Sent": "17/10/2019 05:48:53",
        "Msg Received": "17/10/2019 05:48:53",
        "Msg Processed": "17/10/2019 05:48:53",
        "XML ID": "543",
        "Total Lag": "0.8540015",
        "Create Lag": "0.5571304",
        "Process Lag": "0.2968711"
      },
      {
        "Direction": "Outbound",
        "Destination": "Bride's Glen",
        "Time": "00:00:26",
        "AVLS": "00:01:06",
        "Tram": "5021",
        "Action": "a",
        "Msg Sent": "17/10/2019 05:48:56",
        "Msg Received": "17/10/2019 05:48:56",
        "Msg Processed": "17/10/2019 05:48:56",
        "XML ID": "544",
        "Total Lag": "0.2758805",
        "Create Lag": "0.2446286",
        "Process Lag": "0.0312519"
      }
    ]
  },
  {
    "stopID": "49",
    "stopQueryTime": 1571287740992,
    "count": 3,
    "results": [
      {
        "Direction": "Inbound",
        "Destination": "Belgard",
        "Time": "00:00:31",
        "AVLS": "00:01:11",
        "Tram": "3026",
        "Action": "a",
        "Msg Sent": "17/10/2019 05:48:53",
        "Msg Received": "17/10/2019 05:48:53",
        "Msg Processed": "17/10/2019 05:48:53",
        "XML ID": "543",
        "Total Lag": "0.7290027",
        "Create Lag": "0.5571304",
        "Process Lag": "0.1718723"
      },
      {
        "Direction": "Outbound",
        "Destination": "Saggart",
        "Time": "00:01:31",
        "AVLS": "00:02:11",
        "Tram": "3009",
        "Action": "a",
        "Msg Sent": "17/10/2019 05:48:53",
        "Msg Received": "17/10/2019 05:48:53",
        "Msg Processed": "17/10/2019 05:48:53",
        "XML ID": "543",
        "Total Lag": "0.5727539",
        "Create Lag": "0.5571304",
        "Process Lag": "0.0156235"
      },
      {
        "Direction": "Outbound",
        "Destination": "Saggart",
        "Time": "00:14:24",
        "AVLS": "00:15:04",
        "Tram": "3026",
        "Action": "a",
        "Msg Sent": "17/10/2019 05:48:53",
        "Msg Received": "17/10/2019 05:48:53",
        "Msg Processed": "17/10/2019 05:48:53",
        "XML ID": "543",
        "Total Lag": "0.7290027",
        "Create Lag": "0.5571304",
        "Process Lag": "0.1718723"
      }
    ]
  },
  {
    "stopID": "32",
    "stopQueryTime": 1571287741001,
    "count": 3,
    "results": [
      {
        "Direction": "Inbound",
        "Destination": "Broombridge",
        "Time": "00:05:51",
        "AVLS": "00:06:31",
        "Tram": "5011",
        "Action": "a",
        "Msg Sent": "17/10/2019 05:48:56",
        "Msg Received": "17/10/2019 05:48:56",
        "Msg Processed": "17/10/2019 05:48:56",
        "XML ID": "544",
        "Total Lag": "0.2602554",
        "Create Lag": "0.2446286",
        "Process Lag": "0.0156268"
      },
      {
        "Direction": "Inbound",
        "Destination": "Parnell",
        "Time": "00:17:27",
        "AVLS": "00:18:07",
        "Tram": "5003",
        "Action": "a",
        "Msg Sent": "17/10/2019 05:48:53",
        "Msg Received": "17/10/2019 05:48:53",
        "Msg Processed": "17/10/2019 05:48:53",
        "XML ID": "543",
        "Total Lag": "0.5727539",
        "Create Lag": "0.5571304",
        "Process Lag": "0.0156235"
      },
      {
        "Direction": "Outbound",
        "Destination": "Bride's Glen",
        "Time": "00:18:01",
        "AVLS": "00:18:41",
        "Tram": "5029",
        "Action": "a",
        "Msg Sent": "17/10/2019 05:48:56",
        "Msg Received": "17/10/2019 05:48:56",
        "Msg Processed": "17/10/2019 05:48:56",
        "XML ID": "544",
        "Total Lag": "0.3852555",
        "Create Lag": "0.2446286",
        "Process Lag": "0.1406269"
      }
    ]
  },
  {
    "stopID": "6",
    "stopQueryTime": 1571287741003,
    "count": 2,
    "results": [
      {
        "Direction": "Inbound",
        "Destination": "The Point",
        "Time": "00:11:27",
        "AVLS": "00:12:07",
        "Tram": "4004",
        "Action": "a",
        "Msg Sent": "17/10/2019 05:48:53",
        "Msg Received": "17/10/2019 05:48:53",
        "Msg Processed": "17/10/2019 05:48:53",
        "XML ID": "543",
        "Total Lag": "0.7915066",
        "Create Lag": "0.5571304",
        "Process Lag": "0.2343762"
      },
      {
        "Direction": "Outbound",
        "Destination": "Tallaght",
        "Time": "00:17:51",
        "AVLS": "00:18:31",
        "Tram": "3013",
        "Action": "a",
        "Msg Sent": "17/10/2019 05:48:53",
        "Msg Received": "17/10/2019 05:48:53",
        "Msg Processed": "17/10/2019 05:48:53",
        "XML ID": "543",
        "Total Lag": "0.6196347",
        "Create Lag": "0.5571304",
        "Process Lag": "0.0625043"
      }
    ]
  },
  {
    "stopID": "38",
    "stopQueryTime": 1571287741007,
    "count": 3,
    "results": [
      {
        "Direction": "Inbound",
        "Destination": "Broombridge",
        "Time": "00:14:33",
        "AVLS": "00:15:13",
        "Tram": "5006",
        "Action": "a",
        "Msg Sent": "17/10/2019 05:48:53",
        "Msg Received": "17/10/2019 05:48:53",
        "Msg Processed": "17/10/2019 05:48:53",
        "XML ID": "543",
        "Total Lag": "0.8540015",
        "Create Lag": "0.5571304",
        "Process Lag": "0.2968711"
      },
      {
        "Direction": "Outbound",
        "Destination": "Bride's Glen",
        "Time": "00:00:39",
        "AVLS": "00:01:19",
        "Tram": "5002",
        "Action": "a",
        "Msg Sent": "17/10/2019 05:48:53",
        "Msg Received": "17/10/2019 05:48:53",
        "Msg Processed": "17/10/2019 05:48:53",
        "XML ID": "543",
        "Total Lag": "0.7915066",
        "Create Lag": "0.5571304",
        "Process Lag": "0.2343762"
      },
      {
        "Direction": "Outbound",
        "Destination": "Bride's Glen",
        "Time": "00:04:27",
        "AVLS": "00:05:07",
        "Tram": "5021",
        "Action": "a",
        "Msg Sent": "17/10/2019 05:48:56",
        "Msg Received": "17/10/2019 05:48:56",
        "Msg Processed": "17/10/2019 05:48:56",
        "XML ID": "544",
        "Total Lag": "0.2915061",
        "Create Lag": "0.2446286",
        "Process Lag": "0.0468775"
      }
    ]
  },
  {
    "stopID": "18",
    "stopQueryTime": 1571287741012,
    "count": 3,
    "results": [
      {
        "Direction": "Inbound",
        "Destination": "The Point",
        "Time": "00:07:09",
        "AVLS": "00:07:49",
        "Tram": "4003",
        "Action": "a",
        "Msg Sent": "17/10/2019 05:48:59",
        "Msg Received": "17/10/2019 05:48:59",
        "Msg Processed": "17/10/2019 05:48:59",
        "XML ID": "545",
        "Total Lag": "0.2446385",
        "Create Lag": "0.2290046",
        "Process Lag": "0.0156339"
      },
      {
        "Direction": "Inbound",
        "Destination": "The Point",
        "Time": "00:15:03",
        "AVLS": "00:15:43",
        "Tram": "3018",
        "Action": "a",
        "Msg Sent": "17/10/2019 05:48:53",
        "Msg Received": "17/10/2019 05:48:53",
        "Msg Processed": "17/10/2019 05:48:53",
        "XML ID": "543",
        "Total Lag": "0.6508759",
        "Create Lag": "0.5571304",
        "Process Lag": "0.0937455"
      },
      {
        "Direction": "Outbound",
        "Destination": "Tallaght",
        "Time": "00:15:40",
        "AVLS": "00:16:20",
        "Tram": "3019",
        "Action": "a",
        "Msg Sent": "17/10/2019 05:48:53",
        "Msg Received": "17/10/2019 05:48:53",
        "Msg Processed": "17/10/2019 05:48:53",
        "XML ID": "543",
        "Total Lag": "0.697762",
        "Create Lag": "0.5571304",
        "Process Lag": "0.1406316"
      }
    ]
  },
  {
    "stopID": "24",
    "stopQueryTime": 1571287741014,
    "count": 2,
    "results": [
      {
        "Direction": "Inbound",
        "Destination": "Broombridge",
        "Time": "00:05:23",
        "AVLS": "00:06:03",
        "Tram": "3020",
        "Action": "a",
        "Msg Sent": "17/10/2019 05:48:53",
        "Msg Received": "17/10/2019 05:48:53",
        "Msg Processed": "17/10/2019 05:48:53",
        "XML ID": "543",
        "Total Lag": "0.7133796",
        "Create Lag": "0.5571304",
        "Process Lag": "0.1562492"
      },
      {
        "Direction": "Outbound",
        "Destination": "Bride's Glen",
        "Time": "00:03:01",
        "AVLS": "00:03:41",
        "Tram": "5029",
        "Action": "a",
        "Msg Sent": "17/10/2019 05:48:56",
        "Msg Received": "17/10/2019 05:48:56",
        "Msg Processed": "17/10/2019 05:48:56",
        "XML ID": "544",
        "Total Lag": "0.3540059",
        "Create Lag": "0.2446286",
        "Process Lag": "0.1093773"
      }
    ]
  },
  {
    "stopID": "30",
    "stopQueryTime": 1571287741016,
    "count": 2,
    "results": [
      {
        "Direction": "Inbound",
        "Destination": "Broombridge",
        "Time": "00:09:37",
        "AVLS": "00:10:17",
        "Tram": "5011",
        "Action": "a",
        "Msg Sent": "17/10/2019 05:48:56",
        "Msg Received": "17/10/2019 05:48:56",
        "Msg Processed": "17/10/2019 05:48:56",
        "XML ID": "544",
        "Total Lag": "0.2602554",
        "Create Lag": "0.2446286",
        "Process Lag": "0.0156268"
      },
      {
        "Direction": "Outbound",
        "Destination": "Bride's Glen",
        "Time": "00:14:15",
        "AVLS": "00:14:55",
        "Tram": "5029",
        "Action": "a",
        "Msg Sent": "17/10/2019 05:48:56",
        "Msg Received": "17/10/2019 05:48:56",
        "Msg Processed": "17/10/2019 05:48:56",
        "XML ID": "544",
        "Total Lag": "0.3852555",
        "Create Lag": "0.2446286",
        "Process Lag": "0.1406269"
      }
    ]
  },
  {
    "stopID": "9",
    "stopQueryTime": 1571287741026,
    "count": 3,
    "results": [
      {
        "Direction": "Inbound",
        "Destination": "The Point",
        "Time": "00:01:18",
        "AVLS": "00:01:58",
        "Tram": "3018",
        "Action": "a",
        "Msg Sent": "17/10/2019 05:48:53",
        "Msg Received": "17/10/2019 05:48:53",
        "Msg Processed": "17/10/2019 05:48:53",
        "XML ID": "543",
        "Total Lag": "0.6352551",
        "Create Lag": "0.5571304",
        "Process Lag": "0.0781247"
      },
      {
        "Direction": "Inbound",
        "Destination": "The Point",
        "Time": "00:18:57",
        "AVLS": "00:19:37",
        "Tram": "4004",
        "Action": "a",
        "Msg Sent": "17/10/2019 05:48:53",
        "Msg Received": "17/10/2019 05:48:53",
        "Msg Processed": "17/10/2019 05:48:53",
        "XML ID": "543",
        "Total Lag": "0.7915066",
        "Create Lag": "0.5571304",
        "Process Lag": "0.2343762"
      },
      {
        "Direction": "Outbound",
        "Destination": "Tallaght",
        "Time": "00:09:59",
        "AVLS": "00:10:39",
        "Tram": "3013",
        "Action": "a",
        "Msg Sent": "17/10/2019 05:48:53",
        "Msg Received": "17/10/2019 05:48:53",
        "Msg Processed": "17/10/2019 05:48:53",
        "XML ID": "543",
        "Total Lag": "0.6196347",
        "Create Lag": "0.5571304",
        "Process Lag": "0.0625043"
      }
    ]
  },
  {
    "stopID": "33",
    "stopQueryTime": 1571287741028,
    "count": 2,
    "results": [
      {
        "Direction": "Inbound",
        "Destination": "Broombridge",
        "Time": "00:04:09",
        "AVLS": "00:04:49",
        "Tram": "5011",
        "Action": "a",
        "Msg Sent": "17/10/2019 05:48:56",
        "Msg Received": "17/10/2019 05:48:56",
        "Msg Processed": "17/10/2019 05:48:56",
        "XML ID": "544",
        "Total Lag": "0.2446286",
        "Create Lag": "0.2446286",
        "Process Lag": "0"
      },
      {
        "Direction": "Inbound",
        "Destination": "Parnell",
        "Time": "00:15:45",
        "AVLS": "00:16:25",
        "Tram": "5003",
        "Action": "a",
        "Msg Sent": "17/10/2019 05:48:53",
        "Msg Received": "17/10/2019 05:48:53",
        "Msg Processed": "17/10/2019 05:48:53",
        "XML ID": "543",
        "Total Lag": "0.5727539",
        "Create Lag": "0.5571304",
        "Process Lag": "0.0156235"
      }
    ]
  },
  {
    "stopID": "31",
    "stopQueryTime": 1571287741030,
    "count": 2,
    "results": [
      {
        "Direction": "Inbound",
        "Destination": "Broombridge",
        "Time": "00:07:50",
        "AVLS": "00:08:30",
        "Tram": "5011",
        "Action": "a",
        "Msg Sent": "17/10/2019 05:48:56",
        "Msg Received": "17/10/2019 05:48:56",
        "Msg Processed": "17/10/2019 05:48:56",
        "XML ID": "544",
        "Total Lag": "0.2602554",
        "Create Lag": "0.2446286",
        "Process Lag": "0.0156268"
      },
      {
        "Direction": "Outbound",
        "Destination": "Bride's Glen",
        "Time": "00:16:03",
        "AVLS": "00:16:43",
        "Tram": "5029",
        "Action": "a",
        "Msg Sent": "17/10/2019 05:48:56",
        "Msg Received": "17/10/2019 05:48:56",
        "Msg Processed": "17/10/2019 05:48:56",
        "XML ID": "544",
        "Total Lag": "0.3852555",
        "Create Lag": "0.2446286",
        "Process Lag": "0.1406269"
      }
    ]
  },
  {
    "stopID": "53",
    "stopQueryTime": 1571287741032,
    "count": 2,
    "results": [
      {
        "Direction": "Inbound",
        "Destination": "Belgard",
        "Time": "00:12:27",
        "AVLS": "00:13:07",
        "Tram": "3009",
        "Action": "d",
        "Msg Sent": "17/10/2019 05:48:53",
        "Msg Received": "17/10/2019 05:48:53",
        "Msg Processed": "17/10/2019 05:48:53",
        "XML ID": "543",
        "Total Lag": "0.5883789",
        "Create Lag": "0.5571304",
        "Process Lag": "0.0312485"
      },
      {
        "Direction": "Terminating",
        "Destination": "Saggart",
        "Time": "00:08:06",
        "AVLS": "00:08:46",
        "Tram": "3009",
        "Action": "a",
        "Msg Sent": "17/10/2019 05:48:53",
        "Msg Received": "17/10/2019 05:48:53",
        "Msg Processed": "17/10/2019 05:48:53",
        "XML ID": "543",
        "Total Lag": "0.5883789",
        "Create Lag": "0.5571304",
        "Process Lag": "0.0312485"
      }
    ]
  },
  {
    "stopID": "40",
    "stopQueryTime": 1571287741037,
    "count": 3,
    "results": [
      {
        "Direction": "Inbound",
        "Destination": "Broombridge",
        "Time": "00:11:18",
        "AVLS": "00:11:58",
        "Tram": "5006",
        "Action": "a",
        "Msg Sent": "17/10/2019 05:48:53",
        "Msg Received": "17/10/2019 05:48:53",
        "Msg Processed": "17/10/2019 05:48:53",
        "XML ID": "543",
        "Total Lag": "0.8383794",
        "Create Lag": "0.5571304",
        "Process Lag": "0.281249"
      },
      {
        "Direction": "Outbound",
        "Destination": "Bride's Glen",
        "Time": "00:03:52",
        "AVLS": "00:04:32",
        "Tram": "5002",
        "Action": "a",
        "Msg Sent": "17/10/2019 05:48:53",
        "Msg Received": "17/10/2019 05:48:53",
        "Msg Processed": "17/10/2019 05:48:53",
        "XML ID": "543",
        "Total Lag": "0.8071327",
        "Create Lag": "0.5571304",
        "Process Lag": "0.2500023"
      },
      {
        "Direction": "Outbound",
        "Destination": "Bride's Glen",
        "Time": "00:07:40",
        "AVLS": "00:08:20",
        "Tram": "5021",
        "Action": "a",
        "Msg Sent": "17/10/2019 05:48:56",
        "Msg Received": "17/10/2019 05:48:56",
        "Msg Processed": "17/10/2019 05:48:56",
        "XML ID": "544",
        "Total Lag": "0.2915061",
        "Create Lag": "0.2446286",
        "Process Lag": "0.0468775"
      }
    ]
  },
  {
    "stopID": "37",
    "stopQueryTime": 1571287741039,
    "count": 3,
    "results": [
      {
        "Direction": "Inbound",
        "Destination": "Broombridge",
        "Time": "00:16:03",
        "AVLS": "00:16:43",
        "Tram": "5006",
        "Action": "a",
        "Msg Sent": "17/10/2019 05:48:53",
        "Msg Received": "17/10/2019 05:48:53",
        "Msg Processed": "17/10/2019 05:48:53",
        "XML ID": "543",
        "Total Lag": "0.8540015",
        "Create Lag": "0.5571304",
        "Process Lag": "0.2968711"
      },
      {
        "Direction": "Outbound",
        "Destination": "Bride's Glen",
        "Time": "00:00:00",
        "AVLS": "00:00:00",
        "Tram": "5002",
        "Action": "a",
        "Msg Sent": "17/10/2019 05:48:46",
        "Msg Received": "17/10/2019 05:48:46",
        "Msg Processed": "17/10/2019 05:48:46",
        "XML ID": "541",
        "Total Lag": "0.6508801",
        "Create Lag": "0.5135447",
        "Process Lag": "0.1373354"
      },
      {
        "Direction": "Outbound",
        "Destination": "Bride's Glen",
        "Time": "00:02:59",
        "AVLS": "00:03:39",
        "Tram": "5021",
        "Action": "a",
        "Msg Sent": "17/10/2019 05:48:56",
        "Msg Received": "17/10/2019 05:48:56",
        "Msg Processed": "17/10/2019 05:48:56",
        "XML ID": "544",
        "Total Lag": "0.2758805",
        "Create Lag": "0.2446286",
        "Process Lag": "0.0312519"
      }
    ]
  },
  {
    "stopID": "56",
    "stopQueryTime": 1571287741044,
    "count": 1,
    "results": [
      {
        "Direction": "Outbound",
        "Destination": "Tallaght",
        "Time": "00:01:36",
        "AVLS": "00:02:16",
        "Tram": "3019",
        "Action": "a",
        "Msg Sent": "17/10/2019 05:48:53",
        "Msg Received": "17/10/2019 05:48:53",
        "Msg Processed": "17/10/2019 05:48:53",
        "XML ID": "543",
        "Total Lag": "0.6665035",
        "Create Lag": "0.5571304",
        "Process Lag": "0.1093731"
      }
    ]
  },
  {
    "stopID": "42",
    "stopQueryTime": 1571287741049,
    "count": 3,
    "results": [
      {
        "Direction": "Inbound",
        "Destination": "Broombridge",
        "Time": "00:09:07",
        "AVLS": "00:09:47",
        "Tram": "5006",
        "Action": "a",
        "Msg Sent": "17/10/2019 05:48:53",
        "Msg Received": "17/10/2019 05:48:53",
        "Msg Processed": "17/10/2019 05:48:53",
        "XML ID": "543",
        "Total Lag": "0.8383794",
        "Create Lag": "0.5571304",
        "Process Lag": "0.281249"
      },
      {
        "Direction": "Outbound",
        "Destination": "Bride's Glen",
        "Time": "00:06:00",
        "AVLS": "00:06:40",
        "Tram": "5002",
        "Action": "a",
        "Msg Sent": "17/10/2019 05:48:53",
        "Msg Received": "17/10/2019 05:48:53",
        "Msg Processed": "17/10/2019 05:48:53",
        "XML ID": "543",
        "Total Lag": "0.8071327",
        "Create Lag": "0.5571304",
        "Process Lag": "0.2500023"
      },
      {
        "Direction": "Outbound",
        "Destination": "Bride's Glen",
        "Time": "00:09:48",
        "AVLS": "00:10:28",
        "Tram": "5021",
        "Action": "a",
        "Msg Sent": "17/10/2019 05:48:56",
        "Msg Received": "17/10/2019 05:48:56",
        "Msg Processed": "17/10/2019 05:48:56",
        "XML ID": "544",
        "Total Lag": "0.2915061",
        "Create Lag": "0.2446286",
        "Process Lag": "0.0468775"
      }
    ]
  },
  {
    "stopID": "8",
    "stopQueryTime": 1571287741052,
    "count": 3,
    "results": [
      {
        "Direction": "Inbound",
        "Destination": "The Point",
        "Time": "00:00:00",
        "AVLS": "00:00:00",
        "Tram": "3018",
        "Action": "a",
        "Msg Sent": "17/10/2019 05:48:49",
        "Msg Received": "17/10/2019 05:48:49",
        "Msg Processed": "17/10/2019 05:48:49",
        "XML ID": "542",
        "Total Lag": "0.4946352",
        "Create Lag": "0.4946352",
        "Process Lag": "0"
      },
      {
        "Direction": "Inbound",
        "Destination": "The Point",
        "Time": "00:16:55",
        "AVLS": "00:17:35",
        "Tram": "4004",
        "Action": "a",
        "Msg Sent": "17/10/2019 05:48:53",
        "Msg Received": "17/10/2019 05:48:53",
        "Msg Processed": "17/10/2019 05:48:53",
        "XML ID": "543",
        "Total Lag": "0.7915066",
        "Create Lag": "0.5571304",
        "Process Lag": "0.2343762"
      },
      {
        "Direction": "Outbound",
        "Destination": "Tallaght",
        "Time": "00:12:14",
        "AVLS": "00:12:54",
        "Tram": "3013",
        "Action": "a",
        "Msg Sent": "17/10/2019 05:48:53",
        "Msg Received": "17/10/2019 05:48:53",
        "Msg Processed": "17/10/2019 05:48:53",
        "XML ID": "543",
        "Total Lag": "0.6196347",
        "Create Lag": "0.5571304",
        "Process Lag": "0.0625043"
      }
    ]
  },
  {
    "stopID": "13",
    "stopQueryTime": 1571287741053,
    "count": 2,
    "results": [
      {
        "Direction": "Inbound",
        "Destination": "The Point",
        "Time": "00:05:52",
        "AVLS": "00:06:32",
        "Tram": "3018",
        "Action": "a",
        "Msg Sent": "17/10/2019 05:48:53",
        "Msg Received": "17/10/2019 05:48:53",
        "Msg Processed": "17/10/2019 05:48:53",
        "XML ID": "543",
        "Total Lag": "0.6352551",
        "Create Lag": "0.5571304",
        "Process Lag": "0.0781247"
      },
      {
        "Direction": "Outbound",
        "Destination": "Tallaght",
        "Time": "00:05:01",
        "AVLS": "00:05:41",
        "Tram": "3013",
        "Action": "a",
        "Msg Sent": "17/10/2019 05:48:53",
        "Msg Received": "17/10/2019 05:48:53",
        "Msg Processed": "17/10/2019 05:48:53",
        "XML ID": "543",
        "Total Lag": "0.6040051",
        "Create Lag": "0.5571304",
        "Process Lag": "0.0468747"
      }
    ]
  },
  {
    "stopID": "45",
    "stopQueryTime": 1571287741058,
    "count": 3,
    "results": [
      {
        "Direction": "Inbound",
        "Destination": "Broombridge",
        "Time": "00:04:58",
        "AVLS": "00:05:38",
        "Tram": "5006",
        "Action": "a",
        "Msg Sent": "17/10/2019 05:48:53",
        "Msg Received": "17/10/2019 05:48:53",
        "Msg Processed": "17/10/2019 05:48:53",
        "XML ID": "543",
        "Total Lag": "0.8383794",
        "Create Lag": "0.5571304",
        "Process Lag": "0.281249"
      },
      {
        "Direction": "Outbound",
        "Destination": "Bride's Glen",
        "Time": "00:10:06",
        "AVLS": "00:10:46",
        "Tram": "5002",
        "Action": "a",
        "Msg Sent": "17/10/2019 05:48:53",
        "Msg Received": "17/10/2019 05:48:53",
        "Msg Processed": "17/10/2019 05:48:53",
        "XML ID": "543",
        "Total Lag": "0.8227545",
        "Create Lag": "0.5571304",
        "Process Lag": "0.2656241"
      },
      {
        "Direction": "Outbound",
        "Destination": "Bride's Glen",
        "Time": "00:13:54",
        "AVLS": "00:14:34",
        "Tram": "5021",
        "Action": "a",
        "Msg Sent": "17/10/2019 05:48:56",
        "Msg Received": "17/10/2019 05:48:56",
        "Msg Processed": "17/10/2019 05:48:56",
        "XML ID": "544",
        "Total Lag": "0.3071304",
        "Create Lag": "0.2446286",
        "Process Lag": "0.0625018"
      }
    ]
  },
  {
    "stopID": "43",
    "stopQueryTime": 1571287741063,
    "count": 3,
    "results": [
      {
        "Direction": "Inbound",
        "Destination": "Broombridge",
        "Time": "00:07:31",
        "AVLS": "00:08:11",
        "Tram": "5006",
        "Action": "a",
        "Msg Sent": "17/10/2019 05:48:53",
        "Msg Received": "17/10/2019 05:48:53",
        "Msg Processed": "17/10/2019 05:48:53",
        "XML ID": "543",
        "Total Lag": "0.8383794",
        "Create Lag": "0.5571304",
        "Process Lag": "0.281249"
      },
      {
        "Direction": "Outbound",
        "Destination": "Bride's Glen",
        "Time": "00:07:33",
        "AVLS": "00:08:13",
        "Tram": "5002",
        "Action": "a",
        "Msg Sent": "17/10/2019 05:48:53",
        "Msg Received": "17/10/2019 05:48:53",
        "Msg Processed": "17/10/2019 05:48:53",
        "XML ID": "543",
        "Total Lag": "0.8071327",
        "Create Lag": "0.5571304",
        "Process Lag": "0.2500023"
      },
      {
        "Direction": "Outbound",
        "Destination": "Bride's Glen",
        "Time": "00:11:21",
        "AVLS": "00:12:01",
        "Tram": "5021",
        "Action": "a",
        "Msg Sent": "17/10/2019 05:48:56",
        "Msg Received": "17/10/2019 05:48:56",
        "Msg Processed": "17/10/2019 05:48:56",
        "XML ID": "544",
        "Total Lag": "0.3071304",
        "Create Lag": "0.2446286",
        "Process Lag": "0.0625018"
      }
    ]
  },
  {
    "stopID": "44",
    "stopQueryTime": 1571287741065,
    "count": 3,
    "results": [
      {
        "Direction": "Inbound",
        "Destination": "Broombridge",
        "Time": "00:06:27",
        "AVLS": "00:07:07",
        "Tram": "5006",
        "Action": "a",
        "Msg Sent": "17/10/2019 05:48:53",
        "Msg Received": "17/10/2019 05:48:53",
        "Msg Processed": "17/10/2019 05:48:53",
        "XML ID": "543",
        "Total Lag": "0.8383794",
        "Create Lag": "0.5571304",
        "Process Lag": "0.281249"
      },
      {
        "Direction": "Outbound",
        "Destination": "Bride's Glen",
        "Time": "00:08:38",
        "AVLS": "00:09:18",
        "Tram": "5002",
        "Action": "a",
        "Msg Sent": "17/10/2019 05:48:53",
        "Msg Received": "17/10/2019 05:48:53",
        "Msg Processed": "17/10/2019 05:48:53",
        "XML ID": "543",
        "Total Lag": "0.8071327",
        "Create Lag": "0.5571304",
        "Process Lag": "0.2500023"
      },
      {
        "Direction": "Outbound",
        "Destination": "Bride's Glen",
        "Time": "00:12:26",
        "AVLS": "00:13:06",
        "Tram": "5021",
        "Action": "a",
        "Msg Sent": "17/10/2019 05:48:56",
        "Msg Received": "17/10/2019 05:48:56",
        "Msg Processed": "17/10/2019 05:48:56",
        "XML ID": "544",
        "Total Lag": "0.3071304",
        "Create Lag": "0.2446286",
        "Process Lag": "0.0625018"
      }
    ]
  },
  {
    "stopID": "27",
    "stopQueryTime": 1571287741070,
    "count": 2,
    "results": [
      {
        "Direction": "Inbound",
        "Destination": "Broombridge",
        "Time": "00:14:22",
        "AVLS": "00:15:02",
        "Tram": "5011",
        "Action": "a",
        "Msg Sent": "17/10/2019 05:48:56",
        "Msg Received": "17/10/2019 05:48:56",
        "Msg Processed": "17/10/2019 05:48:56",
        "XML ID": "544",
        "Total Lag": "0.2602554",
        "Create Lag": "0.2446286",
        "Process Lag": "0.0156268"
      },
      {
        "Direction": "Outbound",
        "Destination": "Bride's Glen",
        "Time": "00:09:07",
        "AVLS": "00:09:47",
        "Tram": "5029",
        "Action": "a",
        "Msg Sent": "17/10/2019 05:48:56",
        "Msg Received": "17/10/2019 05:48:56",
        "Msg Processed": "17/10/2019 05:48:56",
        "XML ID": "544",
        "Total Lag": "0.3696299",
        "Create Lag": "0.2446286",
        "Process Lag": "0.1250013"
      }
    ]
  },
  {
    "stopID": "46",
    "stopQueryTime": 1571287741072,
    "count": 3,
    "results": [
      {
        "Direction": "Inbound",
        "Destination": "Broombridge",
        "Time": "00:03:36",
        "AVLS": "00:04:16",
        "Tram": "5006",
        "Action": "a",
        "Msg Sent": "17/10/2019 05:48:53",
        "Msg Received": "17/10/2019 05:48:53",
        "Msg Processed": "17/10/2019 05:48:53",
        "XML ID": "543",
        "Total Lag": "0.8227545",
        "Create Lag": "0.5571304",
        "Process Lag": "0.2656241"
      },
      {
        "Direction": "Outbound",
        "Destination": "Bride's Glen",
        "Time": "00:11:29",
        "AVLS": "00:12:09",
        "Tram": "5002",
        "Action": "a",
        "Msg Sent": "17/10/2019 05:48:53",
        "Msg Received": "17/10/2019 05:48:53",
        "Msg Processed": "17/10/2019 05:48:53",
        "XML ID": "543",
        "Total Lag": "0.8227545",
        "Create Lag": "0.5571304",
        "Process Lag": "0.2656241"
      },
      {
        "Direction": "Outbound",
        "Destination": "Bride's Glen",
        "Time": "00:15:17",
        "AVLS": "00:15:57",
        "Tram": "5021",
        "Action": "a",
        "Msg Sent": "17/10/2019 05:48:56",
        "Msg Received": "17/10/2019 05:48:56",
        "Msg Processed": "17/10/2019 05:48:56",
        "XML ID": "544",
        "Total Lag": "0.3071304",
        "Create Lag": "0.2446286",
        "Process Lag": "0.0625018"
      }
    ]
  },
  {
    "stopID": "12",
    "stopQueryTime": 1571287741074,
    "count": 2,
    "results": [
      {
        "Direction": "Inbound",
        "Destination": "The Point",
        "Time": "00:04:19",
        "AVLS": "00:04:59",
        "Tram": "3018",
        "Action": "a",
        "Msg Sent": "17/10/2019 05:48:53",
        "Msg Received": "17/10/2019 05:48:53",
        "Msg Processed": "17/10/2019 05:48:53",
        "XML ID": "543",
        "Total Lag": "0.6352551",
        "Create Lag": "0.5571304",
        "Process Lag": "0.0781247"
      },
      {
        "Direction": "Outbound",
        "Destination": "Tallaght",
        "Time": "00:06:42",
        "AVLS": "00:07:22",
        "Tram": "3013",
        "Action": "a",
        "Msg Sent": "17/10/2019 05:48:53",
        "Msg Received": "17/10/2019 05:48:53",
        "Msg Processed": "17/10/2019 05:48:53",
        "XML ID": "543",
        "Total Lag": "0.6040051",
        "Create Lag": "0.5571304",
        "Process Lag": "0.0468747"
      }
    ]
  },
  {
    "stopID": "25",
    "stopQueryTime": 1571287741093,
    "count": 3,
    "results": [
      {
        "Direction": "Inbound",
        "Destination": "Broombridge",
        "Time": "00:02:25",
        "AVLS": "00:03:05",
        "Tram": "3020",
        "Action": "a",
        "Msg Sent": "17/10/2019 05:48:53",
        "Msg Received": "17/10/2019 05:48:53",
        "Msg Processed": "17/10/2019 05:48:53",
        "XML ID": "543",
        "Total Lag": "0.7133796",
        "Create Lag": "0.5571304",
        "Process Lag": "0.1562492"
      },
      {
        "Direction": "Inbound",
        "Destination": "Broombridge",
        "Time": "00:17:53",
        "AVLS": "00:18:33",
        "Tram": "5011",
        "Action": "a",
        "Msg Sent": "17/10/2019 05:48:56",
        "Msg Received": "17/10/2019 05:48:56",
        "Msg Processed": "17/10/2019 05:48:56",
        "XML ID": "544",
        "Total Lag": "0.2758805",
        "Create Lag": "0.2446286",
        "Process Lag": "0.0312519"
      },
      {
        "Direction": "Outbound",
        "Destination": "Bride's Glen",
        "Time": "00:04:59",
        "AVLS": "00:05:39",
        "Tram": "5029",
        "Action": "a",
        "Msg Sent": "17/10/2019 05:48:56",
        "Msg Received": "17/10/2019 05:48:56",
        "Msg Processed": "17/10/2019 05:48:56",
        "XML ID": "544",
        "Total Lag": "0.3696299",
        "Create Lag": "0.2446286",
        "Process Lag": "0.1250013"
      }
    ]
  },
  {
    "stopID": "29",
    "stopQueryTime": 1571287741104,
    "count": 2,
    "results": [
      {
        "Direction": "Inbound",
        "Destination": "Broombridge",
        "Time": "00:11:22",
        "AVLS": "00:12:02",
        "Tram": "5011",
        "Action": "a",
        "Msg Sent": "17/10/2019 05:48:56",
        "Msg Received": "17/10/2019 05:48:56",
        "Msg Processed": "17/10/2019 05:48:56",
        "XML ID": "544",
        "Total Lag": "0.2602554",
        "Create Lag": "0.2446286",
        "Process Lag": "0.0156268"
      },
      {
        "Direction": "Outbound",
        "Destination": "Bride's Glen",
        "Time": "00:12:29",
        "AVLS": "00:13:09",
        "Tram": "5029",
        "Action": "a",
        "Msg Sent": "17/10/2019 05:48:56",
        "Msg Received": "17/10/2019 05:48:56",
        "Msg Processed": "17/10/2019 05:48:56",
        "XML ID": "544",
        "Total Lag": "0.3852555",
        "Create Lag": "0.2446286",
        "Process Lag": "0.1406269"
      }
    ]
  },
  {
    "stopID": "55",
    "stopQueryTime": 1571287741109,
    "count": 2,
    "results": [
      {
        "Direction": "Inbound",
        "Destination": "The Point",
        "Time": "00:19:08",
        "AVLS": "00:19:48",
        "Tram": "4003",
        "Action": "a",
        "Msg Sent": "17/10/2019 05:48:59",
        "Msg Received": "17/10/2019 05:48:59",
        "Msg Processed": "17/10/2019 05:48:59",
        "XML ID": "545",
        "Total Lag": "0.2758786",
        "Create Lag": "0.2290046",
        "Process Lag": "0.046874"
      },
      {
        "Direction": "Outbound",
        "Destination": "Tallaght",
        "Time": "00:03:35",
        "AVLS": "00:04:15",
        "Tram": "3019",
        "Action": "a",
        "Msg Sent": "17/10/2019 05:48:53",
        "Msg Received": "17/10/2019 05:48:53",
        "Msg Processed": "17/10/2019 05:48:53",
        "XML ID": "543",
        "Total Lag": "0.6665035",
        "Create Lag": "0.5571304",
        "Process Lag": "0.1093731"
      }
    ]
  },
  {
    "stopID": "50",
    "stopQueryTime": 1571287741112,
    "count": 3,
    "results": [
      {
        "Direction": "Inbound",
        "Destination": "Belgard",
        "Time": "00:17:45",
        "AVLS": "00:18:25",
        "Tram": "3009",
        "Action": "a",
        "Msg Sent": "17/10/2019 05:48:53",
        "Msg Received": "17/10/2019 05:48:53",
        "Msg Processed": "17/10/2019 05:48:53",
        "XML ID": "543",
        "Total Lag": "0.6040051",
        "Create Lag": "0.5571304",
        "Process Lag": "0.0468747"
      },
      {
        "Direction": "Outbound",
        "Destination": "Saggart",
        "Time": "00:03:10",
        "AVLS": "00:03:50",
        "Tram": "3009",
        "Action": "a",
        "Msg Sent": "17/10/2019 05:48:53",
        "Msg Received": "17/10/2019 05:48:53",
        "Msg Processed": "17/10/2019 05:48:53",
        "XML ID": "543",
        "Total Lag": "0.5727539",
        "Create Lag": "0.5571304",
        "Process Lag": "0.0156235"
      },
      {
        "Direction": "Outbound",
        "Destination": "Saggart",
        "Time": "00:16:10",
        "AVLS": "00:16:50",
        "Tram": "3026",
        "Action": "a",
        "Msg Sent": "17/10/2019 05:48:53",
        "Msg Received": "17/10/2019 05:48:53",
        "Msg Processed": "17/10/2019 05:48:53",
        "XML ID": "543",
        "Total Lag": "0.7290027",
        "Create Lag": "0.5571304",
        "Process Lag": "0.1718723"
      }
    ]
  },
  {
    "stopID": "19",
    "stopQueryTime": 1571287741116,
    "count": 3,
    "results": [
      {
        "Direction": "Inbound",
        "Destination": "The Point",
        "Time": "00:08:25",
        "AVLS": "00:09:05",
        "Tram": "4003",
        "Action": "a",
        "Msg Sent": "17/10/2019 05:48:59",
        "Msg Received": "17/10/2019 05:48:59",
        "Msg Processed": "17/10/2019 05:48:59",
        "XML ID": "545",
        "Total Lag": "0.2602617",
        "Create Lag": "0.2290046",
        "Process Lag": "0.0312571"
      },
      {
        "Direction": "Inbound",
        "Destination": "The Point",
        "Time": "00:16:19",
        "AVLS": "00:16:59",
        "Tram": "3018",
        "Action": "a",
        "Msg Sent": "17/10/2019 05:48:53",
        "Msg Received": "17/10/2019 05:48:53",
        "Msg Processed": "17/10/2019 05:48:53",
        "XML ID": "543",
        "Total Lag": "0.6665035",
        "Create Lag": "0.5571304",
        "Process Lag": "0.1093731"
      },
      {
        "Direction": "Outbound",
        "Destination": "Tallaght",
        "Time": "00:14:35",
        "AVLS": "00:15:15",
        "Tram": "3019",
        "Action": "a",
        "Msg Sent": "17/10/2019 05:48:53",
        "Msg Received": "17/10/2019 05:48:53",
        "Msg Processed": "17/10/2019 05:48:53",
        "XML ID": "543",
        "Total Lag": "0.6821354",
        "Create Lag": "0.5571304",
        "Process Lag": "0.125005"
      }
    ]
  },
  {
    "stopID": "16",
    "stopQueryTime": 1571287741118,
    "count": 2,
    "results": [
      {
        "Direction": "Inbound",
        "Destination": "The Point",
        "Time": "00:02:54",
        "AVLS": "00:03:34",
        "Tram": "4003",
        "Action": "a",
        "Msg Sent": "17/10/2019 05:48:59",
        "Msg Received": "17/10/2019 05:48:59",
        "Msg Processed": "17/10/2019 05:48:59",
        "XML ID": "545",
        "Total Lag": "0.2446385",
        "Create Lag": "0.2290046",
        "Process Lag": "0.0156339"
      },
      {
        "Direction": "Inbound",
        "Destination": "The Point",
        "Time": "00:10:48",
        "AVLS": "00:11:28",
        "Tram": "3018",
        "Action": "a",
        "Msg Sent": "17/10/2019 05:48:53",
        "Msg Received": "17/10/2019 05:48:53",
        "Msg Processed": "17/10/2019 05:48:53",
        "XML ID": "543",
        "Total Lag": "0.6508759",
        "Create Lag": "0.5571304",
        "Process Lag": "0.0937455"
      }
    ]
  },
  {
    "stopID": "4",
    "stopQueryTime": 1571287741121,
    "count": 2,
    "results": [
      {
        "Direction": "Inbound",
        "Destination": "The Point",
        "Time": "00:06:27",
        "AVLS": "00:07:07",
        "Tram": "4004",
        "Action": "a",
        "Msg Sent": "17/10/2019 05:48:53",
        "Msg Received": "17/10/2019 05:48:53",
        "Msg Processed": "17/10/2019 05:48:53",
        "XML ID": "543",
        "Total Lag": "0.7758791",
        "Create Lag": "0.5571304",
        "Process Lag": "0.2187487"
      },
      {
        "Direction": "Outbound",
        "Destination": "Saggart",
        "Time": "00:10:57",
        "AVLS": "00:11:37",
        "Tram": "3026",
        "Action": "a",
        "Msg Sent": "17/10/2019 05:48:53",
        "Msg Received": "17/10/2019 05:48:53",
        "Msg Processed": "17/10/2019 05:48:53",
        "XML ID": "543",
        "Total Lag": "0.7290027",
        "Create Lag": "0.5571304",
        "Process Lag": "0.1718723"
      }
    ]
  },
  {
    "stopID": "17",
    "stopQueryTime": 1571287741122,
    "count": 3,
    "results": [
      {
        "Direction": "Inbound",
        "Destination": "The Point",
        "Time": "00:05:05",
        "AVLS": "00:05:45",
        "Tram": "4003",
        "Action": "a",
        "Msg Sent": "17/10/2019 05:48:59",
        "Msg Received": "17/10/2019 05:48:59",
        "Msg Processed": "17/10/2019 05:48:59",
        "XML ID": "545",
        "Total Lag": "0.2446385",
        "Create Lag": "0.2290046",
        "Process Lag": "0.0156339"
      },
      {
        "Direction": "Inbound",
        "Destination": "The Point",
        "Time": "00:12:59",
        "AVLS": "00:13:39",
        "Tram": "3018",
        "Action": "a",
        "Msg Sent": "17/10/2019 05:48:53",
        "Msg Received": "17/10/2019 05:48:53",
        "Msg Processed": "17/10/2019 05:48:53",
        "XML ID": "543",
        "Total Lag": "0.6508759",
        "Create Lag": "0.5571304",
        "Process Lag": "0.0937455"
      },
      {
        "Direction": "Outbound",
        "Destination": "Tallaght",
        "Time": "00:17:39",
        "AVLS": "00:18:19",
        "Tram": "3019",
        "Action": "a",
        "Msg Sent": "17/10/2019 05:48:53",
        "Msg Received": "17/10/2019 05:48:53",
        "Msg Processed": "17/10/2019 05:48:53",
        "XML ID": "543",
        "Total Lag": "0.697762",
        "Create Lag": "0.5571304",
        "Process Lag": "0.1406316"
      }
    ]
  },
  {
    "stopID": "54",
    "stopQueryTime": 1571287741125,
    "count": 2,
    "results": [
      {
        "Direction": "Inbound",
        "Destination": "The Point",
        "Time": "00:17:52",
        "AVLS": "00:18:32",
        "Tram": "4003",
        "Action": "a",
        "Msg Sent": "17/10/2019 05:48:59",
        "Msg Received": "17/10/2019 05:48:59",
        "Msg Processed": "17/10/2019 05:48:59",
        "XML ID": "545",
        "Total Lag": "0.2758786",
        "Create Lag": "0.2290046",
        "Process Lag": "0.046874"
      },
      {
        "Direction": "Outbound",
        "Destination": "Tallaght",
        "Time": "00:05:03",
        "AVLS": "00:05:43",
        "Tram": "3019",
        "Action": "a",
        "Msg Sent": "17/10/2019 05:48:53",
        "Msg Received": "17/10/2019 05:48:53",
        "Msg Processed": "17/10/2019 05:48:53",
        "XML ID": "543",
        "Total Lag": "0.6821354",
        "Create Lag": "0.5571304",
        "Process Lag": "0.125005"
      }
    ]
  },
  {
    "stopID": "26",
    "stopQueryTime": 1571287741127,
    "count": 3,
    "results": [
      {
        "Direction": "Inbound",
        "Destination": "Broombridge",
        "Time": "00:00:15",
        "AVLS": "00:00:55",
        "Tram": "3020",
        "Action": "a",
        "Msg Sent": "17/10/2019 05:48:53",
        "Msg Received": "17/10/2019 05:48:53",
        "Msg Processed": "17/10/2019 05:48:53",
        "XML ID": "543",
        "Total Lag": "0.697762",
        "Create Lag": "0.5571304",
        "Process Lag": "0.1406316"
      },
      {
        "Direction": "Inbound",
        "Destination": "Broombridge",
        "Time": "00:15:43",
        "AVLS": "00:16:23",
        "Tram": "5011",
        "Action": "a",
        "Msg Sent": "17/10/2019 05:48:56",
        "Msg Received": "17/10/2019 05:48:56",
        "Msg Processed": "17/10/2019 05:48:56",
        "XML ID": "544",
        "Total Lag": "0.2758805",
        "Create Lag": "0.2446286",
        "Process Lag": "0.0312519"
      },
      {
        "Direction": "Outbound",
        "Destination": "Bride's Glen",
        "Time": "00:07:39",
        "AVLS": "00:08:19",
        "Tram": "5029",
        "Action": "a",
        "Msg Sent": "17/10/2019 05:48:56",
        "Msg Received": "17/10/2019 05:48:56",
        "Msg Processed": "17/10/2019 05:48:56",
        "XML ID": "544",
        "Total Lag": "0.3696299",
        "Create Lag": "0.2446286",
        "Process Lag": "0.1250013"
      }
    ]
  },
  {
    "stopID": "47",
    "stopQueryTime": 1571287741131,
    "count": 3,
    "results": [
      {
        "Direction": "Inbound",
        "Destination": "Broombridge",
        "Time": "00:01:35",
        "AVLS": "00:02:15",
        "Tram": "5006",
        "Action": "a",
        "Msg Sent": "17/10/2019 05:48:53",
        "Msg Received": "17/10/2019 05:48:53",
        "Msg Processed": "17/10/2019 05:48:53",
        "XML ID": "543",
        "Total Lag": "0.8227545",
        "Create Lag": "0.5571304",
        "Process Lag": "0.2656241"
      },
      {
        "Direction": "Outbound",
        "Destination": "Bride's Glen",
        "Time": "00:13:26",
        "AVLS": "00:14:06",
        "Tram": "5002",
        "Action": "a",
        "Msg Sent": "17/10/2019 05:48:53",
        "Msg Received": "17/10/2019 05:48:53",
        "Msg Processed": "17/10/2019 05:48:53",
        "XML ID": "543",
        "Total Lag": "0.8227545",
        "Create Lag": "0.5571304",
        "Process Lag": "0.2656241"
      },
      {
        "Direction": "Outbound",
        "Destination": "Bride's Glen",
        "Time": "00:17:14",
        "AVLS": "00:17:54",
        "Tram": "5021",
        "Action": "a",
        "Msg Sent": "17/10/2019 05:48:56",
        "Msg Received": "17/10/2019 05:48:56",
        "Msg Processed": "17/10/2019 05:48:56",
        "XML ID": "544",
        "Total Lag": "0.3071304",
        "Create Lag": "0.2446286",
        "Process Lag": "0.0625018"
      }
    ]
  },
  {
    "stopID": "20",
    "stopQueryTime": 1571287741135,
    "count": 3,
    "results": [
      {
        "Direction": "Inbound",
        "Destination": "The Point",
        "Time": "00:10:23",
        "AVLS": "00:11:03",
        "Tram": "4003",
        "Action": "a",
        "Msg Sent": "17/10/2019 05:48:59",
        "Msg Received": "17/10/2019 05:48:59",
        "Msg Processed": "17/10/2019 05:48:59",
        "XML ID": "545",
        "Total Lag": "0.2602617",
        "Create Lag": "0.2290046",
        "Process Lag": "0.0312571"
      },
      {
        "Direction": "Inbound",
        "Destination": "The Point",
        "Time": "00:18:17",
        "AVLS": "00:18:57",
        "Tram": "3018",
        "Action": "a",
        "Msg Sent": "17/10/2019 05:48:53",
        "Msg Received": "17/10/2019 05:48:53",
        "Msg Processed": "17/10/2019 05:48:53",
        "XML ID": "543",
        "Total Lag": "0.6665035",
        "Create Lag": "0.5571304",
        "Process Lag": "0.1093731"
      },
      {
        "Direction": "Outbound",
        "Destination": "Tallaght",
        "Time": "00:12:39",
        "AVLS": "00:13:19",
        "Tram": "3019",
        "Action": "a",
        "Msg Sent": "17/10/2019 05:48:53",
        "Msg Received": "17/10/2019 05:48:53",
        "Msg Processed": "17/10/2019 05:48:53",
        "XML ID": "543",
        "Total Lag": "0.6821354",
        "Create Lag": "0.5571304",
        "Process Lag": "0.125005"
      }
    ]
  }
]