[
  {
    "stopID": "23",
    "stopQueryTime": 1571286840773,
    "count": 0,
    "results": []
  },
  {
    "stopID": "20",
    "stopQueryTime": 1571286840796,
    "count": 1,
    "results": [
      {
        "Direction": "Outbound",
        "Destination": "Tallaght",
        "Time": "00:07:55",
        "AVLS": "00:08:35",
        "Tram": "3013",
        "Action": "a",
        "Msg Sent": "17/10/2019 05:33:53",
        "Msg Received": "17/10/2019 05:33:53",
        "Msg Processed": "17/10/2019 05:33:53",
        "XML ID": "279",
        "Total Lag": "0.4744957",
        "Create Lag": "0.4432467",
        "Process Lag": "0.031249"
      }
    ]
  },
  {
    "stopID": "1",
    "stopQueryTime": 1571286840819,
    "count": 2,
    "results": [
      {
        "Direction": "Inbound",
        "Destination": "The Point",
        "Time": "00:15:27",
        "AVLS": "00:16:07",
        "Tram": "4004",
        "Action": "d",
        "Msg Sent": "17/10/2019 05:33:53",
        "Msg Received": "17/10/2019 05:33:53",
        "Msg Processed": "17/10/2019 05:33:53",
        "XML ID": "279",
        "Total Lag": "0.6151224",
        "Create Lag": "0.4432467",
        "Process Lag": "0.1718757"
      },
      {
        "Direction": "Terminating",
        "Destination": "Tallaght",
        "Time": "00:04:39",
        "AVLS": "00:05:19",
        "Tram": "4004",
        "Action": "a",
        "Msg Sent": "17/10/2019 05:33:53",
        "Msg Received": "17/10/2019 05:33:53",
        "Msg Processed": "17/10/2019 05:33:53",
        "XML ID": "279",
        "Total Lag": "0.6151224",
        "Create Lag": "0.4432467",
        "Process Lag": "0.1718757"
      }
    ]
  },
  {
    "stopID": "28",
    "stopQueryTime": 1571286840831,
    "count": 2,
    "results": [
      {
        "Direction": "Inbound",
        "Destination": "Broombridge",
        "Time": "00:09:16",
        "AVLS": "00:09:56",
        "Tram": "3020",
        "Action": "a",
        "Msg Sent": "17/10/2019 05:33:56",
        "Msg Received": "17/10/2019 05:33:56",
        "Msg Processed": "17/10/2019 05:33:56",
        "XML ID": "280",
        "Total Lag": "0.4432478",
        "Create Lag": "0.4119941",
        "Process Lag": "0.0312537"
      },
      {
        "Direction": "Outbound",
        "Destination": "Bride's Glen",
        "Time": "00:03:13",
        "AVLS": "00:03:53",
        "Tram": "5021",
        "Action": "a",
        "Msg Sent": "17/10/2019 05:33:53",
        "Msg Received": "17/10/2019 05:33:53",
        "Msg Processed": "17/10/2019 05:33:53",
        "XML ID": "279",
        "Total Lag": "0.6932547",
        "Create Lag": "0.4432467",
        "Process Lag": "0.250008"
      }
    ]
  },
  {
    "stopID": "14",
    "stopQueryTime": 1571286840891,
    "count": 1,
    "results": [
      {
        "Direction": "Inbound",
        "Destination": "The Point",
        "Time": "00:13:37",
        "AVLS": "00:14:17",
        "Tram": "4003",
        "Action": "a",
        "Msg Sent": "17/10/2019 05:33:53",
        "Msg Received": "17/10/2019 05:33:53",
        "Msg Processed": "17/10/2019 05:33:53",
        "XML ID": "279",
        "Total Lag": "0.5995046",
        "Create Lag": "0.4432467",
        "Process Lag": "0.1562579"
      }
    ]
  },
  {
    "stopID": "17",
    "stopQueryTime": 1571286840902,
    "count": 1,
    "results": [
      {
        "Direction": "Outbound",
        "Destination": "Tallaght",
        "Time": "00:12:55",
        "AVLS": "00:13:35",
        "Tram": "3013",
        "Action": "a",
        "Msg Sent": "17/10/2019 05:33:53",
        "Msg Received": "17/10/2019 05:33:53",
        "Msg Processed": "17/10/2019 05:33:53",
        "XML ID": "279",
        "Total Lag": "0.4744957",
        "Create Lag": "0.4432467",
        "Process Lag": "0.031249"
      }
    ]
  },
  {
    "stopID": "12",
    "stopQueryTime": 1571286840906,
    "count": 2,
    "results": [
      {
        "Direction": "Inbound",
        "Destination": "The Point",
        "Time": "00:11:11",
        "AVLS": "00:11:51",
        "Tram": "4003",
        "Action": "a",
        "Msg Sent": "17/10/2019 05:33:53",
        "Msg Received": "17/10/2019 05:33:53",
        "Msg Processed": "17/10/2019 05:33:53",
        "XML ID": "279",
        "Total Lag": "0.5838782",
        "Create Lag": "0.4432467",
        "Process Lag": "0.1406315"
      },
      {
        "Direction": "Inbound",
        "Destination": "The Point",
        "Time": "00:17:39",
        "AVLS": "00:18:19",
        "Tram": "3018",
        "Action": "a",
        "Msg Sent": "17/10/2019 05:33:53",
        "Msg Received": "17/10/2019 05:33:53",
        "Msg Processed": "17/10/2019 05:33:53",
        "XML ID": "279",
        "Total Lag": "0.5213707",
        "Create Lag": "0.4432467",
        "Process Lag": "0.078124"
      }
    ]
  },
  {
    "stopID": "24",
    "stopQueryTime": 1571286840909,
    "count": 1,
    "results": [
      {
        "Direction": "Inbound",
        "Destination": "Broombridge",
        "Time": "00:17:16",
        "AVLS": "00:17:56",
        "Tram": "3020",
        "Action": "a",
        "Msg Sent": "17/10/2019 05:33:56",
        "Msg Received": "17/10/2019 05:33:56",
        "Msg Processed": "17/10/2019 05:33:56",
        "XML ID": "280",
        "Total Lag": "0.4588783",
        "Create Lag": "0.4119941",
        "Process Lag": "0.0468842"
      }
    ]
  },
  {
    "stopID": "18",
    "stopQueryTime": 1571286840911,
    "count": 1,
    "results": [
      {
        "Direction": "Outbound",
        "Destination": "Tallaght",
        "Time": "00:10:56",
        "AVLS": "00:11:36",
        "Tram": "3013",
        "Action": "a",
        "Msg Sent": "17/10/2019 05:33:53",
        "Msg Received": "17/10/2019 05:33:53",
        "Msg Processed": "17/10/2019 05:33:53",
        "XML ID": "279",
        "Total Lag": "0.4744957",
        "Create Lag": "0.4432467",
        "Process Lag": "0.031249"
      }
    ]
  },
  {
    "stopID": "21",
    "stopQueryTime": 1571286840913,
    "count": 1,
    "results": [
      {
        "Direction": "Outbound",
        "Destination": "Tallaght",
        "Time": "00:05:43",
        "AVLS": "00:06:23",
        "Tram": "3013",
        "Action": "a",
        "Msg Sent": "17/10/2019 05:33:53",
        "Msg Received": "17/10/2019 05:33:53",
        "Msg Processed": "17/10/2019 05:33:53",
        "XML ID": "279",
        "Total Lag": "0.4744957",
        "Create Lag": "0.4432467",
        "Process Lag": "0.031249"
      }
    ]
  },
  {
    "stopID": "29",
    "stopQueryTime": 1571286840920,
    "count": 2,
    "results": [
      {
        "Direction": "Inbound",
        "Destination": "Broombridge",
        "Time": "00:07:47",
        "AVLS": "00:08:27",
        "Tram": "3020",
        "Action": "a",
        "Msg Sent": "17/10/2019 05:33:56",
        "Msg Received": "17/10/2019 05:33:56",
        "Msg Processed": "17/10/2019 05:33:56",
        "XML ID": "280",
        "Total Lag": "0.4432478",
        "Create Lag": "0.4119941",
        "Process Lag": "0.0312537"
      },
      {
        "Direction": "Outbound",
        "Destination": "Bride's Glen",
        "Time": "00:04:41",
        "AVLS": "00:05:21",
        "Tram": "5021",
        "Action": "a",
        "Msg Sent": "17/10/2019 05:33:53",
        "Msg Received": "17/10/2019 05:33:53",
        "Msg Processed": "17/10/2019 05:33:53",
        "XML ID": "279",
        "Total Lag": "0.6932547",
        "Create Lag": "0.4432467",
        "Process Lag": "0.250008"
      }
    ]
  },
  {
    "stopID": "7",
    "stopQueryTime": 1571286840923,
    "count": 2,
    "results": [
      {
        "Direction": "Inbound",
        "Destination": "The Point",
        "Time": "00:04:42",
        "AVLS": "00:05:22",
        "Tram": "4003",
        "Action": "a",
        "Msg Sent": "17/10/2019 05:33:53",
        "Msg Received": "17/10/2019 05:33:53",
        "Msg Processed": "17/10/2019 05:33:53",
        "XML ID": "279",
        "Total Lag": "0.5838782",
        "Create Lag": "0.4432467",
        "Process Lag": "0.1406315"
      },
      {
        "Direction": "Inbound",
        "Destination": "The Point",
        "Time": "00:11:10",
        "AVLS": "00:11:50",
        "Tram": "3018",
        "Action": "a",
        "Msg Sent": "17/10/2019 05:33:53",
        "Msg Received": "17/10/2019 05:33:53",
        "Msg Processed": "17/10/2019 05:33:53",
        "XML ID": "279",
        "Total Lag": "0.505746",
        "Create Lag": "0.4432467",
        "Process Lag": "0.0624993"
      }
    ]
  },
  {
    "stopID": "19",
    "stopQueryTime": 1571286840931,
    "count": 1,
    "results": [
      {
        "Direction": "Outbound",
        "Destination": "Tallaght",
        "Time": "00:09:51",
        "AVLS": "00:10:31",
        "Tram": "3013",
        "Action": "a",
        "Msg Sent": "17/10/2019 05:33:53",
        "Msg Received": "17/10/2019 05:33:53",
        "Msg Processed": "17/10/2019 05:33:53",
        "XML ID": "279",
        "Total Lag": "0.4744957",
        "Create Lag": "0.4432467",
        "Process Lag": "0.031249"
      }
    ]
  },
  {
    "stopID": "13",
    "stopQueryTime": 1571286840937,
    "count": 2,
    "results": [
      {
        "Direction": "Inbound",
        "Destination": "The Point",
        "Time": "00:12:44",
        "AVLS": "00:13:24",
        "Tram": "4003",
        "Action": "a",
        "Msg Sent": "17/10/2019 05:33:53",
        "Msg Received": "17/10/2019 05:33:53",
        "Msg Processed": "17/10/2019 05:33:53",
        "XML ID": "279",
        "Total Lag": "0.5995046",
        "Create Lag": "0.4432467",
        "Process Lag": "0.1562579"
      },
      {
        "Direction": "Inbound",
        "Destination": "The Point",
        "Time": "00:19:12",
        "AVLS": "00:19:52",
        "Tram": "3018",
        "Action": "a",
        "Msg Sent": "17/10/2019 05:33:53",
        "Msg Received": "17/10/2019 05:33:53",
        "Msg Processed": "17/10/2019 05:33:53",
        "XML ID": "279",
        "Total Lag": "0.5213707",
        "Create Lag": "0.4432467",
        "Process Lag": "0.078124"
      }
    ]
  },
  {
    "stopID": "9",
    "stopQueryTime": 1571286840941,
    "count": 2,
    "results": [
      {
        "Direction": "Inbound",
        "Destination": "The Point",
        "Time": "00:08:10",
        "AVLS": "00:08:50",
        "Tram": "4003",
        "Action": "a",
        "Msg Sent": "17/10/2019 05:33:53",
        "Msg Received": "17/10/2019 05:33:53",
        "Msg Processed": "17/10/2019 05:33:53",
        "XML ID": "279",
        "Total Lag": "0.5838782",
        "Create Lag": "0.4432467",
        "Process Lag": "0.1406315"
      },
      {
        "Direction": "Inbound",
        "Destination": "The Point",
        "Time": "00:14:38",
        "AVLS": "00:15:18",
        "Tram": "3018",
        "Action": "a",
        "Msg Sent": "17/10/2019 05:33:53",
        "Msg Received": "17/10/2019 05:33:53",
        "Msg Processed": "17/10/2019 05:33:53",
        "XML ID": "279",
        "Total Lag": "0.505746",
        "Create Lag": "0.4432467",
        "Process Lag": "0.0624993"
      }
    ]
  },
  {
    "stopID": "58",
    "stopQueryTime": 1571286840943,
    "count": 0,
    "results": []
  },
  {
    "stopID": "55",
    "stopQueryTime": 1571286840960,
    "count": 1,
    "results": [
      {
        "Direction": "Outbound",
        "Destination": "Tallaght",
        "Time": "00:18:35",
        "AVLS": "00:19:15",
        "Tram": "3019",
        "Action": "a",
        "Msg Sent": "17/10/2019 05:33:53",
        "Msg Received": "17/10/2019 05:33:53",
        "Msg Processed": "17/10/2019 05:33:53",
        "XML ID": "279",
        "Total Lag": "0.5369961",
        "Create Lag": "0.4432467",
        "Process Lag": "0.0937494"
      }
    ]
  },
  {
    "stopID": "54",
    "stopQueryTime": 1571286840962,
    "count": 1,
    "results": [
      {
        "Direction": "Outbound",
        "Destination": "Tallaght",
        "Time": "00:00:19",
        "AVLS": "00:00:59",
        "Tram": "3013",
        "Action": "a",
        "Msg Sent": "17/10/2019 05:33:53",
        "Msg Received": "17/10/2019 05:33:53",
        "Msg Processed": "17/10/2019 05:33:53",
        "XML ID": "279",
        "Total Lag": "0.4588775",
        "Create Lag": "0.4432467",
        "Process Lag": "0.0156308"
      }
    ]
  },
  {
    "stopID": "53",
    "stopQueryTime": 1571286840965,
    "count": 1,
    "results": [
      {
        "Direction": "Inbound",
        "Destination": "Belgard",
        "Time": "00:07:27",
        "AVLS": "00:08:07",
        "Tram": "3026",
        "Action": "d",
        "Msg Sent": "17/10/2019 05:33:53",
        "Msg Received": "17/10/2019 05:33:53",
        "Msg Processed": "17/10/2019 05:33:53",
        "XML ID": "279",
        "Total Lag": "0.5526212",
        "Create Lag": "0.4432467",
        "Process Lag": "0.1093745"
      }
    ]
  },
  {
    "stopID": "6",
    "stopQueryTime": 1571286840967,
    "count": 2,
    "results": [
      {
        "Direction": "Inbound",
        "Destination": "The Point",
        "Time": "00:00:40",
        "AVLS": "00:01:20",
        "Tram": "4003",
        "Action": "d",
        "Msg Sent": "17/10/2019 05:33:53",
        "Msg Received": "17/10/2019 05:33:53",
        "Msg Processed": "17/10/2019 05:33:53",
        "XML ID": "279",
        "Total Lag": "0.5682472",
        "Create Lag": "0.4432467",
        "Process Lag": "0.1250005"
      },
      {
        "Direction": "Inbound",
        "Destination": "The Point",
        "Time": "00:07:08",
        "AVLS": "00:07:48",
        "Tram": "3018",
        "Action": "a",
        "Msg Sent": "17/10/2019 05:33:53",
        "Msg Received": "17/10/2019 05:33:53",
        "Msg Processed": "17/10/2019 05:33:53",
        "XML ID": "279",
        "Total Lag": "0.4901318",
        "Create Lag": "0.4432467",
        "Process Lag": "0.0468851"
      }
    ]
  },
  {
    "stopID": "34",
    "stopQueryTime": 1571286840969,
    "count": 2,
    "results": [
      {
        "Direction": "Inbound",
        "Destination": "Broombridge",
        "Time": "00:17:11",
        "AVLS": "00:17:51",
        "Tram": "5011",
        "Action": "a",
        "Msg Sent": "17/10/2019 05:33:53",
        "Msg Received": "17/10/2019 05:33:53",
        "Msg Processed": "17/10/2019 05:33:53",
        "XML ID": "279",
        "Total Lag": "0.6776219",
        "Create Lag": "0.4432467",
        "Process Lag": "0.2343752"
      },
      {
        "Direction": "Outbound",
        "Destination": "Bride's Glen",
        "Time": "00:13:13",
        "AVLS": "00:13:53",
        "Tram": "5021",
        "Action": "a",
        "Msg Sent": "17/10/2019 05:33:53",
        "Msg Received": "17/10/2019 05:33:53",
        "Msg Processed": "17/10/2019 05:33:53",
        "XML ID": "279",
        "Total Lag": "0.7088713",
        "Create Lag": "0.4432467",
        "Process Lag": "0.2656246"
      }
    ]
  },
  {
    "stopID": "25",
    "stopQueryTime": 1571286840971,
    "count": 1,
    "results": [
      {
        "Direction": "Inbound",
        "Destination": "Broombridge",
        "Time": "00:14:18",
        "AVLS": "00:14:58",
        "Tram": "3020",
        "Action": "a",
        "Msg Sent": "17/10/2019 05:33:56",
        "Msg Received": "17/10/2019 05:33:56",
        "Msg Processed": "17/10/2019 05:33:56",
        "XML ID": "280",
        "Total Lag": "0.4588783",
        "Create Lag": "0.4119941",
        "Process Lag": "0.0468842"
      }
    ]
  },
  {
    "stopID": "4",
    "stopQueryTime": 1571286840992,
    "count": 2,
    "results": [
      {
        "Direction": "Inbound",
        "Destination": "The Point",
        "Time": "00:02:08",
        "AVLS": "00:02:48",
        "Tram": "3018",
        "Action": "a",
        "Msg Sent": "17/10/2019 05:33:53",
        "Msg Received": "17/10/2019 05:33:53",
        "Msg Processed": "17/10/2019 05:33:53",
        "XML ID": "279",
        "Total Lag": "0.4901318",
        "Create Lag": "0.4432467",
        "Process Lag": "0.0468851"
      },
      {
        "Direction": "Outbound",
        "Destination": "Tallaght",
        "Time": "00:00:00",
        "AVLS": "00:00:30",
        "Tram": "4004",
        "Action": "a",
        "Msg Sent": "17/10/2019 05:33:53",
        "Msg Received": "17/10/2019 05:33:53",
        "Msg Processed": "17/10/2019 05:33:53",
        "XML ID": "279",
        "Total Lag": "0.5995046",
        "Create Lag": "0.4432467",
        "Process Lag": "0.1562579"
      }
    ]
  },
  {
    "stopID": "39",
    "stopQueryTime": 1571286840994,
    "count": 2,
    "results": [
      {
        "Direction": "Inbound",
        "Destination": "Broombridge",
        "Time": "00:07:57",
        "AVLS": "00:08:37",
        "Tram": "5011",
        "Action": "a",
        "Msg Sent": "17/10/2019 05:33:53",
        "Msg Received": "17/10/2019 05:33:53",
        "Msg Processed": "17/10/2019 05:33:53",
        "XML ID": "279",
        "Total Lag": "0.661996",
        "Create Lag": "0.4432467",
        "Process Lag": "0.2187493"
      },
      {
        "Direction": "Outbound",
        "Destination": "Bride's Glen",
        "Time": "00:17:13",
        "AVLS": "00:17:53",
        "Tram": "5002",
        "Action": "a",
        "Msg Sent": "17/10/2019 05:33:53",
        "Msg Received": "17/10/2019 05:33:53",
        "Msg Processed": "17/10/2019 05:33:53",
        "XML ID": "279",
        "Total Lag": "0.4588775",
        "Create Lag": "0.4432467",
        "Process Lag": "0.0156308"
      }
    ]
  },
  {
    "stopID": "44",
    "stopQueryTime": 1571286840996,
    "count": 2,
    "results": [
      {
        "Direction": "Inbound",
        "Destination": "Broombridge",
        "Time": "00:01:36",
        "AVLS": "00:02:16",
        "Tram": "5011",
        "Action": "a",
        "Msg Sent": "17/10/2019 05:33:53",
        "Msg Received": "17/10/2019 05:33:53",
        "Msg Processed": "17/10/2019 05:33:53",
        "XML ID": "279",
        "Total Lag": "0.661996",
        "Create Lag": "0.4432467",
        "Process Lag": "0.2187493"
      },
      {
        "Direction": "Outbound",
        "Destination": "Bride's Glen",
        "Time": "00:05:09",
        "AVLS": "00:05:49",
        "Tram": "5006",
        "Action": "a",
        "Msg Sent": "17/10/2019 05:33:53",
        "Msg Received": "17/10/2019 05:33:53",
        "Msg Processed": "17/10/2019 05:33:53",
        "XML ID": "279",
        "Total Lag": "0.6307462",
        "Create Lag": "0.4432467",
        "Process Lag": "0.1874995"
      }
    ]
  },
  {
    "stopID": "22",
    "stopQueryTime": 1571286840998,
    "count": 1,
    "results": [
      {
        "Direction": "Outbound",
        "Destination": "Tallaght",
        "Time": "00:02:15",
        "AVLS": "00:02:55",
        "Tram": "3013",
        "Action": "a",
        "Msg Sent": "17/10/2019 05:33:53",
        "Msg Received": "17/10/2019 05:33:53",
        "Msg Processed": "17/10/2019 05:33:53",
        "XML ID": "279",
        "Total Lag": "0.4744957",
        "Create Lag": "0.4432467",
        "Process Lag": "0.031249"
      }
    ]
  },
  {
    "stopID": "31",
    "stopQueryTime": 1571286841000,
    "count": 2,
    "results": [
      {
        "Direction": "Inbound",
        "Destination": "Broombridge",
        "Time": "00:04:15",
        "AVLS": "00:04:55",
        "Tram": "3020",
        "Action": "a",
        "Msg Sent": "17/10/2019 05:33:56",
        "Msg Received": "17/10/2019 05:33:56",
        "Msg Processed": "17/10/2019 05:33:56",
        "XML ID": "280",
        "Total Lag": "0.4432478",
        "Create Lag": "0.4119941",
        "Process Lag": "0.0312537"
      },
      {
        "Direction": "Outbound",
        "Destination": "Bride's Glen",
        "Time": "00:08:15",
        "AVLS": "00:08:55",
        "Tram": "5021",
        "Action": "a",
        "Msg Sent": "17/10/2019 05:33:53",
        "Msg Received": "17/10/2019 05:33:53",
        "Msg Processed": "17/10/2019 05:33:53",
        "XML ID": "279",
        "Total Lag": "0.7088713",
        "Create Lag": "0.4432467",
        "Process Lag": "0.2656246"
      }
    ]
  },
  {
    "stopID": "27",
    "stopQueryTime": 1571286841009,
    "count": 2,
    "results": [
      {
        "Direction": "Inbound",
        "Destination": "Broombridge",
        "Time": "00:10:47",
        "AVLS": "00:11:27",
        "Tram": "3020",
        "Action": "a",
        "Msg Sent": "17/10/2019 05:33:56",
        "Msg Received": "17/10/2019 05:33:56",
        "Msg Processed": "17/10/2019 05:33:56",
        "XML ID": "280",
        "Total Lag": "0.4588783",
        "Create Lag": "0.4119941",
        "Process Lag": "0.0468842"
      },
      {
        "Direction": "Outbound",
        "Destination": "Bride's Glen",
        "Time": "00:01:19",
        "AVLS": "00:01:59",
        "Tram": "5021",
        "Action": "a",
        "Msg Sent": "17/10/2019 05:33:53",
        "Msg Received": "17/10/2019 05:33:53",
        "Msg Processed": "17/10/2019 05:33:53",
        "XML ID": "279",
        "Total Lag": "0.6932547",
        "Create Lag": "0.4432467",
        "Process Lag": "0.250008"
      }
    ]
  },
  {
    "stopID": "2",
    "stopQueryTime": 1571286841011,
    "count": 2,
    "results": [
      {
        "Direction": "Inbound",
        "Destination": "The Point",
        "Time": "00:16:41",
        "AVLS": "00:17:21",
        "Tram": "4004",
        "Action": "a",
        "Msg Sent": "17/10/2019 05:33:53",
        "Msg Received": "17/10/2019 05:33:53",
        "Msg Processed": "17/10/2019 05:33:53",
        "XML ID": "279",
        "Total Lag": "0.6151224",
        "Create Lag": "0.4432467",
        "Process Lag": "0.1718757"
      },
      {
        "Direction": "Outbound",
        "Destination": "Tallaght",
        "Time": "00:02:58",
        "AVLS": "00:03:38",
        "Tram": "4004",
        "Action": "a",
        "Msg Sent": "17/10/2019 05:33:53",
        "Msg Received": "17/10/2019 05:33:53",
        "Msg Processed": "17/10/2019 05:33:53",
        "XML ID": "279",
        "Total Lag": "0.6151224",
        "Create Lag": "0.4432467",
        "Process Lag": "0.1718757"
      }
    ]
  },
  {
    "stopID": "38",
    "stopQueryTime": 1571286841013,
    "count": 2,
    "results": [
      {
        "Direction": "Inbound",
        "Destination": "Broombridge",
        "Time": "00:09:42",
        "AVLS": "00:10:22",
        "Tram": "5011",
        "Action": "a",
        "Msg Sent": "17/10/2019 05:33:53",
        "Msg Received": "17/10/2019 05:33:53",
        "Msg Processed": "17/10/2019 05:33:53",
        "XML ID": "279",
        "Total Lag": "0.661996",
        "Create Lag": "0.4432467",
        "Process Lag": "0.2187493"
      },
      {
        "Direction": "Outbound",
        "Destination": "Bride's Glen",
        "Time": "00:15:28",
        "AVLS": "00:16:08",
        "Tram": "5002",
        "Action": "a",
        "Msg Sent": "17/10/2019 05:33:53",
        "Msg Received": "17/10/2019 05:33:53",
        "Msg Processed": "17/10/2019 05:33:53",
        "XML ID": "279",
        "Total Lag": "0.4432467",
        "Create Lag": "0.4432467",
        "Process Lag": "0"
      }
    ]
  },
  {
    "stopID": "3",
    "stopQueryTime": 1571286841019,
    "count": 3,
    "results": [
      {
        "Direction": "Inbound",
        "Destination": "The Point",
        "Time": "00:00:00",
        "AVLS": "00:00:00",
        "Tram": "3018",
        "Action": "a",
        "Msg Sent": "17/10/2019 05:33:39",
        "Msg Received": "17/10/2019 05:33:39",
        "Msg Processed": "17/10/2019 05:33:39",
        "XML ID": "275",
        "Total Lag": "0.3322574",
        "Create Lag": "0.3322574",
        "Process Lag": "0"
      },
      {
        "Direction": "Inbound",
        "Destination": "The Point",
        "Time": "00:18:22",
        "AVLS": "00:19:02",
        "Tram": "4004",
        "Action": "a",
        "Msg Sent": "17/10/2019 05:33:53",
        "Msg Received": "17/10/2019 05:33:53",
        "Msg Processed": "17/10/2019 05:33:53",
        "XML ID": "279",
        "Total Lag": "0.6151224",
        "Create Lag": "0.4432467",
        "Process Lag": "0.1718757"
      },
      {
        "Direction": "Outbound",
        "Destination": "Tallaght",
        "Time": "00:01:42",
        "AVLS": "00:02:22",
        "Tram": "4004",
        "Action": "a",
        "Msg Sent": "17/10/2019 05:33:53",
        "Msg Received": "17/10/2019 05:33:53",
        "Msg Processed": "17/10/2019 05:33:53",
        "XML ID": "279",
        "Total Lag": "0.6151224",
        "Create Lag": "0.4432467",
        "Process Lag": "0.1718757"
      }
    ]
  },
  {
    "stopID": "10",
    "stopQueryTime": 1571286841022,
    "count": 2,
    "results": [
      {
        "Direction": "Inbound",
        "Destination": "The Point",
        "Time": "00:09:20",
        "AVLS": "00:10:00",
        "Tram": "4003",
        "Action": "a",
        "Msg Sent": "17/10/2019 05:33:53",
        "Msg Received": "17/10/2019 05:33:53",
        "Msg Processed": "17/10/2019 05:33:53",
        "XML ID": "279",
        "Total Lag": "0.5838782",
        "Create Lag": "0.4432467",
        "Process Lag": "0.1406315"
      },
      {
        "Direction": "Inbound",
        "Destination": "The Point",
        "Time": "00:15:48",
        "AVLS": "00:16:28",
        "Tram": "3018",
        "Action": "a",
        "Msg Sent": "17/10/2019 05:33:53",
        "Msg Received": "17/10/2019 05:33:53",
        "Msg Processed": "17/10/2019 05:33:53",
        "XML ID": "279",
        "Total Lag": "0.505746",
        "Create Lag": "0.4432467",
        "Process Lag": "0.0624993"
      }
    ]
  },
  {
    "stopID": "47",
    "stopQueryTime": 1571286841028,
    "count": 2,
    "results": [
      {
        "Direction": "Inbound",
        "Destination": "Broombridge",
        "Time": "00:16:35",
        "AVLS": "00:17:15",
        "Tram": "5006",
        "Action": "a",
        "Msg Sent": "17/10/2019 05:33:53",
        "Msg Received": "17/10/2019 05:33:53",
        "Msg Processed": "17/10/2019 05:33:53",
        "XML ID": "279",
        "Total Lag": "0.646378",
        "Create Lag": "0.4432467",
        "Process Lag": "0.2031313"
      },
      {
        "Direction": "Outbound",
        "Destination": "Bride's Glen",
        "Time": "00:09:57",
        "AVLS": "00:10:37",
        "Tram": "5006",
        "Action": "a",
        "Msg Sent": "17/10/2019 05:33:53",
        "Msg Received": "17/10/2019 05:33:53",
        "Msg Processed": "17/10/2019 05:33:53",
        "XML ID": "279",
        "Total Lag": "0.646378",
        "Create Lag": "0.4432467",
        "Process Lag": "0.2031313"
      }
    ]
  },
  {
    "stopID": "48",
    "stopQueryTime": 1571286841033,
    "count": 1,
    "results": [
      {
        "Direction": "Inbound",
        "Destination": "Broombridge",
        "Time": "00:15:27",
        "AVLS": "00:16:07",
        "Tram": "5006",
        "Action": "d",
        "Msg Sent": "17/10/2019 05:33:53",
        "Msg Received": "17/10/2019 05:33:53",
        "Msg Processed": "17/10/2019 05:33:53",
        "XML ID": "279",
        "Total Lag": "0.646378",
        "Create Lag": "0.4432467",
        "Process Lag": "0.2031313"
      }
    ]
  },
  {
    "stopID": "32",
    "stopQueryTime": 1571286841039,
    "count": 2,
    "results": [
      {
        "Direction": "Inbound",
        "Destination": "Broombridge",
        "Time": "00:02:16",
        "AVLS": "00:02:56",
        "Tram": "3020",
        "Action": "a",
        "Msg Sent": "17/10/2019 05:33:56",
        "Msg Received": "17/10/2019 05:33:56",
        "Msg Processed": "17/10/2019 05:33:56",
        "XML ID": "280",
        "Total Lag": "0.4276215",
        "Create Lag": "0.4119941",
        "Process Lag": "0.0156274"
      },
      {
        "Direction": "Outbound",
        "Destination": "Bride's Glen",
        "Time": "00:10:13",
        "AVLS": "00:10:53",
        "Tram": "5021",
        "Action": "a",
        "Msg Sent": "17/10/2019 05:33:53",
        "Msg Received": "17/10/2019 05:33:53",
        "Msg Processed": "17/10/2019 05:33:53",
        "XML ID": "279",
        "Total Lag": "0.7088713",
        "Create Lag": "0.4432467",
        "Process Lag": "0.2656246"
      }
    ]
  },
  {
    "stopID": "45",
    "stopQueryTime": 1571286841041,
    "count": 2,
    "results": [
      {
        "Direction": "Inbound",
        "Destination": "Broombridge",
        "Time": "00:00:07",
        "AVLS": "00:00:47",
        "Tram": "5011",
        "Action": "a",
        "Msg Sent": "17/10/2019 05:33:53",
        "Msg Received": "17/10/2019 05:33:53",
        "Msg Processed": "17/10/2019 05:33:53",
        "XML ID": "279",
        "Total Lag": "0.661996",
        "Create Lag": "0.4432467",
        "Process Lag": "0.2187493"
      },
      {
        "Direction": "Outbound",
        "Destination": "Bride's Glen",
        "Time": "00:06:37",
        "AVLS": "00:07:17",
        "Tram": "5006",
        "Action": "a",
        "Msg Sent": "17/10/2019 05:33:53",
        "Msg Received": "17/10/2019 05:33:53",
        "Msg Processed": "17/10/2019 05:33:53",
        "XML ID": "279",
        "Total Lag": "0.6307462",
        "Create Lag": "0.4432467",
        "Process Lag": "0.1874995"
      }
    ]
  },
  {
    "stopID": "51",
    "stopQueryTime": 1571286841046,
    "count": 1,
    "results": [
      {
        "Direction": "Inbound",
        "Destination": "Belgard",
        "Time": "00:10:58",
        "AVLS": "00:11:38",
        "Tram": "3026",
        "Action": "a",
        "Msg Sent": "17/10/2019 05:33:53",
        "Msg Received": "17/10/2019 05:33:53",
        "Msg Processed": "17/10/2019 05:33:53",
        "XML ID": "279",
        "Total Lag": "0.5682472",
        "Create Lag": "0.4432467",
        "Process Lag": "0.1250005"
      }
    ]
  },
  {
    "stopID": "46",
    "stopQueryTime": 1571286841050,
    "count": 2,
    "results": [
      {
        "Direction": "Inbound",
        "Destination": "Broombridge",
        "Time": "00:18:36",
        "AVLS": "00:19:16",
        "Tram": "5006",
        "Action": "a",
        "Msg Sent": "17/10/2019 05:33:53",
        "Msg Received": "17/10/2019 05:33:53",
        "Msg Processed": "17/10/2019 05:33:53",
        "XML ID": "279",
        "Total Lag": "0.646378",
        "Create Lag": "0.4432467",
        "Process Lag": "0.2031313"
      },
      {
        "Direction": "Outbound",
        "Destination": "Bride's Glen",
        "Time": "00:08:00",
        "AVLS": "00:08:40",
        "Tram": "5006",
        "Action": "a",
        "Msg Sent": "17/10/2019 05:33:53",
        "Msg Received": "17/10/2019 05:33:53",
        "Msg Processed": "17/10/2019 05:33:53",
        "XML ID": "279",
        "Total Lag": "0.646378",
        "Create Lag": "0.4432467",
        "Process Lag": "0.2031313"
      }
    ]
  },
  {
    "stopID": "8",
    "stopQueryTime": 1571286841052,
    "count": 2,
    "results": [
      {
        "Direction": "Inbound",
        "Destination": "The Point",
        "Time": "00:06:08",
        "AVLS": "00:06:48",
        "Tram": "4003",
        "Action": "a",
        "Msg Sent": "17/10/2019 05:33:53",
        "Msg Received": "17/10/2019 05:33:53",
        "Msg Processed": "17/10/2019 05:33:53",
        "XML ID": "279",
        "Total Lag": "0.5838782",
        "Create Lag": "0.4432467",
        "Process Lag": "0.1406315"
      },
      {
        "Direction": "Inbound",
        "Destination": "The Point",
        "Time": "00:12:36",
        "AVLS": "00:13:16",
        "Tram": "3018",
        "Action": "a",
        "Msg Sent": "17/10/2019 05:33:53",
        "Msg Received": "17/10/2019 05:33:53",
        "Msg Processed": "17/10/2019 05:33:53",
        "XML ID": "279",
        "Total Lag": "0.505746",
        "Create Lag": "0.4432467",
        "Process Lag": "0.0624993"
      }
    ]
  },
  {
    "stopID": "33",
    "stopQueryTime": 1571286841057,
    "count": 3,
    "results": [
      {
        "Direction": "Inbound",
        "Destination": "Broombridge",
        "Time": "00:00:34",
        "AVLS": "00:01:14",
        "Tram": "3020",
        "Action": "a",
        "Msg Sent": "17/10/2019 05:33:56",
        "Msg Received": "17/10/2019 05:33:56",
        "Msg Processed": "17/10/2019 05:33:56",
        "XML ID": "280",
        "Total Lag": "0.4276215",
        "Create Lag": "0.4119941",
        "Process Lag": "0.0156274"
      },
      {
        "Direction": "Inbound",
        "Destination": "Broombridge",
        "Time": "00:18:54",
        "AVLS": "00:19:34",
        "Tram": "5011",
        "Action": "a",
        "Msg Sent": "17/10/2019 05:33:53",
        "Msg Received": "17/10/2019 05:33:53",
        "Msg Processed": "17/10/2019 05:33:53",
        "XML ID": "279",
        "Total Lag": "0.6776219",
        "Create Lag": "0.4432467",
        "Process Lag": "0.2343752"
      },
      {
        "Direction": "Outbound",
        "Destination": "Bride's Glen",
        "Time": "00:11:39",
        "AVLS": "00:12:19",
        "Tram": "5021",
        "Action": "a",
        "Msg Sent": "17/10/2019 05:33:53",
        "Msg Received": "17/10/2019 05:33:53",
        "Msg Processed": "17/10/2019 05:33:53",
        "XML ID": "279",
        "Total Lag": "0.7088713",
        "Create Lag": "0.4432467",
        "Process Lag": "0.2656246"
      }
    ]
  },
  {
    "stopID": "11",
    "stopQueryTime": 1571286841059,
    "count": 2,
    "results": [
      {
        "Direction": "Inbound",
        "Destination": "The Point",
        "Time": "00:10:12",
        "AVLS": "00:10:52",
        "Tram": "4003",
        "Action": "a",
        "Msg Sent": "17/10/2019 05:33:53",
        "Msg Received": "17/10/2019 05:33:53",
        "Msg Processed": "17/10/2019 05:33:53",
        "XML ID": "279",
        "Total Lag": "0.5838782",
        "Create Lag": "0.4432467",
        "Process Lag": "0.1406315"
      },
      {
        "Direction": "Inbound",
        "Destination": "The Point",
        "Time": "00:16:40",
        "AVLS": "00:17:20",
        "Tram": "3018",
        "Action": "a",
        "Msg Sent": "17/10/2019 05:33:53",
        "Msg Received": "17/10/2019 05:33:53",
        "Msg Processed": "17/10/2019 05:33:53",
        "XML ID": "279",
        "Total Lag": "0.505746",
        "Create Lag": "0.4432467",
        "Process Lag": "0.0624993"
      }
    ]
  },
  {
    "stopID": "40",
    "stopQueryTime": 1571286841062,
    "count": 3,
    "results": [
      {
        "Direction": "Inbound",
        "Destination": "Broombridge",
        "Time": "00:06:27",
        "AVLS": "00:07:07",
        "Tram": "5011",
        "Action": "a",
        "Msg Sent": "17/10/2019 05:33:53",
        "Msg Received": "17/10/2019 05:33:53",
        "Msg Processed": "17/10/2019 05:33:53",
        "XML ID": "279",
        "Total Lag": "0.661996",
        "Create Lag": "0.4432467",
        "Process Lag": "0.2187493"
      },
      {
        "Direction": "Outbound",
        "Destination": "Bride's Glen",
        "Time": "00:00:23",
        "AVLS": "00:01:03",
        "Tram": "5006",
        "Action": "a",
        "Msg Sent": "17/10/2019 05:33:53",
        "Msg Received": "17/10/2019 05:33:53",
        "Msg Processed": "17/10/2019 05:33:53",
        "XML ID": "279",
        "Total Lag": "0.6307462",
        "Create Lag": "0.4432467",
        "Process Lag": "0.1874995"
      },
      {
        "Direction": "Outbound",
        "Destination": "Bride's Glen",
        "Time": "00:18:41",
        "AVLS": "00:19:21",
        "Tram": "5002",
        "Action": "a",
        "Msg Sent": "17/10/2019 05:33:53",
        "Msg Received": "17/10/2019 05:33:53",
        "Msg Processed": "17/10/2019 05:33:53",
        "XML ID": "279",
        "Total Lag": "0.4588775",
        "Create Lag": "0.4432467",
        "Process Lag": "0.0156308"
      }
    ]
  },
  {
    "stopID": "49",
    "stopQueryTime": 1571286841069,
    "count": 1,
    "results": [
      {
        "Direction": "Inbound",
        "Destination": "Belgard",
        "Time": "00:14:33",
        "AVLS": "00:15:13",
        "Tram": "3026",
        "Action": "a",
        "Msg Sent": "17/10/2019 05:33:53",
        "Msg Received": "17/10/2019 05:33:53",
        "Msg Processed": "17/10/2019 05:33:53",
        "XML ID": "279",
        "Total Lag": "0.5682472",
        "Create Lag": "0.4432467",
        "Process Lag": "0.1250005"
      }
    ]
  },
  {
    "stopID": "26",
    "stopQueryTime": 1571286841071,
    "count": 2,
    "results": [
      {
        "Direction": "Inbound",
        "Destination": "Broombridge",
        "Time": "00:12:08",
        "AVLS": "00:12:48",
        "Tram": "3020",
        "Action": "a",
        "Msg Sent": "17/10/2019 05:33:56",
        "Msg Received": "17/10/2019 05:33:56",
        "Msg Processed": "17/10/2019 05:33:56",
        "XML ID": "280",
        "Total Lag": "0.4588783",
        "Create Lag": "0.4119941",
        "Process Lag": "0.0468842"
      },
      {
        "Direction": "Outbound",
        "Destination": "Bride's Glen",
        "Time": "00:00:00",
        "AVLS": "00:00:31",
        "Tram": "5021",
        "Action": "a",
        "Msg Sent": "17/10/2019 05:33:53",
        "Msg Received": "17/10/2019 05:33:53",
        "Msg Processed": "17/10/2019 05:33:53",
        "XML ID": "279",
        "Total Lag": "0.6776219",
        "Create Lag": "0.4432467",
        "Process Lag": "0.2343752"
      }
    ]
  },
  {
    "stopID": "52",
    "stopQueryTime": 1571286841080,
    "count": 1,
    "results": [
      {
        "Direction": "Inbound",
        "Destination": "Belgard",
        "Time": "00:09:42",
        "AVLS": "00:10:22",
        "Tram": "3026",
        "Action": "a",
        "Msg Sent": "17/10/2019 05:33:53",
        "Msg Received": "17/10/2019 05:33:53",
        "Msg Processed": "17/10/2019 05:33:53",
        "XML ID": "279",
        "Total Lag": "0.5682472",
        "Create Lag": "0.4432467",
        "Process Lag": "0.1250005"
      }
    ]
  },
  {
    "stopID": "43",
    "stopQueryTime": 1571286841081,
    "count": 2,
    "results": [
      {
        "Direction": "Inbound",
        "Destination": "Broombridge",
        "Time": "00:02:40",
        "AVLS": "00:03:20",
        "Tram": "5011",
        "Action": "a",
        "Msg Sent": "17/10/2019 05:33:53",
        "Msg Received": "17/10/2019 05:33:53",
        "Msg Processed": "17/10/2019 05:33:53",
        "XML ID": "279",
        "Total Lag": "0.661996",
        "Create Lag": "0.4432467",
        "Process Lag": "0.2187493"
      },
      {
        "Direction": "Outbound",
        "Destination": "Bride's Glen",
        "Time": "00:04:04",
        "AVLS": "00:04:44",
        "Tram": "5006",
        "Action": "a",
        "Msg Sent": "17/10/2019 05:33:53",
        "Msg Received": "17/10/2019 05:33:53",
        "Msg Processed": "17/10/2019 05:33:53",
        "XML ID": "279",
        "Total Lag": "0.6307462",
        "Create Lag": "0.4432467",
        "Process Lag": "0.1874995"
      }
    ]
  },
  {
    "stopID": "5",
    "stopQueryTime": 1571286841090,
    "count": 1,
    "results": [
      {
        "Direction": "Inbound",
        "Destination": "The Point",
        "Time": "00:04:01",
        "AVLS": "00:04:41",
        "Tram": "3018",
        "Action": "a",
        "Msg Sent": "17/10/2019 05:33:53",
        "Msg Received": "17/10/2019 05:33:53",
        "Msg Processed": "17/10/2019 05:33:53",
        "XML ID": "279",
        "Total Lag": "0.4901318",
        "Create Lag": "0.4432467",
        "Process Lag": "0.0468851"
      }
    ]
  },
  {
    "stopID": "35",
    "stopQueryTime": 1571286841092,
    "count": 2,
    "results": [
      {
        "Direction": "Inbound",
        "Destination": "Broombridge",
        "Time": "00:15:11",
        "AVLS": "00:15:51",
        "Tram": "5011",
        "Action": "a",
        "Msg Sent": "17/10/2019 05:33:53",
        "Msg Received": "17/10/2019 05:33:53",
        "Msg Processed": "17/10/2019 05:33:53",
        "XML ID": "279",
        "Total Lag": "0.6776219",
        "Create Lag": "0.4432467",
        "Process Lag": "0.2343752"
      },
      {
        "Direction": "Outbound",
        "Destination": "Bride's Glen",
        "Time": "00:14:52",
        "AVLS": "00:15:32",
        "Tram": "5021",
        "Action": "a",
        "Msg Sent": "17/10/2019 05:33:53",
        "Msg Received": "17/10/2019 05:33:53",
        "Msg Processed": "17/10/2019 05:33:53",
        "XML ID": "279",
        "Total Lag": "0.7088713",
        "Create Lag": "0.4432467",
        "Process Lag": "0.2656246"
      }
    ]
  },
  {
    "stopID": "15",
    "stopQueryTime": 1571286841094,
    "count": 2,
    "results": [
      {
        "Direction": "Inbound",
        "Destination": "The Point",
        "Time": "00:15:15",
        "AVLS": "00:15:55",
        "Tram": "4003",
        "Action": "a",
        "Msg Sent": "17/10/2019 05:33:53",
        "Msg Received": "17/10/2019 05:33:53",
        "Msg Processed": "17/10/2019 05:33:53",
        "XML ID": "279",
        "Total Lag": "0.5995046",
        "Create Lag": "0.4432467",
        "Process Lag": "0.1562579"
      },
      {
        "Direction": "Outbound",
        "Destination": "Tallaght",
        "Time": "00:17:54",
        "AVLS": "00:18:34",
        "Tram": "3013",
        "Action": "a",
        "Msg Sent": "17/10/2019 05:33:53",
        "Msg Received": "17/10/2019 05:33:53",
        "Msg Processed": "17/10/2019 05:33:53",
        "XML ID": "279",
        "Total Lag": "0.4901318",
        "Create Lag": "0.4432467",
        "Process Lag": "0.0468851"
      }
    ]
  },
  {
    "stopID": "50",
    "stopQueryTime": 1571286841102,
    "count": 1,
    "results": [
      {
        "Direction": "Inbound",
        "Destination": "Belgard",
        "Time": "00:12:45",
        "AVLS": "00:13:25",
        "Tram": "3026",
        "Action": "a",
        "Msg Sent": "17/10/2019 05:33:53",
        "Msg Received": "17/10/2019 05:33:53",
        "Msg Processed": "17/10/2019 05:33:53",
        "XML ID": "279",
        "Total Lag": "0.5682472",
        "Create Lag": "0.4432467",
        "Process Lag": "0.1250005"
      }
    ]
  },
  {
    "stopID": "56",
    "stopQueryTime": 1571286841103,
    "count": 1,
    "results": [
      {
        "Direction": "Outbound",
        "Destination": "Tallaght",
        "Time": "00:16:36",
        "AVLS": "00:17:16",
        "Tram": "3019",
        "Action": "a",
        "Msg Sent": "17/10/2019 05:33:53",
        "Msg Received": "17/10/2019 05:33:53",
        "Msg Processed": "17/10/2019 05:33:53",
        "XML ID": "279",
        "Total Lag": "0.5213707",
        "Create Lag": "0.4432467",
        "Process Lag": "0.078124"
      }
    ]
  },
  {
    "stopID": "42",
    "stopQueryTime": 1571286841105,
    "count": 2,
    "results": [
      {
        "Direction": "Inbound",
        "Destination": "Broombridge",
        "Time": "00:04:16",
        "AVLS": "00:04:56",
        "Tram": "5011",
        "Action": "a",
        "Msg Sent": "17/10/2019 05:33:53",
        "Msg Received": "17/10/2019 05:33:53",
        "Msg Processed": "17/10/2019 05:33:53",
        "XML ID": "279",
        "Total Lag": "0.661996",
        "Create Lag": "0.4432467",
        "Process Lag": "0.2187493"
      },
      {
        "Direction": "Outbound",
        "Destination": "Bride's Glen",
        "Time": "00:02:31",
        "AVLS": "00:03:11",
        "Tram": "5006",
        "Action": "a",
        "Msg Sent": "17/10/2019 05:33:53",
        "Msg Received": "17/10/2019 05:33:53",
        "Msg Processed": "17/10/2019 05:33:53",
        "XML ID": "279",
        "Total Lag": "0.6307462",
        "Create Lag": "0.4432467",
        "Process Lag": "0.1874995"
      }
    ]
  },
  {
    "stopID": "57",
    "stopQueryTime": 1571286841114,
    "count": 1,
    "results": [
      {
        "Direction": "Outbound",
        "Destination": "Tallaght",
        "Time": "00:15:57",
        "AVLS": "00:16:37",
        "Tram": "3019",
        "Action": "d",
        "Msg Sent": "17/10/2019 05:33:53",
        "Msg Received": "17/10/2019 05:33:53",
        "Msg Processed": "17/10/2019 05:33:53",
        "XML ID": "279",
        "Total Lag": "0.5213707",
        "Create Lag": "0.4432467",
        "Process Lag": "0.078124"
      }
    ]
  },
  {
    "stopID": "30",
    "stopQueryTime": 1571286841116,
    "count": 2,
    "results": [
      {
        "Direction": "Inbound",
        "Destination": "Broombridge",
        "Time": "00:06:02",
        "AVLS": "00:06:42",
        "Tram": "3020",
        "Action": "a",
        "Msg Sent": "17/10/2019 05:33:56",
        "Msg Received": "17/10/2019 05:33:56",
        "Msg Processed": "17/10/2019 05:33:56",
        "XML ID": "280",
        "Total Lag": "0.4432478",
        "Create Lag": "0.4119941",
        "Process Lag": "0.0312537"
      },
      {
        "Direction": "Outbound",
        "Destination": "Bride's Glen",
        "Time": "00:06:27",
        "AVLS": "00:07:07",
        "Tram": "5021",
        "Action": "a",
        "Msg Sent": "17/10/2019 05:33:53",
        "Msg Received": "17/10/2019 05:33:53",
        "Msg Processed": "17/10/2019 05:33:53",
        "XML ID": "279",
        "Total Lag": "0.6932547",
        "Create Lag": "0.4432467",
        "Process Lag": "0.250008"
      }
    ]
  },
  {
    "stopID": "36",
    "stopQueryTime": 1571286841120,
    "count": 3,
    "results": [
      {
        "Direction": "Inbound",
        "Destination": "Broombridge",
        "Time": "00:13:36",
        "AVLS": "00:14:16",
        "Tram": "5011",
        "Action": "a",
        "Msg Sent": "17/10/2019 05:33:53",
        "Msg Received": "17/10/2019 05:33:53",
        "Msg Processed": "17/10/2019 05:33:53",
        "XML ID": "279",
        "Total Lag": "0.6776219",
        "Create Lag": "0.4432467",
        "Process Lag": "0.2343752"
      },
      {
        "Direction": "Outbound",
        "Destination": "Bride's Glen",
        "Time": "00:11:27",
        "AVLS": "00:12:07",
        "Tram": "5002",
        "Action": "d",
        "Msg Sent": "17/10/2019 05:33:53",
        "Msg Received": "17/10/2019 05:33:53",
        "Msg Processed": "17/10/2019 05:33:53",
        "XML ID": "279",
        "Total Lag": "0.4432467",
        "Create Lag": "0.4432467",
        "Process Lag": "0"
      },
      {
        "Direction": "Outbound",
        "Destination": "Bride's Glen",
        "Time": "00:16:13",
        "AVLS": "00:16:53",
        "Tram": "5021",
        "Action": "a",
        "Msg Sent": "17/10/2019 05:33:53",
        "Msg Received": "17/10/2019 05:33:53",
        "Msg Processed": "17/10/2019 05:33:53",
        "XML ID": "279",
        "Total Lag": "0.7245049",
        "Create Lag": "0.4432467",
        "Process Lag": "0.2812582"
      }
    ]
  },
  {
    "stopID": "37",
    "stopQueryTime": 1571286841125,
    "count": 3,
    "results": [
      {
        "Direction": "Inbound",
        "Destination": "Broombridge",
        "Time": "00:11:12",
        "AVLS": "00:11:52",
        "Tram": "5011",
        "Action": "a",
        "Msg Sent": "17/10/2019 05:33:53",
        "Msg Received": "17/10/2019 05:33:53",
        "Msg Processed": "17/10/2019 05:33:53",
        "XML ID": "279",
        "Total Lag": "0.6776219",
        "Create Lag": "0.4432467",
        "Process Lag": "0.2343752"
      },
      {
        "Direction": "Outbound",
        "Destination": "Bride's Glen",
        "Time": "00:14:00",
        "AVLS": "00:14:40",
        "Tram": "5002",
        "Action": "a",
        "Msg Sent": "17/10/2019 05:33:53",
        "Msg Received": "17/10/2019 05:33:53",
        "Msg Processed": "17/10/2019 05:33:53",
        "XML ID": "279",
        "Total Lag": "0.4432467",
        "Create Lag": "0.4432467",
        "Process Lag": "0"
      },
      {
        "Direction": "Outbound",
        "Destination": "Bride's Glen",
        "Time": "00:18:46",
        "AVLS": "00:19:26",
        "Tram": "5021",
        "Action": "a",
        "Msg Sent": "17/10/2019 05:33:53",
        "Msg Received": "17/10/2019 05:33:53",
        "Msg Processed": "17/10/2019 05:33:53",
        "XML ID": "279",
        "Total Lag": "0.7245049",
        "Create Lag": "0.4432467",
        "Process Lag": "0.2812582"
      }
    ]
  },
  {
    "stopID": "16",
    "stopQueryTime": 1571286841131,
    "count": 2,
    "results": [
      {
        "Direction": "Inbound",
        "Destination": "The Point",
        "Time": "00:17:40",
        "AVLS": "00:18:20",
        "Tram": "4003",
        "Action": "a",
        "Msg Sent": "17/10/2019 05:33:53",
        "Msg Received": "17/10/2019 05:33:53",
        "Msg Processed": "17/10/2019 05:33:53",
        "XML ID": "279",
        "Total Lag": "0.5995046",
        "Create Lag": "0.4432467",
        "Process Lag": "0.1562579"
      },
      {
        "Direction": "Outbound",
        "Destination": "Tallaght",
        "Time": "00:14:43",
        "AVLS": "00:15:23",
        "Tram": "3013",
        "Action": "a",
        "Msg Sent": "17/10/2019 05:33:53",
        "Msg Received": "17/10/2019 05:33:53",
        "Msg Processed": "17/10/2019 05:33:53",
        "XML ID": "279",
        "Total Lag": "0.4901318",
        "Create Lag": "0.4432467",
        "Process Lag": "0.0468851"
      }
    ]
  }
]