[
  {
    "stopID": "6",
    "stopQueryTime": 1571287020625,
    "count": 1,
    "results": [
      {
        "Direction": "Inbound",
        "Destination": "The Point",
        "Time": "00:03:51",
        "AVLS": "00:04:31",
        "Tram": "3018",
        "Action": "a",
        "Msg Sent": "17/10/2019 05:36:59",
        "Msg Received": "17/10/2019 05:36:59",
        "Msg Processed": "17/10/2019 05:36:59",
        "XML ID": "331",
        "Total Lag": "0.5425888",
        "Create Lag": "0.5269549",
        "Process Lag": "0.0156339"
      }
    ]
  },
  {
    "stopID": "11",
    "stopQueryTime": 1571287020657,
    "count": 2,
    "results": [
      {
        "Direction": "Inbound",
        "Destination": "The Point",
        "Time": "00:06:47",
        "AVLS": "00:07:27",
        "Tram": "4003",
        "Action": "a",
        "Msg Sent": "17/10/2019 05:36:53",
        "Msg Received": "17/10/2019 05:36:53",
        "Msg Processed": "17/10/2019 05:36:53",
        "XML ID": "329",
        "Total Lag": "0.7769648",
        "Create Lag": "0.5738342",
        "Process Lag": "0.2031306"
      },
      {
        "Direction": "Inbound",
        "Destination": "The Point",
        "Time": "00:13:23",
        "AVLS": "00:14:03",
        "Tram": "3018",
        "Action": "a",
        "Msg Sent": "17/10/2019 05:36:59",
        "Msg Received": "17/10/2019 05:36:59",
        "Msg Processed": "17/10/2019 05:36:59",
        "XML ID": "331",
        "Total Lag": "0.5738335",
        "Create Lag": "0.5269549",
        "Process Lag": "0.0468786"
      }
    ]
  },
  {
    "stopID": "9",
    "stopQueryTime": 1571287020661,
    "count": 2,
    "results": [
      {
        "Direction": "Inbound",
        "Destination": "The Point",
        "Time": "00:04:45",
        "AVLS": "00:05:25",
        "Tram": "4003",
        "Action": "a",
        "Msg Sent": "17/10/2019 05:36:53",
        "Msg Received": "17/10/2019 05:36:53",
        "Msg Processed": "17/10/2019 05:36:53",
        "XML ID": "329",
        "Total Lag": "0.7613365",
        "Create Lag": "0.5738342",
        "Process Lag": "0.1875023"
      },
      {
        "Direction": "Inbound",
        "Destination": "The Point",
        "Time": "00:11:21",
        "AVLS": "00:12:01",
        "Tram": "3018",
        "Action": "a",
        "Msg Sent": "17/10/2019 05:36:59",
        "Msg Received": "17/10/2019 05:36:59",
        "Msg Processed": "17/10/2019 05:36:59",
        "XML ID": "331",
        "Total Lag": "0.5582049",
        "Create Lag": "0.5269549",
        "Process Lag": "0.03125"
      }
    ]
  },
  {
    "stopID": "23",
    "stopQueryTime": 1571287020664,
    "count": 0,
    "results": []
  },
  {
    "stopID": "1",
    "stopQueryTime": 1571287020667,
    "count": 2,
    "results": [
      {
        "Direction": "Inbound",
        "Destination": "The Point",
        "Time": "00:12:27",
        "AVLS": "00:13:07",
        "Tram": "4004",
        "Action": "d",
        "Msg Sent": "17/10/2019 05:36:53",
        "Msg Received": "17/10/2019 05:36:53",
        "Msg Processed": "17/10/2019 05:36:53",
        "XML ID": "329",
        "Total Lag": "0.8082096",
        "Create Lag": "0.5738342",
        "Process Lag": "0.2343754"
      },
      {
        "Direction": "Terminating",
        "Destination": "Tallaght",
        "Time": "00:02:09",
        "AVLS": "00:02:49",
        "Tram": "4004",
        "Action": "a",
        "Msg Sent": "17/10/2019 05:36:53",
        "Msg Received": "17/10/2019 05:36:53",
        "Msg Processed": "17/10/2019 05:36:53",
        "XML ID": "329",
        "Total Lag": "0.7925836",
        "Create Lag": "0.5738342",
        "Process Lag": "0.2187494"
      }
    ]
  },
  {
    "stopID": "20",
    "stopQueryTime": 1571287020675,
    "count": 1,
    "results": [
      {
        "Direction": "Outbound",
        "Destination": "Tallaght",
        "Time": "00:04:19",
        "AVLS": "00:04:59",
        "Tram": "3013",
        "Action": "a",
        "Msg Sent": "17/10/2019 05:36:53",
        "Msg Received": "17/10/2019 05:36:53",
        "Msg Processed": "17/10/2019 05:36:53",
        "XML ID": "329",
        "Total Lag": "0.6207156",
        "Create Lag": "0.5738342",
        "Process Lag": "0.0468814"
      }
    ]
  },
  {
    "stopID": "5",
    "stopQueryTime": 1571287020677,
    "count": 2,
    "results": [
      {
        "Direction": "Inbound",
        "Destination": "The Point",
        "Time": "00:00:44",
        "AVLS": "00:01:24",
        "Tram": "3018",
        "Action": "a",
        "Msg Sent": "17/10/2019 05:36:59",
        "Msg Received": "17/10/2019 05:36:59",
        "Msg Processed": "17/10/2019 05:36:59",
        "XML ID": "331",
        "Total Lag": "0.5425888",
        "Create Lag": "0.5269549",
        "Process Lag": "0.0156339"
      },
      {
        "Direction": "Outbound",
        "Destination": "Saggart",
        "Time": "00:07:27",
        "AVLS": "00:08:07",
        "Tram": "3009",
        "Action": "d",
        "Msg Sent": "17/10/2019 05:36:53",
        "Msg Received": "17/10/2019 05:36:53",
        "Msg Processed": "17/10/2019 05:36:53",
        "XML ID": "329",
        "Total Lag": "0.5738342",
        "Create Lag": "0.5738342",
        "Process Lag": "0"
      }
    ]
  },
  {
    "stopID": "10",
    "stopQueryTime": 1571287020697,
    "count": 2,
    "results": [
      {
        "Direction": "Inbound",
        "Destination": "The Point",
        "Time": "00:05:55",
        "AVLS": "00:06:35",
        "Tram": "4003",
        "Action": "a",
        "Msg Sent": "17/10/2019 05:36:53",
        "Msg Received": "17/10/2019 05:36:53",
        "Msg Processed": "17/10/2019 05:36:53",
        "XML ID": "329",
        "Total Lag": "0.7769648",
        "Create Lag": "0.5738342",
        "Process Lag": "0.2031306"
      },
      {
        "Direction": "Inbound",
        "Destination": "The Point",
        "Time": "00:12:31",
        "AVLS": "00:13:11",
        "Tram": "3018",
        "Action": "a",
        "Msg Sent": "17/10/2019 05:36:59",
        "Msg Received": "17/10/2019 05:36:59",
        "Msg Processed": "17/10/2019 05:36:59",
        "XML ID": "331",
        "Total Lag": "0.5738335",
        "Create Lag": "0.5269549",
        "Process Lag": "0.0468786"
      }
    ]
  },
  {
    "stopID": "7",
    "stopQueryTime": 1571287020701,
    "count": 2,
    "results": [
      {
        "Direction": "Inbound",
        "Destination": "The Point",
        "Time": "00:01:17",
        "AVLS": "00:01:57",
        "Tram": "4003",
        "Action": "a",
        "Msg Sent": "17/10/2019 05:36:53",
        "Msg Received": "17/10/2019 05:36:53",
        "Msg Processed": "17/10/2019 05:36:53",
        "XML ID": "329",
        "Total Lag": "0.7613365",
        "Create Lag": "0.5738342",
        "Process Lag": "0.1875023"
      },
      {
        "Direction": "Inbound",
        "Destination": "The Point",
        "Time": "00:07:53",
        "AVLS": "00:08:33",
        "Tram": "3018",
        "Action": "a",
        "Msg Sent": "17/10/2019 05:36:59",
        "Msg Received": "17/10/2019 05:36:59",
        "Msg Processed": "17/10/2019 05:36:59",
        "XML ID": "331",
        "Total Lag": "0.5582049",
        "Create Lag": "0.5269549",
        "Process Lag": "0.03125"
      }
    ]
  },
  {
    "stopID": "26",
    "stopQueryTime": 1571287020706,
    "count": 1,
    "results": [
      {
        "Direction": "Inbound",
        "Destination": "Broombridge",
        "Time": "00:09:37",
        "AVLS": "00:10:17",
        "Tram": "3020",
        "Action": "a",
        "Msg Sent": "17/10/2019 05:36:53",
        "Msg Received": "17/10/2019 05:36:53",
        "Msg Processed": "17/10/2019 05:36:53",
        "XML ID": "329",
        "Total Lag": "0.7300879",
        "Create Lag": "0.5738342",
        "Process Lag": "0.1562537"
      }
    ]
  },
  {
    "stopID": "19",
    "stopQueryTime": 1571287020714,
    "count": 1,
    "results": [
      {
        "Direction": "Outbound",
        "Destination": "Tallaght",
        "Time": "00:06:15",
        "AVLS": "00:06:55",
        "Tram": "3013",
        "Action": "a",
        "Msg Sent": "17/10/2019 05:36:53",
        "Msg Received": "17/10/2019 05:36:53",
        "Msg Processed": "17/10/2019 05:36:53",
        "XML ID": "329",
        "Total Lag": "0.6207156",
        "Create Lag": "0.5738342",
        "Process Lag": "0.0468814"
      }
    ]
  },
  {
    "stopID": "2",
    "stopQueryTime": 1571287020717,
    "count": 2,
    "results": [
      {
        "Direction": "Inbound",
        "Destination": "The Point",
        "Time": "00:13:41",
        "AVLS": "00:14:21",
        "Tram": "4004",
        "Action": "a",
        "Msg Sent": "17/10/2019 05:36:53",
        "Msg Received": "17/10/2019 05:36:53",
        "Msg Processed": "17/10/2019 05:36:53",
        "XML ID": "329",
        "Total Lag": "0.8082096",
        "Create Lag": "0.5738342",
        "Process Lag": "0.2343754"
      },
      {
        "Direction": "Outbound",
        "Destination": "Tallaght",
        "Time": "00:00:28",
        "AVLS": "00:01:08",
        "Tram": "4004",
        "Action": "a",
        "Msg Sent": "17/10/2019 05:36:53",
        "Msg Received": "17/10/2019 05:36:53",
        "Msg Processed": "17/10/2019 05:36:53",
        "XML ID": "329",
        "Total Lag": "0.7925836",
        "Create Lag": "0.5738342",
        "Process Lag": "0.2187494"
      }
    ]
  },
  {
    "stopID": "35",
    "stopQueryTime": 1571287020719,
    "count": 2,
    "results": [
      {
        "Direction": "Inbound",
        "Destination": "Broombridge",
        "Time": "00:12:00",
        "AVLS": "00:12:40",
        "Tram": "5011",
        "Action": "a",
        "Msg Sent": "17/10/2019 05:36:53",
        "Msg Received": "17/10/2019 05:36:53",
        "Msg Processed": "17/10/2019 05:36:53",
        "XML ID": "329",
        "Total Lag": "0.8863376",
        "Create Lag": "0.5738342",
        "Process Lag": "0.3125034"
      },
      {
        "Direction": "Outbound",
        "Destination": "Bride's Glen",
        "Time": "00:10:59",
        "AVLS": "00:11:39",
        "Tram": "5021",
        "Action": "a",
        "Msg Sent": "17/10/2019 05:36:56",
        "Msg Received": "17/10/2019 05:36:56",
        "Msg Processed": "17/10/2019 05:36:56",
        "XML ID": "330",
        "Total Lag": "0.6050798",
        "Create Lag": "0.5425763",
        "Process Lag": "0.0625035"
      }
    ]
  },
  {
    "stopID": "22",
    "stopQueryTime": 1571287020722,
    "count": 1,
    "results": [
      {
        "Direction": "Outbound",
        "Destination": "Tallaght",
        "Time": "00:18:59",
        "AVLS": "00:19:39",
        "Tram": "3019",
        "Action": "a",
        "Msg Sent": "17/10/2019 05:36:53",
        "Msg Received": "17/10/2019 05:36:53",
        "Msg Processed": "17/10/2019 05:36:53",
        "XML ID": "329",
        "Total Lag": "0.7144832",
        "Create Lag": "0.5738342",
        "Process Lag": "0.140649"
      }
    ]
  },
  {
    "stopID": "21",
    "stopQueryTime": 1571287020724,
    "count": 1,
    "results": [
      {
        "Direction": "Outbound",
        "Destination": "Tallaght",
        "Time": "00:02:07",
        "AVLS": "00:02:47",
        "Tram": "3013",
        "Action": "a",
        "Msg Sent": "17/10/2019 05:36:53",
        "Msg Received": "17/10/2019 05:36:53",
        "Msg Processed": "17/10/2019 05:36:53",
        "XML ID": "329",
        "Total Lag": "0.6207156",
        "Create Lag": "0.5738342",
        "Process Lag": "0.0468814"
      }
    ]
  },
  {
    "stopID": "27",
    "stopQueryTime": 1571287020727,
    "count": 1,
    "results": [
      {
        "Direction": "Inbound",
        "Destination": "Broombridge",
        "Time": "00:08:16",
        "AVLS": "00:08:56",
        "Tram": "3020",
        "Action": "a",
        "Msg Sent": "17/10/2019 05:36:53",
        "Msg Received": "17/10/2019 05:36:53",
        "Msg Processed": "17/10/2019 05:36:53",
        "XML ID": "329",
        "Total Lag": "0.7300879",
        "Create Lag": "0.5738342",
        "Process Lag": "0.1562537"
      }
    ]
  },
  {
    "stopID": "8",
    "stopQueryTime": 1571287020728,
    "count": 2,
    "results": [
      {
        "Direction": "Inbound",
        "Destination": "The Point",
        "Time": "00:02:43",
        "AVLS": "00:03:23",
        "Tram": "4003",
        "Action": "a",
        "Msg Sent": "17/10/2019 05:36:53",
        "Msg Received": "17/10/2019 05:36:53",
        "Msg Processed": "17/10/2019 05:36:53",
        "XML ID": "329",
        "Total Lag": "0.7613365",
        "Create Lag": "0.5738342",
        "Process Lag": "0.1875023"
      },
      {
        "Direction": "Inbound",
        "Destination": "The Point",
        "Time": "00:09:19",
        "AVLS": "00:09:59",
        "Tram": "3018",
        "Action": "a",
        "Msg Sent": "17/10/2019 05:36:59",
        "Msg Received": "17/10/2019 05:36:59",
        "Msg Processed": "17/10/2019 05:36:59",
        "XML ID": "331",
        "Total Lag": "0.5582049",
        "Create Lag": "0.5269549",
        "Process Lag": "0.03125"
      }
    ]
  },
  {
    "stopID": "28",
    "stopQueryTime": 1571287020736,
    "count": 2,
    "results": [
      {
        "Direction": "Inbound",
        "Destination": "Broombridge",
        "Time": "00:06:45",
        "AVLS": "00:07:25",
        "Tram": "3020",
        "Action": "a",
        "Msg Sent": "17/10/2019 05:36:53",
        "Msg Received": "17/10/2019 05:36:53",
        "Msg Processed": "17/10/2019 05:36:53",
        "XML ID": "329",
        "Total Lag": "0.7300879",
        "Create Lag": "0.5738342",
        "Process Lag": "0.1562537"
      },
      {
        "Direction": "Outbound",
        "Destination": "Bride's Glen",
        "Time": "00:00:00",
        "AVLS": "00:00:00",
        "Tram": "5021",
        "Action": "a",
        "Msg Sent": "17/10/2019 05:36:56",
        "Msg Received": "17/10/2019 05:36:56",
        "Msg Processed": "17/10/2019 05:36:56",
        "XML ID": "330",
        "Total Lag": "0.589455",
        "Create Lag": "0.5425763",
        "Process Lag": "0.0468787"
      }
    ]
  },
  {
    "stopID": "40",
    "stopQueryTime": 1571287020745,
    "count": 2,
    "results": [
      {
        "Direction": "Inbound",
        "Destination": "Broombridge",
        "Time": "00:03:16",
        "AVLS": "00:03:56",
        "Tram": "5011",
        "Action": "a",
        "Msg Sent": "17/10/2019 05:36:53",
        "Msg Received": "17/10/2019 05:36:53",
        "Msg Processed": "17/10/2019 05:36:53",
        "XML ID": "329",
        "Total Lag": "0.8707124",
        "Create Lag": "0.5738342",
        "Process Lag": "0.2968782"
      },
      {
        "Direction": "Outbound",
        "Destination": "Bride's Glen",
        "Time": "00:15:41",
        "AVLS": "00:16:21",
        "Tram": "5002",
        "Action": "a",
        "Msg Sent": "17/10/2019 05:36:53",
        "Msg Received": "17/10/2019 05:36:53",
        "Msg Processed": "17/10/2019 05:36:53",
        "XML ID": "329",
        "Total Lag": "0.6050863",
        "Create Lag": "0.5738342",
        "Process Lag": "0.0312521"
      }
    ]
  },
  {
    "stopID": "25",
    "stopQueryTime": 1571287020748,
    "count": 2,
    "results": [
      {
        "Direction": "Inbound",
        "Destination": "Broombridge",
        "Time": "00:11:47",
        "AVLS": "00:12:27",
        "Tram": "3020",
        "Action": "a",
        "Msg Sent": "17/10/2019 05:36:53",
        "Msg Received": "17/10/2019 05:36:53",
        "Msg Processed": "17/10/2019 05:36:53",
        "XML ID": "329",
        "Total Lag": "0.7300879",
        "Create Lag": "0.5738342",
        "Process Lag": "0.1562537"
      },
      {
        "Direction": "Outbound",
        "Destination": "Bride's Glen",
        "Time": "00:18:34",
        "AVLS": "00:19:14",
        "Tram": "5029",
        "Action": "a",
        "Msg Sent": "17/10/2019 05:36:56",
        "Msg Received": "17/10/2019 05:36:56",
        "Msg Processed": "17/10/2019 05:36:56",
        "XML ID": "330",
        "Total Lag": "0.589455",
        "Create Lag": "0.5425763",
        "Process Lag": "0.0468787"
      }
    ]
  },
  {
    "stopID": "29",
    "stopQueryTime": 1571287020754,
    "count": 2,
    "results": [
      {
        "Direction": "Inbound",
        "Destination": "Broombridge",
        "Time": "00:05:16",
        "AVLS": "00:05:56",
        "Tram": "3020",
        "Action": "a",
        "Msg Sent": "17/10/2019 05:36:53",
        "Msg Received": "17/10/2019 05:36:53",
        "Msg Processed": "17/10/2019 05:36:53",
        "XML ID": "329",
        "Total Lag": "0.7300879",
        "Create Lag": "0.5738342",
        "Process Lag": "0.1562537"
      },
      {
        "Direction": "Outbound",
        "Destination": "Bride's Glen",
        "Time": "00:00:48",
        "AVLS": "00:01:28",
        "Tram": "5021",
        "Action": "a",
        "Msg Sent": "17/10/2019 05:36:56",
        "Msg Received": "17/10/2019 05:36:56",
        "Msg Processed": "17/10/2019 05:36:56",
        "XML ID": "330",
        "Total Lag": "0.589455",
        "Create Lag": "0.5425763",
        "Process Lag": "0.0468787"
      }
    ]
  },
  {
    "stopID": "13",
    "stopQueryTime": 1571287020764,
    "count": 3,
    "results": [
      {
        "Direction": "Inbound",
        "Destination": "The Point",
        "Time": "00:09:19",
        "AVLS": "00:09:59",
        "Tram": "4003",
        "Action": "a",
        "Msg Sent": "17/10/2019 05:36:53",
        "Msg Received": "17/10/2019 05:36:53",
        "Msg Processed": "17/10/2019 05:36:53",
        "XML ID": "329",
        "Total Lag": "0.7769648",
        "Create Lag": "0.5738342",
        "Process Lag": "0.2031306"
      },
      {
        "Direction": "Inbound",
        "Destination": "The Point",
        "Time": "00:15:55",
        "AVLS": "00:16:35",
        "Tram": "3018",
        "Action": "a",
        "Msg Sent": "17/10/2019 05:36:59",
        "Msg Received": "17/10/2019 05:36:59",
        "Msg Processed": "17/10/2019 05:36:59",
        "XML ID": "331",
        "Total Lag": "0.5738335",
        "Create Lag": "0.5269549",
        "Process Lag": "0.0468786"
      },
      {
        "Direction": "Outbound",
        "Destination": "Tallaght",
        "Time": "00:17:17",
        "AVLS": "00:17:57",
        "Tram": "3013",
        "Action": "a",
        "Msg Sent": "17/10/2019 05:36:53",
        "Msg Received": "17/10/2019 05:36:53",
        "Msg Processed": "17/10/2019 05:36:53",
        "XML ID": "329",
        "Total Lag": "0.6363334",
        "Create Lag": "0.5738342",
        "Process Lag": "0.0624992"
      }
    ]
  },
  {
    "stopID": "16",
    "stopQueryTime": 1571287020767,
    "count": 2,
    "results": [
      {
        "Direction": "Inbound",
        "Destination": "The Point",
        "Time": "00:14:15",
        "AVLS": "00:14:55",
        "Tram": "4003",
        "Action": "a",
        "Msg Sent": "17/10/2019 05:36:53",
        "Msg Received": "17/10/2019 05:36:53",
        "Msg Processed": "17/10/2019 05:36:53",
        "XML ID": "329",
        "Total Lag": "0.7925836",
        "Create Lag": "0.5738342",
        "Process Lag": "0.2187494"
      },
      {
        "Direction": "Outbound",
        "Destination": "Tallaght",
        "Time": "00:11:07",
        "AVLS": "00:11:47",
        "Tram": "3013",
        "Action": "a",
        "Msg Sent": "17/10/2019 05:36:53",
        "Msg Received": "17/10/2019 05:36:53",
        "Msg Processed": "17/10/2019 05:36:53",
        "XML ID": "329",
        "Total Lag": "0.6207156",
        "Create Lag": "0.5738342",
        "Process Lag": "0.0468814"
      }
    ]
  },
  {
    "stopID": "31",
    "stopQueryTime": 1571287020769,
    "count": 2,
    "results": [
      {
        "Direction": "Inbound",
        "Destination": "Broombridge",
        "Time": "00:01:44",
        "AVLS": "00:02:24",
        "Tram": "3020",
        "Action": "a",
        "Msg Sent": "17/10/2019 05:36:53",
        "Msg Received": "17/10/2019 05:36:53",
        "Msg Processed": "17/10/2019 05:36:53",
        "XML ID": "329",
        "Total Lag": "0.7144832",
        "Create Lag": "0.5738342",
        "Process Lag": "0.140649"
      },
      {
        "Direction": "Outbound",
        "Destination": "Bride's Glen",
        "Time": "00:04:22",
        "AVLS": "00:05:02",
        "Tram": "5021",
        "Action": "a",
        "Msg Sent": "17/10/2019 05:36:56",
        "Msg Received": "17/10/2019 05:36:56",
        "Msg Processed": "17/10/2019 05:36:56",
        "XML ID": "330",
        "Total Lag": "0.6050798",
        "Create Lag": "0.5425763",
        "Process Lag": "0.0625035"
      }
    ]
  },
  {
    "stopID": "3",
    "stopQueryTime": 1571287020771,
    "count": 2,
    "results": [
      {
        "Direction": "Inbound",
        "Destination": "The Point",
        "Time": "00:15:22",
        "AVLS": "00:16:02",
        "Tram": "4004",
        "Action": "a",
        "Msg Sent": "17/10/2019 05:36:53",
        "Msg Received": "17/10/2019 05:36:53",
        "Msg Processed": "17/10/2019 05:36:53",
        "XML ID": "329",
        "Total Lag": "0.8082096",
        "Create Lag": "0.5738342",
        "Process Lag": "0.2343754"
      },
      {
        "Direction": "Outbound",
        "Destination": "Tallaght",
        "Time": "00:00:00",
        "AVLS": "00:00:00",
        "Tram": "4004",
        "Action": "a",
        "Msg Sent": "17/10/2019 05:36:46",
        "Msg Received": "17/10/2019 05:36:46",
        "Msg Processed": "17/10/2019 05:36:46",
        "XML ID": "328",
        "Total Lag": "0.3394711",
        "Create Lag": "0.245715",
        "Process Lag": "0.0937561"
      }
    ]
  },
  {
    "stopID": "37",
    "stopQueryTime": 1571287020777,
    "count": 3,
    "results": [
      {
        "Direction": "Inbound",
        "Destination": "Broombridge",
        "Time": "00:08:01",
        "AVLS": "00:08:41",
        "Tram": "5011",
        "Action": "a",
        "Msg Sent": "17/10/2019 05:36:53",
        "Msg Received": "17/10/2019 05:36:53",
        "Msg Processed": "17/10/2019 05:36:53",
        "XML ID": "329",
        "Total Lag": "0.8863376",
        "Create Lag": "0.5738342",
        "Process Lag": "0.3125034"
      },
      {
        "Direction": "Outbound",
        "Destination": "Bride's Glen",
        "Time": "00:11:00",
        "AVLS": "00:11:40",
        "Tram": "5002",
        "Action": "a",
        "Msg Sent": "17/10/2019 05:36:53",
        "Msg Received": "17/10/2019 05:36:53",
        "Msg Processed": "17/10/2019 05:36:53",
        "XML ID": "329",
        "Total Lag": "0.5894614",
        "Create Lag": "0.5738342",
        "Process Lag": "0.0156272"
      },
      {
        "Direction": "Outbound",
        "Destination": "Bride's Glen",
        "Time": "00:14:53",
        "AVLS": "00:15:33",
        "Tram": "5021",
        "Action": "a",
        "Msg Sent": "17/10/2019 05:36:56",
        "Msg Received": "17/10/2019 05:36:56",
        "Msg Processed": "17/10/2019 05:36:56",
        "XML ID": "330",
        "Total Lag": "0.6207118",
        "Create Lag": "0.5425763",
        "Process Lag": "0.0781355"
      }
    ]
  },
  {
    "stopID": "48",
    "stopQueryTime": 1571287020781,
    "count": 1,
    "results": [
      {
        "Direction": "Inbound",
        "Destination": "Broombridge",
        "Time": "00:12:27",
        "AVLS": "00:13:07",
        "Tram": "5006",
        "Action": "d",
        "Msg Sent": "17/10/2019 05:36:53",
        "Msg Received": "17/10/2019 05:36:53",
        "Msg Processed": "17/10/2019 05:36:53",
        "XML ID": "329",
        "Total Lag": "0.8394976",
        "Create Lag": "0.5738342",
        "Process Lag": "0.2656634"
      }
    ]
  },
  {
    "stopID": "15",
    "stopQueryTime": 1571287020782,
    "count": 3,
    "results": [
      {
        "Direction": "Inbound",
        "Destination": "The Point",
        "Time": "00:11:50",
        "AVLS": "00:12:30",
        "Tram": "4003",
        "Action": "a",
        "Msg Sent": "17/10/2019 05:36:53",
        "Msg Received": "17/10/2019 05:36:53",
        "Msg Processed": "17/10/2019 05:36:53",
        "XML ID": "329",
        "Total Lag": "0.7925836",
        "Create Lag": "0.5738342",
        "Process Lag": "0.2187494"
      },
      {
        "Direction": "Inbound",
        "Destination": "The Point",
        "Time": "00:18:26",
        "AVLS": "00:19:06",
        "Tram": "3018",
        "Action": "a",
        "Msg Sent": "17/10/2019 05:36:59",
        "Msg Received": "17/10/2019 05:36:59",
        "Msg Processed": "17/10/2019 05:36:59",
        "XML ID": "331",
        "Total Lag": "0.5894696",
        "Create Lag": "0.5269549",
        "Process Lag": "0.0625147"
      },
      {
        "Direction": "Outbound",
        "Destination": "Tallaght",
        "Time": "00:14:18",
        "AVLS": "00:14:58",
        "Tram": "3013",
        "Action": "a",
        "Msg Sent": "17/10/2019 05:36:53",
        "Msg Received": "17/10/2019 05:36:53",
        "Msg Processed": "17/10/2019 05:36:53",
        "XML ID": "329",
        "Total Lag": "0.6363334",
        "Create Lag": "0.5738342",
        "Process Lag": "0.0624992"
      }
    ]
  },
  {
    "stopID": "17",
    "stopQueryTime": 1571287020786,
    "count": 2,
    "results": [
      {
        "Direction": "Inbound",
        "Destination": "The Point",
        "Time": "00:16:26",
        "AVLS": "00:17:06",
        "Tram": "4003",
        "Action": "a",
        "Msg Sent": "17/10/2019 05:36:53",
        "Msg Received": "17/10/2019 05:36:53",
        "Msg Processed": "17/10/2019 05:36:53",
        "XML ID": "329",
        "Total Lag": "0.7925836",
        "Create Lag": "0.5738342",
        "Process Lag": "0.2187494"
      },
      {
        "Direction": "Outbound",
        "Destination": "Tallaght",
        "Time": "00:09:19",
        "AVLS": "00:09:59",
        "Tram": "3013",
        "Action": "a",
        "Msg Sent": "17/10/2019 05:36:53",
        "Msg Received": "17/10/2019 05:36:53",
        "Msg Processed": "17/10/2019 05:36:53",
        "XML ID": "329",
        "Total Lag": "0.6207156",
        "Create Lag": "0.5738342",
        "Process Lag": "0.0468814"
      }
    ]
  },
  {
    "stopID": "36",
    "stopQueryTime": 1571287020788,
    "count": 3,
    "results": [
      {
        "Direction": "Inbound",
        "Destination": "Broombridge",
        "Time": "00:10:25",
        "AVLS": "00:11:05",
        "Tram": "5011",
        "Action": "a",
        "Msg Sent": "17/10/2019 05:36:53",
        "Msg Received": "17/10/2019 05:36:53",
        "Msg Processed": "17/10/2019 05:36:53",
        "XML ID": "329",
        "Total Lag": "0.8863376",
        "Create Lag": "0.5738342",
        "Process Lag": "0.3125034"
      },
      {
        "Direction": "Outbound",
        "Destination": "Bride's Glen",
        "Time": "00:08:27",
        "AVLS": "00:09:07",
        "Tram": "5002",
        "Action": "d",
        "Msg Sent": "17/10/2019 05:36:53",
        "Msg Received": "17/10/2019 05:36:53",
        "Msg Processed": "17/10/2019 05:36:53",
        "XML ID": "329",
        "Total Lag": "0.5894614",
        "Create Lag": "0.5738342",
        "Process Lag": "0.0156272"
      },
      {
        "Direction": "Outbound",
        "Destination": "Bride's Glen",
        "Time": "00:12:20",
        "AVLS": "00:13:00",
        "Tram": "5021",
        "Action": "a",
        "Msg Sent": "17/10/2019 05:36:56",
        "Msg Received": "17/10/2019 05:36:56",
        "Msg Processed": "17/10/2019 05:36:56",
        "XML ID": "330",
        "Total Lag": "0.6207118",
        "Create Lag": "0.5425763",
        "Process Lag": "0.0781355"
      }
    ]
  },
  {
    "stopID": "54",
    "stopQueryTime": 1571287020789,
    "count": 1,
    "results": [
      {
        "Direction": "Outbound",
        "Destination": "Tallaght",
        "Time": "00:17:03",
        "AVLS": "00:17:43",
        "Tram": "3019",
        "Action": "a",
        "Msg Sent": "17/10/2019 05:36:53",
        "Msg Received": "17/10/2019 05:36:53",
        "Msg Processed": "17/10/2019 05:36:53",
        "XML ID": "329",
        "Total Lag": "0.6988425",
        "Create Lag": "0.5738342",
        "Process Lag": "0.1250083"
      }
    ]
  },
  {
    "stopID": "33",
    "stopQueryTime": 1571287020792,
    "count": 2,
    "results": [
      {
        "Direction": "Inbound",
        "Destination": "Broombridge",
        "Time": "00:15:43",
        "AVLS": "00:16:23",
        "Tram": "5011",
        "Action": "a",
        "Msg Sent": "17/10/2019 05:36:53",
        "Msg Received": "17/10/2019 05:36:53",
        "Msg Processed": "17/10/2019 05:36:53",
        "XML ID": "329",
        "Total Lag": "0.8863376",
        "Create Lag": "0.5738342",
        "Process Lag": "0.3125034"
      },
      {
        "Direction": "Outbound",
        "Destination": "Bride's Glen",
        "Time": "00:07:46",
        "AVLS": "00:08:26",
        "Tram": "5021",
        "Action": "a",
        "Msg Sent": "17/10/2019 05:36:56",
        "Msg Received": "17/10/2019 05:36:56",
        "Msg Processed": "17/10/2019 05:36:56",
        "XML ID": "330",
        "Total Lag": "0.6050798",
        "Create Lag": "0.5425763",
        "Process Lag": "0.0625035"
      }
    ]
  },
  {
    "stopID": "12",
    "stopQueryTime": 1571287020795,
    "count": 3,
    "results": [
      {
        "Direction": "Inbound",
        "Destination": "The Point",
        "Time": "00:07:46",
        "AVLS": "00:08:26",
        "Tram": "4003",
        "Action": "a",
        "Msg Sent": "17/10/2019 05:36:53",
        "Msg Received": "17/10/2019 05:36:53",
        "Msg Processed": "17/10/2019 05:36:53",
        "XML ID": "329",
        "Total Lag": "0.7769648",
        "Create Lag": "0.5738342",
        "Process Lag": "0.2031306"
      },
      {
        "Direction": "Inbound",
        "Destination": "The Point",
        "Time": "00:14:22",
        "AVLS": "00:15:02",
        "Tram": "3018",
        "Action": "a",
        "Msg Sent": "17/10/2019 05:36:59",
        "Msg Received": "17/10/2019 05:36:59",
        "Msg Processed": "17/10/2019 05:36:59",
        "XML ID": "331",
        "Total Lag": "0.5738335",
        "Create Lag": "0.5269549",
        "Process Lag": "0.0468786"
      },
      {
        "Direction": "Outbound",
        "Destination": "Tallaght",
        "Time": "00:18:58",
        "AVLS": "00:19:38",
        "Tram": "3013",
        "Action": "a",
        "Msg Sent": "17/10/2019 05:36:53",
        "Msg Received": "17/10/2019 05:36:53",
        "Msg Processed": "17/10/2019 05:36:53",
        "XML ID": "329",
        "Total Lag": "0.6363334",
        "Create Lag": "0.5738342",
        "Process Lag": "0.0624992"
      }
    ]
  },
  {
    "stopID": "42",
    "stopQueryTime": 1571287020797,
    "count": 3,
    "results": [
      {
        "Direction": "Inbound",
        "Destination": "Broombridge",
        "Time": "00:01:05",
        "AVLS": "00:01:45",
        "Tram": "5011",
        "Action": "a",
        "Msg Sent": "17/10/2019 05:36:53",
        "Msg Received": "17/10/2019 05:36:53",
        "Msg Processed": "17/10/2019 05:36:53",
        "XML ID": "329",
        "Total Lag": "0.8707124",
        "Create Lag": "0.5738342",
        "Process Lag": "0.2968782"
      },
      {
        "Direction": "Outbound",
        "Destination": "Bride's Glen",
        "Time": "00:00:00",
        "AVLS": "00:00:00",
        "Tram": "5006",
        "Action": "a",
        "Msg Sent": "17/10/2019 05:36:43",
        "Msg Received": "17/10/2019 05:36:43",
        "Msg Processed": "17/10/2019 05:36:43",
        "XML ID": "327",
        "Total Lag": "0.2769678",
        "Create Lag": "0.2769678",
        "Process Lag": "0"
      },
      {
        "Direction": "Outbound",
        "Destination": "Bride's Glen",
        "Time": "00:17:49",
        "AVLS": "00:18:29",
        "Tram": "5002",
        "Action": "a",
        "Msg Sent": "17/10/2019 05:36:53",
        "Msg Received": "17/10/2019 05:36:53",
        "Msg Processed": "17/10/2019 05:36:53",
        "XML ID": "329",
        "Total Lag": "0.6050863",
        "Create Lag": "0.5738342",
        "Process Lag": "0.0312521"
      }
    ]
  },
  {
    "stopID": "24",
    "stopQueryTime": 1571287020798,
    "count": 2,
    "results": [
      {
        "Direction": "Inbound",
        "Destination": "Broombridge",
        "Time": "00:14:45",
        "AVLS": "00:15:25",
        "Tram": "3020",
        "Action": "a",
        "Msg Sent": "17/10/2019 05:36:53",
        "Msg Received": "17/10/2019 05:36:53",
        "Msg Processed": "17/10/2019 05:36:53",
        "XML ID": "329",
        "Total Lag": "0.7457184",
        "Create Lag": "0.5738342",
        "Process Lag": "0.1718842"
      },
      {
        "Direction": "Outbound",
        "Destination": "Bride's Glen",
        "Time": "00:16:36",
        "AVLS": "00:17:16",
        "Tram": "5029",
        "Action": "a",
        "Msg Sent": "17/10/2019 05:36:56",
        "Msg Received": "17/10/2019 05:36:56",
        "Msg Processed": "17/10/2019 05:36:56",
        "XML ID": "330",
        "Total Lag": "0.589455",
        "Create Lag": "0.5425763",
        "Process Lag": "0.0468787"
      }
    ]
  },
  {
    "stopID": "45",
    "stopQueryTime": 1571287020801,
    "count": 2,
    "results": [
      {
        "Direction": "Inbound",
        "Destination": "Broombridge",
        "Time": "00:16:58",
        "AVLS": "00:17:38",
        "Tram": "5006",
        "Action": "a",
        "Msg Sent": "17/10/2019 05:36:53",
        "Msg Received": "17/10/2019 05:36:53",
        "Msg Processed": "17/10/2019 05:36:53",
        "XML ID": "329",
        "Total Lag": "0.8551028",
        "Create Lag": "0.5738342",
        "Process Lag": "0.2812686"
      },
      {
        "Direction": "Outbound",
        "Destination": "Bride's Glen",
        "Time": "00:03:15",
        "AVLS": "00:03:55",
        "Tram": "5006",
        "Action": "a",
        "Msg Sent": "17/10/2019 05:36:53",
        "Msg Received": "17/10/2019 05:36:53",
        "Msg Processed": "17/10/2019 05:36:53",
        "XML ID": "329",
        "Total Lag": "0.8394976",
        "Create Lag": "0.5738342",
        "Process Lag": "0.2656634"
      }
    ]
  },
  {
    "stopID": "44",
    "stopQueryTime": 1571287020803,
    "count": 2,
    "results": [
      {
        "Direction": "Inbound",
        "Destination": "Broombridge",
        "Time": "00:18:27",
        "AVLS": "00:19:07",
        "Tram": "5006",
        "Action": "a",
        "Msg Sent": "17/10/2019 05:36:53",
        "Msg Received": "17/10/2019 05:36:53",
        "Msg Processed": "17/10/2019 05:36:53",
        "XML ID": "329",
        "Total Lag": "0.8551028",
        "Create Lag": "0.5738342",
        "Process Lag": "0.2812686"
      },
      {
        "Direction": "Outbound",
        "Destination": "Bride's Glen",
        "Time": "00:01:47",
        "AVLS": "00:02:27",
        "Tram": "5006",
        "Action": "a",
        "Msg Sent": "17/10/2019 05:36:53",
        "Msg Received": "17/10/2019 05:36:53",
        "Msg Processed": "17/10/2019 05:36:53",
        "XML ID": "329",
        "Total Lag": "0.8238457",
        "Create Lag": "0.5738342",
        "Process Lag": "0.2500115"
      }
    ]
  },
  {
    "stopID": "18",
    "stopQueryTime": 1571287020805,
    "count": 2,
    "results": [
      {
        "Direction": "Inbound",
        "Destination": "The Point",
        "Time": "00:18:30",
        "AVLS": "00:19:10",
        "Tram": "4003",
        "Action": "a",
        "Msg Sent": "17/10/2019 05:36:53",
        "Msg Received": "17/10/2019 05:36:53",
        "Msg Processed": "17/10/2019 05:36:53",
        "XML ID": "329",
        "Total Lag": "0.7925836",
        "Create Lag": "0.5738342",
        "Process Lag": "0.2187494"
      },
      {
        "Direction": "Outbound",
        "Destination": "Tallaght",
        "Time": "00:07:20",
        "AVLS": "00:08:00",
        "Tram": "3013",
        "Action": "a",
        "Msg Sent": "17/10/2019 05:36:53",
        "Msg Received": "17/10/2019 05:36:53",
        "Msg Processed": "17/10/2019 05:36:53",
        "XML ID": "329",
        "Total Lag": "0.6207156",
        "Create Lag": "0.5738342",
        "Process Lag": "0.0468814"
      }
    ]
  },
  {
    "stopID": "4",
    "stopQueryTime": 1571287020806,
    "count": 2,
    "results": [
      {
        "Direction": "Inbound",
        "Destination": "The Point",
        "Time": "00:18:27",
        "AVLS": "00:19:07",
        "Tram": "4004",
        "Action": "a",
        "Msg Sent": "17/10/2019 05:36:53",
        "Msg Received": "17/10/2019 05:36:53",
        "Msg Processed": "17/10/2019 05:36:53",
        "XML ID": "329",
        "Total Lag": "0.8238457",
        "Create Lag": "0.5738342",
        "Process Lag": "0.2500115"
      },
      {
        "Direction": "Outbound",
        "Destination": "Saggart",
        "Time": "00:09:10",
        "AVLS": "00:09:50",
        "Tram": "3009",
        "Action": "a",
        "Msg Sent": "17/10/2019 05:36:53",
        "Msg Received": "17/10/2019 05:36:53",
        "Msg Processed": "17/10/2019 05:36:53",
        "XML ID": "329",
        "Total Lag": "0.5738342",
        "Create Lag": "0.5738342",
        "Process Lag": "0"
      }
    ]
  },
  {
    "stopID": "43",
    "stopQueryTime": 1571287020811,
    "count": 2,
    "results": [
      {
        "Direction": "Inbound",
        "Destination": "Broombridge",
        "Time": "00:00:00",
        "AVLS": "00:00:09",
        "Tram": "5011",
        "Action": "a",
        "Msg Sent": "17/10/2019 05:36:53",
        "Msg Received": "17/10/2019 05:36:53",
        "Msg Processed": "17/10/2019 05:36:53",
        "XML ID": "329",
        "Total Lag": "0.8707124",
        "Create Lag": "0.5738342",
        "Process Lag": "0.2968782"
      },
      {
        "Direction": "Outbound",
        "Destination": "Bride's Glen",
        "Time": "00:00:42",
        "AVLS": "00:01:22",
        "Tram": "5006",
        "Action": "a",
        "Msg Sent": "17/10/2019 05:36:53",
        "Msg Received": "17/10/2019 05:36:53",
        "Msg Processed": "17/10/2019 05:36:53",
        "XML ID": "329",
        "Total Lag": "0.8238457",
        "Create Lag": "0.5738342",
        "Process Lag": "0.2500115"
      }
    ]
  },
  {
    "stopID": "53",
    "stopQueryTime": 1571287020821,
    "count": 1,
    "results": [
      {
        "Direction": "Inbound",
        "Destination": "Belgard",
        "Time": "00:04:27",
        "AVLS": "00:05:07",
        "Tram": "3026",
        "Action": "d",
        "Msg Sent": "17/10/2019 05:36:53",
        "Msg Received": "17/10/2019 05:36:53",
        "Msg Processed": "17/10/2019 05:36:53",
        "XML ID": "329",
        "Total Lag": "0.7457184",
        "Create Lag": "0.5738342",
        "Process Lag": "0.1718842"
      }
    ]
  },
  {
    "stopID": "34",
    "stopQueryTime": 1571287020824,
    "count": 2,
    "results": [
      {
        "Direction": "Inbound",
        "Destination": "Broombridge",
        "Time": "00:14:00",
        "AVLS": "00:14:40",
        "Tram": "5011",
        "Action": "a",
        "Msg Sent": "17/10/2019 05:36:53",
        "Msg Received": "17/10/2019 05:36:53",
        "Msg Processed": "17/10/2019 05:36:53",
        "XML ID": "329",
        "Total Lag": "0.8863376",
        "Create Lag": "0.5738342",
        "Process Lag": "0.3125034"
      },
      {
        "Direction": "Outbound",
        "Destination": "Bride's Glen",
        "Time": "00:09:20",
        "AVLS": "00:10:00",
        "Tram": "5021",
        "Action": "a",
        "Msg Sent": "17/10/2019 05:36:56",
        "Msg Received": "17/10/2019 05:36:56",
        "Msg Processed": "17/10/2019 05:36:56",
        "XML ID": "330",
        "Total Lag": "0.6050798",
        "Create Lag": "0.5425763",
        "Process Lag": "0.0625035"
      }
    ]
  },
  {
    "stopID": "57",
    "stopQueryTime": 1571287020825,
    "count": 1,
    "results": [
      {
        "Direction": "Outbound",
        "Destination": "Tallaght",
        "Time": "00:12:57",
        "AVLS": "00:13:37",
        "Tram": "3019",
        "Action": "d",
        "Msg Sent": "17/10/2019 05:36:53",
        "Msg Received": "17/10/2019 05:36:53",
        "Msg Processed": "17/10/2019 05:36:53",
        "XML ID": "329",
        "Total Lag": "0.6988425",
        "Create Lag": "0.5738342",
        "Process Lag": "0.1250083"
      }
    ]
  },
  {
    "stopID": "46",
    "stopQueryTime": 1571287020833,
    "count": 2,
    "results": [
      {
        "Direction": "Inbound",
        "Destination": "Broombridge",
        "Time": "00:15:36",
        "AVLS": "00:16:16",
        "Tram": "5006",
        "Action": "a",
        "Msg Sent": "17/10/2019 05:36:53",
        "Msg Received": "17/10/2019 05:36:53",
        "Msg Processed": "17/10/2019 05:36:53",
        "XML ID": "329",
        "Total Lag": "0.8551028",
        "Create Lag": "0.5738342",
        "Process Lag": "0.2812686"
      },
      {
        "Direction": "Outbound",
        "Destination": "Bride's Glen",
        "Time": "00:04:38",
        "AVLS": "00:05:18",
        "Tram": "5006",
        "Action": "a",
        "Msg Sent": "17/10/2019 05:36:53",
        "Msg Received": "17/10/2019 05:36:53",
        "Msg Processed": "17/10/2019 05:36:53",
        "XML ID": "329",
        "Total Lag": "0.8394976",
        "Create Lag": "0.5738342",
        "Process Lag": "0.2656634"
      }
    ]
  },
  {
    "stopID": "32",
    "stopQueryTime": 1571287020840,
    "count": 3,
    "results": [
      {
        "Direction": "Inbound",
        "Destination": "Broombridge",
        "Time": "00:00:00",
        "AVLS": "00:00:25",
        "Tram": "3020",
        "Action": "a",
        "Msg Sent": "17/10/2019 05:36:53",
        "Msg Received": "17/10/2019 05:36:53",
        "Msg Processed": "17/10/2019 05:36:53",
        "XML ID": "329",
        "Total Lag": "0.7144832",
        "Create Lag": "0.5738342",
        "Process Lag": "0.140649"
      },
      {
        "Direction": "Inbound",
        "Destination": "Broombridge",
        "Time": "00:17:25",
        "AVLS": "00:18:05",
        "Tram": "5011",
        "Action": "a",
        "Msg Sent": "17/10/2019 05:36:53",
        "Msg Received": "17/10/2019 05:36:53",
        "Msg Processed": "17/10/2019 05:36:53",
        "XML ID": "329",
        "Total Lag": "0.9019681",
        "Create Lag": "0.5738342",
        "Process Lag": "0.3281339"
      },
      {
        "Direction": "Outbound",
        "Destination": "Bride's Glen",
        "Time": "00:06:20",
        "AVLS": "00:07:00",
        "Tram": "5021",
        "Action": "a",
        "Msg Sent": "17/10/2019 05:36:56",
        "Msg Received": "17/10/2019 05:36:56",
        "Msg Processed": "17/10/2019 05:36:56",
        "XML ID": "330",
        "Total Lag": "0.6050798",
        "Create Lag": "0.5425763",
        "Process Lag": "0.0625035"
      }
    ]
  },
  {
    "stopID": "38",
    "stopQueryTime": 1571287020851,
    "count": 3,
    "results": [
      {
        "Direction": "Inbound",
        "Destination": "Broombridge",
        "Time": "00:06:31",
        "AVLS": "00:07:11",
        "Tram": "5011",
        "Action": "a",
        "Msg Sent": "17/10/2019 05:36:53",
        "Msg Received": "17/10/2019 05:36:53",
        "Msg Processed": "17/10/2019 05:36:53",
        "XML ID": "329",
        "Total Lag": "0.8863376",
        "Create Lag": "0.5738342",
        "Process Lag": "0.3125034"
      },
      {
        "Direction": "Outbound",
        "Destination": "Bride's Glen",
        "Time": "00:12:28",
        "AVLS": "00:13:08",
        "Tram": "5002",
        "Action": "a",
        "Msg Sent": "17/10/2019 05:36:53",
        "Msg Received": "17/10/2019 05:36:53",
        "Msg Processed": "17/10/2019 05:36:53",
        "XML ID": "329",
        "Total Lag": "0.5894614",
        "Create Lag": "0.5738342",
        "Process Lag": "0.0156272"
      },
      {
        "Direction": "Outbound",
        "Destination": "Bride's Glen",
        "Time": "00:16:21",
        "AVLS": "00:17:01",
        "Tram": "5021",
        "Action": "a",
        "Msg Sent": "17/10/2019 05:36:56",
        "Msg Received": "17/10/2019 05:36:56",
        "Msg Processed": "17/10/2019 05:36:56",
        "XML ID": "330",
        "Total Lag": "0.6207118",
        "Create Lag": "0.5425763",
        "Process Lag": "0.0781355"
      }
    ]
  },
  {
    "stopID": "14",
    "stopQueryTime": 1571287020854,
    "count": 3,
    "results": [
      {
        "Direction": "Inbound",
        "Destination": "The Point",
        "Time": "00:10:12",
        "AVLS": "00:10:52",
        "Tram": "4003",
        "Action": "a",
        "Msg Sent": "17/10/2019 05:36:53",
        "Msg Received": "17/10/2019 05:36:53",
        "Msg Processed": "17/10/2019 05:36:53",
        "XML ID": "329",
        "Total Lag": "0.7769648",
        "Create Lag": "0.5738342",
        "Process Lag": "0.2031306"
      },
      {
        "Direction": "Inbound",
        "Destination": "The Point",
        "Time": "00:16:48",
        "AVLS": "00:17:28",
        "Tram": "3018",
        "Action": "a",
        "Msg Sent": "17/10/2019 05:36:59",
        "Msg Received": "17/10/2019 05:36:59",
        "Msg Processed": "17/10/2019 05:36:59",
        "XML ID": "331",
        "Total Lag": "0.5738335",
        "Create Lag": "0.5269549",
        "Process Lag": "0.0468786"
      },
      {
        "Direction": "Outbound",
        "Destination": "Tallaght",
        "Time": "00:16:17",
        "AVLS": "00:16:57",
        "Tram": "3013",
        "Action": "a",
        "Msg Sent": "17/10/2019 05:36:53",
        "Msg Received": "17/10/2019 05:36:53",
        "Msg Processed": "17/10/2019 05:36:53",
        "XML ID": "329",
        "Total Lag": "0.6363334",
        "Create Lag": "0.5738342",
        "Process Lag": "0.0624992"
      }
    ]
  },
  {
    "stopID": "50",
    "stopQueryTime": 1571287020856,
    "count": 2,
    "results": [
      {
        "Direction": "Inbound",
        "Destination": "Belgard",
        "Time": "00:09:45",
        "AVLS": "00:10:25",
        "Tram": "3026",
        "Action": "a",
        "Msg Sent": "17/10/2019 05:36:53",
        "Msg Received": "17/10/2019 05:36:53",
        "Msg Processed": "17/10/2019 05:36:53",
        "XML ID": "329",
        "Total Lag": "0.7613365",
        "Create Lag": "0.5738342",
        "Process Lag": "0.1875023"
      },
      {
        "Direction": "Outbound",
        "Destination": "Saggart",
        "Time": "00:14:31",
        "AVLS": "00:15:11",
        "Tram": "3009",
        "Action": "a",
        "Msg Sent": "17/10/2019 05:36:53",
        "Msg Received": "17/10/2019 05:36:53",
        "Msg Processed": "17/10/2019 05:36:53",
        "XML ID": "329",
        "Total Lag": "0.5894614",
        "Create Lag": "0.5738342",
        "Process Lag": "0.0156272"
      }
    ]
  },
  {
    "stopID": "39",
    "stopQueryTime": 1571287020862,
    "count": 3,
    "results": [
      {
        "Direction": "Inbound",
        "Destination": "Broombridge",
        "Time": "00:04:46",
        "AVLS": "00:05:26",
        "Tram": "5011",
        "Action": "a",
        "Msg Sent": "17/10/2019 05:36:53",
        "Msg Received": "17/10/2019 05:36:53",
        "Msg Processed": "17/10/2019 05:36:53",
        "XML ID": "329",
        "Total Lag": "0.8707124",
        "Create Lag": "0.5738342",
        "Process Lag": "0.2968782"
      },
      {
        "Direction": "Outbound",
        "Destination": "Bride's Glen",
        "Time": "00:14:13",
        "AVLS": "00:14:53",
        "Tram": "5002",
        "Action": "a",
        "Msg Sent": "17/10/2019 05:36:53",
        "Msg Received": "17/10/2019 05:36:53",
        "Msg Processed": "17/10/2019 05:36:53",
        "XML ID": "329",
        "Total Lag": "0.6050863",
        "Create Lag": "0.5738342",
        "Process Lag": "0.0312521"
      },
      {
        "Direction": "Outbound",
        "Destination": "Bride's Glen",
        "Time": "00:18:06",
        "AVLS": "00:18:46",
        "Tram": "5021",
        "Action": "a",
        "Msg Sent": "17/10/2019 05:36:56",
        "Msg Received": "17/10/2019 05:36:56",
        "Msg Processed": "17/10/2019 05:36:56",
        "XML ID": "330",
        "Total Lag": "0.6207118",
        "Create Lag": "0.5425763",
        "Process Lag": "0.0781355"
      }
    ]
  },
  {
    "stopID": "30",
    "stopQueryTime": 1571287020876,
    "count": 2,
    "results": [
      {
        "Direction": "Inbound",
        "Destination": "Broombridge",
        "Time": "00:03:31",
        "AVLS": "00:04:11",
        "Tram": "3020",
        "Action": "a",
        "Msg Sent": "17/10/2019 05:36:53",
        "Msg Received": "17/10/2019 05:36:53",
        "Msg Processed": "17/10/2019 05:36:53",
        "XML ID": "329",
        "Total Lag": "0.7144832",
        "Create Lag": "0.5738342",
        "Process Lag": "0.140649"
      },
      {
        "Direction": "Outbound",
        "Destination": "Bride's Glen",
        "Time": "00:02:34",
        "AVLS": "00:03:14",
        "Tram": "5021",
        "Action": "a",
        "Msg Sent": "17/10/2019 05:36:56",
        "Msg Received": "17/10/2019 05:36:56",
        "Msg Processed": "17/10/2019 05:36:56",
        "XML ID": "330",
        "Total Lag": "0.589455",
        "Create Lag": "0.5425763",
        "Process Lag": "0.0468787"
      }
    ]
  },
  {
    "stopID": "58",
    "stopQueryTime": 1571287020893,
    "count": 0,
    "results": []
  },
  {
    "stopID": "55",
    "stopQueryTime": 1571287021232,
    "count": 1,
    "results": [
      {
        "Direction": "Outbound",
        "Destination": "Tallaght",
        "Time": "00:15:35",
        "AVLS": "00:16:15",
        "Tram": "3019",
        "Action": "a",
        "Msg Sent": "17/10/2019 05:36:53",
        "Msg Received": "17/10/2019 05:36:53",
        "Msg Processed": "17/10/2019 05:36:53",
        "XML ID": "329",
        "Total Lag": "0.6988425",
        "Create Lag": "0.5738342",
        "Process Lag": "0.1250083"
      }
    ]
  },
  {
    "stopID": "56",
    "stopQueryTime": 1571287021239,
    "count": 1,
    "results": [
      {
        "Direction": "Outbound",
        "Destination": "Tallaght",
        "Time": "00:13:36",
        "AVLS": "00:14:16",
        "Tram": "3019",
        "Action": "a",
        "Msg Sent": "17/10/2019 05:36:53",
        "Msg Received": "17/10/2019 05:36:53",
        "Msg Processed": "17/10/2019 05:36:53",
        "XML ID": "329",
        "Total Lag": "0.6988425",
        "Create Lag": "0.5738342",
        "Process Lag": "0.1250083"
      }
    ]
  },
  {
    "stopID": "51",
    "stopQueryTime": 1571287021246,
    "count": 2,
    "results": [
      {
        "Direction": "Inbound",
        "Destination": "Belgard",
        "Time": "00:07:58",
        "AVLS": "00:08:38",
        "Tram": "3026",
        "Action": "a",
        "Msg Sent": "17/10/2019 05:36:53",
        "Msg Received": "17/10/2019 05:36:53",
        "Msg Processed": "17/10/2019 05:36:53",
        "XML ID": "329",
        "Total Lag": "0.7457184",
        "Create Lag": "0.5738342",
        "Process Lag": "0.1718842"
      },
      {
        "Direction": "Outbound",
        "Destination": "Saggart",
        "Time": "00:16:11",
        "AVLS": "00:16:51",
        "Tram": "3009",
        "Action": "a",
        "Msg Sent": "17/10/2019 05:36:53",
        "Msg Received": "17/10/2019 05:36:53",
        "Msg Processed": "17/10/2019 05:36:53",
        "XML ID": "329",
        "Total Lag": "0.5894614",
        "Create Lag": "0.5738342",
        "Process Lag": "0.0156272"
      }
    ]
  },
  {
    "stopID": "47",
    "stopQueryTime": 1571287021251,
    "count": 2,
    "results": [
      {
        "Direction": "Inbound",
        "Destination": "Broombridge",
        "Time": "00:13:35",
        "AVLS": "00:14:15",
        "Tram": "5006",
        "Action": "a",
        "Msg Sent": "17/10/2019 05:36:53",
        "Msg Received": "17/10/2019 05:36:53",
        "Msg Processed": "17/10/2019 05:36:53",
        "XML ID": "329",
        "Total Lag": "0.8394976",
        "Create Lag": "0.5738342",
        "Process Lag": "0.2656634"
      },
      {
        "Direction": "Outbound",
        "Destination": "Bride's Glen",
        "Time": "00:06:35",
        "AVLS": "00:07:15",
        "Tram": "5006",
        "Action": "a",
        "Msg Sent": "17/10/2019 05:36:53",
        "Msg Received": "17/10/2019 05:36:53",
        "Msg Processed": "17/10/2019 05:36:53",
        "XML ID": "329",
        "Total Lag": "0.8394976",
        "Create Lag": "0.5738342",
        "Process Lag": "0.2656634"
      }
    ]
  },
  {
    "stopID": "49",
    "stopQueryTime": 1571287021253,
    "count": 2,
    "results": [
      {
        "Direction": "Inbound",
        "Destination": "Belgard",
        "Time": "00:11:33",
        "AVLS": "00:12:13",
        "Tram": "3026",
        "Action": "a",
        "Msg Sent": "17/10/2019 05:36:53",
        "Msg Received": "17/10/2019 05:36:53",
        "Msg Processed": "17/10/2019 05:36:53",
        "XML ID": "329",
        "Total Lag": "0.7613365",
        "Create Lag": "0.5738342",
        "Process Lag": "0.1875023"
      },
      {
        "Direction": "Outbound",
        "Destination": "Saggart",
        "Time": "00:12:52",
        "AVLS": "00:13:32",
        "Tram": "3009",
        "Action": "a",
        "Msg Sent": "17/10/2019 05:36:53",
        "Msg Received": "17/10/2019 05:36:53",
        "Msg Processed": "17/10/2019 05:36:53",
        "XML ID": "329",
        "Total Lag": "0.5738342",
        "Create Lag": "0.5738342",
        "Process Lag": "0"
      }
    ]
  },
  {
    "stopID": "52",
    "stopQueryTime": 1571287021255,
    "count": 2,
    "results": [
      {
        "Direction": "Inbound",
        "Destination": "Belgard",
        "Time": "00:06:42",
        "AVLS": "00:07:22",
        "Tram": "3026",
        "Action": "a",
        "Msg Sent": "17/10/2019 05:36:53",
        "Msg Received": "17/10/2019 05:36:53",
        "Msg Processed": "17/10/2019 05:36:53",
        "XML ID": "329",
        "Total Lag": "0.7457184",
        "Create Lag": "0.5738342",
        "Process Lag": "0.1718842"
      },
      {
        "Direction": "Outbound",
        "Destination": "Saggart",
        "Time": "00:17:23",
        "AVLS": "00:18:03",
        "Tram": "3009",
        "Action": "a",
        "Msg Sent": "17/10/2019 05:36:53",
        "Msg Received": "17/10/2019 05:36:53",
        "Msg Processed": "17/10/2019 05:36:53",
        "XML ID": "329",
        "Total Lag": "0.5894614",
        "Create Lag": "0.5738342",
        "Process Lag": "0.0156272"
      }
    ]
  }
]