[
  {
    "stopID": "1",
    "stopQueryTime": 1571287260787,
    "count": 1,
    "results": [
      {
        "Direction": "Inbound",
        "Destination": "The Point",
        "Time": "00:08:27",
        "AVLS": "00:09:07",
        "Tram": "4004",
        "Action": "d",
        "Msg Sent": "17/10/2019 05:40:53",
        "Msg Received": "17/10/2019 05:40:53",
        "Msg Processed": "17/10/2019 05:40:53",
        "XML ID": "397",
        "Total Lag": "0.4912235",
        "Create Lag": "0.2724688",
        "Process Lag": "0.2187547"
      }
    ]
  },
  {
    "stopID": "2",
    "stopQueryTime": 1571287260795,
    "count": 1,
    "results": [
      {
        "Direction": "Inbound",
        "Destination": "The Point",
        "Time": "00:09:41",
        "AVLS": "00:10:21",
        "Tram": "4004",
        "Action": "a",
        "Msg Sent": "17/10/2019 05:40:53",
        "Msg Received": "17/10/2019 05:40:53",
        "Msg Processed": "17/10/2019 05:40:53",
        "XML ID": "397",
        "Total Lag": "0.4912235",
        "Create Lag": "0.2724688",
        "Process Lag": "0.2187547"
      }
    ]
  },
  {
    "stopID": "6",
    "stopQueryTime": 1571287260799,
    "count": 1,
    "results": [
      {
        "Direction": "Inbound",
        "Destination": "The Point",
        "Time": "00:00:23",
        "AVLS": "00:01:03",
        "Tram": "3018",
        "Action": "a",
        "Msg Sent": "17/10/2019 05:40:53",
        "Msg Received": "17/10/2019 05:40:53",
        "Msg Processed": "17/10/2019 05:40:53",
        "XML ID": "397",
        "Total Lag": "0.3662235",
        "Create Lag": "0.2724688",
        "Process Lag": "0.0937547"
      }
    ]
  },
  {
    "stopID": "7",
    "stopQueryTime": 1571287260800,
    "count": 1,
    "results": [
      {
        "Direction": "Inbound",
        "Destination": "The Point",
        "Time": "00:04:25",
        "AVLS": "00:05:05",
        "Tram": "3018",
        "Action": "a",
        "Msg Sent": "17/10/2019 05:40:53",
        "Msg Received": "17/10/2019 05:40:53",
        "Msg Processed": "17/10/2019 05:40:53",
        "XML ID": "397",
        "Total Lag": "0.3662235",
        "Create Lag": "0.2724688",
        "Process Lag": "0.0937547"
      }
    ]
  },
  {
    "stopID": "23",
    "stopQueryTime": 1571287260807,
    "count": 0,
    "results": []
  },
  {
    "stopID": "4",
    "stopQueryTime": 1571287260846,
    "count": 3,
    "results": [
      {
        "Direction": "Inbound",
        "Destination": "The Point",
        "Time": "00:14:27",
        "AVLS": "00:15:07",
        "Tram": "4004",
        "Action": "a",
        "Msg Sent": "17/10/2019 05:40:53",
        "Msg Received": "17/10/2019 05:40:53",
        "Msg Processed": "17/10/2019 05:40:53",
        "XML ID": "397",
        "Total Lag": "0.5068497",
        "Create Lag": "0.2724688",
        "Process Lag": "0.2343809"
      },
      {
        "Direction": "Outbound",
        "Destination": "Saggart",
        "Time": "00:06:07",
        "AVLS": "00:06:47",
        "Tram": "3009",
        "Action": "a",
        "Msg Sent": "17/10/2019 05:40:53",
        "Msg Received": "17/10/2019 05:40:53",
        "Msg Processed": "17/10/2019 05:40:53",
        "XML ID": "397",
        "Total Lag": "0.3193508",
        "Create Lag": "0.2724688",
        "Process Lag": "0.046882"
      },
      {
        "Direction": "Outbound",
        "Destination": "Saggart",
        "Time": "00:18:57",
        "AVLS": "00:19:37",
        "Tram": "3026",
        "Action": "a",
        "Msg Sent": "17/10/2019 05:40:53",
        "Msg Received": "17/10/2019 05:40:53",
        "Msg Processed": "17/10/2019 05:40:53",
        "XML ID": "397",
        "Total Lag": "0.4599731",
        "Create Lag": "0.2724688",
        "Process Lag": "0.1875043"
      }
    ]
  },
  {
    "stopID": "3",
    "stopQueryTime": 1571287260850,
    "count": 1,
    "results": [
      {
        "Direction": "Inbound",
        "Destination": "The Point",
        "Time": "00:11:22",
        "AVLS": "00:12:02",
        "Tram": "4004",
        "Action": "a",
        "Msg Sent": "17/10/2019 05:40:53",
        "Msg Received": "17/10/2019 05:40:53",
        "Msg Processed": "17/10/2019 05:40:53",
        "XML ID": "397",
        "Total Lag": "0.5068497",
        "Create Lag": "0.2724688",
        "Process Lag": "0.2343809"
      }
    ]
  },
  {
    "stopID": "57",
    "stopQueryTime": 1571287260866,
    "count": 1,
    "results": [
      {
        "Direction": "Outbound",
        "Destination": "Tallaght",
        "Time": "00:08:57",
        "AVLS": "00:09:37",
        "Tram": "3019",
        "Action": "d",
        "Msg Sent": "17/10/2019 05:40:53",
        "Msg Received": "17/10/2019 05:40:53",
        "Msg Processed": "17/10/2019 05:40:53",
        "XML ID": "397",
        "Total Lag": "0.3974701",
        "Create Lag": "0.2724688",
        "Process Lag": "0.1250013"
      }
    ]
  },
  {
    "stopID": "17",
    "stopQueryTime": 1571287260876,
    "count": 2,
    "results": [
      {
        "Direction": "Inbound",
        "Destination": "The Point",
        "Time": "00:13:25",
        "AVLS": "00:14:05",
        "Tram": "4003",
        "Action": "a",
        "Msg Sent": "17/10/2019 05:40:53",
        "Msg Received": "17/10/2019 05:40:53",
        "Msg Processed": "17/10/2019 05:40:53",
        "XML ID": "397",
        "Total Lag": "0.4755984",
        "Create Lag": "0.2724688",
        "Process Lag": "0.2031296"
      },
      {
        "Direction": "Outbound",
        "Destination": "Tallaght",
        "Time": "00:04:11",
        "AVLS": "00:04:51",
        "Tram": "3013",
        "Action": "a",
        "Msg Sent": "17/10/2019 05:40:53",
        "Msg Received": "17/10/2019 05:40:53",
        "Msg Processed": "17/10/2019 05:40:53",
        "XML ID": "397",
        "Total Lag": "0.334975",
        "Create Lag": "0.2724688",
        "Process Lag": "0.0625062"
      }
    ]
  },
  {
    "stopID": "21",
    "stopQueryTime": 1571287260892,
    "count": 1,
    "results": [
      {
        "Direction": "Outbound",
        "Destination": "Tallaght",
        "Time": "00:18:27",
        "AVLS": "00:19:07",
        "Tram": "3019",
        "Action": "a",
        "Msg Sent": "17/10/2019 05:40:53",
        "Msg Received": "17/10/2019 05:40:53",
        "Msg Processed": "17/10/2019 05:40:53",
        "XML ID": "397",
        "Total Lag": "0.4130978",
        "Create Lag": "0.2724688",
        "Process Lag": "0.140629"
      }
    ]
  },
  {
    "stopID": "30",
    "stopQueryTime": 1571287260896,
    "count": 2,
    "results": [
      {
        "Direction": "Inbound",
        "Destination": "Broombridge",
        "Time": "00:00:38",
        "AVLS": "00:01:18",
        "Tram": "3020",
        "Action": "a",
        "Msg Sent": "17/10/2019 05:40:53",
        "Msg Received": "17/10/2019 05:40:53",
        "Msg Processed": "17/10/2019 05:40:53",
        "XML ID": "397",
        "Total Lag": "0.4130978",
        "Create Lag": "0.2724688",
        "Process Lag": "0.140629"
      },
      {
        "Direction": "Inbound",
        "Destination": "Broombridge",
        "Time": "00:16:46",
        "AVLS": "00:17:26",
        "Tram": "5011",
        "Action": "a",
        "Msg Sent": "17/10/2019 05:40:59",
        "Msg Received": "17/10/2019 05:40:59",
        "Msg Processed": "17/10/2019 05:40:59",
        "XML ID": "399",
        "Total Lag": "0.3193503",
        "Create Lag": "0.2568416",
        "Process Lag": "0.0625087"
      }
    ]
  },
  {
    "stopID": "24",
    "stopQueryTime": 1571287260904,
    "count": 2,
    "results": [
      {
        "Direction": "Inbound",
        "Destination": "Broombridge",
        "Time": "00:11:52",
        "AVLS": "00:12:32",
        "Tram": "3020",
        "Action": "a",
        "Msg Sent": "17/10/2019 05:40:53",
        "Msg Received": "17/10/2019 05:40:53",
        "Msg Processed": "17/10/2019 05:40:53",
        "XML ID": "397",
        "Total Lag": "0.4287316",
        "Create Lag": "0.2724688",
        "Process Lag": "0.1562628"
      },
      {
        "Direction": "Outbound",
        "Destination": "Bride's Glen",
        "Time": "00:11:50",
        "AVLS": "00:12:30",
        "Tram": "5029",
        "Action": "a",
        "Msg Sent": "17/10/2019 05:40:56",
        "Msg Received": "17/10/2019 05:40:56",
        "Msg Processed": "17/10/2019 05:40:56",
        "XML ID": "398",
        "Total Lag": "0.303721",
        "Create Lag": "0.2412203",
        "Process Lag": "0.0625007"
      }
    ]
  },
  {
    "stopID": "28",
    "stopQueryTime": 1571287260906,
    "count": 1,
    "results": [
      {
        "Direction": "Inbound",
        "Destination": "Broombridge",
        "Time": "00:03:52",
        "AVLS": "00:04:32",
        "Tram": "3020",
        "Action": "a",
        "Msg Sent": "17/10/2019 05:40:53",
        "Msg Received": "17/10/2019 05:40:53",
        "Msg Processed": "17/10/2019 05:40:53",
        "XML ID": "397",
        "Total Lag": "0.4130978",
        "Create Lag": "0.2724688",
        "Process Lag": "0.140629"
      }
    ]
  },
  {
    "stopID": "5",
    "stopQueryTime": 1571287260911,
    "count": 2,
    "results": [
      {
        "Direction": "Inbound",
        "Destination": "The Point",
        "Time": "00:16:20",
        "AVLS": "00:17:00",
        "Tram": "4004",
        "Action": "a",
        "Msg Sent": "17/10/2019 05:40:53",
        "Msg Received": "17/10/2019 05:40:53",
        "Msg Processed": "17/10/2019 05:40:53",
        "XML ID": "397",
        "Total Lag": "0.5068497",
        "Create Lag": "0.2724688",
        "Process Lag": "0.2343809"
      },
      {
        "Direction": "Outbound",
        "Destination": "Saggart",
        "Time": "00:04:24",
        "AVLS": "00:05:04",
        "Tram": "3009",
        "Action": "d",
        "Msg Sent": "17/10/2019 05:40:53",
        "Msg Received": "17/10/2019 05:40:53",
        "Msg Processed": "17/10/2019 05:40:53",
        "XML ID": "397",
        "Total Lag": "0.3193508",
        "Create Lag": "0.2724688",
        "Process Lag": "0.046882"
      }
    ]
  },
  {
    "stopID": "18",
    "stopQueryTime": 1571287260913,
    "count": 2,
    "results": [
      {
        "Direction": "Inbound",
        "Destination": "The Point",
        "Time": "00:15:29",
        "AVLS": "00:16:09",
        "Tram": "4003",
        "Action": "a",
        "Msg Sent": "17/10/2019 05:40:53",
        "Msg Received": "17/10/2019 05:40:53",
        "Msg Processed": "17/10/2019 05:40:53",
        "XML ID": "397",
        "Total Lag": "0.4912235",
        "Create Lag": "0.2724688",
        "Process Lag": "0.2187547"
      },
      {
        "Direction": "Outbound",
        "Destination": "Tallaght",
        "Time": "00:02:12",
        "AVLS": "00:02:52",
        "Tram": "3013",
        "Action": "a",
        "Msg Sent": "17/10/2019 05:40:53",
        "Msg Received": "17/10/2019 05:40:53",
        "Msg Processed": "17/10/2019 05:40:53",
        "XML ID": "397",
        "Total Lag": "0.334975",
        "Create Lag": "0.2724688",
        "Process Lag": "0.0625062"
      }
    ]
  },
  {
    "stopID": "8",
    "stopQueryTime": 1571287260923,
    "count": 2,
    "results": [
      {
        "Direction": "Inbound",
        "Destination": "The Point",
        "Time": "00:00:00",
        "AVLS": "00:00:22",
        "Tram": "4003",
        "Action": "a",
        "Msg Sent": "17/10/2019 05:40:53",
        "Msg Received": "17/10/2019 05:40:53",
        "Msg Processed": "17/10/2019 05:40:53",
        "XML ID": "397",
        "Total Lag": "0.4599731",
        "Create Lag": "0.2724688",
        "Process Lag": "0.1875043"
      },
      {
        "Direction": "Inbound",
        "Destination": "The Point",
        "Time": "00:05:51",
        "AVLS": "00:06:31",
        "Tram": "3018",
        "Action": "a",
        "Msg Sent": "17/10/2019 05:40:53",
        "Msg Received": "17/10/2019 05:40:53",
        "Msg Processed": "17/10/2019 05:40:53",
        "XML ID": "397",
        "Total Lag": "0.3818494",
        "Create Lag": "0.2724688",
        "Process Lag": "0.1093806"
      }
    ]
  },
  {
    "stopID": "26",
    "stopQueryTime": 1571287260924,
    "count": 2,
    "results": [
      {
        "Direction": "Inbound",
        "Destination": "Broombridge",
        "Time": "00:06:44",
        "AVLS": "00:07:24",
        "Tram": "3020",
        "Action": "a",
        "Msg Sent": "17/10/2019 05:40:53",
        "Msg Received": "17/10/2019 05:40:53",
        "Msg Processed": "17/10/2019 05:40:53",
        "XML ID": "397",
        "Total Lag": "0.4287316",
        "Create Lag": "0.2724688",
        "Process Lag": "0.1562628"
      },
      {
        "Direction": "Outbound",
        "Destination": "Bride's Glen",
        "Time": "00:16:28",
        "AVLS": "00:17:08",
        "Tram": "5029",
        "Action": "a",
        "Msg Sent": "17/10/2019 05:40:56",
        "Msg Received": "17/10/2019 05:40:56",
        "Msg Processed": "17/10/2019 05:40:56",
        "XML ID": "398",
        "Total Lag": "0.3193494",
        "Create Lag": "0.2412203",
        "Process Lag": "0.0781291"
      }
    ]
  },
  {
    "stopID": "56",
    "stopQueryTime": 1571287260927,
    "count": 1,
    "results": [
      {
        "Direction": "Outbound",
        "Destination": "Tallaght",
        "Time": "00:09:36",
        "AVLS": "00:10:16",
        "Tram": "3019",
        "Action": "a",
        "Msg Sent": "17/10/2019 05:40:53",
        "Msg Received": "17/10/2019 05:40:53",
        "Msg Processed": "17/10/2019 05:40:53",
        "XML ID": "397",
        "Total Lag": "0.3974701",
        "Create Lag": "0.2724688",
        "Process Lag": "0.1250013"
      }
    ]
  },
  {
    "stopID": "58",
    "stopQueryTime": 1571287260940,
    "count": 0,
    "results": []
  },
  {
    "stopID": "14",
    "stopQueryTime": 1571287260945,
    "count": 3,
    "results": [
      {
        "Direction": "Inbound",
        "Destination": "The Point",
        "Time": "00:07:11",
        "AVLS": "00:07:51",
        "Tram": "4003",
        "Action": "a",
        "Msg Sent": "17/10/2019 05:40:53",
        "Msg Received": "17/10/2019 05:40:53",
        "Msg Processed": "17/10/2019 05:40:53",
        "XML ID": "397",
        "Total Lag": "0.4755984",
        "Create Lag": "0.2724688",
        "Process Lag": "0.2031296"
      },
      {
        "Direction": "Inbound",
        "Destination": "The Point",
        "Time": "00:13:20",
        "AVLS": "00:14:00",
        "Tram": "3018",
        "Action": "a",
        "Msg Sent": "17/10/2019 05:40:53",
        "Msg Received": "17/10/2019 05:40:53",
        "Msg Processed": "17/10/2019 05:40:53",
        "XML ID": "397",
        "Total Lag": "0.3974701",
        "Create Lag": "0.2724688",
        "Process Lag": "0.1250013"
      },
      {
        "Direction": "Outbound",
        "Destination": "Tallaght",
        "Time": "00:11:09",
        "AVLS": "00:11:49",
        "Tram": "3013",
        "Action": "a",
        "Msg Sent": "17/10/2019 05:40:53",
        "Msg Received": "17/10/2019 05:40:53",
        "Msg Processed": "17/10/2019 05:40:53",
        "XML ID": "397",
        "Total Lag": "0.3505975",
        "Create Lag": "0.2724688",
        "Process Lag": "0.0781287"
      }
    ]
  },
  {
    "stopID": "19",
    "stopQueryTime": 1571287260953,
    "count": 2,
    "results": [
      {
        "Direction": "Inbound",
        "Destination": "The Point",
        "Time": "00:16:45",
        "AVLS": "00:17:25",
        "Tram": "4003",
        "Action": "a",
        "Msg Sent": "17/10/2019 05:40:53",
        "Msg Received": "17/10/2019 05:40:53",
        "Msg Processed": "17/10/2019 05:40:53",
        "XML ID": "397",
        "Total Lag": "0.4912235",
        "Create Lag": "0.2724688",
        "Process Lag": "0.2187547"
      },
      {
        "Direction": "Outbound",
        "Destination": "Tallaght",
        "Time": "00:01:07",
        "AVLS": "00:01:47",
        "Tram": "3013",
        "Action": "a",
        "Msg Sent": "17/10/2019 05:40:53",
        "Msg Received": "17/10/2019 05:40:53",
        "Msg Processed": "17/10/2019 05:40:53",
        "XML ID": "397",
        "Total Lag": "0.334975",
        "Create Lag": "0.2724688",
        "Process Lag": "0.0625062"
      }
    ]
  },
  {
    "stopID": "20",
    "stopQueryTime": 1571287260956,
    "count": 2,
    "results": [
      {
        "Direction": "Inbound",
        "Destination": "The Point",
        "Time": "00:18:43",
        "AVLS": "00:19:23",
        "Tram": "4003",
        "Action": "a",
        "Msg Sent": "17/10/2019 05:40:53",
        "Msg Received": "17/10/2019 05:40:53",
        "Msg Processed": "17/10/2019 05:40:53",
        "XML ID": "397",
        "Total Lag": "0.4912235",
        "Create Lag": "0.2724688",
        "Process Lag": "0.2187547"
      },
      {
        "Direction": "Outbound",
        "Destination": "Tallaght",
        "Time": "00:00:00",
        "AVLS": "00:00:00",
        "Tram": "3013",
        "Action": "a",
        "Msg Sent": "17/10/2019 05:40:46",
        "Msg Received": "17/10/2019 05:40:46",
        "Msg Processed": "17/10/2019 05:40:46",
        "XML ID": "396",
        "Total Lag": "0.3662171",
        "Create Lag": "0.2880941",
        "Process Lag": "0.078123"
      }
    ]
  },
  {
    "stopID": "48",
    "stopQueryTime": 1571287260961,
    "count": 1,
    "results": [
      {
        "Direction": "Inbound",
        "Destination": "Broombridge",
        "Time": "00:08:25",
        "AVLS": "00:09:05",
        "Tram": "5006",
        "Action": "d",
        "Msg Sent": "17/10/2019 05:40:59",
        "Msg Received": "17/10/2019 05:40:59",
        "Msg Processed": "17/10/2019 05:40:59",
        "XML ID": "399",
        "Total Lag": "0.2568416",
        "Create Lag": "0.2568416",
        "Process Lag": "0"
      }
    ]
  },
  {
    "stopID": "10",
    "stopQueryTime": 1571287260972,
    "count": 3,
    "results": [
      {
        "Direction": "Inbound",
        "Destination": "The Point",
        "Time": "00:02:54",
        "AVLS": "00:03:34",
        "Tram": "4003",
        "Action": "a",
        "Msg Sent": "17/10/2019 05:40:53",
        "Msg Received": "17/10/2019 05:40:53",
        "Msg Processed": "17/10/2019 05:40:53",
        "XML ID": "397",
        "Total Lag": "0.4599731",
        "Create Lag": "0.2724688",
        "Process Lag": "0.1875043"
      },
      {
        "Direction": "Inbound",
        "Destination": "The Point",
        "Time": "00:09:03",
        "AVLS": "00:09:43",
        "Tram": "3018",
        "Action": "a",
        "Msg Sent": "17/10/2019 05:40:53",
        "Msg Received": "17/10/2019 05:40:53",
        "Msg Processed": "17/10/2019 05:40:53",
        "XML ID": "397",
        "Total Lag": "0.3818494",
        "Create Lag": "0.2724688",
        "Process Lag": "0.1093806"
      },
      {
        "Direction": "Outbound",
        "Destination": "Tallaght",
        "Time": "00:15:51",
        "AVLS": "00:16:31",
        "Tram": "3013",
        "Action": "a",
        "Msg Sent": "17/10/2019 05:40:53",
        "Msg Received": "17/10/2019 05:40:53",
        "Msg Processed": "17/10/2019 05:40:53",
        "XML ID": "397",
        "Total Lag": "0.3662235",
        "Create Lag": "0.2724688",
        "Process Lag": "0.0937547"
      }
    ]
  },
  {
    "stopID": "15",
    "stopQueryTime": 1571287260975,
    "count": 3,
    "results": [
      {
        "Direction": "Inbound",
        "Destination": "The Point",
        "Time": "00:08:49",
        "AVLS": "00:09:29",
        "Tram": "4003",
        "Action": "a",
        "Msg Sent": "17/10/2019 05:40:53",
        "Msg Received": "17/10/2019 05:40:53",
        "Msg Processed": "17/10/2019 05:40:53",
        "XML ID": "397",
        "Total Lag": "0.4755984",
        "Create Lag": "0.2724688",
        "Process Lag": "0.2031296"
      },
      {
        "Direction": "Inbound",
        "Destination": "The Point",
        "Time": "00:14:58",
        "AVLS": "00:15:38",
        "Tram": "3018",
        "Action": "a",
        "Msg Sent": "17/10/2019 05:40:53",
        "Msg Received": "17/10/2019 05:40:53",
        "Msg Processed": "17/10/2019 05:40:53",
        "XML ID": "397",
        "Total Lag": "0.3974701",
        "Create Lag": "0.2724688",
        "Process Lag": "0.1250013"
      },
      {
        "Direction": "Outbound",
        "Destination": "Tallaght",
        "Time": "00:09:10",
        "AVLS": "00:09:50",
        "Tram": "3013",
        "Action": "a",
        "Msg Sent": "17/10/2019 05:40:53",
        "Msg Received": "17/10/2019 05:40:53",
        "Msg Processed": "17/10/2019 05:40:53",
        "XML ID": "397",
        "Total Lag": "0.3505975",
        "Create Lag": "0.2724688",
        "Process Lag": "0.0781287"
      }
    ]
  },
  {
    "stopID": "32",
    "stopQueryTime": 1571287260977,
    "count": 2,
    "results": [
      {
        "Direction": "Inbound",
        "Destination": "Broombridge",
        "Time": "00:13:00",
        "AVLS": "00:13:40",
        "Tram": "5011",
        "Action": "a",
        "Msg Sent": "17/10/2019 05:40:59",
        "Msg Received": "17/10/2019 05:40:59",
        "Msg Processed": "17/10/2019 05:40:59",
        "XML ID": "399",
        "Total Lag": "0.3037235",
        "Create Lag": "0.2568416",
        "Process Lag": "0.0468819"
      },
      {
        "Direction": "Outbound",
        "Destination": "Bride's Glen",
        "Time": "00:01:57",
        "AVLS": "00:02:37",
        "Tram": "5021",
        "Action": "a",
        "Msg Sent": "17/10/2019 05:40:56",
        "Msg Received": "17/10/2019 05:40:56",
        "Msg Processed": "17/10/2019 05:40:56",
        "XML ID": "398",
        "Total Lag": "0.2724727",
        "Create Lag": "0.2412203",
        "Process Lag": "0.0312524"
      }
    ]
  },
  {
    "stopID": "33",
    "stopQueryTime": 1571287260983,
    "count": 2,
    "results": [
      {
        "Direction": "Inbound",
        "Destination": "Broombridge",
        "Time": "00:11:18",
        "AVLS": "00:11:58",
        "Tram": "5011",
        "Action": "a",
        "Msg Sent": "17/10/2019 05:40:59",
        "Msg Received": "17/10/2019 05:40:59",
        "Msg Processed": "17/10/2019 05:40:59",
        "XML ID": "399",
        "Total Lag": "0.3037235",
        "Create Lag": "0.2568416",
        "Process Lag": "0.0468819"
      },
      {
        "Direction": "Outbound",
        "Destination": "Bride's Glen",
        "Time": "00:03:23",
        "AVLS": "00:04:03",
        "Tram": "5021",
        "Action": "a",
        "Msg Sent": "17/10/2019 05:40:56",
        "Msg Received": "17/10/2019 05:40:56",
        "Msg Processed": "17/10/2019 05:40:56",
        "XML ID": "398",
        "Total Lag": "0.2724727",
        "Create Lag": "0.2412203",
        "Process Lag": "0.0312524"
      }
    ]
  },
  {
    "stopID": "27",
    "stopQueryTime": 1571287260985,
    "count": 2,
    "results": [
      {
        "Direction": "Inbound",
        "Destination": "Broombridge",
        "Time": "00:05:23",
        "AVLS": "00:06:03",
        "Tram": "3020",
        "Action": "a",
        "Msg Sent": "17/10/2019 05:40:53",
        "Msg Received": "17/10/2019 05:40:53",
        "Msg Processed": "17/10/2019 05:40:53",
        "XML ID": "397",
        "Total Lag": "0.4130978",
        "Create Lag": "0.2724688",
        "Process Lag": "0.140629"
      },
      {
        "Direction": "Outbound",
        "Destination": "Bride's Glen",
        "Time": "00:17:56",
        "AVLS": "00:18:36",
        "Tram": "5029",
        "Action": "a",
        "Msg Sent": "17/10/2019 05:40:56",
        "Msg Received": "17/10/2019 05:40:56",
        "Msg Processed": "17/10/2019 05:40:56",
        "XML ID": "398",
        "Total Lag": "0.3193494",
        "Create Lag": "0.2412203",
        "Process Lag": "0.0781291"
      }
    ]
  },
  {
    "stopID": "50",
    "stopQueryTime": 1571287260993,
    "count": 2,
    "results": [
      {
        "Direction": "Inbound",
        "Destination": "Belgard",
        "Time": "00:05:45",
        "AVLS": "00:06:25",
        "Tram": "3026",
        "Action": "a",
        "Msg Sent": "17/10/2019 05:40:53",
        "Msg Received": "17/10/2019 05:40:53",
        "Msg Processed": "17/10/2019 05:40:53",
        "XML ID": "397",
        "Total Lag": "0.4443489",
        "Create Lag": "0.2724688",
        "Process Lag": "0.1718801"
      },
      {
        "Direction": "Outbound",
        "Destination": "Saggart",
        "Time": "00:11:28",
        "AVLS": "00:12:08",
        "Tram": "3009",
        "Action": "a",
        "Msg Sent": "17/10/2019 05:40:53",
        "Msg Received": "17/10/2019 05:40:53",
        "Msg Processed": "17/10/2019 05:40:53",
        "XML ID": "397",
        "Total Lag": "0.3193508",
        "Create Lag": "0.2724688",
        "Process Lag": "0.046882"
      }
    ]
  },
  {
    "stopID": "25",
    "stopQueryTime": 1571287261005,
    "count": 2,
    "results": [
      {
        "Direction": "Inbound",
        "Destination": "Broombridge",
        "Time": "00:08:54",
        "AVLS": "00:09:34",
        "Tram": "3020",
        "Action": "a",
        "Msg Sent": "17/10/2019 05:40:53",
        "Msg Received": "17/10/2019 05:40:53",
        "Msg Processed": "17/10/2019 05:40:53",
        "XML ID": "397",
        "Total Lag": "0.4287316",
        "Create Lag": "0.2724688",
        "Process Lag": "0.1562628"
      },
      {
        "Direction": "Outbound",
        "Destination": "Bride's Glen",
        "Time": "00:13:48",
        "AVLS": "00:14:28",
        "Tram": "5029",
        "Action": "a",
        "Msg Sent": "17/10/2019 05:40:56",
        "Msg Received": "17/10/2019 05:40:56",
        "Msg Processed": "17/10/2019 05:40:56",
        "XML ID": "398",
        "Total Lag": "0.3193494",
        "Create Lag": "0.2412203",
        "Process Lag": "0.0781291"
      }
    ]
  },
  {
    "stopID": "54",
    "stopQueryTime": 1571287261010,
    "count": 1,
    "results": [
      {
        "Direction": "Outbound",
        "Destination": "Tallaght",
        "Time": "00:13:03",
        "AVLS": "00:13:43",
        "Tram": "3019",
        "Action": "a",
        "Msg Sent": "17/10/2019 05:40:53",
        "Msg Received": "17/10/2019 05:40:53",
        "Msg Processed": "17/10/2019 05:40:53",
        "XML ID": "397",
        "Total Lag": "0.4130978",
        "Create Lag": "0.2724688",
        "Process Lag": "0.140629"
      }
    ]
  },
  {
    "stopID": "9",
    "stopQueryTime": 1571287261015,
    "count": 3,
    "results": [
      {
        "Direction": "Inbound",
        "Destination": "The Point",
        "Time": "00:01:44",
        "AVLS": "00:02:24",
        "Tram": "4003",
        "Action": "a",
        "Msg Sent": "17/10/2019 05:40:53",
        "Msg Received": "17/10/2019 05:40:53",
        "Msg Processed": "17/10/2019 05:40:53",
        "XML ID": "397",
        "Total Lag": "0.4599731",
        "Create Lag": "0.2724688",
        "Process Lag": "0.1875043"
      },
      {
        "Direction": "Inbound",
        "Destination": "The Point",
        "Time": "00:07:53",
        "AVLS": "00:08:33",
        "Tram": "3018",
        "Action": "a",
        "Msg Sent": "17/10/2019 05:40:53",
        "Msg Received": "17/10/2019 05:40:53",
        "Msg Processed": "17/10/2019 05:40:53",
        "XML ID": "397",
        "Total Lag": "0.3818494",
        "Create Lag": "0.2724688",
        "Process Lag": "0.1093806"
      },
      {
        "Direction": "Outbound",
        "Destination": "Tallaght",
        "Time": "00:17:07",
        "AVLS": "00:17:47",
        "Tram": "3013",
        "Action": "a",
        "Msg Sent": "17/10/2019 05:40:53",
        "Msg Received": "17/10/2019 05:40:53",
        "Msg Processed": "17/10/2019 05:40:53",
        "XML ID": "397",
        "Total Lag": "0.3662235",
        "Create Lag": "0.2724688",
        "Process Lag": "0.0937547"
      }
    ]
  },
  {
    "stopID": "13",
    "stopQueryTime": 1571287261020,
    "count": 3,
    "results": [
      {
        "Direction": "Inbound",
        "Destination": "The Point",
        "Time": "00:06:18",
        "AVLS": "00:06:58",
        "Tram": "4003",
        "Action": "a",
        "Msg Sent": "17/10/2019 05:40:53",
        "Msg Received": "17/10/2019 05:40:53",
        "Msg Processed": "17/10/2019 05:40:53",
        "XML ID": "397",
        "Total Lag": "0.4755984",
        "Create Lag": "0.2724688",
        "Process Lag": "0.2031296"
      },
      {
        "Direction": "Inbound",
        "Destination": "The Point",
        "Time": "00:12:27",
        "AVLS": "00:13:07",
        "Tram": "3018",
        "Action": "a",
        "Msg Sent": "17/10/2019 05:40:53",
        "Msg Received": "17/10/2019 05:40:53",
        "Msg Processed": "17/10/2019 05:40:53",
        "XML ID": "397",
        "Total Lag": "0.3818494",
        "Create Lag": "0.2724688",
        "Process Lag": "0.1093806"
      },
      {
        "Direction": "Outbound",
        "Destination": "Tallaght",
        "Time": "00:12:09",
        "AVLS": "00:12:49",
        "Tram": "3013",
        "Action": "a",
        "Msg Sent": "17/10/2019 05:40:53",
        "Msg Received": "17/10/2019 05:40:53",
        "Msg Processed": "17/10/2019 05:40:53",
        "XML ID": "397",
        "Total Lag": "0.3505975",
        "Create Lag": "0.2724688",
        "Process Lag": "0.0781287"
      }
    ]
  },
  {
    "stopID": "47",
    "stopQueryTime": 1571287261025,
    "count": 2,
    "results": [
      {
        "Direction": "Inbound",
        "Destination": "Broombridge",
        "Time": "00:09:33",
        "AVLS": "00:10:13",
        "Tram": "5006",
        "Action": "a",
        "Msg Sent": "17/10/2019 05:40:59",
        "Msg Received": "17/10/2019 05:40:59",
        "Msg Processed": "17/10/2019 05:40:59",
        "XML ID": "399",
        "Total Lag": "0.2568416",
        "Create Lag": "0.2568416",
        "Process Lag": "0"
      },
      {
        "Direction": "Outbound",
        "Destination": "Bride's Glen",
        "Time": "00:00:48",
        "AVLS": "00:01:28",
        "Tram": "5006",
        "Action": "a",
        "Msg Sent": "17/10/2019 05:40:59",
        "Msg Received": "17/10/2019 05:40:59",
        "Msg Processed": "17/10/2019 05:40:59",
        "XML ID": "399",
        "Total Lag": "0.2568416",
        "Create Lag": "0.2568416",
        "Process Lag": "0"
      }
    ]
  },
  {
    "stopID": "16",
    "stopQueryTime": 1571287261041,
    "count": 3,
    "results": [
      {
        "Direction": "Inbound",
        "Destination": "The Point",
        "Time": "00:11:14",
        "AVLS": "00:11:54",
        "Tram": "4003",
        "Action": "a",
        "Msg Sent": "17/10/2019 05:40:53",
        "Msg Received": "17/10/2019 05:40:53",
        "Msg Processed": "17/10/2019 05:40:53",
        "XML ID": "397",
        "Total Lag": "0.4755984",
        "Create Lag": "0.2724688",
        "Process Lag": "0.2031296"
      },
      {
        "Direction": "Inbound",
        "Destination": "The Point",
        "Time": "00:17:23",
        "AVLS": "00:18:03",
        "Tram": "3018",
        "Action": "a",
        "Msg Sent": "17/10/2019 05:40:53",
        "Msg Received": "17/10/2019 05:40:53",
        "Msg Processed": "17/10/2019 05:40:53",
        "XML ID": "397",
        "Total Lag": "0.3974701",
        "Create Lag": "0.2724688",
        "Process Lag": "0.1250013"
      },
      {
        "Direction": "Outbound",
        "Destination": "Tallaght",
        "Time": "00:05:59",
        "AVLS": "00:06:39",
        "Tram": "3013",
        "Action": "a",
        "Msg Sent": "17/10/2019 05:40:53",
        "Msg Received": "17/10/2019 05:40:53",
        "Msg Processed": "17/10/2019 05:40:53",
        "XML ID": "397",
        "Total Lag": "0.334975",
        "Create Lag": "0.2724688",
        "Process Lag": "0.0625062"
      }
    ]
  },
  {
    "stopID": "35",
    "stopQueryTime": 1571287261044,
    "count": 2,
    "results": [
      {
        "Direction": "Inbound",
        "Destination": "Broombridge",
        "Time": "00:07:35",
        "AVLS": "00:08:15",
        "Tram": "5011",
        "Action": "a",
        "Msg Sent": "17/10/2019 05:40:59",
        "Msg Received": "17/10/2019 05:40:59",
        "Msg Processed": "17/10/2019 05:40:59",
        "XML ID": "399",
        "Total Lag": "0.3037235",
        "Create Lag": "0.2568416",
        "Process Lag": "0.0468819"
      },
      {
        "Direction": "Outbound",
        "Destination": "Bride's Glen",
        "Time": "00:06:36",
        "AVLS": "00:07:16",
        "Tram": "5021",
        "Action": "a",
        "Msg Sent": "17/10/2019 05:40:56",
        "Msg Received": "17/10/2019 05:40:56",
        "Msg Processed": "17/10/2019 05:40:56",
        "XML ID": "398",
        "Total Lag": "0.2724727",
        "Create Lag": "0.2412203",
        "Process Lag": "0.0312524"
      }
    ]
  },
  {
    "stopID": "49",
    "stopQueryTime": 1571287261051,
    "count": 2,
    "results": [
      {
        "Direction": "Inbound",
        "Destination": "Belgard",
        "Time": "00:07:33",
        "AVLS": "00:08:13",
        "Tram": "3026",
        "Action": "a",
        "Msg Sent": "17/10/2019 05:40:53",
        "Msg Received": "17/10/2019 05:40:53",
        "Msg Processed": "17/10/2019 05:40:53",
        "XML ID": "397",
        "Total Lag": "0.4443489",
        "Create Lag": "0.2724688",
        "Process Lag": "0.1718801"
      },
      {
        "Direction": "Outbound",
        "Destination": "Saggart",
        "Time": "00:09:49",
        "AVLS": "00:10:29",
        "Tram": "3009",
        "Action": "a",
        "Msg Sent": "17/10/2019 05:40:53",
        "Msg Received": "17/10/2019 05:40:53",
        "Msg Processed": "17/10/2019 05:40:53",
        "XML ID": "397",
        "Total Lag": "0.3193508",
        "Create Lag": "0.2724688",
        "Process Lag": "0.046882"
      }
    ]
  },
  {
    "stopID": "53",
    "stopQueryTime": 1571287261054,
    "count": 2,
    "results": [
      {
        "Direction": "Inbound",
        "Destination": "Belgard",
        "Time": "00:00:27",
        "AVLS": "00:01:07",
        "Tram": "3026",
        "Action": "d",
        "Msg Sent": "17/10/2019 05:40:53",
        "Msg Received": "17/10/2019 05:40:53",
        "Msg Processed": "17/10/2019 05:40:53",
        "XML ID": "397",
        "Total Lag": "0.4443489",
        "Create Lag": "0.2724688",
        "Process Lag": "0.1718801"
      },
      {
        "Direction": "Terminating",
        "Destination": "Saggart",
        "Time": "00:16:24",
        "AVLS": "00:17:04",
        "Tram": "3009",
        "Action": "a",
        "Msg Sent": "17/10/2019 05:40:53",
        "Msg Received": "17/10/2019 05:40:53",
        "Msg Processed": "17/10/2019 05:40:53",
        "XML ID": "397",
        "Total Lag": "0.334975",
        "Create Lag": "0.2724688",
        "Process Lag": "0.0625062"
      }
    ]
  },
  {
    "stopID": "55",
    "stopQueryTime": 1571287261059,
    "count": 1,
    "results": [
      {
        "Direction": "Outbound",
        "Destination": "Tallaght",
        "Time": "00:11:35",
        "AVLS": "00:12:15",
        "Tram": "3019",
        "Action": "a",
        "Msg Sent": "17/10/2019 05:40:53",
        "Msg Received": "17/10/2019 05:40:53",
        "Msg Processed": "17/10/2019 05:40:53",
        "XML ID": "397",
        "Total Lag": "0.3974701",
        "Create Lag": "0.2724688",
        "Process Lag": "0.1250013"
      }
    ]
  },
  {
    "stopID": "11",
    "stopQueryTime": 1571287261062,
    "count": 3,
    "results": [
      {
        "Direction": "Inbound",
        "Destination": "The Point",
        "Time": "00:03:46",
        "AVLS": "00:04:26",
        "Tram": "4003",
        "Action": "a",
        "Msg Sent": "17/10/2019 05:40:53",
        "Msg Received": "17/10/2019 05:40:53",
        "Msg Processed": "17/10/2019 05:40:53",
        "XML ID": "397",
        "Total Lag": "0.4599731",
        "Create Lag": "0.2724688",
        "Process Lag": "0.1875043"
      },
      {
        "Direction": "Inbound",
        "Destination": "The Point",
        "Time": "00:09:55",
        "AVLS": "00:10:35",
        "Tram": "3018",
        "Action": "a",
        "Msg Sent": "17/10/2019 05:40:53",
        "Msg Received": "17/10/2019 05:40:53",
        "Msg Processed": "17/10/2019 05:40:53",
        "XML ID": "397",
        "Total Lag": "0.3818494",
        "Create Lag": "0.2724688",
        "Process Lag": "0.1093806"
      },
      {
        "Direction": "Outbound",
        "Destination": "Tallaght",
        "Time": "00:14:55",
        "AVLS": "00:15:35",
        "Tram": "3013",
        "Action": "a",
        "Msg Sent": "17/10/2019 05:40:53",
        "Msg Received": "17/10/2019 05:40:53",
        "Msg Processed": "17/10/2019 05:40:53",
        "XML ID": "397",
        "Total Lag": "0.3662235",
        "Create Lag": "0.2724688",
        "Process Lag": "0.0937547"
      }
    ]
  },
  {
    "stopID": "12",
    "stopQueryTime": 1571287261079,
    "count": 3,
    "results": [
      {
        "Direction": "Inbound",
        "Destination": "The Point",
        "Time": "00:04:45",
        "AVLS": "00:05:25",
        "Tram": "4003",
        "Action": "a",
        "Msg Sent": "17/10/2019 05:40:53",
        "Msg Received": "17/10/2019 05:40:53",
        "Msg Processed": "17/10/2019 05:40:53",
        "XML ID": "397",
        "Total Lag": "0.4599731",
        "Create Lag": "0.2724688",
        "Process Lag": "0.1875043"
      },
      {
        "Direction": "Inbound",
        "Destination": "The Point",
        "Time": "00:10:54",
        "AVLS": "00:11:34",
        "Tram": "3018",
        "Action": "a",
        "Msg Sent": "17/10/2019 05:40:53",
        "Msg Received": "17/10/2019 05:40:53",
        "Msg Processed": "17/10/2019 05:40:53",
        "XML ID": "397",
        "Total Lag": "0.3818494",
        "Create Lag": "0.2724688",
        "Process Lag": "0.1093806"
      },
      {
        "Direction": "Outbound",
        "Destination": "Tallaght",
        "Time": "00:13:50",
        "AVLS": "00:14:30",
        "Tram": "3013",
        "Action": "a",
        "Msg Sent": "17/10/2019 05:40:53",
        "Msg Received": "17/10/2019 05:40:53",
        "Msg Processed": "17/10/2019 05:40:53",
        "XML ID": "397",
        "Total Lag": "0.3505975",
        "Create Lag": "0.2724688",
        "Process Lag": "0.0781287"
      }
    ]
  },
  {
    "stopID": "22",
    "stopQueryTime": 1571287261083,
    "count": 1,
    "results": [
      {
        "Direction": "Outbound",
        "Destination": "Tallaght",
        "Time": "00:14:59",
        "AVLS": "00:15:39",
        "Tram": "3019",
        "Action": "a",
        "Msg Sent": "17/10/2019 05:40:53",
        "Msg Received": "17/10/2019 05:40:53",
        "Msg Processed": "17/10/2019 05:40:53",
        "XML ID": "397",
        "Total Lag": "0.4130978",
        "Create Lag": "0.2724688",
        "Process Lag": "0.140629"
      }
    ]
  },
  {
    "stopID": "34",
    "stopQueryTime": 1571287261085,
    "count": 2,
    "results": [
      {
        "Direction": "Inbound",
        "Destination": "Broombridge",
        "Time": "00:09:35",
        "AVLS": "00:10:15",
        "Tram": "5011",
        "Action": "a",
        "Msg Sent": "17/10/2019 05:40:59",
        "Msg Received": "17/10/2019 05:40:59",
        "Msg Processed": "17/10/2019 05:40:59",
        "XML ID": "399",
        "Total Lag": "0.3037235",
        "Create Lag": "0.2568416",
        "Process Lag": "0.0468819"
      },
      {
        "Direction": "Outbound",
        "Destination": "Bride's Glen",
        "Time": "00:04:57",
        "AVLS": "00:05:37",
        "Tram": "5021",
        "Action": "a",
        "Msg Sent": "17/10/2019 05:40:56",
        "Msg Received": "17/10/2019 05:40:56",
        "Msg Processed": "17/10/2019 05:40:56",
        "XML ID": "398",
        "Total Lag": "0.2724727",
        "Create Lag": "0.2412203",
        "Process Lag": "0.0312524"
      }
    ]
  },
  {
    "stopID": "51",
    "stopQueryTime": 1571287261091,
    "count": 2,
    "results": [
      {
        "Direction": "Inbound",
        "Destination": "Belgard",
        "Time": "00:03:58",
        "AVLS": "00:04:38",
        "Tram": "3026",
        "Action": "a",
        "Msg Sent": "17/10/2019 05:40:53",
        "Msg Received": "17/10/2019 05:40:53",
        "Msg Processed": "17/10/2019 05:40:53",
        "XML ID": "397",
        "Total Lag": "0.4443489",
        "Create Lag": "0.2724688",
        "Process Lag": "0.1718801"
      },
      {
        "Direction": "Outbound",
        "Destination": "Saggart",
        "Time": "00:13:08",
        "AVLS": "00:13:48",
        "Tram": "3009",
        "Action": "a",
        "Msg Sent": "17/10/2019 05:40:53",
        "Msg Received": "17/10/2019 05:40:53",
        "Msg Processed": "17/10/2019 05:40:53",
        "XML ID": "397",
        "Total Lag": "0.3193508",
        "Create Lag": "0.2724688",
        "Process Lag": "0.046882"
      }
    ]
  },
  {
    "stopID": "52",
    "stopQueryTime": 1571287261092,
    "count": 2,
    "results": [
      {
        "Direction": "Inbound",
        "Destination": "Belgard",
        "Time": "00:02:42",
        "AVLS": "00:03:22",
        "Tram": "3026",
        "Action": "a",
        "Msg Sent": "17/10/2019 05:40:53",
        "Msg Received": "17/10/2019 05:40:53",
        "Msg Processed": "17/10/2019 05:40:53",
        "XML ID": "397",
        "Total Lag": "0.4443489",
        "Create Lag": "0.2724688",
        "Process Lag": "0.1718801"
      },
      {
        "Direction": "Outbound",
        "Destination": "Saggart",
        "Time": "00:14:20",
        "AVLS": "00:15:00",
        "Tram": "3009",
        "Action": "a",
        "Msg Sent": "17/10/2019 05:40:53",
        "Msg Received": "17/10/2019 05:40:53",
        "Msg Processed": "17/10/2019 05:40:53",
        "XML ID": "397",
        "Total Lag": "0.334975",
        "Create Lag": "0.2724688",
        "Process Lag": "0.0625062"
      }
    ]
  },
  {
    "stopID": "39",
    "stopQueryTime": 1571287261094,
    "count": 3,
    "results": [
      {
        "Direction": "Inbound",
        "Destination": "Broombridge",
        "Time": "00:00:21",
        "AVLS": "00:01:01",
        "Tram": "5011",
        "Action": "a",
        "Msg Sent": "17/10/2019 05:40:59",
        "Msg Received": "17/10/2019 05:40:59",
        "Msg Processed": "17/10/2019 05:40:59",
        "XML ID": "399",
        "Total Lag": "0.2880927",
        "Create Lag": "0.2568416",
        "Process Lag": "0.0312511"
      },
      {
        "Direction": "Outbound",
        "Destination": "Bride's Glen",
        "Time": "00:10:13",
        "AVLS": "00:10:53",
        "Tram": "5002",
        "Action": "a",
        "Msg Sent": "17/10/2019 05:40:53",
        "Msg Received": "17/10/2019 05:40:53",
        "Msg Processed": "17/10/2019 05:40:53",
        "XML ID": "397",
        "Total Lag": "0.2880967",
        "Create Lag": "0.2724688",
        "Process Lag": "0.0156279"
      },
      {
        "Direction": "Outbound",
        "Destination": "Bride's Glen",
        "Time": "00:13:43",
        "AVLS": "00:14:23",
        "Tram": "5021",
        "Action": "a",
        "Msg Sent": "17/10/2019 05:40:56",
        "Msg Received": "17/10/2019 05:40:56",
        "Msg Processed": "17/10/2019 05:40:56",
        "XML ID": "398",
        "Total Lag": "0.2880978",
        "Create Lag": "0.2412203",
        "Process Lag": "0.0468775"
      }
    ]
  },
  {
    "stopID": "46",
    "stopQueryTime": 1571287261102,
    "count": 2,
    "results": [
      {
        "Direction": "Inbound",
        "Destination": "Broombridge",
        "Time": "00:11:34",
        "AVLS": "00:12:14",
        "Tram": "5006",
        "Action": "a",
        "Msg Sent": "17/10/2019 05:40:59",
        "Msg Received": "17/10/2019 05:40:59",
        "Msg Processed": "17/10/2019 05:40:59",
        "XML ID": "399",
        "Total Lag": "0.2568416",
        "Create Lag": "0.2568416",
        "Process Lag": "0"
      },
      {
        "Direction": "Outbound",
        "Destination": "Bride's Glen",
        "Time": "00:19:18",
        "AVLS": "00:19:58",
        "Tram": "5002",
        "Action": "a",
        "Msg Sent": "17/10/2019 05:40:53",
        "Msg Received": "17/10/2019 05:40:53",
        "Msg Processed": "17/10/2019 05:40:53",
        "XML ID": "397",
        "Total Lag": "0.3037216",
        "Create Lag": "0.2724688",
        "Process Lag": "0.0312528"
      }
    ]
  },
  {
    "stopID": "36",
    "stopQueryTime": 1571287261112,
    "count": 3,
    "results": [
      {
        "Direction": "Inbound",
        "Destination": "Broombridge",
        "Time": "00:06:00",
        "AVLS": "00:06:40",
        "Tram": "5011",
        "Action": "a",
        "Msg Sent": "17/10/2019 05:40:59",
        "Msg Received": "17/10/2019 05:40:59",
        "Msg Processed": "17/10/2019 05:40:59",
        "XML ID": "399",
        "Total Lag": "0.2880927",
        "Create Lag": "0.2568416",
        "Process Lag": "0.0312511"
      },
      {
        "Direction": "Outbound",
        "Destination": "Bride's Glen",
        "Time": "00:04:27",
        "AVLS": "00:05:07",
        "Tram": "5002",
        "Action": "d",
        "Msg Sent": "17/10/2019 05:40:53",
        "Msg Received": "17/10/2019 05:40:53",
        "Msg Processed": "17/10/2019 05:40:53",
        "XML ID": "397",
        "Total Lag": "0.2724688",
        "Create Lag": "0.2724688",
        "Process Lag": "0"
      },
      {
        "Direction": "Outbound",
        "Destination": "Bride's Glen",
        "Time": "00:07:57",
        "AVLS": "00:08:37",
        "Tram": "5021",
        "Action": "a",
        "Msg Sent": "17/10/2019 05:40:56",
        "Msg Received": "17/10/2019 05:40:56",
        "Msg Processed": "17/10/2019 05:40:56",
        "XML ID": "398",
        "Total Lag": "0.2724727",
        "Create Lag": "0.2412203",
        "Process Lag": "0.0312524"
      }
    ]
  },
  {
    "stopID": "45",
    "stopQueryTime": 1571287261114,
    "count": 2,
    "results": [
      {
        "Direction": "Inbound",
        "Destination": "Broombridge",
        "Time": "00:12:56",
        "AVLS": "00:13:36",
        "Tram": "5006",
        "Action": "a",
        "Msg Sent": "17/10/2019 05:40:59",
        "Msg Received": "17/10/2019 05:40:59",
        "Msg Processed": "17/10/2019 05:40:59",
        "XML ID": "399",
        "Total Lag": "0.2724761",
        "Create Lag": "0.2568416",
        "Process Lag": "0.0156345"
      },
      {
        "Direction": "Outbound",
        "Destination": "Bride's Glen",
        "Time": "00:17:55",
        "AVLS": "00:18:35",
        "Tram": "5002",
        "Action": "a",
        "Msg Sent": "17/10/2019 05:40:53",
        "Msg Received": "17/10/2019 05:40:53",
        "Msg Processed": "17/10/2019 05:40:53",
        "XML ID": "397",
        "Total Lag": "0.2880967",
        "Create Lag": "0.2724688",
        "Process Lag": "0.0156279"
      }
    ]
  },
  {
    "stopID": "31",
    "stopQueryTime": 1571287261116,
    "count": 2,
    "results": [
      {
        "Direction": "Inbound",
        "Destination": "Broombridge",
        "Time": "00:14:59",
        "AVLS": "00:15:39",
        "Tram": "5011",
        "Action": "a",
        "Msg Sent": "17/10/2019 05:40:59",
        "Msg Received": "17/10/2019 05:40:59",
        "Msg Processed": "17/10/2019 05:40:59",
        "XML ID": "399",
        "Total Lag": "0.3193503",
        "Create Lag": "0.2568416",
        "Process Lag": "0.0625087"
      },
      {
        "Direction": "Outbound",
        "Destination": "Bride's Glen",
        "Time": "00:00:00",
        "AVLS": "00:00:39",
        "Tram": "5021",
        "Action": "a",
        "Msg Sent": "17/10/2019 05:40:56",
        "Msg Received": "17/10/2019 05:40:56",
        "Msg Processed": "17/10/2019 05:40:56",
        "XML ID": "398",
        "Total Lag": "0.2568479",
        "Create Lag": "0.2412203",
        "Process Lag": "0.0156276"
      }
    ]
  },
  {
    "stopID": "29",
    "stopQueryTime": 1571287261118,
    "count": 2,
    "results": [
      {
        "Direction": "Inbound",
        "Destination": "Broombridge",
        "Time": "00:02:23",
        "AVLS": "00:03:03",
        "Tram": "3020",
        "Action": "a",
        "Msg Sent": "17/10/2019 05:40:53",
        "Msg Received": "17/10/2019 05:40:53",
        "Msg Processed": "17/10/2019 05:40:53",
        "XML ID": "397",
        "Total Lag": "0.4130978",
        "Create Lag": "0.2724688",
        "Process Lag": "0.140629"
      },
      {
        "Direction": "Inbound",
        "Destination": "Broombridge",
        "Time": "00:18:31",
        "AVLS": "00:19:11",
        "Tram": "5011",
        "Action": "a",
        "Msg Sent": "17/10/2019 05:40:59",
        "Msg Received": "17/10/2019 05:40:59",
        "Msg Processed": "17/10/2019 05:40:59",
        "XML ID": "399",
        "Total Lag": "0.3193503",
        "Create Lag": "0.2568416",
        "Process Lag": "0.0625087"
      }
    ]
  },
  {
    "stopID": "44",
    "stopQueryTime": 1571287261121,
    "count": 2,
    "results": [
      {
        "Direction": "Inbound",
        "Destination": "Broombridge",
        "Time": "00:14:25",
        "AVLS": "00:15:05",
        "Tram": "5006",
        "Action": "a",
        "Msg Sent": "17/10/2019 05:40:59",
        "Msg Received": "17/10/2019 05:40:59",
        "Msg Processed": "17/10/2019 05:40:59",
        "XML ID": "399",
        "Total Lag": "0.2724761",
        "Create Lag": "0.2568416",
        "Process Lag": "0.0156345"
      },
      {
        "Direction": "Outbound",
        "Destination": "Bride's Glen",
        "Time": "00:16:27",
        "AVLS": "00:17:07",
        "Tram": "5002",
        "Action": "a",
        "Msg Sent": "17/10/2019 05:40:53",
        "Msg Received": "17/10/2019 05:40:53",
        "Msg Processed": "17/10/2019 05:40:53",
        "XML ID": "397",
        "Total Lag": "0.2880967",
        "Create Lag": "0.2724688",
        "Process Lag": "0.0156279"
      }
    ]
  },
  {
    "stopID": "40",
    "stopQueryTime": 1571287261125,
    "count": 3,
    "results": [
      {
        "Direction": "Inbound",
        "Destination": "Broombridge",
        "Time": "00:19:16",
        "AVLS": "00:19:56",
        "Tram": "5006",
        "Action": "a",
        "Msg Sent": "17/10/2019 05:40:59",
        "Msg Received": "17/10/2019 05:40:59",
        "Msg Processed": "17/10/2019 05:40:59",
        "XML ID": "399",
        "Total Lag": "0.2724761",
        "Create Lag": "0.2568416",
        "Process Lag": "0.0156345"
      },
      {
        "Direction": "Outbound",
        "Destination": "Bride's Glen",
        "Time": "00:11:41",
        "AVLS": "00:12:21",
        "Tram": "5002",
        "Action": "a",
        "Msg Sent": "17/10/2019 05:40:53",
        "Msg Received": "17/10/2019 05:40:53",
        "Msg Processed": "17/10/2019 05:40:53",
        "XML ID": "397",
        "Total Lag": "0.2880967",
        "Create Lag": "0.2724688",
        "Process Lag": "0.0156279"
      },
      {
        "Direction": "Outbound",
        "Destination": "Bride's Glen",
        "Time": "00:15:11",
        "AVLS": "00:15:51",
        "Tram": "5021",
        "Action": "a",
        "Msg Sent": "17/10/2019 05:40:56",
        "Msg Received": "17/10/2019 05:40:56",
        "Msg Processed": "17/10/2019 05:40:56",
        "XML ID": "398",
        "Total Lag": "0.2880978",
        "Create Lag": "0.2412203",
        "Process Lag": "0.0468775"
      }
    ]
  },
  {
    "stopID": "42",
    "stopQueryTime": 1571287261127,
    "count": 3,
    "results": [
      {
        "Direction": "Inbound",
        "Destination": "Broombridge",
        "Time": "00:17:05",
        "AVLS": "00:17:45",
        "Tram": "5006",
        "Action": "a",
        "Msg Sent": "17/10/2019 05:40:59",
        "Msg Received": "17/10/2019 05:40:59",
        "Msg Processed": "17/10/2019 05:40:59",
        "XML ID": "399",
        "Total Lag": "0.2724761",
        "Create Lag": "0.2568416",
        "Process Lag": "0.0156345"
      },
      {
        "Direction": "Outbound",
        "Destination": "Bride's Glen",
        "Time": "00:13:49",
        "AVLS": "00:14:29",
        "Tram": "5002",
        "Action": "a",
        "Msg Sent": "17/10/2019 05:40:53",
        "Msg Received": "17/10/2019 05:40:53",
        "Msg Processed": "17/10/2019 05:40:53",
        "XML ID": "397",
        "Total Lag": "0.2880967",
        "Create Lag": "0.2724688",
        "Process Lag": "0.0156279"
      },
      {
        "Direction": "Outbound",
        "Destination": "Bride's Glen",
        "Time": "00:17:19",
        "AVLS": "00:17:59",
        "Tram": "5021",
        "Action": "a",
        "Msg Sent": "17/10/2019 05:40:56",
        "Msg Received": "17/10/2019 05:40:56",
        "Msg Processed": "17/10/2019 05:40:56",
        "XML ID": "398",
        "Total Lag": "0.2880978",
        "Create Lag": "0.2412203",
        "Process Lag": "0.0468775"
      }
    ]
  },
  {
    "stopID": "37",
    "stopQueryTime": 1571287261131,
    "count": 3,
    "results": [
      {
        "Direction": "Inbound",
        "Destination": "Broombridge",
        "Time": "00:03:36",
        "AVLS": "00:04:16",
        "Tram": "5011",
        "Action": "a",
        "Msg Sent": "17/10/2019 05:40:59",
        "Msg Received": "17/10/2019 05:40:59",
        "Msg Processed": "17/10/2019 05:40:59",
        "XML ID": "399",
        "Total Lag": "0.2880927",
        "Create Lag": "0.2568416",
        "Process Lag": "0.0312511"
      },
      {
        "Direction": "Outbound",
        "Destination": "Bride's Glen",
        "Time": "00:07:00",
        "AVLS": "00:07:40",
        "Tram": "5002",
        "Action": "a",
        "Msg Sent": "17/10/2019 05:40:53",
        "Msg Received": "17/10/2019 05:40:53",
        "Msg Processed": "17/10/2019 05:40:53",
        "XML ID": "397",
        "Total Lag": "0.2724688",
        "Create Lag": "0.2724688",
        "Process Lag": "0"
      },
      {
        "Direction": "Outbound",
        "Destination": "Bride's Glen",
        "Time": "00:10:30",
        "AVLS": "00:11:10",
        "Tram": "5021",
        "Action": "a",
        "Msg Sent": "17/10/2019 05:40:56",
        "Msg Received": "17/10/2019 05:40:56",
        "Msg Processed": "17/10/2019 05:40:56",
        "XML ID": "398",
        "Total Lag": "0.2880978",
        "Create Lag": "0.2412203",
        "Process Lag": "0.0468775"
      }
    ]
  },
  {
    "stopID": "38",
    "stopQueryTime": 1571287261145,
    "count": 3,
    "results": [
      {
        "Direction": "Inbound",
        "Destination": "Broombridge",
        "Time": "00:02:06",
        "AVLS": "00:02:46",
        "Tram": "5011",
        "Action": "a",
        "Msg Sent": "17/10/2019 05:40:59",
        "Msg Received": "17/10/2019 05:40:59",
        "Msg Processed": "17/10/2019 05:40:59",
        "XML ID": "399",
        "Total Lag": "0.2880927",
        "Create Lag": "0.2568416",
        "Process Lag": "0.0312511"
      },
      {
        "Direction": "Outbound",
        "Destination": "Bride's Glen",
        "Time": "00:08:28",
        "AVLS": "00:09:08",
        "Tram": "5002",
        "Action": "a",
        "Msg Sent": "17/10/2019 05:40:53",
        "Msg Received": "17/10/2019 05:40:53",
        "Msg Processed": "17/10/2019 05:40:53",
        "XML ID": "397",
        "Total Lag": "0.2724688",
        "Create Lag": "0.2724688",
        "Process Lag": "0"
      },
      {
        "Direction": "Outbound",
        "Destination": "Bride's Glen",
        "Time": "00:11:58",
        "AVLS": "00:12:38",
        "Tram": "5021",
        "Action": "a",
        "Msg Sent": "17/10/2019 05:40:56",
        "Msg Received": "17/10/2019 05:40:56",
        "Msg Processed": "17/10/2019 05:40:56",
        "XML ID": "398",
        "Total Lag": "0.2880978",
        "Create Lag": "0.2412203",
        "Process Lag": "0.0468775"
      }
    ]
  },
  {
    "stopID": "43",
    "stopQueryTime": 1571287261163,
    "count": 3,
    "results": [
      {
        "Direction": "Inbound",
        "Destination": "Broombridge",
        "Time": "00:15:29",
        "AVLS": "00:16:09",
        "Tram": "5006",
        "Action": "a",
        "Msg Sent": "17/10/2019 05:40:59",
        "Msg Received": "17/10/2019 05:40:59",
        "Msg Processed": "17/10/2019 05:40:59",
        "XML ID": "399",
        "Total Lag": "0.2724761",
        "Create Lag": "0.2568416",
        "Process Lag": "0.0156345"
      },
      {
        "Direction": "Outbound",
        "Destination": "Bride's Glen",
        "Time": "00:15:22",
        "AVLS": "00:16:02",
        "Tram": "5002",
        "Action": "a",
        "Msg Sent": "17/10/2019 05:40:53",
        "Msg Received": "17/10/2019 05:40:53",
        "Msg Processed": "17/10/2019 05:40:53",
        "XML ID": "397",
        "Total Lag": "0.2880967",
        "Create Lag": "0.2724688",
        "Process Lag": "0.0156279"
      },
      {
        "Direction": "Outbound",
        "Destination": "Bride's Glen",
        "Time": "00:18:52",
        "AVLS": "00:19:32",
        "Tram": "5021",
        "Action": "a",
        "Msg Sent": "17/10/2019 05:40:56",
        "Msg Received": "17/10/2019 05:40:56",
        "Msg Processed": "17/10/2019 05:40:56",
        "XML ID": "398",
        "Total Lag": "0.303721",
        "Create Lag": "0.2412203",
        "Process Lag": "0.0625007"
      }
    ]
  }
]