[
  {
    "stopID": "3",
    "stopQueryTime": 1571287080782,
    "count": 1,
    "results": [
      {
        "Direction": "Inbound",
        "Destination": "The Point",
        "Time": "00:14:22",
        "AVLS": "00:15:02",
        "Tram": "4004",
        "Action": "a",
        "Msg Sent": "17/10/2019 05:37:53",
        "Msg Received": "17/10/2019 05:37:53",
        "Msg Processed": "17/10/2019 05:37:53",
        "XML ID": "345",
        "Total Lag": "0.4962863",
        "Create Lag": "0.2460662",
        "Process Lag": "0.2502201"
      }
    ]
  },
  {
    "stopID": "10",
    "stopQueryTime": 1571287080803,
    "count": 2,
    "results": [
      {
        "Direction": "Inbound",
        "Destination": "The Point",
        "Time": "00:04:55",
        "AVLS": "00:05:35",
        "Tram": "4003",
        "Action": "a",
        "Msg Sent": "17/10/2019 05:37:53",
        "Msg Received": "17/10/2019 05:37:53",
        "Msg Processed": "17/10/2019 05:37:53",
        "XML ID": "345",
        "Total Lag": "0.4494467",
        "Create Lag": "0.2460662",
        "Process Lag": "0.2033805"
      },
      {
        "Direction": "Inbound",
        "Destination": "The Point",
        "Time": "00:11:36",
        "AVLS": "00:12:16",
        "Tram": "3018",
        "Action": "a",
        "Msg Sent": "17/10/2019 05:37:53",
        "Msg Received": "17/10/2019 05:37:53",
        "Msg Processed": "17/10/2019 05:37:53",
        "XML ID": "345",
        "Total Lag": "0.3554613",
        "Create Lag": "0.2460662",
        "Process Lag": "0.1093951"
      }
    ]
  },
  {
    "stopID": "7",
    "stopQueryTime": 1571287080806,
    "count": 2,
    "results": [
      {
        "Direction": "Inbound",
        "Destination": "The Point",
        "Time": "00:00:17",
        "AVLS": "00:00:57",
        "Tram": "4003",
        "Action": "a",
        "Msg Sent": "17/10/2019 05:37:53",
        "Msg Received": "17/10/2019 05:37:53",
        "Msg Processed": "17/10/2019 05:37:53",
        "XML ID": "345",
        "Total Lag": "0.4335789",
        "Create Lag": "0.2460662",
        "Process Lag": "0.1875127"
      },
      {
        "Direction": "Inbound",
        "Destination": "The Point",
        "Time": "00:06:58",
        "AVLS": "00:07:38",
        "Tram": "3018",
        "Action": "a",
        "Msg Sent": "17/10/2019 05:37:53",
        "Msg Received": "17/10/2019 05:37:53",
        "Msg Processed": "17/10/2019 05:37:53",
        "XML ID": "345",
        "Total Lag": "0.3554613",
        "Create Lag": "0.2460662",
        "Process Lag": "0.1093951"
      }
    ]
  },
  {
    "stopID": "21",
    "stopQueryTime": 1571287080820,
    "count": 1,
    "results": [
      {
        "Direction": "Outbound",
        "Destination": "Tallaght",
        "Time": "00:01:07",
        "AVLS": "00:01:47",
        "Tram": "3013",
        "Action": "a",
        "Msg Sent": "17/10/2019 05:37:53",
        "Msg Received": "17/10/2019 05:37:53",
        "Msg Processed": "17/10/2019 05:37:53",
        "XML ID": "345",
        "Total Lag": "0.3085662",
        "Create Lag": "0.2460662",
        "Process Lag": "0.0625"
      }
    ]
  },
  {
    "stopID": "16",
    "stopQueryTime": 1571287080835,
    "count": 2,
    "results": [
      {
        "Direction": "Inbound",
        "Destination": "The Point",
        "Time": "00:13:15",
        "AVLS": "00:13:55",
        "Tram": "4003",
        "Action": "a",
        "Msg Sent": "17/10/2019 05:37:53",
        "Msg Received": "17/10/2019 05:37:53",
        "Msg Processed": "17/10/2019 05:37:53",
        "XML ID": "345",
        "Total Lag": "0.4650089",
        "Create Lag": "0.2460662",
        "Process Lag": "0.2189427"
      },
      {
        "Direction": "Outbound",
        "Destination": "Tallaght",
        "Time": "00:10:07",
        "AVLS": "00:10:47",
        "Tram": "3013",
        "Action": "a",
        "Msg Sent": "17/10/2019 05:37:53",
        "Msg Received": "17/10/2019 05:37:53",
        "Msg Processed": "17/10/2019 05:37:53",
        "XML ID": "345",
        "Total Lag": "0.3241904",
        "Create Lag": "0.2460662",
        "Process Lag": "0.0781242"
      }
    ]
  },
  {
    "stopID": "18",
    "stopQueryTime": 1571287080839,
    "count": 2,
    "results": [
      {
        "Direction": "Inbound",
        "Destination": "The Point",
        "Time": "00:17:30",
        "AVLS": "00:18:10",
        "Tram": "4003",
        "Action": "a",
        "Msg Sent": "17/10/2019 05:37:53",
        "Msg Received": "17/10/2019 05:37:53",
        "Msg Processed": "17/10/2019 05:37:53",
        "XML ID": "345",
        "Total Lag": "0.4650089",
        "Create Lag": "0.2460662",
        "Process Lag": "0.2189427"
      },
      {
        "Direction": "Outbound",
        "Destination": "Tallaght",
        "Time": "00:06:20",
        "AVLS": "00:07:00",
        "Tram": "3013",
        "Action": "a",
        "Msg Sent": "17/10/2019 05:37:53",
        "Msg Received": "17/10/2019 05:37:53",
        "Msg Processed": "17/10/2019 05:37:53",
        "XML ID": "345",
        "Total Lag": "0.3241904",
        "Create Lag": "0.2460662",
        "Process Lag": "0.0781242"
      }
    ]
  },
  {
    "stopID": "25",
    "stopQueryTime": 1571287080843,
    "count": 2,
    "results": [
      {
        "Direction": "Inbound",
        "Destination": "Broombridge",
        "Time": "00:10:53",
        "AVLS": "00:11:33",
        "Tram": "3020",
        "Action": "a",
        "Msg Sent": "17/10/2019 05:37:56",
        "Msg Received": "17/10/2019 05:37:56",
        "Msg Processed": "17/10/2019 05:37:56",
        "XML ID": "346",
        "Total Lag": "0.3400184",
        "Create Lag": "0.2150208",
        "Process Lag": "0.1249976"
      },
      {
        "Direction": "Outbound",
        "Destination": "Bride's Glen",
        "Time": "00:17:49",
        "AVLS": "00:18:29",
        "Tram": "5029",
        "Action": "a",
        "Msg Sent": "17/10/2019 05:37:56",
        "Msg Received": "17/10/2019 05:37:56",
        "Msg Processed": "17/10/2019 05:37:56",
        "XML ID": "346",
        "Total Lag": "0.3087732",
        "Create Lag": "0.2150208",
        "Process Lag": "0.0937524"
      }
    ]
  },
  {
    "stopID": "8",
    "stopQueryTime": 1571287080845,
    "count": 2,
    "results": [
      {
        "Direction": "Inbound",
        "Destination": "The Point",
        "Time": "00:01:43",
        "AVLS": "00:02:23",
        "Tram": "4003",
        "Action": "a",
        "Msg Sent": "17/10/2019 05:37:53",
        "Msg Received": "17/10/2019 05:37:53",
        "Msg Processed": "17/10/2019 05:37:53",
        "XML ID": "345",
        "Total Lag": "0.4335789",
        "Create Lag": "0.2460662",
        "Process Lag": "0.1875127"
      },
      {
        "Direction": "Inbound",
        "Destination": "The Point",
        "Time": "00:08:24",
        "AVLS": "00:09:04",
        "Tram": "3018",
        "Action": "a",
        "Msg Sent": "17/10/2019 05:37:53",
        "Msg Received": "17/10/2019 05:37:53",
        "Msg Processed": "17/10/2019 05:37:53",
        "XML ID": "345",
        "Total Lag": "0.3554613",
        "Create Lag": "0.2460662",
        "Process Lag": "0.1093951"
      }
    ]
  },
  {
    "stopID": "22",
    "stopQueryTime": 1571287080852,
    "count": 1,
    "results": [
      {
        "Direction": "Outbound",
        "Destination": "Tallaght",
        "Time": "00:17:59",
        "AVLS": "00:18:39",
        "Tram": "3019",
        "Action": "a",
        "Msg Sent": "17/10/2019 05:37:53",
        "Msg Received": "17/10/2019 05:37:53",
        "Msg Processed": "17/10/2019 05:37:53",
        "XML ID": "345",
        "Total Lag": "0.3866938",
        "Create Lag": "0.2460662",
        "Process Lag": "0.1406276"
      }
    ]
  },
  {
    "stopID": "20",
    "stopQueryTime": 1571287080854,
    "count": 1,
    "results": [
      {
        "Direction": "Outbound",
        "Destination": "Tallaght",
        "Time": "00:03:19",
        "AVLS": "00:03:59",
        "Tram": "3013",
        "Action": "a",
        "Msg Sent": "17/10/2019 05:37:53",
        "Msg Received": "17/10/2019 05:37:53",
        "Msg Processed": "17/10/2019 05:37:53",
        "XML ID": "345",
        "Total Lag": "0.3085662",
        "Create Lag": "0.2460662",
        "Process Lag": "0.0625"
      }
    ]
  },
  {
    "stopID": "5",
    "stopQueryTime": 1571287080858,
    "count": 3,
    "results": [
      {
        "Direction": "Inbound",
        "Destination": "The Point",
        "Time": "00:00:00",
        "AVLS": "00:00:29",
        "Tram": "3018",
        "Action": "a",
        "Msg Sent": "17/10/2019 05:37:53",
        "Msg Received": "17/10/2019 05:37:53",
        "Msg Processed": "17/10/2019 05:37:53",
        "XML ID": "345",
        "Total Lag": "0.3398256",
        "Create Lag": "0.2460662",
        "Process Lag": "0.0937594"
      },
      {
        "Direction": "Inbound",
        "Destination": "The Point",
        "Time": "00:19:20",
        "AVLS": "00:20:00",
        "Tram": "4004",
        "Action": "a",
        "Msg Sent": "17/10/2019 05:37:53",
        "Msg Received": "17/10/2019 05:37:53",
        "Msg Processed": "17/10/2019 05:37:53",
        "XML ID": "345",
        "Total Lag": "0.4962863",
        "Create Lag": "0.2460662",
        "Process Lag": "0.2502201"
      },
      {
        "Direction": "Outbound",
        "Destination": "Saggart",
        "Time": "00:06:27",
        "AVLS": "00:07:07",
        "Tram": "3009",
        "Action": "d",
        "Msg Sent": "17/10/2019 05:37:53",
        "Msg Received": "17/10/2019 05:37:53",
        "Msg Processed": "17/10/2019 05:37:53",
        "XML ID": "345",
        "Total Lag": "0.2460662",
        "Create Lag": "0.2460662",
        "Process Lag": "0"
      }
    ]
  },
  {
    "stopID": "23",
    "stopQueryTime": 1571287080860,
    "count": 0,
    "results": []
  },
  {
    "stopID": "28",
    "stopQueryTime": 1571287080862,
    "count": 1,
    "results": [
      {
        "Direction": "Inbound",
        "Destination": "Broombridge",
        "Time": "00:05:51",
        "AVLS": "00:06:31",
        "Tram": "3020",
        "Action": "a",
        "Msg Sent": "17/10/2019 05:37:56",
        "Msg Received": "17/10/2019 05:37:56",
        "Msg Processed": "17/10/2019 05:37:56",
        "XML ID": "346",
        "Total Lag": "0.3243956",
        "Create Lag": "0.2150208",
        "Process Lag": "0.1093748"
      }
    ]
  },
  {
    "stopID": "6",
    "stopQueryTime": 1571287080863,
    "count": 1,
    "results": [
      {
        "Direction": "Inbound",
        "Destination": "The Point",
        "Time": "00:02:56",
        "AVLS": "00:03:36",
        "Tram": "3018",
        "Action": "a",
        "Msg Sent": "17/10/2019 05:37:53",
        "Msg Received": "17/10/2019 05:37:53",
        "Msg Processed": "17/10/2019 05:37:53",
        "XML ID": "345",
        "Total Lag": "0.3398256",
        "Create Lag": "0.2460662",
        "Process Lag": "0.0937594"
      }
    ]
  },
  {
    "stopID": "14",
    "stopQueryTime": 1571287080869,
    "count": 3,
    "results": [
      {
        "Direction": "Inbound",
        "Destination": "The Point",
        "Time": "00:09:12",
        "AVLS": "00:09:52",
        "Tram": "4003",
        "Action": "a",
        "Msg Sent": "17/10/2019 05:37:53",
        "Msg Received": "17/10/2019 05:37:53",
        "Msg Processed": "17/10/2019 05:37:53",
        "XML ID": "345",
        "Total Lag": "0.4494467",
        "Create Lag": "0.2460662",
        "Process Lag": "0.2033805"
      },
      {
        "Direction": "Inbound",
        "Destination": "The Point",
        "Time": "00:15:53",
        "AVLS": "00:16:33",
        "Tram": "3018",
        "Action": "a",
        "Msg Sent": "17/10/2019 05:37:53",
        "Msg Received": "17/10/2019 05:37:53",
        "Msg Processed": "17/10/2019 05:37:53",
        "XML ID": "345",
        "Total Lag": "0.37107",
        "Create Lag": "0.2460662",
        "Process Lag": "0.1250038"
      },
      {
        "Direction": "Outbound",
        "Destination": "Tallaght",
        "Time": "00:15:17",
        "AVLS": "00:15:57",
        "Tram": "3013",
        "Action": "a",
        "Msg Sent": "17/10/2019 05:37:53",
        "Msg Received": "17/10/2019 05:37:53",
        "Msg Processed": "17/10/2019 05:37:53",
        "XML ID": "345",
        "Total Lag": "0.3241904",
        "Create Lag": "0.2460662",
        "Process Lag": "0.0781242"
      }
    ]
  },
  {
    "stopID": "19",
    "stopQueryTime": 1571287080871,
    "count": 2,
    "results": [
      {
        "Direction": "Inbound",
        "Destination": "The Point",
        "Time": "00:18:46",
        "AVLS": "00:19:26",
        "Tram": "4003",
        "Action": "a",
        "Msg Sent": "17/10/2019 05:37:53",
        "Msg Received": "17/10/2019 05:37:53",
        "Msg Processed": "17/10/2019 05:37:53",
        "XML ID": "345",
        "Total Lag": "0.4650089",
        "Create Lag": "0.2460662",
        "Process Lag": "0.2189427"
      },
      {
        "Direction": "Outbound",
        "Destination": "Tallaght",
        "Time": "00:05:15",
        "AVLS": "00:05:55",
        "Tram": "3013",
        "Action": "a",
        "Msg Sent": "17/10/2019 05:37:53",
        "Msg Received": "17/10/2019 05:37:53",
        "Msg Processed": "17/10/2019 05:37:53",
        "XML ID": "345",
        "Total Lag": "0.3085662",
        "Create Lag": "0.2460662",
        "Process Lag": "0.0625"
      }
    ]
  },
  {
    "stopID": "17",
    "stopQueryTime": 1571287080878,
    "count": 2,
    "results": [
      {
        "Direction": "Inbound",
        "Destination": "The Point",
        "Time": "00:15:26",
        "AVLS": "00:16:06",
        "Tram": "4003",
        "Action": "a",
        "Msg Sent": "17/10/2019 05:37:53",
        "Msg Received": "17/10/2019 05:37:53",
        "Msg Processed": "17/10/2019 05:37:53",
        "XML ID": "345",
        "Total Lag": "0.4650089",
        "Create Lag": "0.2460662",
        "Process Lag": "0.2189427"
      },
      {
        "Direction": "Outbound",
        "Destination": "Tallaght",
        "Time": "00:08:19",
        "AVLS": "00:08:59",
        "Tram": "3013",
        "Action": "a",
        "Msg Sent": "17/10/2019 05:37:53",
        "Msg Received": "17/10/2019 05:37:53",
        "Msg Processed": "17/10/2019 05:37:53",
        "XML ID": "345",
        "Total Lag": "0.3241904",
        "Create Lag": "0.2460662",
        "Process Lag": "0.0781242"
      }
    ]
  },
  {
    "stopID": "58",
    "stopQueryTime": 1571287080880,
    "count": 0,
    "results": []
  },
  {
    "stopID": "27",
    "stopQueryTime": 1571287080881,
    "count": 1,
    "results": [
      {
        "Direction": "Inbound",
        "Destination": "Broombridge",
        "Time": "00:07:22",
        "AVLS": "00:08:02",
        "Tram": "3020",
        "Action": "a",
        "Msg Sent": "17/10/2019 05:37:56",
        "Msg Received": "17/10/2019 05:37:56",
        "Msg Processed": "17/10/2019 05:37:56",
        "XML ID": "346",
        "Total Lag": "0.3400184",
        "Create Lag": "0.2150208",
        "Process Lag": "0.1249976"
      }
    ]
  },
  {
    "stopID": "57",
    "stopQueryTime": 1571287080888,
    "count": 1,
    "results": [
      {
        "Direction": "Outbound",
        "Destination": "Tallaght",
        "Time": "00:11:57",
        "AVLS": "00:12:37",
        "Tram": "3019",
        "Action": "d",
        "Msg Sent": "17/10/2019 05:37:53",
        "Msg Received": "17/10/2019 05:37:53",
        "Msg Processed": "17/10/2019 05:37:53",
        "XML ID": "345",
        "Total Lag": "0.37107",
        "Create Lag": "0.2460662",
        "Process Lag": "0.1250038"
      }
    ]
  },
  {
    "stopID": "24",
    "stopQueryTime": 1571287080889,
    "count": 2,
    "results": [
      {
        "Direction": "Inbound",
        "Destination": "Broombridge",
        "Time": "00:13:51",
        "AVLS": "00:14:31",
        "Tram": "3020",
        "Action": "a",
        "Msg Sent": "17/10/2019 05:37:56",
        "Msg Received": "17/10/2019 05:37:56",
        "Msg Processed": "17/10/2019 05:37:56",
        "XML ID": "346",
        "Total Lag": "0.3400184",
        "Create Lag": "0.2150208",
        "Process Lag": "0.1249976"
      },
      {
        "Direction": "Outbound",
        "Destination": "Bride's Glen",
        "Time": "00:15:51",
        "AVLS": "00:16:31",
        "Tram": "5029",
        "Action": "a",
        "Msg Sent": "17/10/2019 05:37:56",
        "Msg Received": "17/10/2019 05:37:56",
        "Msg Processed": "17/10/2019 05:37:56",
        "XML ID": "346",
        "Total Lag": "0.3087732",
        "Create Lag": "0.2150208",
        "Process Lag": "0.0937524"
      }
    ]
  },
  {
    "stopID": "26",
    "stopQueryTime": 1571287080895,
    "count": 1,
    "results": [
      {
        "Direction": "Inbound",
        "Destination": "Broombridge",
        "Time": "00:08:43",
        "AVLS": "00:09:23",
        "Tram": "3020",
        "Action": "a",
        "Msg Sent": "17/10/2019 05:37:56",
        "Msg Received": "17/10/2019 05:37:56",
        "Msg Processed": "17/10/2019 05:37:56",
        "XML ID": "346",
        "Total Lag": "0.3400184",
        "Create Lag": "0.2150208",
        "Process Lag": "0.1249976"
      }
    ]
  },
  {
    "stopID": "44",
    "stopQueryTime": 1571287080897,
    "count": 2,
    "results": [
      {
        "Direction": "Inbound",
        "Destination": "Broombridge",
        "Time": "00:17:27",
        "AVLS": "00:18:07",
        "Tram": "5006",
        "Action": "a",
        "Msg Sent": "17/10/2019 05:37:53",
        "Msg Received": "17/10/2019 05:37:53",
        "Msg Processed": "17/10/2019 05:37:53",
        "XML ID": "345",
        "Total Lag": "0.5275173",
        "Create Lag": "0.2460662",
        "Process Lag": "0.2814511"
      },
      {
        "Direction": "Outbound",
        "Destination": "Bride's Glen",
        "Time": "00:00:52",
        "AVLS": "00:01:32",
        "Tram": "5006",
        "Action": "a",
        "Msg Sent": "17/10/2019 05:37:53",
        "Msg Received": "17/10/2019 05:37:53",
        "Msg Processed": "17/10/2019 05:37:53",
        "XML ID": "345",
        "Total Lag": "0.4962863",
        "Create Lag": "0.2460662",
        "Process Lag": "0.2502201"
      }
    ]
  },
  {
    "stopID": "34",
    "stopQueryTime": 1571287080900,
    "count": 2,
    "results": [
      {
        "Direction": "Inbound",
        "Destination": "Broombridge",
        "Time": "00:12:46",
        "AVLS": "00:13:26",
        "Tram": "5011",
        "Action": "a",
        "Msg Sent": "17/10/2019 05:37:53",
        "Msg Received": "17/10/2019 05:37:53",
        "Msg Processed": "17/10/2019 05:37:53",
        "XML ID": "345",
        "Total Lag": "0.5587812",
        "Create Lag": "0.2460662",
        "Process Lag": "0.312715"
      },
      {
        "Direction": "Outbound",
        "Destination": "Bride's Glen",
        "Time": "00:08:01",
        "AVLS": "00:08:41",
        "Tram": "5021",
        "Action": "a",
        "Msg Sent": "17/10/2019 05:37:56",
        "Msg Received": "17/10/2019 05:37:56",
        "Msg Processed": "17/10/2019 05:37:56",
        "XML ID": "346",
        "Total Lag": "0.2618944",
        "Create Lag": "0.2150208",
        "Process Lag": "0.0468736"
      }
    ]
  },
  {
    "stopID": "42",
    "stopQueryTime": 1571287080902,
    "count": 2,
    "results": [
      {
        "Direction": "Inbound",
        "Destination": "Broombridge",
        "Time": "00:00:00",
        "AVLS": "00:00:31",
        "Tram": "5011",
        "Action": "a",
        "Msg Sent": "17/10/2019 05:37:53",
        "Msg Received": "17/10/2019 05:37:53",
        "Msg Processed": "17/10/2019 05:37:53",
        "XML ID": "345",
        "Total Lag": "0.5275173",
        "Create Lag": "0.2460662",
        "Process Lag": "0.2814511"
      },
      {
        "Direction": "Outbound",
        "Destination": "Bride's Glen",
        "Time": "00:16:49",
        "AVLS": "00:17:29",
        "Tram": "5002",
        "Action": "a",
        "Msg Sent": "17/10/2019 05:37:53",
        "Msg Received": "17/10/2019 05:37:53",
        "Msg Processed": "17/10/2019 05:37:53",
        "XML ID": "345",
        "Total Lag": "0.292941",
        "Create Lag": "0.2460662",
        "Process Lag": "0.0468748"
      }
    ]
  },
  {
    "stopID": "51",
    "stopQueryTime": 1571287080904,
    "count": 2,
    "results": [
      {
        "Direction": "Inbound",
        "Destination": "Belgard",
        "Time": "00:06:58",
        "AVLS": "00:07:38",
        "Tram": "3026",
        "Action": "a",
        "Msg Sent": "17/10/2019 05:37:53",
        "Msg Received": "17/10/2019 05:37:53",
        "Msg Processed": "17/10/2019 05:37:53",
        "XML ID": "345",
        "Total Lag": "0.4179449",
        "Create Lag": "0.2460662",
        "Process Lag": "0.1718787"
      },
      {
        "Direction": "Outbound",
        "Destination": "Saggart",
        "Time": "00:15:11",
        "AVLS": "00:15:51",
        "Tram": "3009",
        "Action": "a",
        "Msg Sent": "17/10/2019 05:37:53",
        "Msg Received": "17/10/2019 05:37:53",
        "Msg Processed": "17/10/2019 05:37:53",
        "XML ID": "345",
        "Total Lag": "0.2616938",
        "Create Lag": "0.2460662",
        "Process Lag": "0.0156276"
      }
    ]
  },
  {
    "stopID": "30",
    "stopQueryTime": 1571287080906,
    "count": 2,
    "results": [
      {
        "Direction": "Inbound",
        "Destination": "Broombridge",
        "Time": "00:02:37",
        "AVLS": "00:03:17",
        "Tram": "3020",
        "Action": "a",
        "Msg Sent": "17/10/2019 05:37:56",
        "Msg Received": "17/10/2019 05:37:56",
        "Msg Processed": "17/10/2019 05:37:56",
        "XML ID": "346",
        "Total Lag": "0.3243956",
        "Create Lag": "0.2150208",
        "Process Lag": "0.1093748"
      },
      {
        "Direction": "Outbound",
        "Destination": "Bride's Glen",
        "Time": "00:01:15",
        "AVLS": "00:01:55",
        "Tram": "5021",
        "Action": "a",
        "Msg Sent": "17/10/2019 05:37:56",
        "Msg Received": "17/10/2019 05:37:56",
        "Msg Processed": "17/10/2019 05:37:56",
        "XML ID": "346",
        "Total Lag": "0.2462701",
        "Create Lag": "0.2150208",
        "Process Lag": "0.0312493"
      }
    ]
  },
  {
    "stopID": "4",
    "stopQueryTime": 1571287080914,
    "count": 2,
    "results": [
      {
        "Direction": "Inbound",
        "Destination": "The Point",
        "Time": "00:17:27",
        "AVLS": "00:18:07",
        "Tram": "4004",
        "Action": "a",
        "Msg Sent": "17/10/2019 05:37:53",
        "Msg Received": "17/10/2019 05:37:53",
        "Msg Processed": "17/10/2019 05:37:53",
        "XML ID": "345",
        "Total Lag": "0.4962863",
        "Create Lag": "0.2460662",
        "Process Lag": "0.2502201"
      },
      {
        "Direction": "Outbound",
        "Destination": "Saggart",
        "Time": "00:08:10",
        "AVLS": "00:08:50",
        "Tram": "3009",
        "Action": "a",
        "Msg Sent": "17/10/2019 05:37:53",
        "Msg Received": "17/10/2019 05:37:53",
        "Msg Processed": "17/10/2019 05:37:53",
        "XML ID": "345",
        "Total Lag": "0.2616938",
        "Create Lag": "0.2460662",
        "Process Lag": "0.0156276"
      }
    ]
  },
  {
    "stopID": "29",
    "stopQueryTime": 1571287080917,
    "count": 2,
    "results": [
      {
        "Direction": "Inbound",
        "Destination": "Broombridge",
        "Time": "00:04:22",
        "AVLS": "00:05:02",
        "Tram": "3020",
        "Action": "a",
        "Msg Sent": "17/10/2019 05:37:56",
        "Msg Received": "17/10/2019 05:37:56",
        "Msg Processed": "17/10/2019 05:37:56",
        "XML ID": "346",
        "Total Lag": "0.3243956",
        "Create Lag": "0.2150208",
        "Process Lag": "0.1093748"
      },
      {
        "Direction": "Outbound",
        "Destination": "Bride's Glen",
        "Time": "00:00:00",
        "AVLS": "00:00:09",
        "Tram": "5021",
        "Action": "a",
        "Msg Sent": "17/10/2019 05:37:56",
        "Msg Received": "17/10/2019 05:37:56",
        "Msg Processed": "17/10/2019 05:37:56",
        "XML ID": "346",
        "Total Lag": "0.2462701",
        "Create Lag": "0.2150208",
        "Process Lag": "0.0312493"
      }
    ]
  },
  {
    "stopID": "55",
    "stopQueryTime": 1571287080919,
    "count": 1,
    "results": [
      {
        "Direction": "Outbound",
        "Destination": "Tallaght",
        "Time": "00:14:35",
        "AVLS": "00:15:15",
        "Tram": "3019",
        "Action": "a",
        "Msg Sent": "17/10/2019 05:37:53",
        "Msg Received": "17/10/2019 05:37:53",
        "Msg Processed": "17/10/2019 05:37:53",
        "XML ID": "345",
        "Total Lag": "0.3866938",
        "Create Lag": "0.2460662",
        "Process Lag": "0.1406276"
      }
    ]
  },
  {
    "stopID": "35",
    "stopQueryTime": 1571287080923,
    "count": 2,
    "results": [
      {
        "Direction": "Inbound",
        "Destination": "Broombridge",
        "Time": "00:10:46",
        "AVLS": "00:11:26",
        "Tram": "5011",
        "Action": "a",
        "Msg Sent": "17/10/2019 05:37:53",
        "Msg Received": "17/10/2019 05:37:53",
        "Msg Processed": "17/10/2019 05:37:53",
        "XML ID": "345",
        "Total Lag": "0.5587812",
        "Create Lag": "0.2460662",
        "Process Lag": "0.312715"
      },
      {
        "Direction": "Outbound",
        "Destination": "Bride's Glen",
        "Time": "00:09:40",
        "AVLS": "00:10:20",
        "Tram": "5021",
        "Action": "a",
        "Msg Sent": "17/10/2019 05:37:56",
        "Msg Received": "17/10/2019 05:37:56",
        "Msg Processed": "17/10/2019 05:37:56",
        "XML ID": "346",
        "Total Lag": "0.2618944",
        "Create Lag": "0.2150208",
        "Process Lag": "0.0468736"
      }
    ]
  },
  {
    "stopID": "54",
    "stopQueryTime": 1571287080926,
    "count": 1,
    "results": [
      {
        "Direction": "Outbound",
        "Destination": "Tallaght",
        "Time": "00:16:03",
        "AVLS": "00:16:43",
        "Tram": "3019",
        "Action": "a",
        "Msg Sent": "17/10/2019 05:37:53",
        "Msg Received": "17/10/2019 05:37:53",
        "Msg Processed": "17/10/2019 05:37:53",
        "XML ID": "345",
        "Total Lag": "0.3866938",
        "Create Lag": "0.2460662",
        "Process Lag": "0.1406276"
      }
    ]
  },
  {
    "stopID": "56",
    "stopQueryTime": 1571287080931,
    "count": 1,
    "results": [
      {
        "Direction": "Outbound",
        "Destination": "Tallaght",
        "Time": "00:12:36",
        "AVLS": "00:13:16",
        "Tram": "3019",
        "Action": "a",
        "Msg Sent": "17/10/2019 05:37:53",
        "Msg Received": "17/10/2019 05:37:53",
        "Msg Processed": "17/10/2019 05:37:53",
        "XML ID": "345",
        "Total Lag": "0.37107",
        "Create Lag": "0.2460662",
        "Process Lag": "0.1250038"
      }
    ]
  },
  {
    "stopID": "9",
    "stopQueryTime": 1571287080934,
    "count": 2,
    "results": [
      {
        "Direction": "Inbound",
        "Destination": "The Point",
        "Time": "00:03:45",
        "AVLS": "00:04:25",
        "Tram": "4003",
        "Action": "a",
        "Msg Sent": "17/10/2019 05:37:53",
        "Msg Received": "17/10/2019 05:37:53",
        "Msg Processed": "17/10/2019 05:37:53",
        "XML ID": "345",
        "Total Lag": "0.4335789",
        "Create Lag": "0.2460662",
        "Process Lag": "0.1875127"
      },
      {
        "Direction": "Inbound",
        "Destination": "The Point",
        "Time": "00:10:26",
        "AVLS": "00:11:06",
        "Tram": "3018",
        "Action": "a",
        "Msg Sent": "17/10/2019 05:37:53",
        "Msg Received": "17/10/2019 05:37:53",
        "Msg Processed": "17/10/2019 05:37:53",
        "XML ID": "345",
        "Total Lag": "0.3554613",
        "Create Lag": "0.2460662",
        "Process Lag": "0.1093951"
      }
    ]
  },
  {
    "stopID": "48",
    "stopQueryTime": 1571287080937,
    "count": 1,
    "results": [
      {
        "Direction": "Inbound",
        "Destination": "Broombridge",
        "Time": "00:11:27",
        "AVLS": "00:12:07",
        "Tram": "5006",
        "Action": "d",
        "Msg Sent": "17/10/2019 05:37:53",
        "Msg Received": "17/10/2019 05:37:53",
        "Msg Processed": "17/10/2019 05:37:53",
        "XML ID": "345",
        "Total Lag": "0.5118968",
        "Create Lag": "0.2460662",
        "Process Lag": "0.2658306"
      }
    ]
  },
  {
    "stopID": "2",
    "stopQueryTime": 1571287080944,
    "count": 2,
    "results": [
      {
        "Direction": "Inbound",
        "Destination": "The Point",
        "Time": "00:12:41",
        "AVLS": "00:13:21",
        "Tram": "4004",
        "Action": "a",
        "Msg Sent": "17/10/2019 05:37:53",
        "Msg Received": "17/10/2019 05:37:53",
        "Msg Processed": "17/10/2019 05:37:53",
        "XML ID": "345",
        "Total Lag": "0.4806459",
        "Create Lag": "0.2460662",
        "Process Lag": "0.2345797"
      },
      {
        "Direction": "Outbound",
        "Destination": "Tallaght",
        "Time": "00:00:00",
        "AVLS": "00:00:03",
        "Tram": "4004",
        "Action": "a",
        "Msg Sent": "17/10/2019 05:37:53",
        "Msg Received": "17/10/2019 05:37:53",
        "Msg Processed": "17/10/2019 05:37:53",
        "XML ID": "345",
        "Total Lag": "0.4806459",
        "Create Lag": "0.2460662",
        "Process Lag": "0.2345797"
      }
    ]
  },
  {
    "stopID": "50",
    "stopQueryTime": 1571287080947,
    "count": 2,
    "results": [
      {
        "Direction": "Inbound",
        "Destination": "Belgard",
        "Time": "00:08:45",
        "AVLS": "00:09:25",
        "Tram": "3026",
        "Action": "a",
        "Msg Sent": "17/10/2019 05:37:53",
        "Msg Received": "17/10/2019 05:37:53",
        "Msg Processed": "17/10/2019 05:37:53",
        "XML ID": "345",
        "Total Lag": "0.4335789",
        "Create Lag": "0.2460662",
        "Process Lag": "0.1875127"
      },
      {
        "Direction": "Outbound",
        "Destination": "Saggart",
        "Time": "00:13:31",
        "AVLS": "00:14:11",
        "Tram": "3009",
        "Action": "a",
        "Msg Sent": "17/10/2019 05:37:53",
        "Msg Received": "17/10/2019 05:37:53",
        "Msg Processed": "17/10/2019 05:37:53",
        "XML ID": "345",
        "Total Lag": "0.2616938",
        "Create Lag": "0.2460662",
        "Process Lag": "0.0156276"
      }
    ]
  },
  {
    "stopID": "46",
    "stopQueryTime": 1571287080949,
    "count": 2,
    "results": [
      {
        "Direction": "Inbound",
        "Destination": "Broombridge",
        "Time": "00:14:36",
        "AVLS": "00:15:16",
        "Tram": "5006",
        "Action": "a",
        "Msg Sent": "17/10/2019 05:37:53",
        "Msg Received": "17/10/2019 05:37:53",
        "Msg Processed": "17/10/2019 05:37:53",
        "XML ID": "345",
        "Total Lag": "0.5275173",
        "Create Lag": "0.2460662",
        "Process Lag": "0.2814511"
      },
      {
        "Direction": "Outbound",
        "Destination": "Bride's Glen",
        "Time": "00:03:43",
        "AVLS": "00:04:23",
        "Tram": "5006",
        "Action": "a",
        "Msg Sent": "17/10/2019 05:37:53",
        "Msg Received": "17/10/2019 05:37:53",
        "Msg Processed": "17/10/2019 05:37:53",
        "XML ID": "345",
        "Total Lag": "0.5118968",
        "Create Lag": "0.2460662",
        "Process Lag": "0.2658306"
      }
    ]
  },
  {
    "stopID": "32",
    "stopQueryTime": 1571287080953,
    "count": 2,
    "results": [
      {
        "Direction": "Inbound",
        "Destination": "Broombridge",
        "Time": "00:16:11",
        "AVLS": "00:16:51",
        "Tram": "5011",
        "Action": "a",
        "Msg Sent": "17/10/2019 05:37:56",
        "Msg Received": "17/10/2019 05:37:56",
        "Msg Processed": "17/10/2019 05:37:56",
        "XML ID": "346",
        "Total Lag": "0.2306452",
        "Create Lag": "0.2150208",
        "Process Lag": "0.0156244"
      },
      {
        "Direction": "Outbound",
        "Destination": "Bride's Glen",
        "Time": "00:05:01",
        "AVLS": "00:05:41",
        "Tram": "5021",
        "Action": "a",
        "Msg Sent": "17/10/2019 05:37:56",
        "Msg Received": "17/10/2019 05:37:56",
        "Msg Processed": "17/10/2019 05:37:56",
        "XML ID": "346",
        "Total Lag": "0.2462701",
        "Create Lag": "0.2150208",
        "Process Lag": "0.0312493"
      }
    ]
  },
  {
    "stopID": "1",
    "stopQueryTime": 1571287080955,
    "count": 2,
    "results": [
      {
        "Direction": "Inbound",
        "Destination": "The Point",
        "Time": "00:11:27",
        "AVLS": "00:12:07",
        "Tram": "4004",
        "Action": "d",
        "Msg Sent": "17/10/2019 05:37:53",
        "Msg Received": "17/10/2019 05:37:53",
        "Msg Processed": "17/10/2019 05:37:53",
        "XML ID": "345",
        "Total Lag": "0.4806459",
        "Create Lag": "0.2460662",
        "Process Lag": "0.2345797"
      },
      {
        "Direction": "Terminating",
        "Destination": "Tallaght",
        "Time": "00:01:04",
        "AVLS": "00:01:44",
        "Tram": "4004",
        "Action": "a",
        "Msg Sent": "17/10/2019 05:37:53",
        "Msg Received": "17/10/2019 05:37:53",
        "Msg Processed": "17/10/2019 05:37:53",
        "XML ID": "345",
        "Total Lag": "0.4806459",
        "Create Lag": "0.2460662",
        "Process Lag": "0.2345797"
      }
    ]
  },
  {
    "stopID": "38",
    "stopQueryTime": 1571287080958,
    "count": 3,
    "results": [
      {
        "Direction": "Inbound",
        "Destination": "Broombridge",
        "Time": "00:05:17",
        "AVLS": "00:05:57",
        "Tram": "5011",
        "Action": "a",
        "Msg Sent": "17/10/2019 05:37:53",
        "Msg Received": "17/10/2019 05:37:53",
        "Msg Processed": "17/10/2019 05:37:53",
        "XML ID": "345",
        "Total Lag": "0.5431511",
        "Create Lag": "0.2460662",
        "Process Lag": "0.2970849"
      },
      {
        "Direction": "Outbound",
        "Destination": "Bride's Glen",
        "Time": "00:11:28",
        "AVLS": "00:12:08",
        "Tram": "5002",
        "Action": "a",
        "Msg Sent": "17/10/2019 05:37:53",
        "Msg Received": "17/10/2019 05:37:53",
        "Msg Processed": "17/10/2019 05:37:53",
        "XML ID": "345",
        "Total Lag": "0.277319",
        "Create Lag": "0.2460662",
        "Process Lag": "0.0312528"
      },
      {
        "Direction": "Outbound",
        "Destination": "Bride's Glen",
        "Time": "00:15:02",
        "AVLS": "00:15:42",
        "Tram": "5021",
        "Action": "a",
        "Msg Sent": "17/10/2019 05:37:56",
        "Msg Received": "17/10/2019 05:37:56",
        "Msg Processed": "17/10/2019 05:37:56",
        "XML ID": "346",
        "Total Lag": "0.2775221",
        "Create Lag": "0.2150208",
        "Process Lag": "0.0625013"
      }
    ]
  },
  {
    "stopID": "43",
    "stopQueryTime": 1571287080959,
    "count": 3,
    "results": [
      {
        "Direction": "Inbound",
        "Destination": "Broombridge",
        "Time": "00:18:31",
        "AVLS": "00:19:11",
        "Tram": "5006",
        "Action": "a",
        "Msg Sent": "17/10/2019 05:37:53",
        "Msg Received": "17/10/2019 05:37:53",
        "Msg Processed": "17/10/2019 05:37:53",
        "XML ID": "345",
        "Total Lag": "0.5275173",
        "Create Lag": "0.2460662",
        "Process Lag": "0.2814511"
      },
      {
        "Direction": "Outbound",
        "Destination": "Bride's Glen",
        "Time": "00:00:00",
        "AVLS": "00:00:27",
        "Tram": "5006",
        "Action": "a",
        "Msg Sent": "17/10/2019 05:37:53",
        "Msg Received": "17/10/2019 05:37:53",
        "Msg Processed": "17/10/2019 05:37:53",
        "XML ID": "345",
        "Total Lag": "0.4962863",
        "Create Lag": "0.2460662",
        "Process Lag": "0.2502201"
      },
      {
        "Direction": "Outbound",
        "Destination": "Bride's Glen",
        "Time": "00:18:22",
        "AVLS": "00:19:02",
        "Tram": "5002",
        "Action": "a",
        "Msg Sent": "17/10/2019 05:37:53",
        "Msg Received": "17/10/2019 05:37:53",
        "Msg Processed": "17/10/2019 05:37:53",
        "XML ID": "345",
        "Total Lag": "0.292941",
        "Create Lag": "0.2460662",
        "Process Lag": "0.0468748"
      }
    ]
  },
  {
    "stopID": "45",
    "stopQueryTime": 1571287080962,
    "count": 2,
    "results": [
      {
        "Direction": "Inbound",
        "Destination": "Broombridge",
        "Time": "00:15:58",
        "AVLS": "00:16:38",
        "Tram": "5006",
        "Action": "a",
        "Msg Sent": "17/10/2019 05:37:53",
        "Msg Received": "17/10/2019 05:37:53",
        "Msg Processed": "17/10/2019 05:37:53",
        "XML ID": "345",
        "Total Lag": "0.5275173",
        "Create Lag": "0.2460662",
        "Process Lag": "0.2814511"
      },
      {
        "Direction": "Outbound",
        "Destination": "Bride's Glen",
        "Time": "00:02:20",
        "AVLS": "00:03:00",
        "Tram": "5006",
        "Action": "a",
        "Msg Sent": "17/10/2019 05:37:53",
        "Msg Received": "17/10/2019 05:37:53",
        "Msg Processed": "17/10/2019 05:37:53",
        "XML ID": "345",
        "Total Lag": "0.5118968",
        "Create Lag": "0.2460662",
        "Process Lag": "0.2658306"
      }
    ]
  },
  {
    "stopID": "36",
    "stopQueryTime": 1571287080965,
    "count": 3,
    "results": [
      {
        "Direction": "Inbound",
        "Destination": "Broombridge",
        "Time": "00:09:11",
        "AVLS": "00:09:51",
        "Tram": "5011",
        "Action": "a",
        "Msg Sent": "17/10/2019 05:37:53",
        "Msg Received": "17/10/2019 05:37:53",
        "Msg Processed": "17/10/2019 05:37:53",
        "XML ID": "345",
        "Total Lag": "0.5431511",
        "Create Lag": "0.2460662",
        "Process Lag": "0.2970849"
      },
      {
        "Direction": "Outbound",
        "Destination": "Bride's Glen",
        "Time": "00:07:27",
        "AVLS": "00:08:07",
        "Tram": "5002",
        "Action": "d",
        "Msg Sent": "17/10/2019 05:37:53",
        "Msg Received": "17/10/2019 05:37:53",
        "Msg Processed": "17/10/2019 05:37:53",
        "XML ID": "345",
        "Total Lag": "0.277319",
        "Create Lag": "0.2460662",
        "Process Lag": "0.0312528"
      },
      {
        "Direction": "Outbound",
        "Destination": "Bride's Glen",
        "Time": "00:11:01",
        "AVLS": "00:11:41",
        "Tram": "5021",
        "Action": "a",
        "Msg Sent": "17/10/2019 05:37:56",
        "Msg Received": "17/10/2019 05:37:56",
        "Msg Processed": "17/10/2019 05:37:56",
        "XML ID": "346",
        "Total Lag": "0.2618944",
        "Create Lag": "0.2150208",
        "Process Lag": "0.0468736"
      }
    ]
  },
  {
    "stopID": "40",
    "stopQueryTime": 1571287080967,
    "count": 3,
    "results": [
      {
        "Direction": "Inbound",
        "Destination": "Broombridge",
        "Time": "00:02:02",
        "AVLS": "00:02:42",
        "Tram": "5011",
        "Action": "a",
        "Msg Sent": "17/10/2019 05:37:53",
        "Msg Received": "17/10/2019 05:37:53",
        "Msg Processed": "17/10/2019 05:37:53",
        "XML ID": "345",
        "Total Lag": "0.5275173",
        "Create Lag": "0.2460662",
        "Process Lag": "0.2814511"
      },
      {
        "Direction": "Outbound",
        "Destination": "Bride's Glen",
        "Time": "00:14:41",
        "AVLS": "00:15:21",
        "Tram": "5002",
        "Action": "a",
        "Msg Sent": "17/10/2019 05:37:53",
        "Msg Received": "17/10/2019 05:37:53",
        "Msg Processed": "17/10/2019 05:37:53",
        "XML ID": "345",
        "Total Lag": "0.292941",
        "Create Lag": "0.2460662",
        "Process Lag": "0.0468748"
      },
      {
        "Direction": "Outbound",
        "Destination": "Bride's Glen",
        "Time": "00:18:15",
        "AVLS": "00:18:55",
        "Tram": "5021",
        "Action": "a",
        "Msg Sent": "17/10/2019 05:37:56",
        "Msg Received": "17/10/2019 05:37:56",
        "Msg Processed": "17/10/2019 05:37:56",
        "XML ID": "346",
        "Total Lag": "0.2931464",
        "Create Lag": "0.2150208",
        "Process Lag": "0.0781256"
      }
    ]
  },
  {
    "stopID": "49",
    "stopQueryTime": 1571287080969,
    "count": 2,
    "results": [
      {
        "Direction": "Inbound",
        "Destination": "Belgard",
        "Time": "00:10:33",
        "AVLS": "00:11:13",
        "Tram": "3026",
        "Action": "a",
        "Msg Sent": "17/10/2019 05:37:53",
        "Msg Received": "17/10/2019 05:37:53",
        "Msg Processed": "17/10/2019 05:37:53",
        "XML ID": "345",
        "Total Lag": "0.4335789",
        "Create Lag": "0.2460662",
        "Process Lag": "0.1875127"
      },
      {
        "Direction": "Outbound",
        "Destination": "Saggart",
        "Time": "00:11:52",
        "AVLS": "00:12:32",
        "Tram": "3009",
        "Action": "a",
        "Msg Sent": "17/10/2019 05:37:53",
        "Msg Received": "17/10/2019 05:37:53",
        "Msg Processed": "17/10/2019 05:37:53",
        "XML ID": "345",
        "Total Lag": "0.2616938",
        "Create Lag": "0.2460662",
        "Process Lag": "0.0156276"
      }
    ]
  },
  {
    "stopID": "47",
    "stopQueryTime": 1571287080975,
    "count": 2,
    "results": [
      {
        "Direction": "Inbound",
        "Destination": "Broombridge",
        "Time": "00:12:35",
        "AVLS": "00:13:15",
        "Tram": "5006",
        "Action": "a",
        "Msg Sent": "17/10/2019 05:37:53",
        "Msg Received": "17/10/2019 05:37:53",
        "Msg Processed": "17/10/2019 05:37:53",
        "XML ID": "345",
        "Total Lag": "0.5118968",
        "Create Lag": "0.2460662",
        "Process Lag": "0.2658306"
      },
      {
        "Direction": "Outbound",
        "Destination": "Bride's Glen",
        "Time": "00:05:40",
        "AVLS": "00:06:20",
        "Tram": "5006",
        "Action": "a",
        "Msg Sent": "17/10/2019 05:37:53",
        "Msg Received": "17/10/2019 05:37:53",
        "Msg Processed": "17/10/2019 05:37:53",
        "XML ID": "345",
        "Total Lag": "0.5118968",
        "Create Lag": "0.2460662",
        "Process Lag": "0.2658306"
      }
    ]
  },
  {
    "stopID": "12",
    "stopQueryTime": 1571287080982,
    "count": 3,
    "results": [
      {
        "Direction": "Inbound",
        "Destination": "The Point",
        "Time": "00:06:46",
        "AVLS": "00:07:26",
        "Tram": "4003",
        "Action": "a",
        "Msg Sent": "17/10/2019 05:37:53",
        "Msg Received": "17/10/2019 05:37:53",
        "Msg Processed": "17/10/2019 05:37:53",
        "XML ID": "345",
        "Total Lag": "0.4494467",
        "Create Lag": "0.2460662",
        "Process Lag": "0.2033805"
      },
      {
        "Direction": "Inbound",
        "Destination": "The Point",
        "Time": "00:13:27",
        "AVLS": "00:14:07",
        "Tram": "3018",
        "Action": "a",
        "Msg Sent": "17/10/2019 05:37:53",
        "Msg Received": "17/10/2019 05:37:53",
        "Msg Processed": "17/10/2019 05:37:53",
        "XML ID": "345",
        "Total Lag": "0.3554613",
        "Create Lag": "0.2460662",
        "Process Lag": "0.1093951"
      },
      {
        "Direction": "Outbound",
        "Destination": "Tallaght",
        "Time": "00:17:58",
        "AVLS": "00:18:38",
        "Tram": "3013",
        "Action": "a",
        "Msg Sent": "17/10/2019 05:37:53",
        "Msg Received": "17/10/2019 05:37:53",
        "Msg Processed": "17/10/2019 05:37:53",
        "XML ID": "345",
        "Total Lag": "0.3398256",
        "Create Lag": "0.2460662",
        "Process Lag": "0.0937594"
      }
    ]
  },
  {
    "stopID": "52",
    "stopQueryTime": 1571287080985,
    "count": 2,
    "results": [
      {
        "Direction": "Inbound",
        "Destination": "Belgard",
        "Time": "00:05:42",
        "AVLS": "00:06:22",
        "Tram": "3026",
        "Action": "a",
        "Msg Sent": "17/10/2019 05:37:53",
        "Msg Received": "17/10/2019 05:37:53",
        "Msg Processed": "17/10/2019 05:37:53",
        "XML ID": "345",
        "Total Lag": "0.4179449",
        "Create Lag": "0.2460662",
        "Process Lag": "0.1718787"
      },
      {
        "Direction": "Outbound",
        "Destination": "Saggart",
        "Time": "00:16:23",
        "AVLS": "00:17:03",
        "Tram": "3009",
        "Action": "a",
        "Msg Sent": "17/10/2019 05:37:53",
        "Msg Received": "17/10/2019 05:37:53",
        "Msg Processed": "17/10/2019 05:37:53",
        "XML ID": "345",
        "Total Lag": "0.2616938",
        "Create Lag": "0.2460662",
        "Process Lag": "0.0156276"
      }
    ]
  },
  {
    "stopID": "53",
    "stopQueryTime": 1571287080987,
    "count": 2,
    "results": [
      {
        "Direction": "Inbound",
        "Destination": "Belgard",
        "Time": "00:03:27",
        "AVLS": "00:04:07",
        "Tram": "3026",
        "Action": "d",
        "Msg Sent": "17/10/2019 05:37:53",
        "Msg Received": "17/10/2019 05:37:53",
        "Msg Processed": "17/10/2019 05:37:53",
        "XML ID": "345",
        "Total Lag": "0.4179449",
        "Create Lag": "0.2460662",
        "Process Lag": "0.1718787"
      },
      {
        "Direction": "Terminating",
        "Destination": "Saggart",
        "Time": "00:18:27",
        "AVLS": "00:19:07",
        "Tram": "3009",
        "Action": "a",
        "Msg Sent": "17/10/2019 05:37:53",
        "Msg Received": "17/10/2019 05:37:53",
        "Msg Processed": "17/10/2019 05:37:53",
        "XML ID": "345",
        "Total Lag": "0.277319",
        "Create Lag": "0.2460662",
        "Process Lag": "0.0312528"
      }
    ]
  },
  {
    "stopID": "33",
    "stopQueryTime": 1571287080992,
    "count": 2,
    "results": [
      {
        "Direction": "Inbound",
        "Destination": "Broombridge",
        "Time": "00:14:29",
        "AVLS": "00:15:09",
        "Tram": "5011",
        "Action": "a",
        "Msg Sent": "17/10/2019 05:37:56",
        "Msg Received": "17/10/2019 05:37:56",
        "Msg Processed": "17/10/2019 05:37:56",
        "XML ID": "346",
        "Total Lag": "0.2306452",
        "Create Lag": "0.2150208",
        "Process Lag": "0.0156244"
      },
      {
        "Direction": "Outbound",
        "Destination": "Bride's Glen",
        "Time": "00:06:27",
        "AVLS": "00:07:07",
        "Tram": "5021",
        "Action": "a",
        "Msg Sent": "17/10/2019 05:37:56",
        "Msg Received": "17/10/2019 05:37:56",
        "Msg Processed": "17/10/2019 05:37:56",
        "XML ID": "346",
        "Total Lag": "0.2618944",
        "Create Lag": "0.2150208",
        "Process Lag": "0.0468736"
      }
    ]
  },
  {
    "stopID": "37",
    "stopQueryTime": 1571287080997,
    "count": 3,
    "results": [
      {
        "Direction": "Inbound",
        "Destination": "Broombridge",
        "Time": "00:06:47",
        "AVLS": "00:07:27",
        "Tram": "5011",
        "Action": "a",
        "Msg Sent": "17/10/2019 05:37:53",
        "Msg Received": "17/10/2019 05:37:53",
        "Msg Processed": "17/10/2019 05:37:53",
        "XML ID": "345",
        "Total Lag": "0.5431511",
        "Create Lag": "0.2460662",
        "Process Lag": "0.2970849"
      },
      {
        "Direction": "Outbound",
        "Destination": "Bride's Glen",
        "Time": "00:10:00",
        "AVLS": "00:10:40",
        "Tram": "5002",
        "Action": "a",
        "Msg Sent": "17/10/2019 05:37:53",
        "Msg Received": "17/10/2019 05:37:53",
        "Msg Processed": "17/10/2019 05:37:53",
        "XML ID": "345",
        "Total Lag": "0.277319",
        "Create Lag": "0.2460662",
        "Process Lag": "0.0312528"
      },
      {
        "Direction": "Outbound",
        "Destination": "Bride's Glen",
        "Time": "00:13:34",
        "AVLS": "00:14:14",
        "Tram": "5021",
        "Action": "a",
        "Msg Sent": "17/10/2019 05:37:56",
        "Msg Received": "17/10/2019 05:37:56",
        "Msg Processed": "17/10/2019 05:37:56",
        "XML ID": "346",
        "Total Lag": "0.2775221",
        "Create Lag": "0.2150208",
        "Process Lag": "0.0625013"
      }
    ]
  },
  {
    "stopID": "39",
    "stopQueryTime": 1571287080998,
    "count": 3,
    "results": [
      {
        "Direction": "Inbound",
        "Destination": "Broombridge",
        "Time": "00:03:32",
        "AVLS": "00:04:12",
        "Tram": "5011",
        "Action": "a",
        "Msg Sent": "17/10/2019 05:37:53",
        "Msg Received": "17/10/2019 05:37:53",
        "Msg Processed": "17/10/2019 05:37:53",
        "XML ID": "345",
        "Total Lag": "0.5431511",
        "Create Lag": "0.2460662",
        "Process Lag": "0.2970849"
      },
      {
        "Direction": "Outbound",
        "Destination": "Bride's Glen",
        "Time": "00:13:13",
        "AVLS": "00:13:53",
        "Tram": "5002",
        "Action": "a",
        "Msg Sent": "17/10/2019 05:37:53",
        "Msg Received": "17/10/2019 05:37:53",
        "Msg Processed": "17/10/2019 05:37:53",
        "XML ID": "345",
        "Total Lag": "0.277319",
        "Create Lag": "0.2460662",
        "Process Lag": "0.0312528"
      },
      {
        "Direction": "Outbound",
        "Destination": "Bride's Glen",
        "Time": "00:16:47",
        "AVLS": "00:17:27",
        "Tram": "5021",
        "Action": "a",
        "Msg Sent": "17/10/2019 05:37:56",
        "Msg Received": "17/10/2019 05:37:56",
        "Msg Processed": "17/10/2019 05:37:56",
        "XML ID": "346",
        "Total Lag": "0.2931464",
        "Create Lag": "0.2150208",
        "Process Lag": "0.0781256"
      }
    ]
  },
  {
    "stopID": "31",
    "stopQueryTime": 1571287081000,
    "count": 3,
    "results": [
      {
        "Direction": "Inbound",
        "Destination": "Broombridge",
        "Time": "00:00:50",
        "AVLS": "00:01:30",
        "Tram": "3020",
        "Action": "a",
        "Msg Sent": "17/10/2019 05:37:56",
        "Msg Received": "17/10/2019 05:37:56",
        "Msg Processed": "17/10/2019 05:37:56",
        "XML ID": "346",
        "Total Lag": "0.3243956",
        "Create Lag": "0.2150208",
        "Process Lag": "0.1093748"
      },
      {
        "Direction": "Inbound",
        "Destination": "Broombridge",
        "Time": "00:18:10",
        "AVLS": "00:18:50",
        "Tram": "5011",
        "Action": "a",
        "Msg Sent": "17/10/2019 05:37:56",
        "Msg Received": "17/10/2019 05:37:56",
        "Msg Processed": "17/10/2019 05:37:56",
        "XML ID": "346",
        "Total Lag": "0.2306452",
        "Create Lag": "0.2150208",
        "Process Lag": "0.0156244"
      },
      {
        "Direction": "Outbound",
        "Destination": "Bride's Glen",
        "Time": "00:03:03",
        "AVLS": "00:03:43",
        "Tram": "5021",
        "Action": "a",
        "Msg Sent": "17/10/2019 05:37:56",
        "Msg Received": "17/10/2019 05:37:56",
        "Msg Processed": "17/10/2019 05:37:56",
        "XML ID": "346",
        "Total Lag": "0.2462701",
        "Create Lag": "0.2150208",
        "Process Lag": "0.0312493"
      }
    ]
  },
  {
    "stopID": "15",
    "stopQueryTime": 1571287081002,
    "count": 3,
    "results": [
      {
        "Direction": "Inbound",
        "Destination": "The Point",
        "Time": "00:10:50",
        "AVLS": "00:11:30",
        "Tram": "4003",
        "Action": "a",
        "Msg Sent": "17/10/2019 05:37:53",
        "Msg Received": "17/10/2019 05:37:53",
        "Msg Processed": "17/10/2019 05:37:53",
        "XML ID": "345",
        "Total Lag": "0.4650089",
        "Create Lag": "0.2460662",
        "Process Lag": "0.2189427"
      },
      {
        "Direction": "Inbound",
        "Destination": "The Point",
        "Time": "00:17:31",
        "AVLS": "00:18:11",
        "Tram": "3018",
        "Action": "a",
        "Msg Sent": "17/10/2019 05:37:53",
        "Msg Received": "17/10/2019 05:37:53",
        "Msg Processed": "17/10/2019 05:37:53",
        "XML ID": "345",
        "Total Lag": "0.37107",
        "Create Lag": "0.2460662",
        "Process Lag": "0.1250038"
      },
      {
        "Direction": "Outbound",
        "Destination": "Tallaght",
        "Time": "00:13:18",
        "AVLS": "00:13:58",
        "Tram": "3013",
        "Action": "a",
        "Msg Sent": "17/10/2019 05:37:53",
        "Msg Received": "17/10/2019 05:37:53",
        "Msg Processed": "17/10/2019 05:37:53",
        "XML ID": "345",
        "Total Lag": "0.3241904",
        "Create Lag": "0.2460662",
        "Process Lag": "0.0781242"
      }
    ]
  },
  {
    "stopID": "11",
    "stopQueryTime": 1571287081005,
    "count": 3,
    "results": [
      {
        "Direction": "Inbound",
        "Destination": "The Point",
        "Time": "00:05:47",
        "AVLS": "00:06:27",
        "Tram": "4003",
        "Action": "a",
        "Msg Sent": "17/10/2019 05:37:53",
        "Msg Received": "17/10/2019 05:37:53",
        "Msg Processed": "17/10/2019 05:37:53",
        "XML ID": "345",
        "Total Lag": "0.4494467",
        "Create Lag": "0.2460662",
        "Process Lag": "0.2033805"
      },
      {
        "Direction": "Inbound",
        "Destination": "The Point",
        "Time": "00:12:28",
        "AVLS": "00:13:08",
        "Tram": "3018",
        "Action": "a",
        "Msg Sent": "17/10/2019 05:37:53",
        "Msg Received": "17/10/2019 05:37:53",
        "Msg Processed": "17/10/2019 05:37:53",
        "XML ID": "345",
        "Total Lag": "0.3554613",
        "Create Lag": "0.2460662",
        "Process Lag": "0.1093951"
      },
      {
        "Direction": "Outbound",
        "Destination": "Tallaght",
        "Time": "00:19:03",
        "AVLS": "00:19:43",
        "Tram": "3013",
        "Action": "a",
        "Msg Sent": "17/10/2019 05:37:53",
        "Msg Received": "17/10/2019 05:37:53",
        "Msg Processed": "17/10/2019 05:37:53",
        "XML ID": "345",
        "Total Lag": "0.3398256",
        "Create Lag": "0.2460662",
        "Process Lag": "0.0937594"
      }
    ]
  },
  {
    "stopID": "13",
    "stopQueryTime": 1571287081007,
    "count": 3,
    "results": [
      {
        "Direction": "Inbound",
        "Destination": "The Point",
        "Time": "00:08:19",
        "AVLS": "00:08:59",
        "Tram": "4003",
        "Action": "a",
        "Msg Sent": "17/10/2019 05:37:53",
        "Msg Received": "17/10/2019 05:37:53",
        "Msg Processed": "17/10/2019 05:37:53",
        "XML ID": "345",
        "Total Lag": "0.4494467",
        "Create Lag": "0.2460662",
        "Process Lag": "0.2033805"
      },
      {
        "Direction": "Inbound",
        "Destination": "The Point",
        "Time": "00:15:00",
        "AVLS": "00:15:40",
        "Tram": "3018",
        "Action": "a",
        "Msg Sent": "17/10/2019 05:37:53",
        "Msg Received": "17/10/2019 05:37:53",
        "Msg Processed": "17/10/2019 05:37:53",
        "XML ID": "345",
        "Total Lag": "0.37107",
        "Create Lag": "0.2460662",
        "Process Lag": "0.1250038"
      },
      {
        "Direction": "Outbound",
        "Destination": "Tallaght",
        "Time": "00:16:17",
        "AVLS": "00:16:57",
        "Tram": "3013",
        "Action": "a",
        "Msg Sent": "17/10/2019 05:37:53",
        "Msg Received": "17/10/2019 05:37:53",
        "Msg Processed": "17/10/2019 05:37:53",
        "XML ID": "345",
        "Total Lag": "0.3398256",
        "Create Lag": "0.2460662",
        "Process Lag": "0.0937594"
      }
    ]
  }
]