[
  {
    "stopID": "2",
    "stopQueryTime": 1571287860794,
    "count": 1,
    "results": [
      {
        "Direction": "Inbound",
        "Destination": "The Point",
        "Time": "00:00:34",
        "AVLS": "00:01:14",
        "Tram": "4004",
        "Action": "a",
        "Msg Sent": "17/10/2019 05:50:53",
        "Msg Received": "17/10/2019 05:50:53",
        "Msg Processed": "17/10/2019 05:50:54",
        "XML ID": "576",
        "Total Lag": "1.0765765",
        "Create Lag": "0.8265769",
        "Process Lag": "0.2499996"
      }
    ]
  },
  {
    "stopID": "23",
    "stopQueryTime": 1571287860849,
    "count": 0,
    "results": []
  },
  {
    "stopID": "57",
    "stopQueryTime": 1571287860853,
    "count": 0,
    "results": []
  },
  {
    "stopID": "58",
    "stopQueryTime": 1571287860855,
    "count": 0,
    "results": []
  },
  {
    "stopID": "3",
    "stopQueryTime": 1571287860865,
    "count": 1,
    "results": [
      {
        "Direction": "Inbound",
        "Destination": "The Point",
        "Time": "00:02:15",
        "AVLS": "00:02:55",
        "Tram": "4004",
        "Action": "a",
        "Msg Sent": "17/10/2019 05:50:53",
        "Msg Received": "17/10/2019 05:50:53",
        "Msg Processed": "17/10/2019 05:50:54",
        "XML ID": "576",
        "Total Lag": "1.0765765",
        "Create Lag": "0.8265769",
        "Process Lag": "0.2499996"
      }
    ]
  },
  {
    "stopID": "1",
    "stopQueryTime": 1571287860880,
    "count": 1,
    "results": [
      {
        "Direction": "Inbound",
        "Destination": "The Point",
        "Time": "00:00:00",
        "AVLS": "00:00:00",
        "Tram": "4004",
        "Action": "d",
        "Msg Sent": "17/10/2019 05:50:53",
        "Msg Received": "17/10/2019 05:50:53",
        "Msg Processed": "17/10/2019 05:50:54",
        "XML ID": "576",
        "Total Lag": "1.0609533",
        "Create Lag": "0.8265769",
        "Process Lag": "0.2343764"
      }
    ]
  },
  {
    "stopID": "5",
    "stopQueryTime": 1571287860883,
    "count": 2,
    "results": [
      {
        "Direction": "Inbound",
        "Destination": "The Point",
        "Time": "00:07:13",
        "AVLS": "00:07:53",
        "Tram": "4004",
        "Action": "a",
        "Msg Sent": "17/10/2019 05:50:53",
        "Msg Received": "17/10/2019 05:50:53",
        "Msg Processed": "17/10/2019 05:50:54",
        "XML ID": "576",
        "Total Lag": "1.0765765",
        "Create Lag": "0.8265769",
        "Process Lag": "0.2499996"
      },
      {
        "Direction": "Outbound",
        "Destination": "Tallaght",
        "Time": "00:19:15",
        "AVLS": "00:19:55",
        "Tram": "3013",
        "Action": "a",
        "Msg Sent": "17/10/2019 05:50:53",
        "Msg Received": "17/10/2019 05:50:53",
        "Msg Processed": "17/10/2019 05:50:53",
        "XML ID": "576",
        "Total Lag": "0.9203383",
        "Create Lag": "0.8265769",
        "Process Lag": "0.0937614"
      }
    ]
  },
  {
    "stopID": "48",
    "stopQueryTime": 1571287860886,
    "count": 1,
    "results": [
      {
        "Direction": "Inbound",
        "Destination": "Broombridge",
        "Time": "00:18:27",
        "AVLS": "00:19:07",
        "Tram": "5002",
        "Action": "d",
        "Msg Sent": "17/10/2019 05:50:53",
        "Msg Received": "17/10/2019 05:50:53",
        "Msg Processed": "17/10/2019 05:50:54",
        "XML ID": "576",
        "Total Lag": "1.1400354",
        "Create Lag": "0.8265769",
        "Process Lag": "0.3134585"
      }
    ]
  },
  {
    "stopID": "8",
    "stopQueryTime": 1571287860890,
    "count": 2,
    "results": [
      {
        "Direction": "Inbound",
        "Destination": "The Point",
        "Time": "00:15:48",
        "AVLS": "00:16:28",
        "Tram": "4004",
        "Action": "a",
        "Msg Sent": "17/10/2019 05:50:53",
        "Msg Received": "17/10/2019 05:50:53",
        "Msg Processed": "17/10/2019 05:50:54",
        "XML ID": "576",
        "Total Lag": "1.0922085",
        "Create Lag": "0.8265769",
        "Process Lag": "0.2656316"
      },
      {
        "Direction": "Outbound",
        "Destination": "Tallaght",
        "Time": "00:10:23",
        "AVLS": "00:11:03",
        "Tram": "3013",
        "Action": "a",
        "Msg Sent": "17/10/2019 05:50:53",
        "Msg Received": "17/10/2019 05:50:53",
        "Msg Processed": "17/10/2019 05:50:53",
        "XML ID": "576",
        "Total Lag": "0.9047083",
        "Create Lag": "0.8265769",
        "Process Lag": "0.0781314"
      }
    ]
  },
  {
    "stopID": "26",
    "stopQueryTime": 1571287860893,
    "count": 2,
    "results": [
      {
        "Direction": "Inbound",
        "Destination": "Broombridge",
        "Time": "00:15:27",
        "AVLS": "00:16:07",
        "Tram": "5011",
        "Action": "a",
        "Msg Sent": "17/10/2019 05:50:56",
        "Msg Received": "17/10/2019 05:50:56",
        "Msg Processed": "17/10/2019 05:50:56",
        "XML ID": "577",
        "Total Lag": "0.5305183",
        "Create Lag": "0.4680148",
        "Process Lag": "0.0625035"
      },
      {
        "Direction": "Outbound",
        "Destination": "Bride's Glen",
        "Time": "00:06:17",
        "AVLS": "00:06:57",
        "Tram": "5029",
        "Action": "a",
        "Msg Sent": "17/10/2019 05:50:56",
        "Msg Received": "17/10/2019 05:50:56",
        "Msg Processed": "17/10/2019 05:50:56",
        "XML ID": "577",
        "Total Lag": "0.5781636",
        "Create Lag": "0.4836401",
        "Process Lag": "0.0945235"
      }
    ]
  },
  {
    "stopID": "13",
    "stopQueryTime": 1571287860898,
    "count": 2,
    "results": [
      {
        "Direction": "Inbound",
        "Destination": "The Point",
        "Time": "00:03:37",
        "AVLS": "00:04:17",
        "Tram": "3018",
        "Action": "a",
        "Msg Sent": "17/10/2019 05:50:53",
        "Msg Received": "17/10/2019 05:50:53",
        "Msg Processed": "17/10/2019 05:50:53",
        "XML ID": "576",
        "Total Lag": "0.9359483",
        "Create Lag": "0.8265769",
        "Process Lag": "0.1093714"
      },
      {
        "Direction": "Outbound",
        "Destination": "Tallaght",
        "Time": "00:03:10",
        "AVLS": "00:03:50",
        "Tram": "3013",
        "Action": "a",
        "Msg Sent": "17/10/2019 05:50:53",
        "Msg Received": "17/10/2019 05:50:53",
        "Msg Processed": "17/10/2019 05:50:53",
        "XML ID": "576",
        "Total Lag": "0.8890767",
        "Create Lag": "0.8265769",
        "Process Lag": "0.0624998"
      }
    ]
  },
  {
    "stopID": "11",
    "stopQueryTime": 1571287860900,
    "count": 2,
    "results": [
      {
        "Direction": "Inbound",
        "Destination": "The Point",
        "Time": "00:01:05",
        "AVLS": "00:01:45",
        "Tram": "3018",
        "Action": "a",
        "Msg Sent": "17/10/2019 05:50:53",
        "Msg Received": "17/10/2019 05:50:53",
        "Msg Processed": "17/10/2019 05:50:53",
        "XML ID": "576",
        "Total Lag": "0.9203383",
        "Create Lag": "0.8265769",
        "Process Lag": "0.0937614"
      },
      {
        "Direction": "Outbound",
        "Destination": "Tallaght",
        "Time": "00:05:56",
        "AVLS": "00:06:36",
        "Tram": "3013",
        "Action": "a",
        "Msg Sent": "17/10/2019 05:50:53",
        "Msg Received": "17/10/2019 05:50:53",
        "Msg Processed": "17/10/2019 05:50:53",
        "XML ID": "576",
        "Total Lag": "0.9047083",
        "Create Lag": "0.8265769",
        "Process Lag": "0.0781314"
      }
    ]
  },
  {
    "stopID": "30",
    "stopQueryTime": 1571287860998,
    "count": 2,
    "results": [
      {
        "Direction": "Inbound",
        "Destination": "Broombridge",
        "Time": "00:09:21",
        "AVLS": "00:10:01",
        "Tram": "5011",
        "Action": "a",
        "Msg Sent": "17/10/2019 05:50:56",
        "Msg Received": "17/10/2019 05:50:56",
        "Msg Processed": "17/10/2019 05:50:56",
        "XML ID": "577",
        "Total Lag": "0.5149008",
        "Create Lag": "0.4680148",
        "Process Lag": "0.046886"
      },
      {
        "Direction": "Outbound",
        "Destination": "Bride's Glen",
        "Time": "00:12:53",
        "AVLS": "00:13:33",
        "Tram": "5029",
        "Action": "a",
        "Msg Sent": "17/10/2019 05:50:56",
        "Msg Received": "17/10/2019 05:50:56",
        "Msg Processed": "17/10/2019 05:50:56",
        "XML ID": "577",
        "Total Lag": "0.5934315",
        "Create Lag": "0.4836401",
        "Process Lag": "0.1097914"
      }
    ]
  },
  {
    "stopID": "6",
    "stopQueryTime": 1571287861002,
    "count": 2,
    "results": [
      {
        "Direction": "Inbound",
        "Destination": "The Point",
        "Time": "00:10:20",
        "AVLS": "00:11:00",
        "Tram": "4004",
        "Action": "a",
        "Msg Sent": "17/10/2019 05:50:53",
        "Msg Received": "17/10/2019 05:50:53",
        "Msg Processed": "17/10/2019 05:50:54",
        "XML ID": "576",
        "Total Lag": "1.0765765",
        "Create Lag": "0.8265769",
        "Process Lag": "0.2499996"
      },
      {
        "Direction": "Outbound",
        "Destination": "Tallaght",
        "Time": "00:16:00",
        "AVLS": "00:16:40",
        "Tram": "3013",
        "Action": "a",
        "Msg Sent": "17/10/2019 05:50:53",
        "Msg Received": "17/10/2019 05:50:53",
        "Msg Processed": "17/10/2019 05:50:53",
        "XML ID": "576",
        "Total Lag": "0.9203383",
        "Create Lag": "0.8265769",
        "Process Lag": "0.0937614"
      }
    ]
  },
  {
    "stopID": "22",
    "stopQueryTime": 1571287861005,
    "count": 2,
    "results": [
      {
        "Direction": "Inbound",
        "Destination": "The Point",
        "Time": "00:14:20",
        "AVLS": "00:15:00",
        "Tram": "4003",
        "Action": "a",
        "Msg Sent": "17/10/2019 05:50:53",
        "Msg Received": "17/10/2019 05:50:53",
        "Msg Processed": "17/10/2019 05:50:54",
        "XML ID": "576",
        "Total Lag": "1.0453373",
        "Create Lag": "0.8265769",
        "Process Lag": "0.2187604"
      },
      {
        "Direction": "Outbound",
        "Destination": "Tallaght",
        "Time": "00:05:14",
        "AVLS": "00:05:54",
        "Tram": "3019",
        "Action": "a",
        "Msg Sent": "17/10/2019 05:50:53",
        "Msg Received": "17/10/2019 05:50:53",
        "Msg Processed": "17/10/2019 05:50:53",
        "XML ID": "576",
        "Total Lag": "0.9672041",
        "Create Lag": "0.8265769",
        "Process Lag": "0.1406272"
      }
    ]
  },
  {
    "stopID": "7",
    "stopQueryTime": 1571287861007,
    "count": 2,
    "results": [
      {
        "Direction": "Inbound",
        "Destination": "The Point",
        "Time": "00:14:22",
        "AVLS": "00:15:02",
        "Tram": "4004",
        "Action": "a",
        "Msg Sent": "17/10/2019 05:50:53",
        "Msg Received": "17/10/2019 05:50:53",
        "Msg Processed": "17/10/2019 05:50:54",
        "XML ID": "576",
        "Total Lag": "1.0922085",
        "Create Lag": "0.8265769",
        "Process Lag": "0.2656316"
      },
      {
        "Direction": "Outbound",
        "Destination": "Tallaght",
        "Time": "00:11:57",
        "AVLS": "00:12:37",
        "Tram": "3013",
        "Action": "a",
        "Msg Sent": "17/10/2019 05:50:53",
        "Msg Received": "17/10/2019 05:50:53",
        "Msg Processed": "17/10/2019 05:50:53",
        "XML ID": "576",
        "Total Lag": "0.9047083",
        "Create Lag": "0.8265769",
        "Process Lag": "0.0781314"
      }
    ]
  },
  {
    "stopID": "24",
    "stopQueryTime": 1571287861009,
    "count": 2,
    "results": [
      {
        "Direction": "Inbound",
        "Destination": "Broombridge",
        "Time": "00:03:59",
        "AVLS": "00:04:39",
        "Tram": "3020",
        "Action": "a",
        "Msg Sent": "17/10/2019 05:50:56",
        "Msg Received": "17/10/2019 05:50:56",
        "Msg Processed": "17/10/2019 05:50:56",
        "XML ID": "577",
        "Total Lag": "0.6090789",
        "Create Lag": "0.4836401",
        "Process Lag": "0.1254388"
      },
      {
        "Direction": "Outbound",
        "Destination": "Bride's Glen",
        "Time": "00:01:39",
        "AVLS": "00:02:19",
        "Tram": "5029",
        "Action": "a",
        "Msg Sent": "17/10/2019 05:50:56",
        "Msg Received": "17/10/2019 05:50:56",
        "Msg Processed": "17/10/2019 05:50:56",
        "XML ID": "577",
        "Total Lag": "0.5781636",
        "Create Lag": "0.4836401",
        "Process Lag": "0.0945235"
      }
    ]
  },
  {
    "stopID": "12",
    "stopQueryTime": 1571287861014,
    "count": 2,
    "results": [
      {
        "Direction": "Inbound",
        "Destination": "The Point",
        "Time": "00:02:04",
        "AVLS": "00:02:44",
        "Tram": "3018",
        "Action": "a",
        "Msg Sent": "17/10/2019 05:50:53",
        "Msg Received": "17/10/2019 05:50:53",
        "Msg Processed": "17/10/2019 05:50:53",
        "XML ID": "576",
        "Total Lag": "0.9359483",
        "Create Lag": "0.8265769",
        "Process Lag": "0.1093714"
      },
      {
        "Direction": "Outbound",
        "Destination": "Tallaght",
        "Time": "00:04:51",
        "AVLS": "00:05:31",
        "Tram": "3013",
        "Action": "a",
        "Msg Sent": "17/10/2019 05:50:53",
        "Msg Received": "17/10/2019 05:50:53",
        "Msg Processed": "17/10/2019 05:50:53",
        "XML ID": "576",
        "Total Lag": "0.8890767",
        "Create Lag": "0.8265769",
        "Process Lag": "0.0624998"
      }
    ]
  },
  {
    "stopID": "28",
    "stopQueryTime": 1571287861017,
    "count": 2,
    "results": [
      {
        "Direction": "Inbound",
        "Destination": "Broombridge",
        "Time": "00:12:35",
        "AVLS": "00:13:15",
        "Tram": "5011",
        "Action": "a",
        "Msg Sent": "17/10/2019 05:50:56",
        "Msg Received": "17/10/2019 05:50:56",
        "Msg Processed": "17/10/2019 05:50:56",
        "XML ID": "577",
        "Total Lag": "0.5149008",
        "Create Lag": "0.4680148",
        "Process Lag": "0.046886"
      },
      {
        "Direction": "Outbound",
        "Destination": "Bride's Glen",
        "Time": "00:09:39",
        "AVLS": "00:10:19",
        "Tram": "5029",
        "Action": "a",
        "Msg Sent": "17/10/2019 05:50:56",
        "Msg Received": "17/10/2019 05:50:56",
        "Msg Processed": "17/10/2019 05:50:56",
        "XML ID": "577",
        "Total Lag": "0.5934315",
        "Create Lag": "0.4836401",
        "Process Lag": "0.1097914"
      }
    ]
  },
  {
    "stopID": "27",
    "stopQueryTime": 1571287861024,
    "count": 2,
    "results": [
      {
        "Direction": "Inbound",
        "Destination": "Broombridge",
        "Time": "00:14:06",
        "AVLS": "00:14:46",
        "Tram": "5011",
        "Action": "a",
        "Msg Sent": "17/10/2019 05:50:56",
        "Msg Received": "17/10/2019 05:50:56",
        "Msg Processed": "17/10/2019 05:50:56",
        "XML ID": "577",
        "Total Lag": "0.5149008",
        "Create Lag": "0.4680148",
        "Process Lag": "0.046886"
      },
      {
        "Direction": "Outbound",
        "Destination": "Bride's Glen",
        "Time": "00:07:45",
        "AVLS": "00:08:25",
        "Tram": "5029",
        "Action": "a",
        "Msg Sent": "17/10/2019 05:50:56",
        "Msg Received": "17/10/2019 05:50:56",
        "Msg Processed": "17/10/2019 05:50:56",
        "XML ID": "577",
        "Total Lag": "0.5781636",
        "Create Lag": "0.4836401",
        "Process Lag": "0.0945235"
      }
    ]
  },
  {
    "stopID": "37",
    "stopQueryTime": 1571287861026,
    "count": 2,
    "results": [
      {
        "Direction": "Inbound",
        "Destination": "Broombridge",
        "Time": "00:14:49",
        "AVLS": "00:15:29",
        "Tram": "5006",
        "Action": "a",
        "Msg Sent": "17/10/2019 05:50:53",
        "Msg Received": "17/10/2019 05:50:53",
        "Msg Processed": "17/10/2019 05:50:54",
        "XML ID": "576",
        "Total Lag": "1.1711407",
        "Create Lag": "0.8265769",
        "Process Lag": "0.3445638"
      },
      {
        "Direction": "Outbound",
        "Destination": "Bride's Glen",
        "Time": "00:01:24",
        "AVLS": "00:02:04",
        "Tram": "5021",
        "Action": "a",
        "Msg Sent": "17/10/2019 05:50:56",
        "Msg Received": "17/10/2019 05:50:56",
        "Msg Processed": "17/10/2019 05:50:56",
        "XML ID": "577",
        "Total Lag": "0.5305183",
        "Create Lag": "0.4680148",
        "Process Lag": "0.0625035"
      }
    ]
  },
  {
    "stopID": "4",
    "stopQueryTime": 1571287861027,
    "count": 2,
    "results": [
      {
        "Direction": "Inbound",
        "Destination": "The Point",
        "Time": "00:05:20",
        "AVLS": "00:06:00",
        "Tram": "4004",
        "Action": "a",
        "Msg Sent": "17/10/2019 05:50:53",
        "Msg Received": "17/10/2019 05:50:53",
        "Msg Processed": "17/10/2019 05:50:54",
        "XML ID": "576",
        "Total Lag": "1.0765765",
        "Create Lag": "0.8265769",
        "Process Lag": "0.2499996"
      },
      {
        "Direction": "Outbound",
        "Destination": "Saggart",
        "Time": "00:08:57",
        "AVLS": "00:09:37",
        "Tram": "3026",
        "Action": "a",
        "Msg Sent": "17/10/2019 05:50:53",
        "Msg Received": "17/10/2019 05:50:53",
        "Msg Processed": "17/10/2019 05:50:54",
        "XML ID": "576",
        "Total Lag": "1.0140772",
        "Create Lag": "0.8265769",
        "Process Lag": "0.1875003"
      }
    ]
  },
  {
    "stopID": "55",
    "stopQueryTime": 1571287861030,
    "count": 2,
    "results": [
      {
        "Direction": "Inbound",
        "Destination": "The Point",
        "Time": "00:17:30",
        "AVLS": "00:18:10",
        "Tram": "4003",
        "Action": "a",
        "Msg Sent": "17/10/2019 05:50:53",
        "Msg Received": "17/10/2019 05:50:53",
        "Msg Processed": "17/10/2019 05:50:54",
        "XML ID": "576",
        "Total Lag": "1.0609533",
        "Create Lag": "0.8265769",
        "Process Lag": "0.2343764"
      },
      {
        "Direction": "Outbound",
        "Destination": "Tallaght",
        "Time": "00:01:50",
        "AVLS": "00:02:30",
        "Tram": "3019",
        "Action": "a",
        "Msg Sent": "17/10/2019 05:50:53",
        "Msg Received": "17/10/2019 05:50:53",
        "Msg Processed": "17/10/2019 05:50:53",
        "XML ID": "576",
        "Total Lag": "0.9672041",
        "Create Lag": "0.8265769",
        "Process Lag": "0.1406272"
      }
    ]
  },
  {
    "stopID": "36",
    "stopQueryTime": 1571287861033,
    "count": 2,
    "results": [
      {
        "Direction": "Inbound",
        "Destination": "Parnell",
        "Time": "00:08:27",
        "AVLS": "00:09:07",
        "Tram": "5003",
        "Action": "d",
        "Msg Sent": "17/10/2019 05:50:53",
        "Msg Received": "17/10/2019 05:50:53",
        "Msg Processed": "17/10/2019 05:50:53",
        "XML ID": "576",
        "Total Lag": "0.8265769",
        "Create Lag": "0.8265769",
        "Process Lag": "0"
      },
      {
        "Direction": "Inbound",
        "Destination": "Broombridge",
        "Time": "00:17:13",
        "AVLS": "00:17:53",
        "Tram": "5006",
        "Action": "a",
        "Msg Sent": "17/10/2019 05:50:56",
        "Msg Received": "17/10/2019 05:50:56",
        "Msg Processed": "17/10/2019 05:50:56",
        "XML ID": "577",
        "Total Lag": "0.4836401",
        "Create Lag": "0.4680148",
        "Process Lag": "0.0156253"
      }
    ]
  },
  {
    "stopID": "29",
    "stopQueryTime": 1571287861036,
    "count": 2,
    "results": [
      {
        "Direction": "Inbound",
        "Destination": "Broombridge",
        "Time": "00:11:06",
        "AVLS": "00:11:46",
        "Tram": "5011",
        "Action": "a",
        "Msg Sent": "17/10/2019 05:50:56",
        "Msg Received": "17/10/2019 05:50:56",
        "Msg Processed": "17/10/2019 05:50:56",
        "XML ID": "577",
        "Total Lag": "0.5149008",
        "Create Lag": "0.4680148",
        "Process Lag": "0.046886"
      },
      {
        "Direction": "Outbound",
        "Destination": "Bride's Glen",
        "Time": "00:11:07",
        "AVLS": "00:11:47",
        "Tram": "5029",
        "Action": "a",
        "Msg Sent": "17/10/2019 05:50:56",
        "Msg Received": "17/10/2019 05:50:56",
        "Msg Processed": "17/10/2019 05:50:56",
        "XML ID": "577",
        "Total Lag": "0.5934315",
        "Create Lag": "0.4836401",
        "Process Lag": "0.1097914"
      }
    ]
  },
  {
    "stopID": "38",
    "stopQueryTime": 1571287861042,
    "count": 2,
    "results": [
      {
        "Direction": "Inbound",
        "Destination": "Broombridge",
        "Time": "00:13:19",
        "AVLS": "00:13:59",
        "Tram": "5006",
        "Action": "a",
        "Msg Sent": "17/10/2019 05:50:53",
        "Msg Received": "17/10/2019 05:50:53",
        "Msg Processed": "17/10/2019 05:50:54",
        "XML ID": "576",
        "Total Lag": "1.1555017",
        "Create Lag": "0.8265769",
        "Process Lag": "0.3289248"
      },
      {
        "Direction": "Outbound",
        "Destination": "Bride's Glen",
        "Time": "00:02:52",
        "AVLS": "00:03:32",
        "Tram": "5021",
        "Action": "a",
        "Msg Sent": "17/10/2019 05:50:56",
        "Msg Received": "17/10/2019 05:50:56",
        "Msg Processed": "17/10/2019 05:50:56",
        "XML ID": "577",
        "Total Lag": "0.5305183",
        "Create Lag": "0.4680148",
        "Process Lag": "0.0625035"
      }
    ]
  },
  {
    "stopID": "34",
    "stopQueryTime": 1571287861046,
    "count": 2,
    "results": [
      {
        "Direction": "Inbound",
        "Destination": "Broombridge",
        "Time": "00:02:10",
        "AVLS": "00:02:50",
        "Tram": "5011",
        "Action": "a",
        "Msg Sent": "17/10/2019 05:50:56",
        "Msg Received": "17/10/2019 05:50:56",
        "Msg Processed": "17/10/2019 05:50:56",
        "XML ID": "577",
        "Total Lag": "0.4836401",
        "Create Lag": "0.4680148",
        "Process Lag": "0.0156253"
      },
      {
        "Direction": "Inbound",
        "Destination": "Parnell",
        "Time": "00:12:02",
        "AVLS": "00:12:42",
        "Tram": "5003",
        "Action": "a",
        "Msg Sent": "17/10/2019 05:50:53",
        "Msg Received": "17/10/2019 05:50:53",
        "Msg Processed": "17/10/2019 05:50:53",
        "XML ID": "576",
        "Total Lag": "0.8265769",
        "Create Lag": "0.8265769",
        "Process Lag": "0"
      }
    ]
  },
  {
    "stopID": "14",
    "stopQueryTime": 1571287861051,
    "count": 2,
    "results": [
      {
        "Direction": "Inbound",
        "Destination": "The Point",
        "Time": "00:04:30",
        "AVLS": "00:05:10",
        "Tram": "3018",
        "Action": "a",
        "Msg Sent": "17/10/2019 05:50:53",
        "Msg Received": "17/10/2019 05:50:53",
        "Msg Processed": "17/10/2019 05:50:53",
        "XML ID": "576",
        "Total Lag": "0.9359483",
        "Create Lag": "0.8265769",
        "Process Lag": "0.1093714"
      },
      {
        "Direction": "Outbound",
        "Destination": "Tallaght",
        "Time": "00:02:10",
        "AVLS": "00:02:50",
        "Tram": "3013",
        "Action": "a",
        "Msg Sent": "17/10/2019 05:50:53",
        "Msg Received": "17/10/2019 05:50:53",
        "Msg Processed": "17/10/2019 05:50:53",
        "XML ID": "576",
        "Total Lag": "0.8890767",
        "Create Lag": "0.8265769",
        "Process Lag": "0.0624998"
      }
    ]
  },
  {
    "stopID": "54",
    "stopQueryTime": 1571287861055,
    "count": 2,
    "results": [
      {
        "Direction": "Inbound",
        "Destination": "The Point",
        "Time": "00:16:14",
        "AVLS": "00:16:54",
        "Tram": "4003",
        "Action": "a",
        "Msg Sent": "17/10/2019 05:50:53",
        "Msg Received": "17/10/2019 05:50:53",
        "Msg Processed": "17/10/2019 05:50:54",
        "XML ID": "576",
        "Total Lag": "1.0609533",
        "Create Lag": "0.8265769",
        "Process Lag": "0.2343764"
      },
      {
        "Direction": "Outbound",
        "Destination": "Tallaght",
        "Time": "00:03:18",
        "AVLS": "00:03:58",
        "Tram": "3019",
        "Action": "a",
        "Msg Sent": "17/10/2019 05:50:53",
        "Msg Received": "17/10/2019 05:50:53",
        "Msg Processed": "17/10/2019 05:50:53",
        "XML ID": "576",
        "Total Lag": "0.9672041",
        "Create Lag": "0.8265769",
        "Process Lag": "0.1406272"
      }
    ]
  },
  {
    "stopID": "39",
    "stopQueryTime": 1571287861063,
    "count": 3,
    "results": [
      {
        "Direction": "Inbound",
        "Destination": "Broombridge",
        "Time": "00:11:34",
        "AVLS": "00:12:14",
        "Tram": "5006",
        "Action": "a",
        "Msg Sent": "17/10/2019 05:50:53",
        "Msg Received": "17/10/2019 05:50:53",
        "Msg Processed": "17/10/2019 05:50:54",
        "XML ID": "576",
        "Total Lag": "1.1555017",
        "Create Lag": "0.8265769",
        "Process Lag": "0.3289248"
      },
      {
        "Direction": "Outbound",
        "Destination": "Bride's Glen",
        "Time": "00:00:16",
        "AVLS": "00:00:56",
        "Tram": "5002",
        "Action": "a",
        "Msg Sent": "17/10/2019 05:50:53",
        "Msg Received": "17/10/2019 05:50:53",
        "Msg Processed": "17/10/2019 05:50:54",
        "XML ID": "576",
        "Total Lag": "1.1078281",
        "Create Lag": "0.8265769",
        "Process Lag": "0.2812512"
      },
      {
        "Direction": "Outbound",
        "Destination": "Bride's Glen",
        "Time": "00:04:37",
        "AVLS": "00:05:17",
        "Tram": "5021",
        "Action": "a",
        "Msg Sent": "17/10/2019 05:50:56",
        "Msg Received": "17/10/2019 05:50:56",
        "Msg Processed": "17/10/2019 05:50:56",
        "XML ID": "577",
        "Total Lag": "0.5305183",
        "Create Lag": "0.4680148",
        "Process Lag": "0.0625035"
      }
    ]
  },
  {
    "stopID": "56",
    "stopQueryTime": 1571287861066,
    "count": 2,
    "results": [
      {
        "Direction": "Inbound",
        "Destination": "The Point",
        "Time": "00:19:09",
        "AVLS": "00:19:49",
        "Tram": "4003",
        "Action": "a",
        "Msg Sent": "17/10/2019 05:50:53",
        "Msg Received": "17/10/2019 05:50:53",
        "Msg Processed": "17/10/2019 05:50:54",
        "XML ID": "576",
        "Total Lag": "1.0609533",
        "Create Lag": "0.8265769",
        "Process Lag": "0.2343764"
      },
      {
        "Direction": "Outbound",
        "Destination": "Tallaght",
        "Time": "00:00:00",
        "AVLS": "00:00:31",
        "Tram": "3019",
        "Action": "a",
        "Msg Sent": "17/10/2019 05:50:53",
        "Msg Received": "17/10/2019 05:50:53",
        "Msg Processed": "17/10/2019 05:50:53",
        "XML ID": "576",
        "Total Lag": "0.9672041",
        "Create Lag": "0.8265769",
        "Process Lag": "0.1406272"
      }
    ]
  },
  {
    "stopID": "53",
    "stopQueryTime": 1571287861067,
    "count": 2,
    "results": [
      {
        "Direction": "Inbound",
        "Destination": "Belgard",
        "Time": "00:10:27",
        "AVLS": "00:11:07",
        "Tram": "3009",
        "Action": "d",
        "Msg Sent": "17/10/2019 05:50:53",
        "Msg Received": "17/10/2019 05:50:53",
        "Msg Processed": "17/10/2019 05:50:53",
        "XML ID": "576",
        "Total Lag": "0.8734514",
        "Create Lag": "0.8265769",
        "Process Lag": "0.0468745"
      },
      {
        "Direction": "Terminating",
        "Destination": "Saggart",
        "Time": "00:05:40",
        "AVLS": "00:06:20",
        "Tram": "3009",
        "Action": "a",
        "Msg Sent": "17/10/2019 05:50:53",
        "Msg Received": "17/10/2019 05:50:53",
        "Msg Processed": "17/10/2019 05:50:53",
        "XML ID": "576",
        "Total Lag": "0.8578244",
        "Create Lag": "0.8265769",
        "Process Lag": "0.0312475"
      }
    ]
  },
  {
    "stopID": "15",
    "stopQueryTime": 1571287861069,
    "count": 2,
    "results": [
      {
        "Direction": "Inbound",
        "Destination": "The Point",
        "Time": "00:06:08",
        "AVLS": "00:06:48",
        "Tram": "3018",
        "Action": "a",
        "Msg Sent": "17/10/2019 05:50:53",
        "Msg Received": "17/10/2019 05:50:53",
        "Msg Processed": "17/10/2019 05:50:53",
        "XML ID": "576",
        "Total Lag": "0.9359483",
        "Create Lag": "0.8265769",
        "Process Lag": "0.1093714"
      },
      {
        "Direction": "Outbound",
        "Destination": "Tallaght",
        "Time": "00:00:11",
        "AVLS": "00:00:51",
        "Tram": "3013",
        "Action": "a",
        "Msg Sent": "17/10/2019 05:50:53",
        "Msg Received": "17/10/2019 05:50:53",
        "Msg Processed": "17/10/2019 05:50:53",
        "XML ID": "576",
        "Total Lag": "0.8890767",
        "Create Lag": "0.8265769",
        "Process Lag": "0.0624998"
      }
    ]
  },
  {
    "stopID": "10",
    "stopQueryTime": 1571287861085,
    "count": 3,
    "results": [
      {
        "Direction": "Inbound",
        "Destination": "The Point",
        "Time": "00:00:13",
        "AVLS": "00:00:53",
        "Tram": "3018",
        "Action": "a",
        "Msg Sent": "17/10/2019 05:50:53",
        "Msg Received": "17/10/2019 05:50:53",
        "Msg Processed": "17/10/2019 05:50:53",
        "XML ID": "576",
        "Total Lag": "0.9203383",
        "Create Lag": "0.8265769",
        "Process Lag": "0.0937614"
      },
      {
        "Direction": "Inbound",
        "Destination": "The Point",
        "Time": "00:19:00",
        "AVLS": "00:19:40",
        "Tram": "4004",
        "Action": "a",
        "Msg Sent": "17/10/2019 05:50:53",
        "Msg Received": "17/10/2019 05:50:53",
        "Msg Processed": "17/10/2019 05:50:54",
        "XML ID": "576",
        "Total Lag": "1.1078281",
        "Create Lag": "0.8265769",
        "Process Lag": "0.2812512"
      },
      {
        "Direction": "Outbound",
        "Destination": "Tallaght",
        "Time": "00:06:52",
        "AVLS": "00:07:32",
        "Tram": "3013",
        "Action": "a",
        "Msg Sent": "17/10/2019 05:50:53",
        "Msg Received": "17/10/2019 05:50:53",
        "Msg Processed": "17/10/2019 05:50:53",
        "XML ID": "576",
        "Total Lag": "0.9047083",
        "Create Lag": "0.8265769",
        "Process Lag": "0.0781314"
      }
    ]
  },
  {
    "stopID": "21",
    "stopQueryTime": 1571287861088,
    "count": 3,
    "results": [
      {
        "Direction": "Inbound",
        "Destination": "The Point",
        "Time": "00:11:16",
        "AVLS": "00:11:56",
        "Tram": "4003",
        "Action": "a",
        "Msg Sent": "17/10/2019 05:50:53",
        "Msg Received": "17/10/2019 05:50:53",
        "Msg Processed": "17/10/2019 05:50:54",
        "XML ID": "576",
        "Total Lag": "1.0453373",
        "Create Lag": "0.8265769",
        "Process Lag": "0.2187604"
      },
      {
        "Direction": "Inbound",
        "Destination": "The Point",
        "Time": "00:18:33",
        "AVLS": "00:19:13",
        "Tram": "3018",
        "Action": "a",
        "Msg Sent": "17/10/2019 05:50:53",
        "Msg Received": "17/10/2019 05:50:53",
        "Msg Processed": "17/10/2019 05:50:53",
        "XML ID": "576",
        "Total Lag": "0.9672041",
        "Create Lag": "0.8265769",
        "Process Lag": "0.1406272"
      },
      {
        "Direction": "Outbound",
        "Destination": "Tallaght",
        "Time": "00:08:42",
        "AVLS": "00:09:22",
        "Tram": "3019",
        "Action": "a",
        "Msg Sent": "17/10/2019 05:50:53",
        "Msg Received": "17/10/2019 05:50:53",
        "Msg Processed": "17/10/2019 05:50:53",
        "XML ID": "576",
        "Total Lag": "0.982831",
        "Create Lag": "0.8265769",
        "Process Lag": "0.1562541"
      }
    ]
  },
  {
    "stopID": "19",
    "stopQueryTime": 1571287861091,
    "count": 3,
    "results": [
      {
        "Direction": "Inbound",
        "Destination": "The Point",
        "Time": "00:06:47",
        "AVLS": "00:07:27",
        "Tram": "4003",
        "Action": "a",
        "Msg Sent": "17/10/2019 05:50:53",
        "Msg Received": "17/10/2019 05:50:53",
        "Msg Processed": "17/10/2019 05:50:54",
        "XML ID": "576",
        "Total Lag": "1.0453373",
        "Create Lag": "0.8265769",
        "Process Lag": "0.2187604"
      },
      {
        "Direction": "Inbound",
        "Destination": "The Point",
        "Time": "00:14:04",
        "AVLS": "00:14:44",
        "Tram": "3018",
        "Action": "a",
        "Msg Sent": "17/10/2019 05:50:53",
        "Msg Received": "17/10/2019 05:50:53",
        "Msg Processed": "17/10/2019 05:50:53",
        "XML ID": "576",
        "Total Lag": "0.9515793",
        "Create Lag": "0.8265769",
        "Process Lag": "0.1250024"
      },
      {
        "Direction": "Outbound",
        "Destination": "Tallaght",
        "Time": "00:12:50",
        "AVLS": "00:13:30",
        "Tram": "3019",
        "Action": "a",
        "Msg Sent": "17/10/2019 05:50:53",
        "Msg Received": "17/10/2019 05:50:53",
        "Msg Processed": "17/10/2019 05:50:53",
        "XML ID": "576",
        "Total Lag": "0.982831",
        "Create Lag": "0.8265769",
        "Process Lag": "0.1562541"
      }
    ]
  },
  {
    "stopID": "16",
    "stopQueryTime": 1571287861093,
    "count": 3,
    "results": [
      {
        "Direction": "Inbound",
        "Destination": "The Point",
        "Time": "00:01:16",
        "AVLS": "00:01:56",
        "Tram": "4003",
        "Action": "a",
        "Msg Sent": "17/10/2019 05:50:53",
        "Msg Received": "17/10/2019 05:50:53",
        "Msg Processed": "17/10/2019 05:50:54",
        "XML ID": "576",
        "Total Lag": "1.0297015",
        "Create Lag": "0.8265769",
        "Process Lag": "0.2031246"
      },
      {
        "Direction": "Inbound",
        "Destination": "The Point",
        "Time": "00:08:33",
        "AVLS": "00:09:13",
        "Tram": "3018",
        "Action": "a",
        "Msg Sent": "17/10/2019 05:50:53",
        "Msg Received": "17/10/2019 05:50:53",
        "Msg Processed": "17/10/2019 05:50:53",
        "XML ID": "576",
        "Total Lag": "0.9515793",
        "Create Lag": "0.8265769",
        "Process Lag": "0.1250024"
      },
      {
        "Direction": "Outbound",
        "Destination": "Tallaght",
        "Time": "00:17:42",
        "AVLS": "00:18:22",
        "Tram": "3019",
        "Action": "a",
        "Msg Sent": "17/10/2019 05:50:53",
        "Msg Received": "17/10/2019 05:50:53",
        "Msg Processed": "17/10/2019 05:50:53",
        "XML ID": "576",
        "Total Lag": "0.9984516",
        "Create Lag": "0.8265769",
        "Process Lag": "0.1718747"
      }
    ]
  },
  {
    "stopID": "17",
    "stopQueryTime": 1571287861100,
    "count": 3,
    "results": [
      {
        "Direction": "Inbound",
        "Destination": "The Point",
        "Time": "00:03:27",
        "AVLS": "00:04:07",
        "Tram": "4003",
        "Action": "a",
        "Msg Sent": "17/10/2019 05:50:53",
        "Msg Received": "17/10/2019 05:50:53",
        "Msg Processed": "17/10/2019 05:50:54",
        "XML ID": "576",
        "Total Lag": "1.0297015",
        "Create Lag": "0.8265769",
        "Process Lag": "0.2031246"
      },
      {
        "Direction": "Inbound",
        "Destination": "The Point",
        "Time": "00:10:44",
        "AVLS": "00:11:24",
        "Tram": "3018",
        "Action": "a",
        "Msg Sent": "17/10/2019 05:50:53",
        "Msg Received": "17/10/2019 05:50:53",
        "Msg Processed": "17/10/2019 05:50:53",
        "XML ID": "576",
        "Total Lag": "0.9515793",
        "Create Lag": "0.8265769",
        "Process Lag": "0.1250024"
      },
      {
        "Direction": "Outbound",
        "Destination": "Tallaght",
        "Time": "00:15:54",
        "AVLS": "00:16:34",
        "Tram": "3019",
        "Action": "a",
        "Msg Sent": "17/10/2019 05:50:53",
        "Msg Received": "17/10/2019 05:50:53",
        "Msg Processed": "17/10/2019 05:50:53",
        "XML ID": "576",
        "Total Lag": "0.982831",
        "Create Lag": "0.8265769",
        "Process Lag": "0.1562541"
      }
    ]
  },
  {
    "stopID": "40",
    "stopQueryTime": 1571287861105,
    "count": 3,
    "results": [
      {
        "Direction": "Inbound",
        "Destination": "Broombridge",
        "Time": "00:10:04",
        "AVLS": "00:10:44",
        "Tram": "5006",
        "Action": "a",
        "Msg Sent": "17/10/2019 05:50:53",
        "Msg Received": "17/10/2019 05:50:53",
        "Msg Processed": "17/10/2019 05:50:54",
        "XML ID": "576",
        "Total Lag": "1.1555017",
        "Create Lag": "0.8265769",
        "Process Lag": "0.3289248"
      },
      {
        "Direction": "Outbound",
        "Destination": "Bride's Glen",
        "Time": "00:01:44",
        "AVLS": "00:02:24",
        "Tram": "5002",
        "Action": "a",
        "Msg Sent": "17/10/2019 05:50:53",
        "Msg Received": "17/10/2019 05:50:53",
        "Msg Processed": "17/10/2019 05:50:54",
        "XML ID": "576",
        "Total Lag": "1.1078281",
        "Create Lag": "0.8265769",
        "Process Lag": "0.2812512"
      },
      {
        "Direction": "Outbound",
        "Destination": "Bride's Glen",
        "Time": "00:06:05",
        "AVLS": "00:06:45",
        "Tram": "5021",
        "Action": "a",
        "Msg Sent": "17/10/2019 05:50:56",
        "Msg Received": "17/10/2019 05:50:56",
        "Msg Processed": "17/10/2019 05:50:56",
        "XML ID": "577",
        "Total Lag": "0.5305183",
        "Create Lag": "0.4680148",
        "Process Lag": "0.0625035"
      }
    ]
  },
  {
    "stopID": "45",
    "stopQueryTime": 1571287861107,
    "count": 3,
    "results": [
      {
        "Direction": "Inbound",
        "Destination": "Broombridge",
        "Time": "00:03:44",
        "AVLS": "00:04:24",
        "Tram": "5006",
        "Action": "a",
        "Msg Sent": "17/10/2019 05:50:53",
        "Msg Received": "17/10/2019 05:50:53",
        "Msg Processed": "17/10/2019 05:50:54",
        "XML ID": "576",
        "Total Lag": "1.1400354",
        "Create Lag": "0.8265769",
        "Process Lag": "0.3134585"
      },
      {
        "Direction": "Outbound",
        "Destination": "Bride's Glen",
        "Time": "00:07:58",
        "AVLS": "00:08:38",
        "Tram": "5002",
        "Action": "a",
        "Msg Sent": "17/10/2019 05:50:53",
        "Msg Received": "17/10/2019 05:50:53",
        "Msg Processed": "17/10/2019 05:50:54",
        "XML ID": "576",
        "Total Lag": "1.1234584",
        "Create Lag": "0.8265769",
        "Process Lag": "0.2968815"
      },
      {
        "Direction": "Outbound",
        "Destination": "Bride's Glen",
        "Time": "00:12:19",
        "AVLS": "00:12:59",
        "Tram": "5021",
        "Action": "a",
        "Msg Sent": "17/10/2019 05:50:56",
        "Msg Received": "17/10/2019 05:50:56",
        "Msg Processed": "17/10/2019 05:50:56",
        "XML ID": "577",
        "Total Lag": "0.546161",
        "Create Lag": "0.4680148",
        "Process Lag": "0.0781462"
      }
    ]
  },
  {
    "stopID": "33",
    "stopQueryTime": 1571287861109,
    "count": 3,
    "results": [
      {
        "Direction": "Inbound",
        "Destination": "Broombridge",
        "Time": "00:03:53",
        "AVLS": "00:04:33",
        "Tram": "5011",
        "Action": "a",
        "Msg Sent": "17/10/2019 05:50:56",
        "Msg Received": "17/10/2019 05:50:56",
        "Msg Processed": "17/10/2019 05:50:56",
        "XML ID": "577",
        "Total Lag": "0.4992666",
        "Create Lag": "0.4680148",
        "Process Lag": "0.0312518"
      },
      {
        "Direction": "Inbound",
        "Destination": "Parnell",
        "Time": "00:13:45",
        "AVLS": "00:14:25",
        "Tram": "5003",
        "Action": "a",
        "Msg Sent": "17/10/2019 05:50:53",
        "Msg Received": "17/10/2019 05:50:53",
        "Msg Processed": "17/10/2019 05:50:53",
        "XML ID": "576",
        "Total Lag": "0.8421989",
        "Create Lag": "0.8265769",
        "Process Lag": "0.015622"
      },
      {
        "Direction": "Outbound",
        "Destination": "Bride's Glen",
        "Time": "00:18:05",
        "AVLS": "00:18:45",
        "Tram": "5029",
        "Action": "a",
        "Msg Sent": "17/10/2019 05:50:56",
        "Msg Received": "17/10/2019 05:50:56",
        "Msg Processed": "17/10/2019 05:50:56",
        "XML ID": "577",
        "Total Lag": "0.6090789",
        "Create Lag": "0.4836401",
        "Process Lag": "0.1254388"
      }
    ]
  },
  {
    "stopID": "31",
    "stopQueryTime": 1571287861112,
    "count": 3,
    "results": [
      {
        "Direction": "Inbound",
        "Destination": "Broombridge",
        "Time": "00:07:34",
        "AVLS": "00:08:14",
        "Tram": "5011",
        "Action": "a",
        "Msg Sent": "17/10/2019 05:50:56",
        "Msg Received": "17/10/2019 05:50:56",
        "Msg Processed": "17/10/2019 05:50:56",
        "XML ID": "577",
        "Total Lag": "0.4992666",
        "Create Lag": "0.4680148",
        "Process Lag": "0.0312518"
      },
      {
        "Direction": "Inbound",
        "Destination": "Parnell",
        "Time": "00:17:43",
        "AVLS": "00:18:23",
        "Tram": "5003",
        "Action": "a",
        "Msg Sent": "17/10/2019 05:50:53",
        "Msg Received": "17/10/2019 05:50:53",
        "Msg Processed": "17/10/2019 05:50:53",
        "XML ID": "576",
        "Total Lag": "0.8421989",
        "Create Lag": "0.8265769",
        "Process Lag": "0.015622"
      },
      {
        "Direction": "Outbound",
        "Destination": "Bride's Glen",
        "Time": "00:14:41",
        "AVLS": "00:15:21",
        "Tram": "5029",
        "Action": "a",
        "Msg Sent": "17/10/2019 05:50:56",
        "Msg Received": "17/10/2019 05:50:56",
        "Msg Processed": "17/10/2019 05:50:56",
        "XML ID": "577",
        "Total Lag": "0.5934315",
        "Create Lag": "0.4836401",
        "Process Lag": "0.1097914"
      }
    ]
  },
  {
    "stopID": "20",
    "stopQueryTime": 1571287861114,
    "count": 3,
    "results": [
      {
        "Direction": "Inbound",
        "Destination": "The Point",
        "Time": "00:08:45",
        "AVLS": "00:09:25",
        "Tram": "4003",
        "Action": "a",
        "Msg Sent": "17/10/2019 05:50:53",
        "Msg Received": "17/10/2019 05:50:53",
        "Msg Processed": "17/10/2019 05:50:54",
        "XML ID": "576",
        "Total Lag": "1.0453373",
        "Create Lag": "0.8265769",
        "Process Lag": "0.2187604"
      },
      {
        "Direction": "Inbound",
        "Destination": "The Point",
        "Time": "00:16:02",
        "AVLS": "00:16:42",
        "Tram": "3018",
        "Action": "a",
        "Msg Sent": "17/10/2019 05:50:53",
        "Msg Received": "17/10/2019 05:50:53",
        "Msg Processed": "17/10/2019 05:50:53",
        "XML ID": "576",
        "Total Lag": "0.9515793",
        "Create Lag": "0.8265769",
        "Process Lag": "0.1250024"
      },
      {
        "Direction": "Outbound",
        "Destination": "Tallaght",
        "Time": "00:10:54",
        "AVLS": "00:11:34",
        "Tram": "3019",
        "Action": "a",
        "Msg Sent": "17/10/2019 05:50:53",
        "Msg Received": "17/10/2019 05:50:53",
        "Msg Processed": "17/10/2019 05:50:53",
        "XML ID": "576",
        "Total Lag": "0.982831",
        "Create Lag": "0.8265769",
        "Process Lag": "0.1562541"
      }
    ]
  },
  {
    "stopID": "44",
    "stopQueryTime": 1571287861116,
    "count": 3,
    "results": [
      {
        "Direction": "Inbound",
        "Destination": "Broombridge",
        "Time": "00:05:13",
        "AVLS": "00:05:53",
        "Tram": "5006",
        "Action": "a",
        "Msg Sent": "17/10/2019 05:50:53",
        "Msg Received": "17/10/2019 05:50:53",
        "Msg Processed": "17/10/2019 05:50:54",
        "XML ID": "576",
        "Total Lag": "1.1400354",
        "Create Lag": "0.8265769",
        "Process Lag": "0.3134585"
      },
      {
        "Direction": "Outbound",
        "Destination": "Bride's Glen",
        "Time": "00:06:30",
        "AVLS": "00:07:10",
        "Tram": "5002",
        "Action": "a",
        "Msg Sent": "17/10/2019 05:50:53",
        "Msg Received": "17/10/2019 05:50:53",
        "Msg Processed": "17/10/2019 05:50:54",
        "XML ID": "576",
        "Total Lag": "1.1234584",
        "Create Lag": "0.8265769",
        "Process Lag": "0.2968815"
      },
      {
        "Direction": "Outbound",
        "Destination": "Bride's Glen",
        "Time": "00:10:51",
        "AVLS": "00:11:31",
        "Tram": "5021",
        "Action": "a",
        "Msg Sent": "17/10/2019 05:50:56",
        "Msg Received": "17/10/2019 05:50:56",
        "Msg Processed": "17/10/2019 05:50:56",
        "XML ID": "577",
        "Total Lag": "0.546161",
        "Create Lag": "0.4680148",
        "Process Lag": "0.0781462"
      }
    ]
  },
  {
    "stopID": "46",
    "stopQueryTime": 1571287861118,
    "count": 3,
    "results": [
      {
        "Direction": "Inbound",
        "Destination": "Broombridge",
        "Time": "00:02:22",
        "AVLS": "00:03:02",
        "Tram": "5006",
        "Action": "a",
        "Msg Sent": "17/10/2019 05:50:53",
        "Msg Received": "17/10/2019 05:50:53",
        "Msg Processed": "17/10/2019 05:50:54",
        "XML ID": "576",
        "Total Lag": "1.1400354",
        "Create Lag": "0.8265769",
        "Process Lag": "0.3134585"
      },
      {
        "Direction": "Outbound",
        "Destination": "Bride's Glen",
        "Time": "00:09:21",
        "AVLS": "00:10:01",
        "Tram": "5002",
        "Action": "a",
        "Msg Sent": "17/10/2019 05:50:53",
        "Msg Received": "17/10/2019 05:50:53",
        "Msg Processed": "17/10/2019 05:50:54",
        "XML ID": "576",
        "Total Lag": "1.1234584",
        "Create Lag": "0.8265769",
        "Process Lag": "0.2968815"
      },
      {
        "Direction": "Outbound",
        "Destination": "Bride's Glen",
        "Time": "00:13:42",
        "AVLS": "00:14:22",
        "Tram": "5021",
        "Action": "a",
        "Msg Sent": "17/10/2019 05:50:56",
        "Msg Received": "17/10/2019 05:50:56",
        "Msg Processed": "17/10/2019 05:50:56",
        "XML ID": "577",
        "Total Lag": "0.546161",
        "Create Lag": "0.4680148",
        "Process Lag": "0.0781462"
      }
    ]
  },
  {
    "stopID": "51",
    "stopQueryTime": 1571287861120,
    "count": 3,
    "results": [
      {
        "Direction": "Inbound",
        "Destination": "Belgard",
        "Time": "00:13:58",
        "AVLS": "00:14:38",
        "Tram": "3009",
        "Action": "a",
        "Msg Sent": "17/10/2019 05:50:53",
        "Msg Received": "17/10/2019 05:50:53",
        "Msg Processed": "17/10/2019 05:50:53",
        "XML ID": "576",
        "Total Lag": "0.8734514",
        "Create Lag": "0.8265769",
        "Process Lag": "0.0468745"
      },
      {
        "Direction": "Outbound",
        "Destination": "Saggart",
        "Time": "00:02:24",
        "AVLS": "00:03:04",
        "Tram": "3009",
        "Action": "a",
        "Msg Sent": "17/10/2019 05:50:53",
        "Msg Received": "17/10/2019 05:50:53",
        "Msg Processed": "17/10/2019 05:50:53",
        "XML ID": "576",
        "Total Lag": "0.8578244",
        "Create Lag": "0.8265769",
        "Process Lag": "0.0312475"
      },
      {
        "Direction": "Outbound",
        "Destination": "Saggart",
        "Time": "00:15:57",
        "AVLS": "00:16:37",
        "Tram": "3026",
        "Action": "a",
        "Msg Sent": "17/10/2019 05:50:53",
        "Msg Received": "17/10/2019 05:50:53",
        "Msg Processed": "17/10/2019 05:50:54",
        "XML ID": "576",
        "Total Lag": "1.0297015",
        "Create Lag": "0.8265769",
        "Process Lag": "0.2031246"
      }
    ]
  },
  {
    "stopID": "35",
    "stopQueryTime": 1571287861122,
    "count": 3,
    "results": [
      {
        "Direction": "Inbound",
        "Destination": "Broombridge",
        "Time": "00:00:10",
        "AVLS": "00:00:50",
        "Tram": "5011",
        "Action": "a",
        "Msg Sent": "17/10/2019 05:50:56",
        "Msg Received": "17/10/2019 05:50:56",
        "Msg Processed": "17/10/2019 05:50:56",
        "XML ID": "577",
        "Total Lag": "0.4836401",
        "Create Lag": "0.4680148",
        "Process Lag": "0.0156253"
      },
      {
        "Direction": "Inbound",
        "Destination": "Parnell",
        "Time": "00:10:02",
        "AVLS": "00:10:42",
        "Tram": "5003",
        "Action": "a",
        "Msg Sent": "17/10/2019 05:50:53",
        "Msg Received": "17/10/2019 05:50:53",
        "Msg Processed": "17/10/2019 05:50:53",
        "XML ID": "576",
        "Total Lag": "0.8265769",
        "Create Lag": "0.8265769",
        "Process Lag": "0"
      },
      {
        "Direction": "Inbound",
        "Destination": "Broombridge",
        "Time": "00:18:48",
        "AVLS": "00:19:28",
        "Tram": "5006",
        "Action": "a",
        "Msg Sent": "17/10/2019 05:50:56",
        "Msg Received": "17/10/2019 05:50:56",
        "Msg Processed": "17/10/2019 05:50:56",
        "XML ID": "577",
        "Total Lag": "0.4836401",
        "Create Lag": "0.4680148",
        "Process Lag": "0.0156253"
      }
    ]
  },
  {
    "stopID": "43",
    "stopQueryTime": 1571287861125,
    "count": 3,
    "results": [
      {
        "Direction": "Inbound",
        "Destination": "Broombridge",
        "Time": "00:06:17",
        "AVLS": "00:06:57",
        "Tram": "5006",
        "Action": "a",
        "Msg Sent": "17/10/2019 05:50:53",
        "Msg Received": "17/10/2019 05:50:53",
        "Msg Processed": "17/10/2019 05:50:54",
        "XML ID": "576",
        "Total Lag": "1.1555017",
        "Create Lag": "0.8265769",
        "Process Lag": "0.3289248"
      },
      {
        "Direction": "Outbound",
        "Destination": "Bride's Glen",
        "Time": "00:05:25",
        "AVLS": "00:06:05",
        "Tram": "5002",
        "Action": "a",
        "Msg Sent": "17/10/2019 05:50:53",
        "Msg Received": "17/10/2019 05:50:53",
        "Msg Processed": "17/10/2019 05:50:54",
        "XML ID": "576",
        "Total Lag": "1.1078281",
        "Create Lag": "0.8265769",
        "Process Lag": "0.2812512"
      },
      {
        "Direction": "Outbound",
        "Destination": "Bride's Glen",
        "Time": "00:09:46",
        "AVLS": "00:10:26",
        "Tram": "5021",
        "Action": "a",
        "Msg Sent": "17/10/2019 05:50:56",
        "Msg Received": "17/10/2019 05:50:56",
        "Msg Processed": "17/10/2019 05:50:56",
        "XML ID": "577",
        "Total Lag": "0.546161",
        "Create Lag": "0.4680148",
        "Process Lag": "0.0781462"
      }
    ]
  },
  {
    "stopID": "9",
    "stopQueryTime": 1571287861131,
    "count": 3,
    "results": [
      {
        "Direction": "Inbound",
        "Destination": "The Point",
        "Time": "00:00:00",
        "AVLS": "00:00:00",
        "Tram": "3018",
        "Action": "a",
        "Msg Sent": "17/10/2019 05:50:39",
        "Msg Received": "17/10/2019 05:50:39",
        "Msg Processed": "17/10/2019 05:50:39",
        "XML ID": "572",
        "Total Lag": "0.4359696",
        "Create Lag": "0.4203397",
        "Process Lag": "0.0156299"
      },
      {
        "Direction": "Inbound",
        "Destination": "The Point",
        "Time": "00:17:50",
        "AVLS": "00:18:30",
        "Tram": "4004",
        "Action": "a",
        "Msg Sent": "17/10/2019 05:50:53",
        "Msg Received": "17/10/2019 05:50:53",
        "Msg Processed": "17/10/2019 05:50:54",
        "XML ID": "576",
        "Total Lag": "1.0922085",
        "Create Lag": "0.8265769",
        "Process Lag": "0.2656316"
      },
      {
        "Direction": "Outbound",
        "Destination": "Tallaght",
        "Time": "00:08:08",
        "AVLS": "00:08:48",
        "Tram": "3013",
        "Action": "a",
        "Msg Sent": "17/10/2019 05:50:53",
        "Msg Received": "17/10/2019 05:50:53",
        "Msg Processed": "17/10/2019 05:50:53",
        "XML ID": "576",
        "Total Lag": "0.9047083",
        "Create Lag": "0.8265769",
        "Process Lag": "0.0781314"
      }
    ]
  },
  {
    "stopID": "42",
    "stopQueryTime": 1571287861133,
    "count": 3,
    "results": [
      {
        "Direction": "Inbound",
        "Destination": "Broombridge",
        "Time": "00:07:53",
        "AVLS": "00:08:33",
        "Tram": "5006",
        "Action": "a",
        "Msg Sent": "17/10/2019 05:50:53",
        "Msg Received": "17/10/2019 05:50:53",
        "Msg Processed": "17/10/2019 05:50:54",
        "XML ID": "576",
        "Total Lag": "1.1555017",
        "Create Lag": "0.8265769",
        "Process Lag": "0.3289248"
      },
      {
        "Direction": "Outbound",
        "Destination": "Bride's Glen",
        "Time": "00:03:52",
        "AVLS": "00:04:32",
        "Tram": "5002",
        "Action": "a",
        "Msg Sent": "17/10/2019 05:50:53",
        "Msg Received": "17/10/2019 05:50:53",
        "Msg Processed": "17/10/2019 05:50:54",
        "XML ID": "576",
        "Total Lag": "1.1078281",
        "Create Lag": "0.8265769",
        "Process Lag": "0.2812512"
      },
      {
        "Direction": "Outbound",
        "Destination": "Bride's Glen",
        "Time": "00:08:13",
        "AVLS": "00:08:53",
        "Tram": "5021",
        "Action": "a",
        "Msg Sent": "17/10/2019 05:50:56",
        "Msg Received": "17/10/2019 05:50:56",
        "Msg Processed": "17/10/2019 05:50:56",
        "XML ID": "577",
        "Total Lag": "0.546161",
        "Create Lag": "0.4680148",
        "Process Lag": "0.0781462"
      }
    ]
  },
  {
    "stopID": "47",
    "stopQueryTime": 1571287861135,
    "count": 3,
    "results": [
      {
        "Direction": "Inbound",
        "Destination": "Broombridge",
        "Time": "00:00:21",
        "AVLS": "00:01:01",
        "Tram": "5006",
        "Action": "a",
        "Msg Sent": "17/10/2019 05:50:53",
        "Msg Received": "17/10/2019 05:50:53",
        "Msg Processed": "17/10/2019 05:50:54",
        "XML ID": "576",
        "Total Lag": "1.1400354",
        "Create Lag": "0.8265769",
        "Process Lag": "0.3134585"
      },
      {
        "Direction": "Outbound",
        "Destination": "Bride's Glen",
        "Time": "00:11:18",
        "AVLS": "00:11:58",
        "Tram": "5002",
        "Action": "a",
        "Msg Sent": "17/10/2019 05:50:53",
        "Msg Received": "17/10/2019 05:50:53",
        "Msg Processed": "17/10/2019 05:50:54",
        "XML ID": "576",
        "Total Lag": "1.1234584",
        "Create Lag": "0.8265769",
        "Process Lag": "0.2968815"
      },
      {
        "Direction": "Outbound",
        "Destination": "Bride's Glen",
        "Time": "00:15:39",
        "AVLS": "00:16:19",
        "Tram": "5021",
        "Action": "a",
        "Msg Sent": "17/10/2019 05:50:56",
        "Msg Received": "17/10/2019 05:50:56",
        "Msg Processed": "17/10/2019 05:50:56",
        "XML ID": "577",
        "Total Lag": "0.5617673",
        "Create Lag": "0.4680148",
        "Process Lag": "0.0937525"
      }
    ]
  },
  {
    "stopID": "18",
    "stopQueryTime": 1571287861137,
    "count": 3,
    "results": [
      {
        "Direction": "Inbound",
        "Destination": "The Point",
        "Time": "00:05:31",
        "AVLS": "00:06:11",
        "Tram": "4003",
        "Action": "a",
        "Msg Sent": "17/10/2019 05:50:53",
        "Msg Received": "17/10/2019 05:50:53",
        "Msg Processed": "17/10/2019 05:50:54",
        "XML ID": "576",
        "Total Lag": "1.0453373",
        "Create Lag": "0.8265769",
        "Process Lag": "0.2187604"
      },
      {
        "Direction": "Inbound",
        "Destination": "The Point",
        "Time": "00:12:48",
        "AVLS": "00:13:28",
        "Tram": "3018",
        "Action": "a",
        "Msg Sent": "17/10/2019 05:50:53",
        "Msg Received": "17/10/2019 05:50:53",
        "Msg Processed": "17/10/2019 05:50:53",
        "XML ID": "576",
        "Total Lag": "0.9515793",
        "Create Lag": "0.8265769",
        "Process Lag": "0.1250024"
      },
      {
        "Direction": "Outbound",
        "Destination": "Tallaght",
        "Time": "00:13:55",
        "AVLS": "00:14:35",
        "Tram": "3019",
        "Action": "a",
        "Msg Sent": "17/10/2019 05:50:53",
        "Msg Received": "17/10/2019 05:50:53",
        "Msg Processed": "17/10/2019 05:50:53",
        "XML ID": "576",
        "Total Lag": "0.982831",
        "Create Lag": "0.8265769",
        "Process Lag": "0.1562541"
      }
    ]
  },
  {
    "stopID": "52",
    "stopQueryTime": 1571287861141,
    "count": 3,
    "results": [
      {
        "Direction": "Inbound",
        "Destination": "Belgard",
        "Time": "00:12:42",
        "AVLS": "00:13:22",
        "Tram": "3009",
        "Action": "a",
        "Msg Sent": "17/10/2019 05:50:53",
        "Msg Received": "17/10/2019 05:50:53",
        "Msg Processed": "17/10/2019 05:50:53",
        "XML ID": "576",
        "Total Lag": "0.8734514",
        "Create Lag": "0.8265769",
        "Process Lag": "0.0468745"
      },
      {
        "Direction": "Outbound",
        "Destination": "Saggart",
        "Time": "00:03:36",
        "AVLS": "00:04:16",
        "Tram": "3009",
        "Action": "a",
        "Msg Sent": "17/10/2019 05:50:53",
        "Msg Received": "17/10/2019 05:50:53",
        "Msg Processed": "17/10/2019 05:50:53",
        "XML ID": "576",
        "Total Lag": "0.8578244",
        "Create Lag": "0.8265769",
        "Process Lag": "0.0312475"
      },
      {
        "Direction": "Outbound",
        "Destination": "Saggart",
        "Time": "00:17:14",
        "AVLS": "00:17:54",
        "Tram": "3026",
        "Action": "a",
        "Msg Sent": "17/10/2019 05:50:53",
        "Msg Received": "17/10/2019 05:50:53",
        "Msg Processed": "17/10/2019 05:50:54",
        "XML ID": "576",
        "Total Lag": "1.0297015",
        "Create Lag": "0.8265769",
        "Process Lag": "0.2031246"
      }
    ]
  },
  {
    "stopID": "32",
    "stopQueryTime": 1571287861143,
    "count": 3,
    "results": [
      {
        "Direction": "Inbound",
        "Destination": "Broombridge",
        "Time": "00:05:35",
        "AVLS": "00:06:15",
        "Tram": "5011",
        "Action": "a",
        "Msg Sent": "17/10/2019 05:50:56",
        "Msg Received": "17/10/2019 05:50:56",
        "Msg Processed": "17/10/2019 05:50:56",
        "XML ID": "577",
        "Total Lag": "0.4992666",
        "Create Lag": "0.4680148",
        "Process Lag": "0.0312518"
      },
      {
        "Direction": "Inbound",
        "Destination": "Parnell",
        "Time": "00:15:27",
        "AVLS": "00:16:07",
        "Tram": "5003",
        "Action": "a",
        "Msg Sent": "17/10/2019 05:50:53",
        "Msg Received": "17/10/2019 05:50:53",
        "Msg Processed": "17/10/2019 05:50:53",
        "XML ID": "576",
        "Total Lag": "0.8421989",
        "Create Lag": "0.8265769",
        "Process Lag": "0.015622"
      },
      {
        "Direction": "Outbound",
        "Destination": "Bride's Glen",
        "Time": "00:16:39",
        "AVLS": "00:17:19",
        "Tram": "5029",
        "Action": "a",
        "Msg Sent": "17/10/2019 05:50:56",
        "Msg Received": "17/10/2019 05:50:56",
        "Msg Processed": "17/10/2019 05:50:56",
        "XML ID": "577",
        "Total Lag": "0.5934315",
        "Create Lag": "0.4836401",
        "Process Lag": "0.1097914"
      }
    ]
  },
  {
    "stopID": "25",
    "stopQueryTime": 1571287861147,
    "count": 3,
    "results": [
      {
        "Direction": "Inbound",
        "Destination": "Broombridge",
        "Time": "00:01:01",
        "AVLS": "00:01:41",
        "Tram": "3020",
        "Action": "a",
        "Msg Sent": "17/10/2019 05:50:56",
        "Msg Received": "17/10/2019 05:50:56",
        "Msg Processed": "17/10/2019 05:50:56",
        "XML ID": "577",
        "Total Lag": "0.6090789",
        "Create Lag": "0.4836401",
        "Process Lag": "0.1254388"
      },
      {
        "Direction": "Inbound",
        "Destination": "Broombridge",
        "Time": "00:17:37",
        "AVLS": "00:18:17",
        "Tram": "5011",
        "Action": "a",
        "Msg Sent": "17/10/2019 05:50:56",
        "Msg Received": "17/10/2019 05:50:56",
        "Msg Processed": "17/10/2019 05:50:56",
        "XML ID": "577",
        "Total Lag": "0.5305183",
        "Create Lag": "0.4680148",
        "Process Lag": "0.0625035"
      },
      {
        "Direction": "Outbound",
        "Destination": "Bride's Glen",
        "Time": "00:03:37",
        "AVLS": "00:04:17",
        "Tram": "5029",
        "Action": "a",
        "Msg Sent": "17/10/2019 05:50:56",
        "Msg Received": "17/10/2019 05:50:56",
        "Msg Processed": "17/10/2019 05:50:56",
        "XML ID": "577",
        "Total Lag": "0.5781636",
        "Create Lag": "0.4836401",
        "Process Lag": "0.0945235"
      }
    ]
  },
  {
    "stopID": "50",
    "stopQueryTime": 1571287861149,
    "count": 3,
    "results": [
      {
        "Direction": "Inbound",
        "Destination": "Belgard",
        "Time": "00:15:45",
        "AVLS": "00:16:25",
        "Tram": "3009",
        "Action": "a",
        "Msg Sent": "17/10/2019 05:50:53",
        "Msg Received": "17/10/2019 05:50:53",
        "Msg Processed": "17/10/2019 05:50:53",
        "XML ID": "576",
        "Total Lag": "0.8734514",
        "Create Lag": "0.8265769",
        "Process Lag": "0.0468745"
      },
      {
        "Direction": "Outbound",
        "Destination": "Saggart",
        "Time": "00:00:44",
        "AVLS": "00:01:24",
        "Tram": "3009",
        "Action": "a",
        "Msg Sent": "17/10/2019 05:50:53",
        "Msg Received": "17/10/2019 05:50:53",
        "Msg Processed": "17/10/2019 05:50:53",
        "XML ID": "576",
        "Total Lag": "0.8421989",
        "Create Lag": "0.8265769",
        "Process Lag": "0.015622"
      },
      {
        "Direction": "Outbound",
        "Destination": "Saggart",
        "Time": "00:14:10",
        "AVLS": "00:14:50",
        "Tram": "3026",
        "Action": "a",
        "Msg Sent": "17/10/2019 05:50:53",
        "Msg Received": "17/10/2019 05:50:53",
        "Msg Processed": "17/10/2019 05:50:54",
        "XML ID": "576",
        "Total Lag": "1.0297015",
        "Create Lag": "0.8265769",
        "Process Lag": "0.2031246"
      }
    ]
  },
  {
    "stopID": "49",
    "stopQueryTime": 1571287861150,
    "count": 3,
    "results": [
      {
        "Direction": "Inbound",
        "Destination": "Belgard",
        "Time": "00:17:33",
        "AVLS": "00:18:13",
        "Tram": "3009",
        "Action": "a",
        "Msg Sent": "17/10/2019 05:50:53",
        "Msg Received": "17/10/2019 05:50:53",
        "Msg Processed": "17/10/2019 05:50:53",
        "XML ID": "576",
        "Total Lag": "0.8734514",
        "Create Lag": "0.8265769",
        "Process Lag": "0.0468745"
      },
      {
        "Direction": "Outbound",
        "Destination": "Saggart",
        "Time": "00:00:00",
        "AVLS": "00:00:00",
        "Tram": "3009",
        "Action": "a",
        "Msg Sent": "17/10/2019 05:50:39",
        "Msg Received": "17/10/2019 05:50:39",
        "Msg Processed": "17/10/2019 05:50:39",
        "XML ID": "572",
        "Total Lag": "0.5297219",
        "Create Lag": "0.4203397",
        "Process Lag": "0.1093822"
      },
      {
        "Direction": "Outbound",
        "Destination": "Saggart",
        "Time": "00:12:24",
        "AVLS": "00:13:04",
        "Tram": "3026",
        "Action": "a",
        "Msg Sent": "17/10/2019 05:50:53",
        "Msg Received": "17/10/2019 05:50:53",
        "Msg Processed": "17/10/2019 05:50:54",
        "XML ID": "576",
        "Total Lag": "1.0297015",
        "Create Lag": "0.8265769",
        "Process Lag": "0.2031246"
      }
    ]
  }
]