[
  {
    "stopID": "23",
    "stopQueryTime": 1571287440996,
    "count": 0,
    "results": []
  },
  {
    "stopID": "58",
    "stopQueryTime": 1571287441006,
    "count": 0,
    "results": []
  },
  {
    "stopID": "19",
    "stopQueryTime": 1571287441029,
    "count": 1,
    "results": [
      {
        "Direction": "Inbound",
        "Destination": "The Point",
        "Time": "00:13:17",
        "AVLS": "00:13:57",
        "Tram": "4003",
        "Action": "a",
        "Msg Sent": "17/10/2019 05:43:53",
        "Msg Received": "17/10/2019 05:43:53",
        "Msg Processed": "17/10/2019 05:43:53",
        "XML ID": "453",
        "Total Lag": "0.7628709",
        "Create Lag": "0.5597443",
        "Process Lag": "0.2031266"
      }
    ]
  },
  {
    "stopID": "6",
    "stopQueryTime": 1571287441033,
    "count": 1,
    "results": [
      {
        "Direction": "Inbound",
        "Destination": "The Point",
        "Time": "00:16:27",
        "AVLS": "00:17:07",
        "Tram": "4004",
        "Action": "a",
        "Msg Sent": "17/10/2019 05:43:53",
        "Msg Received": "17/10/2019 05:43:53",
        "Msg Processed": "17/10/2019 05:43:53",
        "XML ID": "453",
        "Total Lag": "0.7941333",
        "Create Lag": "0.5597443",
        "Process Lag": "0.234389"
      }
    ]
  },
  {
    "stopID": "54",
    "stopQueryTime": 1571287441038,
    "count": 1,
    "results": [
      {
        "Direction": "Outbound",
        "Destination": "Tallaght",
        "Time": "00:10:03",
        "AVLS": "00:10:43",
        "Tram": "3019",
        "Action": "a",
        "Msg Sent": "17/10/2019 05:43:53",
        "Msg Received": "17/10/2019 05:43:53",
        "Msg Processed": "17/10/2019 05:43:53",
        "XML ID": "453",
        "Total Lag": "0.6847546",
        "Create Lag": "0.5597443",
        "Process Lag": "0.1250103"
      }
    ]
  },
  {
    "stopID": "56",
    "stopQueryTime": 1571287441042,
    "count": 1,
    "results": [
      {
        "Direction": "Outbound",
        "Destination": "Tallaght",
        "Time": "00:06:36",
        "AVLS": "00:07:16",
        "Tram": "3019",
        "Action": "a",
        "Msg Sent": "17/10/2019 05:43:53",
        "Msg Received": "17/10/2019 05:43:53",
        "Msg Processed": "17/10/2019 05:43:53",
        "XML ID": "453",
        "Total Lag": "0.6847546",
        "Create Lag": "0.5597443",
        "Process Lag": "0.1250103"
      }
    ]
  },
  {
    "stopID": "3",
    "stopQueryTime": 1571287441047,
    "count": 1,
    "results": [
      {
        "Direction": "Inbound",
        "Destination": "The Point",
        "Time": "00:08:22",
        "AVLS": "00:09:02",
        "Tram": "4004",
        "Action": "a",
        "Msg Sent": "17/10/2019 05:43:53",
        "Msg Received": "17/10/2019 05:43:53",
        "Msg Processed": "17/10/2019 05:43:53",
        "XML ID": "453",
        "Total Lag": "0.7785118",
        "Create Lag": "0.5597443",
        "Process Lag": "0.2187675"
      }
    ]
  },
  {
    "stopID": "1",
    "stopQueryTime": 1571287441055,
    "count": 1,
    "results": [
      {
        "Direction": "Inbound",
        "Destination": "The Point",
        "Time": "00:05:27",
        "AVLS": "00:06:07",
        "Tram": "4004",
        "Action": "d",
        "Msg Sent": "17/10/2019 05:43:53",
        "Msg Received": "17/10/2019 05:43:53",
        "Msg Processed": "17/10/2019 05:43:53",
        "XML ID": "453",
        "Total Lag": "0.7785118",
        "Create Lag": "0.5597443",
        "Process Lag": "0.2187675"
      }
    ]
  },
  {
    "stopID": "31",
    "stopQueryTime": 1571287441057,
    "count": 1,
    "results": [
      {
        "Direction": "Inbound",
        "Destination": "Broombridge",
        "Time": "00:11:52",
        "AVLS": "00:12:32",
        "Tram": "5011",
        "Action": "a",
        "Msg Sent": "17/10/2019 05:43:56",
        "Msg Received": "17/10/2019 05:43:56",
        "Msg Processed": "17/10/2019 05:43:56",
        "XML ID": "454",
        "Total Lag": "0.2628685",
        "Create Lag": "0.2628685",
        "Process Lag": "0"
      }
    ]
  },
  {
    "stopID": "55",
    "stopQueryTime": 1571287441059,
    "count": 1,
    "results": [
      {
        "Direction": "Outbound",
        "Destination": "Tallaght",
        "Time": "00:08:35",
        "AVLS": "00:09:15",
        "Tram": "3019",
        "Action": "a",
        "Msg Sent": "17/10/2019 05:43:53",
        "Msg Received": "17/10/2019 05:43:53",
        "Msg Processed": "17/10/2019 05:43:53",
        "XML ID": "453",
        "Total Lag": "0.6847546",
        "Create Lag": "0.5597443",
        "Process Lag": "0.1250103"
      }
    ]
  },
  {
    "stopID": "2",
    "stopQueryTime": 1571287441063,
    "count": 1,
    "results": [
      {
        "Direction": "Inbound",
        "Destination": "The Point",
        "Time": "00:06:41",
        "AVLS": "00:07:21",
        "Tram": "4004",
        "Action": "a",
        "Msg Sent": "17/10/2019 05:43:53",
        "Msg Received": "17/10/2019 05:43:53",
        "Msg Processed": "17/10/2019 05:43:53",
        "XML ID": "453",
        "Total Lag": "0.7785118",
        "Create Lag": "0.5597443",
        "Process Lag": "0.2187675"
      }
    ]
  },
  {
    "stopID": "57",
    "stopQueryTime": 1571287441066,
    "count": 1,
    "results": [
      {
        "Direction": "Outbound",
        "Destination": "Tallaght",
        "Time": "00:05:57",
        "AVLS": "00:06:37",
        "Tram": "3019",
        "Action": "d",
        "Msg Sent": "17/10/2019 05:43:53",
        "Msg Received": "17/10/2019 05:43:53",
        "Msg Processed": "17/10/2019 05:43:53",
        "XML ID": "453",
        "Total Lag": "0.6691224",
        "Create Lag": "0.5597443",
        "Process Lag": "0.1093781"
      }
    ]
  },
  {
    "stopID": "22",
    "stopQueryTime": 1571287441079,
    "count": 1,
    "results": [
      {
        "Direction": "Outbound",
        "Destination": "Tallaght",
        "Time": "00:11:59",
        "AVLS": "00:12:39",
        "Tram": "3019",
        "Action": "a",
        "Msg Sent": "17/10/2019 05:43:53",
        "Msg Received": "17/10/2019 05:43:53",
        "Msg Processed": "17/10/2019 05:43:53",
        "XML ID": "453",
        "Total Lag": "0.6847546",
        "Create Lag": "0.5597443",
        "Process Lag": "0.1250103"
      }
    ]
  },
  {
    "stopID": "8",
    "stopQueryTime": 1571287441085,
    "count": 2,
    "results": [
      {
        "Direction": "Inbound",
        "Destination": "The Point",
        "Time": "00:03:14",
        "AVLS": "00:03:54",
        "Tram": "3018",
        "Action": "a",
        "Msg Sent": "17/10/2019 05:43:53",
        "Msg Received": "17/10/2019 05:43:53",
        "Msg Processed": "17/10/2019 05:43:53",
        "XML ID": "453",
        "Total Lag": "0.6378689",
        "Create Lag": "0.5597443",
        "Process Lag": "0.0781246"
      },
      {
        "Direction": "Outbound",
        "Destination": "Tallaght",
        "Time": "00:16:34",
        "AVLS": "00:17:14",
        "Tram": "3013",
        "Action": "a",
        "Msg Sent": "17/10/2019 05:43:53",
        "Msg Received": "17/10/2019 05:43:53",
        "Msg Processed": "17/10/2019 05:43:53",
        "XML ID": "453",
        "Total Lag": "0.6222465",
        "Create Lag": "0.5597443",
        "Process Lag": "0.0625022"
      }
    ]
  },
  {
    "stopID": "32",
    "stopQueryTime": 1571287441088,
    "count": 1,
    "results": [
      {
        "Direction": "Inbound",
        "Destination": "Broombridge",
        "Time": "00:09:53",
        "AVLS": "00:10:33",
        "Tram": "5011",
        "Action": "a",
        "Msg Sent": "17/10/2019 05:43:53",
        "Msg Received": "17/10/2019 05:43:53",
        "Msg Processed": "17/10/2019 05:43:53",
        "XML ID": "453",
        "Total Lag": "0.8878988",
        "Create Lag": "0.5597443",
        "Process Lag": "0.3281545"
      }
    ]
  },
  {
    "stopID": "30",
    "stopQueryTime": 1571287441090,
    "count": 1,
    "results": [
      {
        "Direction": "Inbound",
        "Destination": "Broombridge",
        "Time": "00:13:39",
        "AVLS": "00:14:19",
        "Tram": "5011",
        "Action": "a",
        "Msg Sent": "17/10/2019 05:43:56",
        "Msg Received": "17/10/2019 05:43:56",
        "Msg Processed": "17/10/2019 05:43:56",
        "XML ID": "454",
        "Total Lag": "0.2628685",
        "Create Lag": "0.2628685",
        "Process Lag": "0"
      }
    ]
  },
  {
    "stopID": "48",
    "stopQueryTime": 1571287441092,
    "count": 1,
    "results": [
      {
        "Direction": "Inbound",
        "Destination": "Broombridge",
        "Time": "00:05:27",
        "AVLS": "00:06:07",
        "Tram": "5006",
        "Action": "d",
        "Msg Sent": "17/10/2019 05:43:53",
        "Msg Received": "17/10/2019 05:43:53",
        "Msg Processed": "17/10/2019 05:43:53",
        "XML ID": "453",
        "Total Lag": "0.8410092",
        "Create Lag": "0.5597443",
        "Process Lag": "0.2812649"
      }
    ]
  },
  {
    "stopID": "26",
    "stopQueryTime": 1571287441102,
    "count": 2,
    "results": [
      {
        "Direction": "Inbound",
        "Destination": "Broombridge",
        "Time": "00:04:57",
        "AVLS": "00:05:37",
        "Tram": "3020",
        "Action": "a",
        "Msg Sent": "17/10/2019 05:43:53",
        "Msg Received": "17/10/2019 05:43:53",
        "Msg Processed": "17/10/2019 05:43:53",
        "XML ID": "453",
        "Total Lag": "0.7003706",
        "Create Lag": "0.5597443",
        "Process Lag": "0.1406263"
      },
      {
        "Direction": "Outbound",
        "Destination": "Bride's Glen",
        "Time": "00:13:29",
        "AVLS": "00:14:09",
        "Tram": "5029",
        "Action": "a",
        "Msg Sent": "17/10/2019 05:43:56",
        "Msg Received": "17/10/2019 05:43:56",
        "Msg Processed": "17/10/2019 05:43:56",
        "XML ID": "454",
        "Total Lag": "0.3722423",
        "Create Lag": "0.2628685",
        "Process Lag": "0.1093738"
      }
    ]
  },
  {
    "stopID": "33",
    "stopQueryTime": 1571287441105,
    "count": 2,
    "results": [
      {
        "Direction": "Inbound",
        "Destination": "Broombridge",
        "Time": "00:08:11",
        "AVLS": "00:08:51",
        "Tram": "5011",
        "Action": "a",
        "Msg Sent": "17/10/2019 05:43:53",
        "Msg Received": "17/10/2019 05:43:53",
        "Msg Processed": "17/10/2019 05:43:53",
        "XML ID": "453",
        "Total Lag": "0.8722733",
        "Create Lag": "0.5597443",
        "Process Lag": "0.312529"
      },
      {
        "Direction": "Outbound",
        "Destination": "Bride's Glen",
        "Time": "00:00:00",
        "AVLS": "00:00:37",
        "Tram": "5021",
        "Action": "a",
        "Msg Sent": "17/10/2019 05:43:56",
        "Msg Received": "17/10/2019 05:43:56",
        "Msg Processed": "17/10/2019 05:43:56",
        "XML ID": "454",
        "Total Lag": "0.294124",
        "Create Lag": "0.2628685",
        "Process Lag": "0.0312555"
      }
    ]
  },
  {
    "stopID": "52",
    "stopQueryTime": 1571287441112,
    "count": 2,
    "results": [
      {
        "Direction": "Inbound",
        "Destination": "Belgard",
        "Time": "00:00:08",
        "AVLS": "00:00:48",
        "Tram": "3026",
        "Action": "a",
        "Msg Sent": "17/10/2019 05:43:53",
        "Msg Received": "17/10/2019 05:43:53",
        "Msg Processed": "17/10/2019 05:43:53",
        "XML ID": "453",
        "Total Lag": "0.7316208",
        "Create Lag": "0.5597443",
        "Process Lag": "0.1718765"
      },
      {
        "Direction": "Outbound",
        "Destination": "Saggart",
        "Time": "00:10:23",
        "AVLS": "00:11:03",
        "Tram": "3009",
        "Action": "a",
        "Msg Sent": "17/10/2019 05:43:53",
        "Msg Received": "17/10/2019 05:43:53",
        "Msg Processed": "17/10/2019 05:43:53",
        "XML ID": "453",
        "Total Lag": "0.5910048",
        "Create Lag": "0.5597443",
        "Process Lag": "0.0312605"
      }
    ]
  },
  {
    "stopID": "25",
    "stopQueryTime": 1571287441115,
    "count": 2,
    "results": [
      {
        "Direction": "Inbound",
        "Destination": "Broombridge",
        "Time": "00:07:07",
        "AVLS": "00:07:47",
        "Tram": "3020",
        "Action": "a",
        "Msg Sent": "17/10/2019 05:43:53",
        "Msg Received": "17/10/2019 05:43:53",
        "Msg Processed": "17/10/2019 05:43:53",
        "XML ID": "453",
        "Total Lag": "0.7159982",
        "Create Lag": "0.5597443",
        "Process Lag": "0.1562539"
      },
      {
        "Direction": "Outbound",
        "Destination": "Bride's Glen",
        "Time": "00:10:49",
        "AVLS": "00:11:29",
        "Tram": "5029",
        "Action": "a",
        "Msg Sent": "17/10/2019 05:43:56",
        "Msg Received": "17/10/2019 05:43:56",
        "Msg Processed": "17/10/2019 05:43:56",
        "XML ID": "454",
        "Total Lag": "0.3722423",
        "Create Lag": "0.2628685",
        "Process Lag": "0.1093738"
      }
    ]
  },
  {
    "stopID": "21",
    "stopQueryTime": 1571287441118,
    "count": 2,
    "results": [
      {
        "Direction": "Inbound",
        "Destination": "The Point",
        "Time": "00:17:46",
        "AVLS": "00:18:26",
        "Tram": "4003",
        "Action": "a",
        "Msg Sent": "17/10/2019 05:43:53",
        "Msg Received": "17/10/2019 05:43:53",
        "Msg Processed": "17/10/2019 05:43:53",
        "XML ID": "453",
        "Total Lag": "0.7785118",
        "Create Lag": "0.5597443",
        "Process Lag": "0.2187675"
      },
      {
        "Direction": "Outbound",
        "Destination": "Tallaght",
        "Time": "00:15:27",
        "AVLS": "00:16:07",
        "Tram": "3019",
        "Action": "a",
        "Msg Sent": "17/10/2019 05:43:53",
        "Msg Received": "17/10/2019 05:43:53",
        "Msg Processed": "17/10/2019 05:43:53",
        "XML ID": "453",
        "Total Lag": "0.6847546",
        "Create Lag": "0.5597443",
        "Process Lag": "0.1250103"
      }
    ]
  },
  {
    "stopID": "46",
    "stopQueryTime": 1571287441123,
    "count": 2,
    "results": [
      {
        "Direction": "Inbound",
        "Destination": "Broombridge",
        "Time": "00:08:36",
        "AVLS": "00:09:16",
        "Tram": "5006",
        "Action": "a",
        "Msg Sent": "17/10/2019 05:43:53",
        "Msg Received": "17/10/2019 05:43:53",
        "Msg Processed": "17/10/2019 05:43:53",
        "XML ID": "453",
        "Total Lag": "0.8410092",
        "Create Lag": "0.5597443",
        "Process Lag": "0.2812649"
      },
      {
        "Direction": "Outbound",
        "Destination": "Bride's Glen",
        "Time": "00:16:18",
        "AVLS": "00:16:58",
        "Tram": "5002",
        "Action": "a",
        "Msg Sent": "17/10/2019 05:43:53",
        "Msg Received": "17/10/2019 05:43:53",
        "Msg Processed": "17/10/2019 05:43:53",
        "XML ID": "453",
        "Total Lag": "0.8253776",
        "Create Lag": "0.5597443",
        "Process Lag": "0.2656333"
      }
    ]
  },
  {
    "stopID": "7",
    "stopQueryTime": 1571287441133,
    "count": 2,
    "results": [
      {
        "Direction": "Inbound",
        "Destination": "The Point",
        "Time": "00:01:48",
        "AVLS": "00:02:28",
        "Tram": "3018",
        "Action": "a",
        "Msg Sent": "17/10/2019 05:43:53",
        "Msg Received": "17/10/2019 05:43:53",
        "Msg Processed": "17/10/2019 05:43:53",
        "XML ID": "453",
        "Total Lag": "0.6378689",
        "Create Lag": "0.5597443",
        "Process Lag": "0.0781246"
      },
      {
        "Direction": "Outbound",
        "Destination": "Tallaght",
        "Time": "00:18:08",
        "AVLS": "00:18:48",
        "Tram": "3013",
        "Action": "a",
        "Msg Sent": "17/10/2019 05:43:53",
        "Msg Received": "17/10/2019 05:43:53",
        "Msg Processed": "17/10/2019 05:43:53",
        "XML ID": "453",
        "Total Lag": "0.6378689",
        "Create Lag": "0.5597443",
        "Process Lag": "0.0781246"
      }
    ]
  },
  {
    "stopID": "5",
    "stopQueryTime": 1571287441136,
    "count": 2,
    "results": [
      {
        "Direction": "Inbound",
        "Destination": "The Point",
        "Time": "00:13:20",
        "AVLS": "00:14:00",
        "Tram": "4004",
        "Action": "a",
        "Msg Sent": "17/10/2019 05:43:53",
        "Msg Received": "17/10/2019 05:43:53",
        "Msg Processed": "17/10/2019 05:43:53",
        "XML ID": "453",
        "Total Lag": "0.7941333",
        "Create Lag": "0.5597443",
        "Process Lag": "0.234389"
      },
      {
        "Direction": "Outbound",
        "Destination": "Saggart",
        "Time": "00:00:27",
        "AVLS": "00:01:07",
        "Tram": "3009",
        "Action": "d",
        "Msg Sent": "17/10/2019 05:43:53",
        "Msg Received": "17/10/2019 05:43:53",
        "Msg Processed": "17/10/2019 05:43:53",
        "XML ID": "453",
        "Total Lag": "0.5753726",
        "Create Lag": "0.5597443",
        "Process Lag": "0.0156283"
      }
    ]
  },
  {
    "stopID": "20",
    "stopQueryTime": 1571287441138,
    "count": 2,
    "results": [
      {
        "Direction": "Inbound",
        "Destination": "The Point",
        "Time": "00:15:15",
        "AVLS": "00:15:55",
        "Tram": "4003",
        "Action": "a",
        "Msg Sent": "17/10/2019 05:43:53",
        "Msg Received": "17/10/2019 05:43:53",
        "Msg Processed": "17/10/2019 05:43:53",
        "XML ID": "453",
        "Total Lag": "0.7785118",
        "Create Lag": "0.5597443",
        "Process Lag": "0.2187675"
      },
      {
        "Direction": "Outbound",
        "Destination": "Tallaght",
        "Time": "00:17:39",
        "AVLS": "00:18:19",
        "Tram": "3019",
        "Action": "a",
        "Msg Sent": "17/10/2019 05:43:53",
        "Msg Received": "17/10/2019 05:43:53",
        "Msg Processed": "17/10/2019 05:43:53",
        "XML ID": "453",
        "Total Lag": "0.7003706",
        "Create Lag": "0.5597443",
        "Process Lag": "0.1406263"
      }
    ]
  },
  {
    "stopID": "51",
    "stopQueryTime": 1571287441141,
    "count": 2,
    "results": [
      {
        "Direction": "Inbound",
        "Destination": "Belgard",
        "Time": "00:01:24",
        "AVLS": "00:02:04",
        "Tram": "3026",
        "Action": "a",
        "Msg Sent": "17/10/2019 05:43:53",
        "Msg Received": "17/10/2019 05:43:53",
        "Msg Processed": "17/10/2019 05:43:53",
        "XML ID": "453",
        "Total Lag": "0.7316208",
        "Create Lag": "0.5597443",
        "Process Lag": "0.1718765"
      },
      {
        "Direction": "Outbound",
        "Destination": "Saggart",
        "Time": "00:09:11",
        "AVLS": "00:09:51",
        "Tram": "3009",
        "Action": "a",
        "Msg Sent": "17/10/2019 05:43:53",
        "Msg Received": "17/10/2019 05:43:53",
        "Msg Processed": "17/10/2019 05:43:53",
        "XML ID": "453",
        "Total Lag": "0.5910048",
        "Create Lag": "0.5597443",
        "Process Lag": "0.0312605"
      }
    ]
  },
  {
    "stopID": "13",
    "stopQueryTime": 1571287441143,
    "count": 3,
    "results": [
      {
        "Direction": "Inbound",
        "Destination": "The Point",
        "Time": "00:02:50",
        "AVLS": "00:03:30",
        "Tram": "4003",
        "Action": "a",
        "Msg Sent": "17/10/2019 05:43:53",
        "Msg Received": "17/10/2019 05:43:53",
        "Msg Processed": "17/10/2019 05:43:53",
        "XML ID": "453",
        "Total Lag": "0.747264",
        "Create Lag": "0.5597443",
        "Process Lag": "0.1875197"
      },
      {
        "Direction": "Inbound",
        "Destination": "The Point",
        "Time": "00:09:50",
        "AVLS": "00:10:30",
        "Tram": "3018",
        "Action": "a",
        "Msg Sent": "17/10/2019 05:43:53",
        "Msg Received": "17/10/2019 05:43:53",
        "Msg Processed": "17/10/2019 05:43:53",
        "XML ID": "453",
        "Total Lag": "0.6534957",
        "Create Lag": "0.5597443",
        "Process Lag": "0.0937514"
      },
      {
        "Direction": "Outbound",
        "Destination": "Tallaght",
        "Time": "00:09:21",
        "AVLS": "00:10:01",
        "Tram": "3013",
        "Action": "a",
        "Msg Sent": "17/10/2019 05:43:53",
        "Msg Received": "17/10/2019 05:43:53",
        "Msg Processed": "17/10/2019 05:43:53",
        "XML ID": "453",
        "Total Lag": "0.6066278",
        "Create Lag": "0.5597443",
        "Process Lag": "0.0468835"
      }
    ]
  },
  {
    "stopID": "15",
    "stopQueryTime": 1571287441146,
    "count": 3,
    "results": [
      {
        "Direction": "Inbound",
        "Destination": "The Point",
        "Time": "00:05:21",
        "AVLS": "00:06:01",
        "Tram": "4003",
        "Action": "a",
        "Msg Sent": "17/10/2019 05:43:53",
        "Msg Received": "17/10/2019 05:43:53",
        "Msg Processed": "17/10/2019 05:43:53",
        "XML ID": "453",
        "Total Lag": "0.7628709",
        "Create Lag": "0.5597443",
        "Process Lag": "0.2031266"
      },
      {
        "Direction": "Inbound",
        "Destination": "The Point",
        "Time": "00:12:21",
        "AVLS": "00:13:01",
        "Tram": "3018",
        "Action": "a",
        "Msg Sent": "17/10/2019 05:43:53",
        "Msg Received": "17/10/2019 05:43:53",
        "Msg Processed": "17/10/2019 05:43:53",
        "XML ID": "453",
        "Total Lag": "0.6691224",
        "Create Lag": "0.5597443",
        "Process Lag": "0.1093781"
      },
      {
        "Direction": "Outbound",
        "Destination": "Tallaght",
        "Time": "00:06:22",
        "AVLS": "00:07:02",
        "Tram": "3013",
        "Action": "a",
        "Msg Sent": "17/10/2019 05:43:53",
        "Msg Received": "17/10/2019 05:43:53",
        "Msg Processed": "17/10/2019 05:43:53",
        "XML ID": "453",
        "Total Lag": "0.6066278",
        "Create Lag": "0.5597443",
        "Process Lag": "0.0468835"
      }
    ]
  },
  {
    "stopID": "9",
    "stopQueryTime": 1571287441151,
    "count": 2,
    "results": [
      {
        "Direction": "Inbound",
        "Destination": "The Point",
        "Time": "00:05:16",
        "AVLS": "00:05:56",
        "Tram": "3018",
        "Action": "a",
        "Msg Sent": "17/10/2019 05:43:53",
        "Msg Received": "17/10/2019 05:43:53",
        "Msg Processed": "17/10/2019 05:43:53",
        "XML ID": "453",
        "Total Lag": "0.6378689",
        "Create Lag": "0.5597443",
        "Process Lag": "0.0781246"
      },
      {
        "Direction": "Outbound",
        "Destination": "Tallaght",
        "Time": "00:14:19",
        "AVLS": "00:14:59",
        "Tram": "3013",
        "Action": "a",
        "Msg Sent": "17/10/2019 05:43:53",
        "Msg Received": "17/10/2019 05:43:53",
        "Msg Processed": "17/10/2019 05:43:53",
        "XML ID": "453",
        "Total Lag": "0.6222465",
        "Create Lag": "0.5597443",
        "Process Lag": "0.0625022"
      }
    ]
  },
  {
    "stopID": "10",
    "stopQueryTime": 1571287441153,
    "count": 3,
    "results": [
      {
        "Direction": "Inbound",
        "Destination": "The Point",
        "Time": "00:00:00",
        "AVLS": "00:00:06",
        "Tram": "4003",
        "Action": "a",
        "Msg Sent": "17/10/2019 05:43:53",
        "Msg Received": "17/10/2019 05:43:53",
        "Msg Processed": "17/10/2019 05:43:53",
        "XML ID": "453",
        "Total Lag": "0.747264",
        "Create Lag": "0.5597443",
        "Process Lag": "0.1875197"
      },
      {
        "Direction": "Inbound",
        "Destination": "The Point",
        "Time": "00:06:26",
        "AVLS": "00:07:06",
        "Tram": "3018",
        "Action": "a",
        "Msg Sent": "17/10/2019 05:43:53",
        "Msg Received": "17/10/2019 05:43:53",
        "Msg Processed": "17/10/2019 05:43:53",
        "XML ID": "453",
        "Total Lag": "0.6378689",
        "Create Lag": "0.5597443",
        "Process Lag": "0.0781246"
      },
      {
        "Direction": "Outbound",
        "Destination": "Tallaght",
        "Time": "00:13:03",
        "AVLS": "00:13:43",
        "Tram": "3013",
        "Action": "a",
        "Msg Sent": "17/10/2019 05:43:53",
        "Msg Received": "17/10/2019 05:43:53",
        "Msg Processed": "17/10/2019 05:43:53",
        "XML ID": "453",
        "Total Lag": "0.6222465",
        "Create Lag": "0.5597443",
        "Process Lag": "0.0625022"
      }
    ]
  },
  {
    "stopID": "24",
    "stopQueryTime": 1571287441156,
    "count": 2,
    "results": [
      {
        "Direction": "Inbound",
        "Destination": "Broombridge",
        "Time": "00:10:05",
        "AVLS": "00:10:45",
        "Tram": "3020",
        "Action": "a",
        "Msg Sent": "17/10/2019 05:43:53",
        "Msg Received": "17/10/2019 05:43:53",
        "Msg Processed": "17/10/2019 05:43:53",
        "XML ID": "453",
        "Total Lag": "0.7159982",
        "Create Lag": "0.5597443",
        "Process Lag": "0.1562539"
      },
      {
        "Direction": "Outbound",
        "Destination": "Bride's Glen",
        "Time": "00:08:51",
        "AVLS": "00:09:31",
        "Tram": "5029",
        "Action": "a",
        "Msg Sent": "17/10/2019 05:43:56",
        "Msg Received": "17/10/2019 05:43:56",
        "Msg Processed": "17/10/2019 05:43:56",
        "XML ID": "454",
        "Total Lag": "0.3566225",
        "Create Lag": "0.2628685",
        "Process Lag": "0.093754"
      }
    ]
  },
  {
    "stopID": "40",
    "stopQueryTime": 1571287441159,
    "count": 3,
    "results": [
      {
        "Direction": "Inbound",
        "Destination": "Broombridge",
        "Time": "00:16:18",
        "AVLS": "00:16:58",
        "Tram": "5006",
        "Action": "a",
        "Msg Sent": "17/10/2019 05:43:53",
        "Msg Received": "17/10/2019 05:43:53",
        "Msg Processed": "17/10/2019 05:43:53",
        "XML ID": "453",
        "Total Lag": "0.8566278",
        "Create Lag": "0.5597443",
        "Process Lag": "0.2968835"
      },
      {
        "Direction": "Outbound",
        "Destination": "Bride's Glen",
        "Time": "00:08:41",
        "AVLS": "00:09:21",
        "Tram": "5002",
        "Action": "a",
        "Msg Sent": "17/10/2019 05:43:53",
        "Msg Received": "17/10/2019 05:43:53",
        "Msg Processed": "17/10/2019 05:43:53",
        "XML ID": "453",
        "Total Lag": "0.8097579",
        "Create Lag": "0.5597443",
        "Process Lag": "0.2500136"
      },
      {
        "Direction": "Outbound",
        "Destination": "Bride's Glen",
        "Time": "00:11:45",
        "AVLS": "00:12:25",
        "Tram": "5021",
        "Action": "a",
        "Msg Sent": "17/10/2019 05:43:56",
        "Msg Received": "17/10/2019 05:43:56",
        "Msg Processed": "17/10/2019 05:43:56",
        "XML ID": "454",
        "Total Lag": "0.3097477",
        "Create Lag": "0.2628685",
        "Process Lag": "0.0468792"
      }
    ]
  },
  {
    "stopID": "47",
    "stopQueryTime": 1571287441160,
    "count": 2,
    "results": [
      {
        "Direction": "Inbound",
        "Destination": "Broombridge",
        "Time": "00:06:35",
        "AVLS": "00:07:15",
        "Tram": "5006",
        "Action": "a",
        "Msg Sent": "17/10/2019 05:43:53",
        "Msg Received": "17/10/2019 05:43:53",
        "Msg Processed": "17/10/2019 05:43:53",
        "XML ID": "453",
        "Total Lag": "0.8410092",
        "Create Lag": "0.5597443",
        "Process Lag": "0.2812649"
      },
      {
        "Direction": "Outbound",
        "Destination": "Bride's Glen",
        "Time": "00:18:15",
        "AVLS": "00:18:55",
        "Tram": "5002",
        "Action": "a",
        "Msg Sent": "17/10/2019 05:43:53",
        "Msg Received": "17/10/2019 05:43:53",
        "Msg Processed": "17/10/2019 05:43:53",
        "XML ID": "453",
        "Total Lag": "0.8253776",
        "Create Lag": "0.5597443",
        "Process Lag": "0.2656333"
      }
    ]
  },
  {
    "stopID": "16",
    "stopQueryTime": 1571287441162,
    "count": 3,
    "results": [
      {
        "Direction": "Inbound",
        "Destination": "The Point",
        "Time": "00:07:46",
        "AVLS": "00:08:26",
        "Tram": "4003",
        "Action": "a",
        "Msg Sent": "17/10/2019 05:43:53",
        "Msg Received": "17/10/2019 05:43:53",
        "Msg Processed": "17/10/2019 05:43:53",
        "XML ID": "453",
        "Total Lag": "0.7628709",
        "Create Lag": "0.5597443",
        "Process Lag": "0.2031266"
      },
      {
        "Direction": "Inbound",
        "Destination": "The Point",
        "Time": "00:14:46",
        "AVLS": "00:15:26",
        "Tram": "3018",
        "Action": "a",
        "Msg Sent": "17/10/2019 05:43:53",
        "Msg Received": "17/10/2019 05:43:53",
        "Msg Processed": "17/10/2019 05:43:53",
        "XML ID": "453",
        "Total Lag": "0.6691224",
        "Create Lag": "0.5597443",
        "Process Lag": "0.1093781"
      },
      {
        "Direction": "Outbound",
        "Destination": "Tallaght",
        "Time": "00:03:11",
        "AVLS": "00:03:51",
        "Tram": "3013",
        "Action": "a",
        "Msg Sent": "17/10/2019 05:43:53",
        "Msg Received": "17/10/2019 05:43:53",
        "Msg Processed": "17/10/2019 05:43:53",
        "XML ID": "453",
        "Total Lag": "0.6066278",
        "Create Lag": "0.5597443",
        "Process Lag": "0.0468835"
      }
    ]
  },
  {
    "stopID": "53",
    "stopQueryTime": 1571287441165,
    "count": 2,
    "results": [
      {
        "Direction": "Inbound",
        "Destination": "Belgard",
        "Time": "00:17:27",
        "AVLS": "00:18:07",
        "Tram": "3009",
        "Action": "d",
        "Msg Sent": "17/10/2019 05:43:53",
        "Msg Received": "17/10/2019 05:43:53",
        "Msg Processed": "17/10/2019 05:43:53",
        "XML ID": "453",
        "Total Lag": "0.5910048",
        "Create Lag": "0.5597443",
        "Process Lag": "0.0312605"
      },
      {
        "Direction": "Terminating",
        "Destination": "Saggart",
        "Time": "00:12:27",
        "AVLS": "00:13:07",
        "Tram": "3009",
        "Action": "a",
        "Msg Sent": "17/10/2019 05:43:53",
        "Msg Received": "17/10/2019 05:43:53",
        "Msg Processed": "17/10/2019 05:43:53",
        "XML ID": "453",
        "Total Lag": "0.5910048",
        "Create Lag": "0.5597443",
        "Process Lag": "0.0312605"
      }
    ]
  },
  {
    "stopID": "49",
    "stopQueryTime": 1571287441167,
    "count": 2,
    "results": [
      {
        "Direction": "Inbound",
        "Destination": "Belgard",
        "Time": "00:04:59",
        "AVLS": "00:05:39",
        "Tram": "3026",
        "Action": "a",
        "Msg Sent": "17/10/2019 05:43:53",
        "Msg Received": "17/10/2019 05:43:53",
        "Msg Processed": "17/10/2019 05:43:53",
        "XML ID": "453",
        "Total Lag": "0.7316208",
        "Create Lag": "0.5597443",
        "Process Lag": "0.1718765"
      },
      {
        "Direction": "Outbound",
        "Destination": "Saggart",
        "Time": "00:05:52",
        "AVLS": "00:06:32",
        "Tram": "3009",
        "Action": "a",
        "Msg Sent": "17/10/2019 05:43:53",
        "Msg Received": "17/10/2019 05:43:53",
        "Msg Processed": "17/10/2019 05:43:53",
        "XML ID": "453",
        "Total Lag": "0.5753726",
        "Create Lag": "0.5597443",
        "Process Lag": "0.0156283"
      }
    ]
  },
  {
    "stopID": "18",
    "stopQueryTime": 1571287441169,
    "count": 3,
    "results": [
      {
        "Direction": "Inbound",
        "Destination": "The Point",
        "Time": "00:12:01",
        "AVLS": "00:12:41",
        "Tram": "4003",
        "Action": "a",
        "Msg Sent": "17/10/2019 05:43:53",
        "Msg Received": "17/10/2019 05:43:53",
        "Msg Processed": "17/10/2019 05:43:53",
        "XML ID": "453",
        "Total Lag": "0.7628709",
        "Create Lag": "0.5597443",
        "Process Lag": "0.2031266"
      },
      {
        "Direction": "Inbound",
        "Destination": "The Point",
        "Time": "00:19:01",
        "AVLS": "00:19:41",
        "Tram": "3018",
        "Action": "a",
        "Msg Sent": "17/10/2019 05:43:53",
        "Msg Received": "17/10/2019 05:43:53",
        "Msg Processed": "17/10/2019 05:43:53",
        "XML ID": "453",
        "Total Lag": "0.6691224",
        "Create Lag": "0.5597443",
        "Process Lag": "0.1093781"
      },
      {
        "Direction": "Outbound",
        "Destination": "Tallaght",
        "Time": "00:00:00",
        "AVLS": "00:00:04",
        "Tram": "3013",
        "Action": "a",
        "Msg Sent": "17/10/2019 05:43:53",
        "Msg Received": "17/10/2019 05:43:53",
        "Msg Processed": "17/10/2019 05:43:53",
        "XML ID": "453",
        "Total Lag": "0.5910048",
        "Create Lag": "0.5597443",
        "Process Lag": "0.0312605"
      }
    ]
  },
  {
    "stopID": "12",
    "stopQueryTime": 1571287441171,
    "count": 3,
    "results": [
      {
        "Direction": "Inbound",
        "Destination": "The Point",
        "Time": "00:01:17",
        "AVLS": "00:01:57",
        "Tram": "4003",
        "Action": "a",
        "Msg Sent": "17/10/2019 05:43:53",
        "Msg Received": "17/10/2019 05:43:53",
        "Msg Processed": "17/10/2019 05:43:53",
        "XML ID": "453",
        "Total Lag": "0.747264",
        "Create Lag": "0.5597443",
        "Process Lag": "0.1875197"
      },
      {
        "Direction": "Inbound",
        "Destination": "The Point",
        "Time": "00:08:17",
        "AVLS": "00:08:57",
        "Tram": "3018",
        "Action": "a",
        "Msg Sent": "17/10/2019 05:43:53",
        "Msg Received": "17/10/2019 05:43:53",
        "Msg Processed": "17/10/2019 05:43:53",
        "XML ID": "453",
        "Total Lag": "0.6534957",
        "Create Lag": "0.5597443",
        "Process Lag": "0.0937514"
      },
      {
        "Direction": "Outbound",
        "Destination": "Tallaght",
        "Time": "00:11:02",
        "AVLS": "00:11:42",
        "Tram": "3013",
        "Action": "a",
        "Msg Sent": "17/10/2019 05:43:53",
        "Msg Received": "17/10/2019 05:43:53",
        "Msg Processed": "17/10/2019 05:43:53",
        "XML ID": "453",
        "Total Lag": "0.6222465",
        "Create Lag": "0.5597443",
        "Process Lag": "0.0625022"
      }
    ]
  },
  {
    "stopID": "50",
    "stopQueryTime": 1571287441173,
    "count": 2,
    "results": [
      {
        "Direction": "Inbound",
        "Destination": "Belgard",
        "Time": "00:03:11",
        "AVLS": "00:03:51",
        "Tram": "3026",
        "Action": "a",
        "Msg Sent": "17/10/2019 05:43:53",
        "Msg Received": "17/10/2019 05:43:53",
        "Msg Processed": "17/10/2019 05:43:53",
        "XML ID": "453",
        "Total Lag": "0.7316208",
        "Create Lag": "0.5597443",
        "Process Lag": "0.1718765"
      },
      {
        "Direction": "Outbound",
        "Destination": "Saggart",
        "Time": "00:07:31",
        "AVLS": "00:08:11",
        "Tram": "3009",
        "Action": "a",
        "Msg Sent": "17/10/2019 05:43:53",
        "Msg Received": "17/10/2019 05:43:53",
        "Msg Processed": "17/10/2019 05:43:53",
        "XML ID": "453",
        "Total Lag": "0.5753726",
        "Create Lag": "0.5597443",
        "Process Lag": "0.0156283"
      }
    ]
  },
  {
    "stopID": "43",
    "stopQueryTime": 1571287441176,
    "count": 3,
    "results": [
      {
        "Direction": "Inbound",
        "Destination": "Broombridge",
        "Time": "00:12:31",
        "AVLS": "00:13:11",
        "Tram": "5006",
        "Action": "a",
        "Msg Sent": "17/10/2019 05:43:53",
        "Msg Received": "17/10/2019 05:43:53",
        "Msg Processed": "17/10/2019 05:43:53",
        "XML ID": "453",
        "Total Lag": "0.8566278",
        "Create Lag": "0.5597443",
        "Process Lag": "0.2968835"
      },
      {
        "Direction": "Outbound",
        "Destination": "Bride's Glen",
        "Time": "00:12:22",
        "AVLS": "00:13:02",
        "Tram": "5002",
        "Action": "a",
        "Msg Sent": "17/10/2019 05:43:53",
        "Msg Received": "17/10/2019 05:43:53",
        "Msg Processed": "17/10/2019 05:43:53",
        "XML ID": "453",
        "Total Lag": "0.8097579",
        "Create Lag": "0.5597443",
        "Process Lag": "0.2500136"
      },
      {
        "Direction": "Outbound",
        "Destination": "Bride's Glen",
        "Time": "00:15:26",
        "AVLS": "00:16:06",
        "Tram": "5021",
        "Action": "a",
        "Msg Sent": "17/10/2019 05:43:56",
        "Msg Received": "17/10/2019 05:43:56",
        "Msg Processed": "17/10/2019 05:43:56",
        "XML ID": "454",
        "Total Lag": "0.3097477",
        "Create Lag": "0.2628685",
        "Process Lag": "0.0468792"
      }
    ]
  },
  {
    "stopID": "45",
    "stopQueryTime": 1571287441177,
    "count": 3,
    "results": [
      {
        "Direction": "Inbound",
        "Destination": "Broombridge",
        "Time": "00:09:58",
        "AVLS": "00:10:38",
        "Tram": "5006",
        "Action": "a",
        "Msg Sent": "17/10/2019 05:43:53",
        "Msg Received": "17/10/2019 05:43:53",
        "Msg Processed": "17/10/2019 05:43:53",
        "XML ID": "453",
        "Total Lag": "0.8410092",
        "Create Lag": "0.5597443",
        "Process Lag": "0.2812649"
      },
      {
        "Direction": "Outbound",
        "Destination": "Bride's Glen",
        "Time": "00:14:55",
        "AVLS": "00:15:35",
        "Tram": "5002",
        "Action": "a",
        "Msg Sent": "17/10/2019 05:43:53",
        "Msg Received": "17/10/2019 05:43:53",
        "Msg Processed": "17/10/2019 05:43:53",
        "XML ID": "453",
        "Total Lag": "0.8253776",
        "Create Lag": "0.5597443",
        "Process Lag": "0.2656333"
      },
      {
        "Direction": "Outbound",
        "Destination": "Bride's Glen",
        "Time": "00:17:59",
        "AVLS": "00:18:39",
        "Tram": "5021",
        "Action": "a",
        "Msg Sent": "17/10/2019 05:43:56",
        "Msg Received": "17/10/2019 05:43:56",
        "Msg Processed": "17/10/2019 05:43:56",
        "XML ID": "454",
        "Total Lag": "0.3253723",
        "Create Lag": "0.2628685",
        "Process Lag": "0.0625038"
      }
    ]
  },
  {
    "stopID": "17",
    "stopQueryTime": 1571287441185,
    "count": 3,
    "results": [
      {
        "Direction": "Inbound",
        "Destination": "The Point",
        "Time": "00:09:57",
        "AVLS": "00:10:37",
        "Tram": "4003",
        "Action": "a",
        "Msg Sent": "17/10/2019 05:43:53",
        "Msg Received": "17/10/2019 05:43:53",
        "Msg Processed": "17/10/2019 05:43:53",
        "XML ID": "453",
        "Total Lag": "0.7628709",
        "Create Lag": "0.5597443",
        "Process Lag": "0.2031266"
      },
      {
        "Direction": "Inbound",
        "Destination": "The Point",
        "Time": "00:16:57",
        "AVLS": "00:17:37",
        "Tram": "3018",
        "Action": "a",
        "Msg Sent": "17/10/2019 05:43:53",
        "Msg Received": "17/10/2019 05:43:53",
        "Msg Processed": "17/10/2019 05:43:53",
        "XML ID": "453",
        "Total Lag": "0.6691224",
        "Create Lag": "0.5597443",
        "Process Lag": "0.1093781"
      },
      {
        "Direction": "Outbound",
        "Destination": "Tallaght",
        "Time": "00:01:23",
        "AVLS": "00:02:03",
        "Tram": "3013",
        "Action": "a",
        "Msg Sent": "17/10/2019 05:43:53",
        "Msg Received": "17/10/2019 05:43:53",
        "Msg Processed": "17/10/2019 05:43:53",
        "XML ID": "453",
        "Total Lag": "0.6066278",
        "Create Lag": "0.5597443",
        "Process Lag": "0.0468835"
      }
    ]
  },
  {
    "stopID": "38",
    "stopQueryTime": 1571287441188,
    "count": 3,
    "results": [
      {
        "Direction": "Inbound",
        "Destination": "Broombridge",
        "Time": "00:00:00",
        "AVLS": "00:00:00",
        "Tram": "5011",
        "Action": "a",
        "Msg Sent": "17/10/2019 05:43:33",
        "Msg Received": "17/10/2019 05:43:33",
        "Msg Processed": "17/10/2019 05:43:33",
        "XML ID": "448",
        "Total Lag": "0.7629039",
        "Create Lag": "0.7629039",
        "Process Lag": "0"
      },
      {
        "Direction": "Outbound",
        "Destination": "Bride's Glen",
        "Time": "00:05:28",
        "AVLS": "00:06:08",
        "Tram": "5002",
        "Action": "a",
        "Msg Sent": "17/10/2019 05:43:53",
        "Msg Received": "17/10/2019 05:43:53",
        "Msg Processed": "17/10/2019 05:43:53",
        "XML ID": "453",
        "Total Lag": "0.7941333",
        "Create Lag": "0.5597443",
        "Process Lag": "0.234389"
      },
      {
        "Direction": "Outbound",
        "Destination": "Bride's Glen",
        "Time": "00:08:32",
        "AVLS": "00:09:12",
        "Tram": "5021",
        "Action": "a",
        "Msg Sent": "17/10/2019 05:43:56",
        "Msg Received": "17/10/2019 05:43:56",
        "Msg Processed": "17/10/2019 05:43:56",
        "XML ID": "454",
        "Total Lag": "0.3097477",
        "Create Lag": "0.2628685",
        "Process Lag": "0.0468792"
      }
    ]
  },
  {
    "stopID": "28",
    "stopQueryTime": 1571287441190,
    "count": 3,
    "results": [
      {
        "Direction": "Inbound",
        "Destination": "Broombridge",
        "Time": "00:02:05",
        "AVLS": "00:02:45",
        "Tram": "3020",
        "Action": "a",
        "Msg Sent": "17/10/2019 05:43:53",
        "Msg Received": "17/10/2019 05:43:53",
        "Msg Processed": "17/10/2019 05:43:53",
        "XML ID": "453",
        "Total Lag": "0.7003706",
        "Create Lag": "0.5597443",
        "Process Lag": "0.1406263"
      },
      {
        "Direction": "Inbound",
        "Destination": "Broombridge",
        "Time": "00:16:53",
        "AVLS": "00:17:33",
        "Tram": "5011",
        "Action": "a",
        "Msg Sent": "17/10/2019 05:43:56",
        "Msg Received": "17/10/2019 05:43:56",
        "Msg Processed": "17/10/2019 05:43:56",
        "XML ID": "454",
        "Total Lag": "0.2784926",
        "Create Lag": "0.2628685",
        "Process Lag": "0.0156241"
      },
      {
        "Direction": "Outbound",
        "Destination": "Bride's Glen",
        "Time": "00:16:51",
        "AVLS": "00:17:31",
        "Tram": "5029",
        "Action": "a",
        "Msg Sent": "17/10/2019 05:43:56",
        "Msg Received": "17/10/2019 05:43:56",
        "Msg Processed": "17/10/2019 05:43:56",
        "XML ID": "454",
        "Total Lag": "0.3722423",
        "Create Lag": "0.2628685",
        "Process Lag": "0.1093738"
      }
    ]
  },
  {
    "stopID": "34",
    "stopQueryTime": 1571287441195,
    "count": 3,
    "results": [
      {
        "Direction": "Inbound",
        "Destination": "Broombridge",
        "Time": "00:06:28",
        "AVLS": "00:07:08",
        "Tram": "5011",
        "Action": "a",
        "Msg Sent": "17/10/2019 05:43:53",
        "Msg Received": "17/10/2019 05:43:53",
        "Msg Processed": "17/10/2019 05:43:53",
        "XML ID": "453",
        "Total Lag": "0.8722733",
        "Create Lag": "0.5597443",
        "Process Lag": "0.312529"
      },
      {
        "Direction": "Inbound",
        "Destination": "Parnell",
        "Time": "00:19:02",
        "AVLS": "00:19:42",
        "Tram": "5003",
        "Action": "a",
        "Msg Sent": "17/10/2019 05:43:53",
        "Msg Received": "17/10/2019 05:43:53",
        "Msg Processed": "17/10/2019 05:43:53",
        "XML ID": "453",
        "Total Lag": "0.5753726",
        "Create Lag": "0.5597443",
        "Process Lag": "0.0156283"
      },
      {
        "Direction": "Outbound",
        "Destination": "Bride's Glen",
        "Time": "00:01:31",
        "AVLS": "00:02:11",
        "Tram": "5021",
        "Action": "a",
        "Msg Sent": "17/10/2019 05:43:56",
        "Msg Received": "17/10/2019 05:43:56",
        "Msg Processed": "17/10/2019 05:43:56",
        "XML ID": "454",
        "Total Lag": "0.294124",
        "Create Lag": "0.2628685",
        "Process Lag": "0.0312555"
      }
    ]
  },
  {
    "stopID": "11",
    "stopQueryTime": 1571287441200,
    "count": 3,
    "results": [
      {
        "Direction": "Inbound",
        "Destination": "The Point",
        "Time": "00:00:18",
        "AVLS": "00:00:58",
        "Tram": "4003",
        "Action": "a",
        "Msg Sent": "17/10/2019 05:43:53",
        "Msg Received": "17/10/2019 05:43:53",
        "Msg Processed": "17/10/2019 05:43:53",
        "XML ID": "453",
        "Total Lag": "0.747264",
        "Create Lag": "0.5597443",
        "Process Lag": "0.1875197"
      },
      {
        "Direction": "Inbound",
        "Destination": "The Point",
        "Time": "00:07:18",
        "AVLS": "00:07:58",
        "Tram": "3018",
        "Action": "a",
        "Msg Sent": "17/10/2019 05:43:53",
        "Msg Received": "17/10/2019 05:43:53",
        "Msg Processed": "17/10/2019 05:43:53",
        "XML ID": "453",
        "Total Lag": "0.6534957",
        "Create Lag": "0.5597443",
        "Process Lag": "0.0937514"
      },
      {
        "Direction": "Outbound",
        "Destination": "Tallaght",
        "Time": "00:12:07",
        "AVLS": "00:12:47",
        "Tram": "3013",
        "Action": "a",
        "Msg Sent": "17/10/2019 05:43:53",
        "Msg Received": "17/10/2019 05:43:53",
        "Msg Processed": "17/10/2019 05:43:53",
        "XML ID": "453",
        "Total Lag": "0.6222465",
        "Create Lag": "0.5597443",
        "Process Lag": "0.0625022"
      }
    ]
  },
  {
    "stopID": "36",
    "stopQueryTime": 1571287441202,
    "count": 4,
    "results": [
      {
        "Direction": "Inbound",
        "Destination": "Broombridge",
        "Time": "00:02:53",
        "AVLS": "00:03:33",
        "Tram": "5011",
        "Action": "a",
        "Msg Sent": "17/10/2019 05:43:53",
        "Msg Received": "17/10/2019 05:43:53",
        "Msg Processed": "17/10/2019 05:43:53",
        "XML ID": "453",
        "Total Lag": "0.8722733",
        "Create Lag": "0.5597443",
        "Process Lag": "0.312529"
      },
      {
        "Direction": "Inbound",
        "Destination": "Parnell",
        "Time": "00:15:27",
        "AVLS": "00:16:07",
        "Tram": "5003",
        "Action": "d",
        "Msg Sent": "17/10/2019 05:43:53",
        "Msg Received": "17/10/2019 05:43:53",
        "Msg Processed": "17/10/2019 05:43:53",
        "XML ID": "453",
        "Total Lag": "0.5597443",
        "Create Lag": "0.5597443",
        "Process Lag": "0"
      },
      {
        "Direction": "Outbound",
        "Destination": "Bride's Glen",
        "Time": "00:01:27",
        "AVLS": "00:02:07",
        "Tram": "5002",
        "Action": "d",
        "Msg Sent": "17/10/2019 05:43:53",
        "Msg Received": "17/10/2019 05:43:53",
        "Msg Processed": "17/10/2019 05:43:53",
        "XML ID": "453",
        "Total Lag": "0.7941333",
        "Create Lag": "0.5597443",
        "Process Lag": "0.234389"
      },
      {
        "Direction": "Outbound",
        "Destination": "Bride's Glen",
        "Time": "00:04:31",
        "AVLS": "00:05:11",
        "Tram": "5021",
        "Action": "a",
        "Msg Sent": "17/10/2019 05:43:56",
        "Msg Received": "17/10/2019 05:43:56",
        "Msg Processed": "17/10/2019 05:43:56",
        "XML ID": "454",
        "Total Lag": "0.294124",
        "Create Lag": "0.2628685",
        "Process Lag": "0.0312555"
      }
    ]
  },
  {
    "stopID": "29",
    "stopQueryTime": 1571287441204,
    "count": 3,
    "results": [
      {
        "Direction": "Inbound",
        "Destination": "Broombridge",
        "Time": "00:00:36",
        "AVLS": "00:01:16",
        "Tram": "3020",
        "Action": "a",
        "Msg Sent": "17/10/2019 05:43:53",
        "Msg Received": "17/10/2019 05:43:53",
        "Msg Processed": "17/10/2019 05:43:53",
        "XML ID": "453",
        "Total Lag": "0.7003706",
        "Create Lag": "0.5597443",
        "Process Lag": "0.1406263"
      },
      {
        "Direction": "Inbound",
        "Destination": "Broombridge",
        "Time": "00:15:24",
        "AVLS": "00:16:04",
        "Tram": "5011",
        "Action": "a",
        "Msg Sent": "17/10/2019 05:43:56",
        "Msg Received": "17/10/2019 05:43:56",
        "Msg Processed": "17/10/2019 05:43:56",
        "XML ID": "454",
        "Total Lag": "0.2784926",
        "Create Lag": "0.2628685",
        "Process Lag": "0.0156241"
      },
      {
        "Direction": "Outbound",
        "Destination": "Bride's Glen",
        "Time": "00:18:19",
        "AVLS": "00:18:59",
        "Tram": "5029",
        "Action": "a",
        "Msg Sent": "17/10/2019 05:43:56",
        "Msg Received": "17/10/2019 05:43:56",
        "Msg Processed": "17/10/2019 05:43:56",
        "XML ID": "454",
        "Total Lag": "0.3722423",
        "Create Lag": "0.2628685",
        "Process Lag": "0.1093738"
      }
    ]
  },
  {
    "stopID": "4",
    "stopQueryTime": 1571287441213,
    "count": 3,
    "results": [
      {
        "Direction": "Inbound",
        "Destination": "The Point",
        "Time": "00:11:27",
        "AVLS": "00:12:07",
        "Tram": "4004",
        "Action": "a",
        "Msg Sent": "17/10/2019 05:43:53",
        "Msg Received": "17/10/2019 05:43:53",
        "Msg Processed": "17/10/2019 05:43:53",
        "XML ID": "453",
        "Total Lag": "0.7941333",
        "Create Lag": "0.5597443",
        "Process Lag": "0.234389"
      },
      {
        "Direction": "Outbound",
        "Destination": "Saggart",
        "Time": "00:02:10",
        "AVLS": "00:02:50",
        "Tram": "3009",
        "Action": "a",
        "Msg Sent": "17/10/2019 05:43:53",
        "Msg Received": "17/10/2019 05:43:53",
        "Msg Processed": "17/10/2019 05:43:53",
        "XML ID": "453",
        "Total Lag": "0.5753726",
        "Create Lag": "0.5597443",
        "Process Lag": "0.0156283"
      },
      {
        "Direction": "Outbound",
        "Destination": "Saggart",
        "Time": "00:15:57",
        "AVLS": "00:16:37",
        "Tram": "3026",
        "Action": "a",
        "Msg Sent": "17/10/2019 05:43:53",
        "Msg Received": "17/10/2019 05:43:53",
        "Msg Processed": "17/10/2019 05:43:53",
        "XML ID": "453",
        "Total Lag": "0.747264",
        "Create Lag": "0.5597443",
        "Process Lag": "0.1875197"
      }
    ]
  },
  {
    "stopID": "35",
    "stopQueryTime": 1571287441215,
    "count": 3,
    "results": [
      {
        "Direction": "Inbound",
        "Destination": "Broombridge",
        "Time": "00:04:28",
        "AVLS": "00:05:08",
        "Tram": "5011",
        "Action": "a",
        "Msg Sent": "17/10/2019 05:43:53",
        "Msg Received": "17/10/2019 05:43:53",
        "Msg Processed": "17/10/2019 05:43:53",
        "XML ID": "453",
        "Total Lag": "0.8722733",
        "Create Lag": "0.5597443",
        "Process Lag": "0.312529"
      },
      {
        "Direction": "Inbound",
        "Destination": "Parnell",
        "Time": "00:17:02",
        "AVLS": "00:17:42",
        "Tram": "5003",
        "Action": "a",
        "Msg Sent": "17/10/2019 05:43:53",
        "Msg Received": "17/10/2019 05:43:53",
        "Msg Processed": "17/10/2019 05:43:53",
        "XML ID": "453",
        "Total Lag": "0.5753726",
        "Create Lag": "0.5597443",
        "Process Lag": "0.0156283"
      },
      {
        "Direction": "Outbound",
        "Destination": "Bride's Glen",
        "Time": "00:03:10",
        "AVLS": "00:03:50",
        "Tram": "5021",
        "Action": "a",
        "Msg Sent": "17/10/2019 05:43:56",
        "Msg Received": "17/10/2019 05:43:56",
        "Msg Processed": "17/10/2019 05:43:56",
        "XML ID": "454",
        "Total Lag": "0.294124",
        "Create Lag": "0.2628685",
        "Process Lag": "0.0312555"
      }
    ]
  },
  {
    "stopID": "42",
    "stopQueryTime": 1571287441217,
    "count": 3,
    "results": [
      {
        "Direction": "Inbound",
        "Destination": "Broombridge",
        "Time": "00:14:07",
        "AVLS": "00:14:47",
        "Tram": "5006",
        "Action": "a",
        "Msg Sent": "17/10/2019 05:43:53",
        "Msg Received": "17/10/2019 05:43:53",
        "Msg Processed": "17/10/2019 05:43:53",
        "XML ID": "453",
        "Total Lag": "0.8566278",
        "Create Lag": "0.5597443",
        "Process Lag": "0.2968835"
      },
      {
        "Direction": "Outbound",
        "Destination": "Bride's Glen",
        "Time": "00:10:49",
        "AVLS": "00:11:29",
        "Tram": "5002",
        "Action": "a",
        "Msg Sent": "17/10/2019 05:43:53",
        "Msg Received": "17/10/2019 05:43:53",
        "Msg Processed": "17/10/2019 05:43:53",
        "XML ID": "453",
        "Total Lag": "0.8097579",
        "Create Lag": "0.5597443",
        "Process Lag": "0.2500136"
      },
      {
        "Direction": "Outbound",
        "Destination": "Bride's Glen",
        "Time": "00:13:53",
        "AVLS": "00:14:33",
        "Tram": "5021",
        "Action": "a",
        "Msg Sent": "17/10/2019 05:43:56",
        "Msg Received": "17/10/2019 05:43:56",
        "Msg Processed": "17/10/2019 05:43:56",
        "XML ID": "454",
        "Total Lag": "0.3097477",
        "Create Lag": "0.2628685",
        "Process Lag": "0.0468792"
      }
    ]
  },
  {
    "stopID": "44",
    "stopQueryTime": 1571287441223,
    "count": 3,
    "results": [
      {
        "Direction": "Inbound",
        "Destination": "Broombridge",
        "Time": "00:11:27",
        "AVLS": "00:12:07",
        "Tram": "5006",
        "Action": "a",
        "Msg Sent": "17/10/2019 05:43:53",
        "Msg Received": "17/10/2019 05:43:53",
        "Msg Processed": "17/10/2019 05:43:53",
        "XML ID": "453",
        "Total Lag": "0.8410092",
        "Create Lag": "0.5597443",
        "Process Lag": "0.2812649"
      },
      {
        "Direction": "Outbound",
        "Destination": "Bride's Glen",
        "Time": "00:13:27",
        "AVLS": "00:14:07",
        "Tram": "5002",
        "Action": "a",
        "Msg Sent": "17/10/2019 05:43:53",
        "Msg Received": "17/10/2019 05:43:53",
        "Msg Processed": "17/10/2019 05:43:53",
        "XML ID": "453",
        "Total Lag": "0.8253776",
        "Create Lag": "0.5597443",
        "Process Lag": "0.2656333"
      },
      {
        "Direction": "Outbound",
        "Destination": "Bride's Glen",
        "Time": "00:16:31",
        "AVLS": "00:17:11",
        "Tram": "5021",
        "Action": "a",
        "Msg Sent": "17/10/2019 05:43:56",
        "Msg Received": "17/10/2019 05:43:56",
        "Msg Processed": "17/10/2019 05:43:56",
        "XML ID": "454",
        "Total Lag": "0.3253723",
        "Create Lag": "0.2628685",
        "Process Lag": "0.0625038"
      }
    ]
  },
  {
    "stopID": "39",
    "stopQueryTime": 1571287441226,
    "count": 3,
    "results": [
      {
        "Direction": "Inbound",
        "Destination": "Broombridge",
        "Time": "00:17:48",
        "AVLS": "00:18:28",
        "Tram": "5006",
        "Action": "a",
        "Msg Sent": "17/10/2019 05:43:53",
        "Msg Received": "17/10/2019 05:43:53",
        "Msg Processed": "17/10/2019 05:43:53",
        "XML ID": "453",
        "Total Lag": "0.8566278",
        "Create Lag": "0.5597443",
        "Process Lag": "0.2968835"
      },
      {
        "Direction": "Outbound",
        "Destination": "Bride's Glen",
        "Time": "00:07:13",
        "AVLS": "00:07:53",
        "Tram": "5002",
        "Action": "a",
        "Msg Sent": "17/10/2019 05:43:53",
        "Msg Received": "17/10/2019 05:43:53",
        "Msg Processed": "17/10/2019 05:43:53",
        "XML ID": "453",
        "Total Lag": "0.8097579",
        "Create Lag": "0.5597443",
        "Process Lag": "0.2500136"
      },
      {
        "Direction": "Outbound",
        "Destination": "Bride's Glen",
        "Time": "00:10:17",
        "AVLS": "00:10:57",
        "Tram": "5021",
        "Action": "a",
        "Msg Sent": "17/10/2019 05:43:56",
        "Msg Received": "17/10/2019 05:43:56",
        "Msg Processed": "17/10/2019 05:43:56",
        "XML ID": "454",
        "Total Lag": "0.3097477",
        "Create Lag": "0.2628685",
        "Process Lag": "0.0468792"
      }
    ]
  },
  {
    "stopID": "27",
    "stopQueryTime": 1571287441230,
    "count": 3,
    "results": [
      {
        "Direction": "Inbound",
        "Destination": "Broombridge",
        "Time": "00:03:36",
        "AVLS": "00:04:16",
        "Tram": "3020",
        "Action": "a",
        "Msg Sent": "17/10/2019 05:43:53",
        "Msg Received": "17/10/2019 05:43:53",
        "Msg Processed": "17/10/2019 05:43:53",
        "XML ID": "453",
        "Total Lag": "0.7003706",
        "Create Lag": "0.5597443",
        "Process Lag": "0.1406263"
      },
      {
        "Direction": "Inbound",
        "Destination": "Broombridge",
        "Time": "00:18:24",
        "AVLS": "00:19:04",
        "Tram": "5011",
        "Action": "a",
        "Msg Sent": "17/10/2019 05:43:56",
        "Msg Received": "17/10/2019 05:43:56",
        "Msg Processed": "17/10/2019 05:43:56",
        "XML ID": "454",
        "Total Lag": "0.2784926",
        "Create Lag": "0.2628685",
        "Process Lag": "0.0156241"
      },
      {
        "Direction": "Outbound",
        "Destination": "Bride's Glen",
        "Time": "00:14:57",
        "AVLS": "00:15:37",
        "Tram": "5029",
        "Action": "a",
        "Msg Sent": "17/10/2019 05:43:56",
        "Msg Received": "17/10/2019 05:43:56",
        "Msg Processed": "17/10/2019 05:43:56",
        "XML ID": "454",
        "Total Lag": "0.3722423",
        "Create Lag": "0.2628685",
        "Process Lag": "0.1093738"
      }
    ]
  },
  {
    "stopID": "14",
    "stopQueryTime": 1571287441233,
    "count": 3,
    "results": [
      {
        "Direction": "Inbound",
        "Destination": "The Point",
        "Time": "00:03:43",
        "AVLS": "00:04:23",
        "Tram": "4003",
        "Action": "a",
        "Msg Sent": "17/10/2019 05:43:53",
        "Msg Received": "17/10/2019 05:43:53",
        "Msg Processed": "17/10/2019 05:43:53",
        "XML ID": "453",
        "Total Lag": "0.7628709",
        "Create Lag": "0.5597443",
        "Process Lag": "0.2031266"
      },
      {
        "Direction": "Inbound",
        "Destination": "The Point",
        "Time": "00:10:43",
        "AVLS": "00:11:23",
        "Tram": "3018",
        "Action": "a",
        "Msg Sent": "17/10/2019 05:43:53",
        "Msg Received": "17/10/2019 05:43:53",
        "Msg Processed": "17/10/2019 05:43:53",
        "XML ID": "453",
        "Total Lag": "0.6534957",
        "Create Lag": "0.5597443",
        "Process Lag": "0.0937514"
      },
      {
        "Direction": "Outbound",
        "Destination": "Tallaght",
        "Time": "00:08:21",
        "AVLS": "00:09:01",
        "Tram": "3013",
        "Action": "a",
        "Msg Sent": "17/10/2019 05:43:53",
        "Msg Received": "17/10/2019 05:43:53",
        "Msg Processed": "17/10/2019 05:43:53",
        "XML ID": "453",
        "Total Lag": "0.6066278",
        "Create Lag": "0.5597443",
        "Process Lag": "0.0468835"
      }
    ]
  },
  {
    "stopID": "37",
    "stopQueryTime": 1571287441235,
    "count": 3,
    "results": [
      {
        "Direction": "Inbound",
        "Destination": "Broombridge",
        "Time": "00:00:29",
        "AVLS": "00:01:09",
        "Tram": "5011",
        "Action": "a",
        "Msg Sent": "17/10/2019 05:43:53",
        "Msg Received": "17/10/2019 05:43:53",
        "Msg Processed": "17/10/2019 05:43:53",
        "XML ID": "453",
        "Total Lag": "0.8722733",
        "Create Lag": "0.5597443",
        "Process Lag": "0.312529"
      },
      {
        "Direction": "Outbound",
        "Destination": "Bride's Glen",
        "Time": "00:04:00",
        "AVLS": "00:04:40",
        "Tram": "5002",
        "Action": "a",
        "Msg Sent": "17/10/2019 05:43:53",
        "Msg Received": "17/10/2019 05:43:53",
        "Msg Processed": "17/10/2019 05:43:53",
        "XML ID": "453",
        "Total Lag": "0.7941333",
        "Create Lag": "0.5597443",
        "Process Lag": "0.234389"
      },
      {
        "Direction": "Outbound",
        "Destination": "Bride's Glen",
        "Time": "00:07:04",
        "AVLS": "00:07:44",
        "Tram": "5021",
        "Action": "a",
        "Msg Sent": "17/10/2019 05:43:56",
        "Msg Received": "17/10/2019 05:43:56",
        "Msg Processed": "17/10/2019 05:43:56",
        "XML ID": "454",
        "Total Lag": "0.294124",
        "Create Lag": "0.2628685",
        "Process Lag": "0.0312555"
      }
    ]
  }
]