[
  {
    "stopID": "51",
    "stopQueryTime": 1571286720171,
    "count": 1,
    "results": [
      {
        "Direction": "Inbound",
        "Destination": "Belgard",
        "Time": "00:12:58",
        "AVLS": "00:13:38",
        "Tram": "3026",
        "Action": "a",
        "Msg Sent": "17/10/2019 05:31:53",
        "Msg Received": "17/10/2019 05:31:53",
        "Msg Processed": "17/10/2019 05:31:53",
        "XML ID": "246",
        "Total Lag": "0.5957891",
        "Create Lag": "0.4239327",
        "Process Lag": "0.1718564"
      }
    ]
  },
  {
    "stopID": "17",
    "stopQueryTime": 1571286720179,
    "count": 1,
    "results": [
      {
        "Direction": "Outbound",
        "Destination": "Tallaght",
        "Time": "00:15:09",
        "AVLS": "00:15:49",
        "Tram": "3013",
        "Action": "a",
        "Msg Sent": "17/10/2019 05:31:53",
        "Msg Received": "17/10/2019 05:31:53",
        "Msg Processed": "17/10/2019 05:31:53",
        "XML ID": "246",
        "Total Lag": "0.5020462",
        "Create Lag": "0.4239327",
        "Process Lag": "0.0781135"
      }
    ]
  },
  {
    "stopID": "16",
    "stopQueryTime": 1571286720185,
    "count": 2,
    "results": [
      {
        "Direction": "Inbound",
        "Destination": "The Point",
        "Time": "00:18:20",
        "AVLS": "00:19:00",
        "Tram": "4003",
        "Action": "a",
        "Msg Sent": "17/10/2019 05:31:53",
        "Msg Received": "17/10/2019 05:31:53",
        "Msg Processed": "17/10/2019 05:31:53",
        "XML ID": "246",
        "Total Lag": "0.4551736",
        "Create Lag": "0.4239327",
        "Process Lag": "0.0312409"
      },
      {
        "Direction": "Outbound",
        "Destination": "Tallaght",
        "Time": "00:16:57",
        "AVLS": "00:17:37",
        "Tram": "3013",
        "Action": "a",
        "Msg Sent": "17/10/2019 05:31:53",
        "Msg Received": "17/10/2019 05:31:53",
        "Msg Processed": "17/10/2019 05:31:53",
        "XML ID": "246",
        "Total Lag": "0.5176871",
        "Create Lag": "0.4239327",
        "Process Lag": "0.0937544"
      }
    ]
  },
  {
    "stopID": "2",
    "stopQueryTime": 1571286720198,
    "count": 2,
    "results": [
      {
        "Direction": "Inbound",
        "Destination": "The Point",
        "Time": "00:00:00",
        "AVLS": "00:00:34",
        "Tram": "3018",
        "Action": "a",
        "Msg Sent": "17/10/2019 05:31:53",
        "Msg Received": "17/10/2019 05:31:53",
        "Msg Processed": "17/10/2019 05:31:53",
        "XML ID": "246",
        "Total Lag": "0.5176871",
        "Create Lag": "0.4239327",
        "Process Lag": "0.0937544"
      },
      {
        "Direction": "Outbound",
        "Destination": "Tallaght",
        "Time": "00:04:46",
        "AVLS": "00:05:26",
        "Tram": "4004",
        "Action": "a",
        "Msg Sent": "17/10/2019 05:31:53",
        "Msg Received": "17/10/2019 05:31:53",
        "Msg Processed": "17/10/2019 05:31:53",
        "XML ID": "246",
        "Total Lag": "0.611415",
        "Create Lag": "0.4239327",
        "Process Lag": "0.1874823"
      }
    ]
  },
  {
    "stopID": "13",
    "stopQueryTime": 1571286720766,
    "count": 1,
    "results": [
      {
        "Direction": "Inbound",
        "Destination": "The Point",
        "Time": "00:13:24",
        "AVLS": "00:14:04",
        "Tram": "4003",
        "Action": "a",
        "Msg Sent": "17/10/2019 05:31:53",
        "Msg Received": "17/10/2019 05:31:53",
        "Msg Processed": "17/10/2019 05:31:53",
        "XML ID": "246",
        "Total Lag": "0.4551736",
        "Create Lag": "0.4239327",
        "Process Lag": "0.0312409"
      }
    ]
  },
  {
    "stopID": "23",
    "stopQueryTime": 1571286720771,
    "count": 0,
    "results": []
  },
  {
    "stopID": "24",
    "stopQueryTime": 1571286720782,
    "count": 1,
    "results": [
      {
        "Direction": "Inbound",
        "Destination": "Broombridge",
        "Time": "00:19:06",
        "AVLS": "00:19:46",
        "Tram": "3020",
        "Action": "a",
        "Msg Sent": "17/10/2019 05:31:53",
        "Msg Received": "17/10/2019 05:31:53",
        "Msg Processed": "17/10/2019 05:31:53",
        "XML ID": "246",
        "Total Lag": "0.5801674",
        "Create Lag": "0.4239327",
        "Process Lag": "0.1562347"
      }
    ]
  },
  {
    "stopID": "19",
    "stopQueryTime": 1571286720786,
    "count": 1,
    "results": [
      {
        "Direction": "Outbound",
        "Destination": "Tallaght",
        "Time": "00:12:05",
        "AVLS": "00:12:45",
        "Tram": "3013",
        "Action": "a",
        "Msg Sent": "17/10/2019 05:31:53",
        "Msg Received": "17/10/2019 05:31:53",
        "Msg Processed": "17/10/2019 05:31:53",
        "XML ID": "246",
        "Total Lag": "0.5020462",
        "Create Lag": "0.4239327",
        "Process Lag": "0.0781135"
      }
    ]
  },
  {
    "stopID": "15",
    "stopQueryTime": 1571286720788,
    "count": 1,
    "results": [
      {
        "Direction": "Inbound",
        "Destination": "The Point",
        "Time": "00:15:55",
        "AVLS": "00:16:35",
        "Tram": "4003",
        "Action": "a",
        "Msg Sent": "17/10/2019 05:31:53",
        "Msg Received": "17/10/2019 05:31:53",
        "Msg Processed": "17/10/2019 05:31:53",
        "XML ID": "246",
        "Total Lag": "0.4551736",
        "Create Lag": "0.4239327",
        "Process Lag": "0.0312409"
      }
    ]
  },
  {
    "stopID": "20",
    "stopQueryTime": 1571286720791,
    "count": 1,
    "results": [
      {
        "Direction": "Outbound",
        "Destination": "Tallaght",
        "Time": "00:10:09",
        "AVLS": "00:10:49",
        "Tram": "3013",
        "Action": "a",
        "Msg Sent": "17/10/2019 05:31:53",
        "Msg Received": "17/10/2019 05:31:53",
        "Msg Processed": "17/10/2019 05:31:53",
        "XML ID": "246",
        "Total Lag": "0.5020462",
        "Create Lag": "0.4239327",
        "Process Lag": "0.0781135"
      }
    ]
  },
  {
    "stopID": "49",
    "stopQueryTime": 1571286720799,
    "count": 1,
    "results": [
      {
        "Direction": "Inbound",
        "Destination": "Belgard",
        "Time": "00:16:33",
        "AVLS": "00:17:13",
        "Tram": "3026",
        "Action": "a",
        "Msg Sent": "17/10/2019 05:31:53",
        "Msg Received": "17/10/2019 05:31:53",
        "Msg Processed": "17/10/2019 05:31:53",
        "XML ID": "246",
        "Total Lag": "0.5957891",
        "Create Lag": "0.4239327",
        "Process Lag": "0.1718564"
      }
    ]
  },
  {
    "stopID": "48",
    "stopQueryTime": 1571286720803,
    "count": 1,
    "results": [
      {
        "Direction": "Inbound",
        "Destination": "Broombridge",
        "Time": "00:17:23",
        "AVLS": "00:18:03",
        "Tram": "5006",
        "Action": "d",
        "Msg Sent": "17/10/2019 05:31:59",
        "Msg Received": "17/10/2019 05:31:59",
        "Msg Processed": "17/10/2019 05:31:59",
        "XML ID": "247",
        "Total Lag": "0.470556",
        "Create Lag": "0.408059",
        "Process Lag": "0.062497"
      }
    ]
  },
  {
    "stopID": "22",
    "stopQueryTime": 1571286720805,
    "count": 1,
    "results": [
      {
        "Direction": "Outbound",
        "Destination": "Tallaght",
        "Time": "00:04:29",
        "AVLS": "00:05:09",
        "Tram": "3013",
        "Action": "a",
        "Msg Sent": "17/10/2019 05:31:53",
        "Msg Received": "17/10/2019 05:31:53",
        "Msg Processed": "17/10/2019 05:31:53",
        "XML ID": "246",
        "Total Lag": "0.4864207",
        "Create Lag": "0.4239327",
        "Process Lag": "0.062488"
      }
    ]
  },
  {
    "stopID": "35",
    "stopQueryTime": 1571286720810,
    "count": 2,
    "results": [
      {
        "Direction": "Inbound",
        "Destination": "Broombridge",
        "Time": "00:17:18",
        "AVLS": "00:17:58",
        "Tram": "5011",
        "Action": "a",
        "Msg Sent": "17/10/2019 05:31:59",
        "Msg Received": "17/10/2019 05:31:59",
        "Msg Processed": "17/10/2019 05:31:59",
        "XML ID": "247",
        "Total Lag": "0.4393091",
        "Create Lag": "0.408059",
        "Process Lag": "0.0312501"
      },
      {
        "Direction": "Outbound",
        "Destination": "Bride's Glen",
        "Time": "00:17:01",
        "AVLS": "00:17:41",
        "Tram": "5021",
        "Action": "a",
        "Msg Sent": "17/10/2019 05:31:53",
        "Msg Received": "17/10/2019 05:31:53",
        "Msg Processed": "17/10/2019 05:31:53",
        "XML ID": "246",
        "Total Lag": "0.7207836",
        "Create Lag": "0.4239327",
        "Process Lag": "0.2968509"
      }
    ]
  },
  {
    "stopID": "27",
    "stopQueryTime": 1571286720813,
    "count": 2,
    "results": [
      {
        "Direction": "Inbound",
        "Destination": "Broombridge",
        "Time": "00:12:37",
        "AVLS": "00:13:17",
        "Tram": "3020",
        "Action": "a",
        "Msg Sent": "17/10/2019 05:31:53",
        "Msg Received": "17/10/2019 05:31:53",
        "Msg Processed": "17/10/2019 05:31:53",
        "XML ID": "246",
        "Total Lag": "0.5801674",
        "Create Lag": "0.4239327",
        "Process Lag": "0.1562347"
      },
      {
        "Direction": "Outbound",
        "Destination": "Bride's Glen",
        "Time": "00:03:28",
        "AVLS": "00:04:08",
        "Tram": "5021",
        "Action": "a",
        "Msg Sent": "17/10/2019 05:31:53",
        "Msg Received": "17/10/2019 05:31:53",
        "Msg Processed": "17/10/2019 05:31:53",
        "XML ID": "246",
        "Total Lag": "0.6895363",
        "Create Lag": "0.4239327",
        "Process Lag": "0.2656036"
      }
    ]
  },
  {
    "stopID": "45",
    "stopQueryTime": 1571286720821,
    "count": 2,
    "results": [
      {
        "Direction": "Inbound",
        "Destination": "Broombridge",
        "Time": "00:02:14",
        "AVLS": "00:02:54",
        "Tram": "5011",
        "Action": "a",
        "Msg Sent": "17/10/2019 05:31:59",
        "Msg Received": "17/10/2019 05:31:59",
        "Msg Processed": "17/10/2019 05:31:59",
        "XML ID": "247",
        "Total Lag": "0.408059",
        "Create Lag": "0.408059",
        "Process Lag": "0"
      },
      {
        "Direction": "Outbound",
        "Destination": "Bride's Glen",
        "Time": "00:08:47",
        "AVLS": "00:09:27",
        "Tram": "5006",
        "Action": "a",
        "Msg Sent": "17/10/2019 05:31:59",
        "Msg Received": "17/10/2019 05:31:59",
        "Msg Processed": "17/10/2019 05:31:59",
        "XML ID": "247",
        "Total Lag": "0.470556",
        "Create Lag": "0.408059",
        "Process Lag": "0.062497"
      }
    ]
  },
  {
    "stopID": "37",
    "stopQueryTime": 1571286720824,
    "count": 2,
    "results": [
      {
        "Direction": "Inbound",
        "Destination": "Broombridge",
        "Time": "00:13:19",
        "AVLS": "00:13:59",
        "Tram": "5011",
        "Action": "a",
        "Msg Sent": "17/10/2019 05:31:59",
        "Msg Received": "17/10/2019 05:31:59",
        "Msg Processed": "17/10/2019 05:31:59",
        "XML ID": "247",
        "Total Lag": "0.4393091",
        "Create Lag": "0.408059",
        "Process Lag": "0.0312501"
      },
      {
        "Direction": "Outbound",
        "Destination": "Bride's Glen",
        "Time": "00:16:00",
        "AVLS": "00:16:40",
        "Tram": "5002",
        "Action": "a",
        "Msg Sent": "17/10/2019 05:31:53",
        "Msg Received": "17/10/2019 05:31:53",
        "Msg Processed": "17/10/2019 05:31:53",
        "XML ID": "246",
        "Total Lag": "0.4707993",
        "Create Lag": "0.4239327",
        "Process Lag": "0.0468666"
      }
    ]
  },
  {
    "stopID": "25",
    "stopQueryTime": 1571286720827,
    "count": 2,
    "results": [
      {
        "Direction": "Inbound",
        "Destination": "Broombridge",
        "Time": "00:16:08",
        "AVLS": "00:16:48",
        "Tram": "3020",
        "Action": "a",
        "Msg Sent": "17/10/2019 05:31:53",
        "Msg Received": "17/10/2019 05:31:53",
        "Msg Processed": "17/10/2019 05:31:53",
        "XML ID": "246",
        "Total Lag": "0.5801674",
        "Create Lag": "0.4239327",
        "Process Lag": "0.1562347"
      },
      {
        "Direction": "Outbound",
        "Destination": "Bride's Glen",
        "Time": "00:00:00",
        "AVLS": "00:00:00",
        "Tram": "5021",
        "Action": "a",
        "Msg Sent": "17/10/2019 05:31:53",
        "Msg Received": "17/10/2019 05:31:53",
        "Msg Processed": "17/10/2019 05:31:53",
        "XML ID": "246",
        "Total Lag": "0.6895363",
        "Create Lag": "0.4239327",
        "Process Lag": "0.2656036"
      }
    ]
  },
  {
    "stopID": "9",
    "stopQueryTime": 1571286720829,
    "count": 2,
    "results": [
      {
        "Direction": "Inbound",
        "Destination": "The Point",
        "Time": "00:08:50",
        "AVLS": "00:09:30",
        "Tram": "4003",
        "Action": "a",
        "Msg Sent": "17/10/2019 05:31:53",
        "Msg Received": "17/10/2019 05:31:53",
        "Msg Processed": "17/10/2019 05:31:53",
        "XML ID": "246",
        "Total Lag": "0.4395493",
        "Create Lag": "0.4239327",
        "Process Lag": "0.0156166"
      },
      {
        "Direction": "Inbound",
        "Destination": "The Point",
        "Time": "00:17:10",
        "AVLS": "00:17:50",
        "Tram": "3018",
        "Action": "a",
        "Msg Sent": "17/10/2019 05:31:53",
        "Msg Received": "17/10/2019 05:31:53",
        "Msg Processed": "17/10/2019 05:31:53",
        "XML ID": "246",
        "Total Lag": "0.5332919",
        "Create Lag": "0.4239327",
        "Process Lag": "0.1093592"
      }
    ]
  },
  {
    "stopID": "32",
    "stopQueryTime": 1571286720831,
    "count": 2,
    "results": [
      {
        "Direction": "Inbound",
        "Destination": "Broombridge",
        "Time": "00:04:06",
        "AVLS": "00:04:46",
        "Tram": "3020",
        "Action": "a",
        "Msg Sent": "17/10/2019 05:31:53",
        "Msg Received": "17/10/2019 05:31:53",
        "Msg Processed": "17/10/2019 05:31:53",
        "XML ID": "246",
        "Total Lag": "0.5645444",
        "Create Lag": "0.4239327",
        "Process Lag": "0.1406117"
      },
      {
        "Direction": "Outbound",
        "Destination": "Bride's Glen",
        "Time": "00:12:22",
        "AVLS": "00:13:02",
        "Tram": "5021",
        "Action": "a",
        "Msg Sent": "17/10/2019 05:31:53",
        "Msg Received": "17/10/2019 05:31:53",
        "Msg Processed": "17/10/2019 05:31:53",
        "XML ID": "246",
        "Total Lag": "0.7051584",
        "Create Lag": "0.4239327",
        "Process Lag": "0.2812257"
      }
    ]
  },
  {
    "stopID": "29",
    "stopQueryTime": 1571286720834,
    "count": 2,
    "results": [
      {
        "Direction": "Inbound",
        "Destination": "Broombridge",
        "Time": "00:09:37",
        "AVLS": "00:10:17",
        "Tram": "3020",
        "Action": "a",
        "Msg Sent": "17/10/2019 05:31:53",
        "Msg Received": "17/10/2019 05:31:53",
        "Msg Processed": "17/10/2019 05:31:53",
        "XML ID": "246",
        "Total Lag": "0.5801674",
        "Create Lag": "0.4239327",
        "Process Lag": "0.1562347"
      },
      {
        "Direction": "Outbound",
        "Destination": "Bride's Glen",
        "Time": "00:06:50",
        "AVLS": "00:07:30",
        "Tram": "5021",
        "Action": "a",
        "Msg Sent": "17/10/2019 05:31:53",
        "Msg Received": "17/10/2019 05:31:53",
        "Msg Processed": "17/10/2019 05:31:53",
        "XML ID": "246",
        "Total Lag": "0.7051584",
        "Create Lag": "0.4239327",
        "Process Lag": "0.2812257"
      }
    ]
  },
  {
    "stopID": "26",
    "stopQueryTime": 1571286720838,
    "count": 2,
    "results": [
      {
        "Direction": "Inbound",
        "Destination": "Broombridge",
        "Time": "00:13:58",
        "AVLS": "00:14:38",
        "Tram": "3020",
        "Action": "a",
        "Msg Sent": "17/10/2019 05:31:53",
        "Msg Received": "17/10/2019 05:31:53",
        "Msg Processed": "17/10/2019 05:31:53",
        "XML ID": "246",
        "Total Lag": "0.5801674",
        "Create Lag": "0.4239327",
        "Process Lag": "0.1562347"
      },
      {
        "Direction": "Outbound",
        "Destination": "Bride's Glen",
        "Time": "00:02:00",
        "AVLS": "00:02:40",
        "Tram": "5021",
        "Action": "a",
        "Msg Sent": "17/10/2019 05:31:53",
        "Msg Received": "17/10/2019 05:31:53",
        "Msg Processed": "17/10/2019 05:31:53",
        "XML ID": "246",
        "Total Lag": "0.6895363",
        "Create Lag": "0.4239327",
        "Process Lag": "0.2656036"
      }
    ]
  },
  {
    "stopID": "14",
    "stopQueryTime": 1571286720840,
    "count": 1,
    "results": [
      {
        "Direction": "Inbound",
        "Destination": "The Point",
        "Time": "00:14:17",
        "AVLS": "00:14:57",
        "Tram": "4003",
        "Action": "a",
        "Msg Sent": "17/10/2019 05:31:53",
        "Msg Received": "17/10/2019 05:31:53",
        "Msg Processed": "17/10/2019 05:31:53",
        "XML ID": "246",
        "Total Lag": "0.4551736",
        "Create Lag": "0.4239327",
        "Process Lag": "0.0312409"
      }
    ]
  },
  {
    "stopID": "4",
    "stopQueryTime": 1571286720841,
    "count": 2,
    "results": [
      {
        "Direction": "Inbound",
        "Destination": "The Point",
        "Time": "00:04:40",
        "AVLS": "00:05:20",
        "Tram": "3018",
        "Action": "a",
        "Msg Sent": "17/10/2019 05:31:53",
        "Msg Received": "17/10/2019 05:31:53",
        "Msg Processed": "17/10/2019 05:31:53",
        "XML ID": "246",
        "Total Lag": "0.5176871",
        "Create Lag": "0.4239327",
        "Process Lag": "0.0937544"
      },
      {
        "Direction": "Outbound",
        "Destination": "Tallaght",
        "Time": "00:01:38",
        "AVLS": "00:02:18",
        "Tram": "4004",
        "Action": "a",
        "Msg Sent": "17/10/2019 05:31:53",
        "Msg Received": "17/10/2019 05:31:53",
        "Msg Processed": "17/10/2019 05:31:53",
        "XML ID": "246",
        "Total Lag": "0.611415",
        "Create Lag": "0.4239327",
        "Process Lag": "0.1874823"
      }
    ]
  },
  {
    "stopID": "5",
    "stopQueryTime": 1571286720852,
    "count": 2,
    "results": [
      {
        "Direction": "Inbound",
        "Destination": "The Point",
        "Time": "00:06:33",
        "AVLS": "00:07:13",
        "Tram": "3018",
        "Action": "a",
        "Msg Sent": "17/10/2019 05:31:53",
        "Msg Received": "17/10/2019 05:31:53",
        "Msg Processed": "17/10/2019 05:31:53",
        "XML ID": "246",
        "Total Lag": "0.5176871",
        "Create Lag": "0.4239327",
        "Process Lag": "0.0937544"
      },
      {
        "Direction": "Outbound",
        "Destination": "Tallaght",
        "Time": "00:00:00",
        "AVLS": "00:00:07",
        "Tram": "4004",
        "Action": "d",
        "Msg Sent": "17/10/2019 05:31:53",
        "Msg Received": "17/10/2019 05:31:53",
        "Msg Processed": "17/10/2019 05:31:53",
        "XML ID": "246",
        "Total Lag": "0.611415",
        "Create Lag": "0.4239327",
        "Process Lag": "0.1874823"
      }
    ]
  },
  {
    "stopID": "31",
    "stopQueryTime": 1571286720854,
    "count": 2,
    "results": [
      {
        "Direction": "Inbound",
        "Destination": "Broombridge",
        "Time": "00:06:05",
        "AVLS": "00:06:45",
        "Tram": "3020",
        "Action": "a",
        "Msg Sent": "17/10/2019 05:31:53",
        "Msg Received": "17/10/2019 05:31:53",
        "Msg Processed": "17/10/2019 05:31:53",
        "XML ID": "246",
        "Total Lag": "0.5645444",
        "Create Lag": "0.4239327",
        "Process Lag": "0.1406117"
      },
      {
        "Direction": "Outbound",
        "Destination": "Bride's Glen",
        "Time": "00:10:24",
        "AVLS": "00:11:04",
        "Tram": "5021",
        "Action": "a",
        "Msg Sent": "17/10/2019 05:31:53",
        "Msg Received": "17/10/2019 05:31:53",
        "Msg Processed": "17/10/2019 05:31:53",
        "XML ID": "246",
        "Total Lag": "0.7051584",
        "Create Lag": "0.4239327",
        "Process Lag": "0.2812257"
      }
    ]
  },
  {
    "stopID": "7",
    "stopQueryTime": 1571286720858,
    "count": 2,
    "results": [
      {
        "Direction": "Inbound",
        "Destination": "The Point",
        "Time": "00:05:22",
        "AVLS": "00:06:02",
        "Tram": "4003",
        "Action": "a",
        "Msg Sent": "17/10/2019 05:31:53",
        "Msg Received": "17/10/2019 05:31:53",
        "Msg Processed": "17/10/2019 05:31:53",
        "XML ID": "246",
        "Total Lag": "0.4395493",
        "Create Lag": "0.4239327",
        "Process Lag": "0.0156166"
      },
      {
        "Direction": "Inbound",
        "Destination": "The Point",
        "Time": "00:13:42",
        "AVLS": "00:14:22",
        "Tram": "3018",
        "Action": "a",
        "Msg Sent": "17/10/2019 05:31:53",
        "Msg Received": "17/10/2019 05:31:53",
        "Msg Processed": "17/10/2019 05:31:53",
        "XML ID": "246",
        "Total Lag": "0.5332919",
        "Create Lag": "0.4239327",
        "Process Lag": "0.1093592"
      }
    ]
  },
  {
    "stopID": "50",
    "stopQueryTime": 1571286720860,
    "count": 1,
    "results": [
      {
        "Direction": "Inbound",
        "Destination": "Belgard",
        "Time": "00:14:45",
        "AVLS": "00:15:25",
        "Tram": "3026",
        "Action": "a",
        "Msg Sent": "17/10/2019 05:31:53",
        "Msg Received": "17/10/2019 05:31:53",
        "Msg Processed": "17/10/2019 05:31:53",
        "XML ID": "246",
        "Total Lag": "0.5957891",
        "Create Lag": "0.4239327",
        "Process Lag": "0.1718564"
      }
    ]
  },
  {
    "stopID": "57",
    "stopQueryTime": 1571286720862,
    "count": 1,
    "results": [
      {
        "Direction": "Outbound",
        "Destination": "Tallaght",
        "Time": "00:17:57",
        "AVLS": "00:18:37",
        "Tram": "3019",
        "Action": "d",
        "Msg Sent": "17/10/2019 05:31:53",
        "Msg Received": "17/10/2019 05:31:53",
        "Msg Processed": "17/10/2019 05:31:53",
        "XML ID": "246",
        "Total Lag": "0.548926",
        "Create Lag": "0.4239327",
        "Process Lag": "0.1249933"
      }
    ]
  },
  {
    "stopID": "12",
    "stopQueryTime": 1571286720864,
    "count": 1,
    "results": [
      {
        "Direction": "Inbound",
        "Destination": "The Point",
        "Time": "00:11:51",
        "AVLS": "00:12:31",
        "Tram": "4003",
        "Action": "a",
        "Msg Sent": "17/10/2019 05:31:53",
        "Msg Received": "17/10/2019 05:31:53",
        "Msg Processed": "17/10/2019 05:31:53",
        "XML ID": "246",
        "Total Lag": "0.4551736",
        "Create Lag": "0.4239327",
        "Process Lag": "0.0312409"
      }
    ]
  },
  {
    "stopID": "10",
    "stopQueryTime": 1571286720869,
    "count": 2,
    "results": [
      {
        "Direction": "Inbound",
        "Destination": "The Point",
        "Time": "00:10:00",
        "AVLS": "00:10:40",
        "Tram": "4003",
        "Action": "a",
        "Msg Sent": "17/10/2019 05:31:53",
        "Msg Received": "17/10/2019 05:31:53",
        "Msg Processed": "17/10/2019 05:31:53",
        "XML ID": "246",
        "Total Lag": "0.4395493",
        "Create Lag": "0.4239327",
        "Process Lag": "0.0156166"
      },
      {
        "Direction": "Inbound",
        "Destination": "The Point",
        "Time": "00:18:20",
        "AVLS": "00:19:00",
        "Tram": "3018",
        "Action": "a",
        "Msg Sent": "17/10/2019 05:31:53",
        "Msg Received": "17/10/2019 05:31:53",
        "Msg Processed": "17/10/2019 05:31:53",
        "XML ID": "246",
        "Total Lag": "0.5332919",
        "Create Lag": "0.4239327",
        "Process Lag": "0.1093592"
      }
    ]
  },
  {
    "stopID": "1",
    "stopQueryTime": 1571286720878,
    "count": 2,
    "results": [
      {
        "Direction": "Inbound",
        "Destination": "The Point",
        "Time": "00:17:27",
        "AVLS": "00:18:07",
        "Tram": "4004",
        "Action": "d",
        "Msg Sent": "17/10/2019 05:31:53",
        "Msg Received": "17/10/2019 05:31:53",
        "Msg Processed": "17/10/2019 05:31:53",
        "XML ID": "246",
        "Total Lag": "0.6270401",
        "Create Lag": "0.4239327",
        "Process Lag": "0.2031074"
      },
      {
        "Direction": "Terminating",
        "Destination": "Tallaght",
        "Time": "00:06:27",
        "AVLS": "00:07:07",
        "Tram": "4004",
        "Action": "a",
        "Msg Sent": "17/10/2019 05:31:53",
        "Msg Received": "17/10/2019 05:31:53",
        "Msg Processed": "17/10/2019 05:31:53",
        "XML ID": "246",
        "Total Lag": "0.611415",
        "Create Lag": "0.4239327",
        "Process Lag": "0.1874823"
      }
    ]
  },
  {
    "stopID": "3",
    "stopQueryTime": 1571286720882,
    "count": 2,
    "results": [
      {
        "Direction": "Inbound",
        "Destination": "The Point",
        "Time": "00:01:35",
        "AVLS": "00:02:15",
        "Tram": "3018",
        "Action": "a",
        "Msg Sent": "17/10/2019 05:31:53",
        "Msg Received": "17/10/2019 05:31:53",
        "Msg Processed": "17/10/2019 05:31:53",
        "XML ID": "246",
        "Total Lag": "0.5176871",
        "Create Lag": "0.4239327",
        "Process Lag": "0.0937544"
      },
      {
        "Direction": "Outbound",
        "Destination": "Tallaght",
        "Time": "00:03:30",
        "AVLS": "00:04:10",
        "Tram": "4004",
        "Action": "a",
        "Msg Sent": "17/10/2019 05:31:53",
        "Msg Received": "17/10/2019 05:31:53",
        "Msg Processed": "17/10/2019 05:31:53",
        "XML ID": "246",
        "Total Lag": "0.611415",
        "Create Lag": "0.4239327",
        "Process Lag": "0.1874823"
      }
    ]
  },
  {
    "stopID": "43",
    "stopQueryTime": 1571286720887,
    "count": 2,
    "results": [
      {
        "Direction": "Inbound",
        "Destination": "Broombridge",
        "Time": "00:04:47",
        "AVLS": "00:05:27",
        "Tram": "5011",
        "Action": "a",
        "Msg Sent": "17/10/2019 05:31:59",
        "Msg Received": "17/10/2019 05:31:59",
        "Msg Processed": "17/10/2019 05:31:59",
        "XML ID": "247",
        "Total Lag": "0.408059",
        "Create Lag": "0.408059",
        "Process Lag": "0"
      },
      {
        "Direction": "Outbound",
        "Destination": "Bride's Glen",
        "Time": "00:06:14",
        "AVLS": "00:06:54",
        "Tram": "5006",
        "Action": "a",
        "Msg Sent": "17/10/2019 05:31:59",
        "Msg Received": "17/10/2019 05:31:59",
        "Msg Processed": "17/10/2019 05:31:59",
        "XML ID": "247",
        "Total Lag": "0.4549371",
        "Create Lag": "0.408059",
        "Process Lag": "0.0468781"
      }
    ]
  },
  {
    "stopID": "56",
    "stopQueryTime": 1571286720888,
    "count": 2,
    "results": [
      {
        "Direction": "Outbound",
        "Destination": "Tallaght",
        "Time": "00:00:00",
        "AVLS": "00:00:00",
        "Tram": "3013",
        "Action": "a",
        "Msg Sent": "17/10/2019 05:31:41",
        "Msg Received": "17/10/2019 05:31:41",
        "Msg Processed": "17/10/2019 05:31:41",
        "XML ID": "243",
        "Total Lag": "0.408968",
        "Create Lag": "0.408968",
        "Process Lag": "0"
      },
      {
        "Direction": "Outbound",
        "Destination": "Tallaght",
        "Time": "00:18:36",
        "AVLS": "00:19:16",
        "Tram": "3019",
        "Action": "a",
        "Msg Sent": "17/10/2019 05:31:53",
        "Msg Received": "17/10/2019 05:31:53",
        "Msg Processed": "17/10/2019 05:31:53",
        "XML ID": "246",
        "Total Lag": "0.548926",
        "Create Lag": "0.4239327",
        "Process Lag": "0.1249933"
      }
    ]
  },
  {
    "stopID": "58",
    "stopQueryTime": 1571286720890,
    "count": 0,
    "results": []
  },
  {
    "stopID": "28",
    "stopQueryTime": 1571286720900,
    "count": 2,
    "results": [
      {
        "Direction": "Inbound",
        "Destination": "Broombridge",
        "Time": "00:11:06",
        "AVLS": "00:11:46",
        "Tram": "3020",
        "Action": "a",
        "Msg Sent": "17/10/2019 05:31:53",
        "Msg Received": "17/10/2019 05:31:53",
        "Msg Processed": "17/10/2019 05:31:53",
        "XML ID": "246",
        "Total Lag": "0.5801674",
        "Create Lag": "0.4239327",
        "Process Lag": "0.1562347"
      },
      {
        "Direction": "Outbound",
        "Destination": "Bride's Glen",
        "Time": "00:05:22",
        "AVLS": "00:06:02",
        "Tram": "5021",
        "Action": "a",
        "Msg Sent": "17/10/2019 05:31:53",
        "Msg Received": "17/10/2019 05:31:53",
        "Msg Processed": "17/10/2019 05:31:53",
        "XML ID": "246",
        "Total Lag": "0.6895363",
        "Create Lag": "0.4239327",
        "Process Lag": "0.2656036"
      }
    ]
  },
  {
    "stopID": "39",
    "stopQueryTime": 1571286720904,
    "count": 3,
    "results": [
      {
        "Direction": "Inbound",
        "Destination": "Broombridge",
        "Time": "00:10:04",
        "AVLS": "00:10:44",
        "Tram": "5011",
        "Action": "a",
        "Msg Sent": "17/10/2019 05:31:59",
        "Msg Received": "17/10/2019 05:31:59",
        "Msg Processed": "17/10/2019 05:31:59",
        "XML ID": "247",
        "Total Lag": "0.4236855",
        "Create Lag": "0.408059",
        "Process Lag": "0.0156265"
      },
      {
        "Direction": "Outbound",
        "Destination": "Bride's Glen",
        "Time": "00:01:05",
        "AVLS": "00:01:45",
        "Tram": "5006",
        "Action": "a",
        "Msg Sent": "17/10/2019 05:31:59",
        "Msg Received": "17/10/2019 05:31:59",
        "Msg Processed": "17/10/2019 05:31:59",
        "XML ID": "247",
        "Total Lag": "0.4549371",
        "Create Lag": "0.408059",
        "Process Lag": "0.0468781"
      },
      {
        "Direction": "Outbound",
        "Destination": "Bride's Glen",
        "Time": "00:19:13",
        "AVLS": "00:19:53",
        "Tram": "5002",
        "Action": "a",
        "Msg Sent": "17/10/2019 05:31:53",
        "Msg Received": "17/10/2019 05:31:53",
        "Msg Processed": "17/10/2019 05:31:53",
        "XML ID": "246",
        "Total Lag": "0.4707993",
        "Create Lag": "0.4239327",
        "Process Lag": "0.0468666"
      }
    ]
  },
  {
    "stopID": "40",
    "stopQueryTime": 1571286720908,
    "count": 2,
    "results": [
      {
        "Direction": "Inbound",
        "Destination": "Broombridge",
        "Time": "00:08:34",
        "AVLS": "00:09:14",
        "Tram": "5011",
        "Action": "a",
        "Msg Sent": "17/10/2019 05:31:59",
        "Msg Received": "17/10/2019 05:31:59",
        "Msg Processed": "17/10/2019 05:31:59",
        "XML ID": "247",
        "Total Lag": "0.4236855",
        "Create Lag": "0.408059",
        "Process Lag": "0.0156265"
      },
      {
        "Direction": "Outbound",
        "Destination": "Bride's Glen",
        "Time": "00:02:33",
        "AVLS": "00:03:13",
        "Tram": "5006",
        "Action": "a",
        "Msg Sent": "17/10/2019 05:31:59",
        "Msg Received": "17/10/2019 05:31:59",
        "Msg Processed": "17/10/2019 05:31:59",
        "XML ID": "247",
        "Total Lag": "0.4549371",
        "Create Lag": "0.408059",
        "Process Lag": "0.0468781"
      }
    ]
  },
  {
    "stopID": "53",
    "stopQueryTime": 1571286720910,
    "count": 1,
    "results": [
      {
        "Direction": "Inbound",
        "Destination": "Belgard",
        "Time": "00:09:27",
        "AVLS": "00:10:07",
        "Tram": "3026",
        "Action": "d",
        "Msg Sent": "17/10/2019 05:31:53",
        "Msg Received": "17/10/2019 05:31:53",
        "Msg Processed": "17/10/2019 05:31:53",
        "XML ID": "246",
        "Total Lag": "0.5957891",
        "Create Lag": "0.4239327",
        "Process Lag": "0.1718564"
      }
    ]
  },
  {
    "stopID": "55",
    "stopQueryTime": 1571286720918,
    "count": 1,
    "results": [
      {
        "Direction": "Outbound",
        "Destination": "Tallaght",
        "Time": "00:01:05",
        "AVLS": "00:01:45",
        "Tram": "3013",
        "Action": "a",
        "Msg Sent": "17/10/2019 05:31:53",
        "Msg Received": "17/10/2019 05:31:53",
        "Msg Processed": "17/10/2019 05:31:53",
        "XML ID": "246",
        "Total Lag": "0.4864207",
        "Create Lag": "0.4239327",
        "Process Lag": "0.062488"
      }
    ]
  },
  {
    "stopID": "18",
    "stopQueryTime": 1571286720919,
    "count": 1,
    "results": [
      {
        "Direction": "Outbound",
        "Destination": "Tallaght",
        "Time": "00:13:10",
        "AVLS": "00:13:50",
        "Tram": "3013",
        "Action": "a",
        "Msg Sent": "17/10/2019 05:31:53",
        "Msg Received": "17/10/2019 05:31:53",
        "Msg Processed": "17/10/2019 05:31:53",
        "XML ID": "246",
        "Total Lag": "0.5020462",
        "Create Lag": "0.4239327",
        "Process Lag": "0.0781135"
      }
    ]
  },
  {
    "stopID": "52",
    "stopQueryTime": 1571286720921,
    "count": 1,
    "results": [
      {
        "Direction": "Inbound",
        "Destination": "Belgard",
        "Time": "00:11:42",
        "AVLS": "00:12:22",
        "Tram": "3026",
        "Action": "a",
        "Msg Sent": "17/10/2019 05:31:53",
        "Msg Received": "17/10/2019 05:31:53",
        "Msg Processed": "17/10/2019 05:31:53",
        "XML ID": "246",
        "Total Lag": "0.5957891",
        "Create Lag": "0.4239327",
        "Process Lag": "0.1718564"
      }
    ]
  },
  {
    "stopID": "38",
    "stopQueryTime": 1571286720923,
    "count": 3,
    "results": [
      {
        "Direction": "Inbound",
        "Destination": "Broombridge",
        "Time": "00:11:49",
        "AVLS": "00:12:29",
        "Tram": "5011",
        "Action": "a",
        "Msg Sent": "17/10/2019 05:31:59",
        "Msg Received": "17/10/2019 05:31:59",
        "Msg Processed": "17/10/2019 05:31:59",
        "XML ID": "247",
        "Total Lag": "0.4236855",
        "Create Lag": "0.408059",
        "Process Lag": "0.0156265"
      },
      {
        "Direction": "Outbound",
        "Destination": "Bride's Glen",
        "Time": "00:00:00",
        "AVLS": "00:00:00",
        "Tram": "5006",
        "Action": "a",
        "Msg Sent": "17/10/2019 05:31:59",
        "Msg Received": "17/10/2019 05:31:59",
        "Msg Processed": "17/10/2019 05:31:59",
        "XML ID": "247",
        "Total Lag": "0.4549371",
        "Create Lag": "0.408059",
        "Process Lag": "0.0468781"
      },
      {
        "Direction": "Outbound",
        "Destination": "Bride's Glen",
        "Time": "00:17:28",
        "AVLS": "00:18:08",
        "Tram": "5002",
        "Action": "a",
        "Msg Sent": "17/10/2019 05:31:53",
        "Msg Received": "17/10/2019 05:31:53",
        "Msg Processed": "17/10/2019 05:31:53",
        "XML ID": "246",
        "Total Lag": "0.4707993",
        "Create Lag": "0.4239327",
        "Process Lag": "0.0468666"
      }
    ]
  },
  {
    "stopID": "46",
    "stopQueryTime": 1571286720926,
    "count": 2,
    "results": [
      {
        "Direction": "Inbound",
        "Destination": "Broombridge",
        "Time": "00:00:52",
        "AVLS": "00:01:32",
        "Tram": "5011",
        "Action": "a",
        "Msg Sent": "17/10/2019 05:31:59",
        "Msg Received": "17/10/2019 05:31:59",
        "Msg Processed": "17/10/2019 05:31:59",
        "XML ID": "247",
        "Total Lag": "0.408059",
        "Create Lag": "0.408059",
        "Process Lag": "0"
      },
      {
        "Direction": "Outbound",
        "Destination": "Bride's Glen",
        "Time": "00:10:10",
        "AVLS": "00:10:50",
        "Tram": "5006",
        "Action": "a",
        "Msg Sent": "17/10/2019 05:31:59",
        "Msg Received": "17/10/2019 05:31:59",
        "Msg Processed": "17/10/2019 05:31:59",
        "XML ID": "247",
        "Total Lag": "0.470556",
        "Create Lag": "0.408059",
        "Process Lag": "0.062497"
      }
    ]
  },
  {
    "stopID": "8",
    "stopQueryTime": 1571286720928,
    "count": 2,
    "results": [
      {
        "Direction": "Inbound",
        "Destination": "The Point",
        "Time": "00:06:48",
        "AVLS": "00:07:28",
        "Tram": "4003",
        "Action": "a",
        "Msg Sent": "17/10/2019 05:31:53",
        "Msg Received": "17/10/2019 05:31:53",
        "Msg Processed": "17/10/2019 05:31:53",
        "XML ID": "246",
        "Total Lag": "0.4395493",
        "Create Lag": "0.4239327",
        "Process Lag": "0.0156166"
      },
      {
        "Direction": "Inbound",
        "Destination": "The Point",
        "Time": "00:15:08",
        "AVLS": "00:15:48",
        "Tram": "3018",
        "Action": "a",
        "Msg Sent": "17/10/2019 05:31:53",
        "Msg Received": "17/10/2019 05:31:53",
        "Msg Processed": "17/10/2019 05:31:53",
        "XML ID": "246",
        "Total Lag": "0.5332919",
        "Create Lag": "0.4239327",
        "Process Lag": "0.1093592"
      }
    ]
  },
  {
    "stopID": "30",
    "stopQueryTime": 1571286720930,
    "count": 2,
    "results": [
      {
        "Direction": "Inbound",
        "Destination": "Broombridge",
        "Time": "00:07:52",
        "AVLS": "00:08:32",
        "Tram": "3020",
        "Action": "a",
        "Msg Sent": "17/10/2019 05:31:53",
        "Msg Received": "17/10/2019 05:31:53",
        "Msg Processed": "17/10/2019 05:31:53",
        "XML ID": "246",
        "Total Lag": "0.5645444",
        "Create Lag": "0.4239327",
        "Process Lag": "0.1406117"
      },
      {
        "Direction": "Outbound",
        "Destination": "Bride's Glen",
        "Time": "00:08:36",
        "AVLS": "00:09:16",
        "Tram": "5021",
        "Action": "a",
        "Msg Sent": "17/10/2019 05:31:53",
        "Msg Received": "17/10/2019 05:31:53",
        "Msg Processed": "17/10/2019 05:31:53",
        "XML ID": "246",
        "Total Lag": "0.7051584",
        "Create Lag": "0.4239327",
        "Process Lag": "0.2812257"
      }
    ]
  },
  {
    "stopID": "44",
    "stopQueryTime": 1571286720935,
    "count": 2,
    "results": [
      {
        "Direction": "Inbound",
        "Destination": "Broombridge",
        "Time": "00:03:43",
        "AVLS": "00:04:23",
        "Tram": "5011",
        "Action": "a",
        "Msg Sent": "17/10/2019 05:31:59",
        "Msg Received": "17/10/2019 05:31:59",
        "Msg Processed": "17/10/2019 05:31:59",
        "XML ID": "247",
        "Total Lag": "0.408059",
        "Create Lag": "0.408059",
        "Process Lag": "0"
      },
      {
        "Direction": "Outbound",
        "Destination": "Bride's Glen",
        "Time": "00:07:19",
        "AVLS": "00:07:59",
        "Tram": "5006",
        "Action": "a",
        "Msg Sent": "17/10/2019 05:31:59",
        "Msg Received": "17/10/2019 05:31:59",
        "Msg Processed": "17/10/2019 05:31:59",
        "XML ID": "247",
        "Total Lag": "0.470556",
        "Create Lag": "0.408059",
        "Process Lag": "0.062497"
      }
    ]
  },
  {
    "stopID": "54",
    "stopQueryTime": 1571286720936,
    "count": 1,
    "results": [
      {
        "Direction": "Outbound",
        "Destination": "Tallaght",
        "Time": "00:02:33",
        "AVLS": "00:03:13",
        "Tram": "3013",
        "Action": "a",
        "Msg Sent": "17/10/2019 05:31:53",
        "Msg Received": "17/10/2019 05:31:53",
        "Msg Processed": "17/10/2019 05:31:53",
        "XML ID": "246",
        "Total Lag": "0.4864207",
        "Create Lag": "0.4239327",
        "Process Lag": "0.062488"
      }
    ]
  },
  {
    "stopID": "21",
    "stopQueryTime": 1571286720938,
    "count": 1,
    "results": [
      {
        "Direction": "Outbound",
        "Destination": "Tallaght",
        "Time": "00:07:57",
        "AVLS": "00:08:37",
        "Tram": "3013",
        "Action": "a",
        "Msg Sent": "17/10/2019 05:31:53",
        "Msg Received": "17/10/2019 05:31:53",
        "Msg Processed": "17/10/2019 05:31:53",
        "XML ID": "246",
        "Total Lag": "0.4864207",
        "Create Lag": "0.4239327",
        "Process Lag": "0.062488"
      }
    ]
  },
  {
    "stopID": "36",
    "stopQueryTime": 1571286720940,
    "count": 3,
    "results": [
      {
        "Direction": "Inbound",
        "Destination": "Broombridge",
        "Time": "00:15:43",
        "AVLS": "00:16:23",
        "Tram": "5011",
        "Action": "a",
        "Msg Sent": "17/10/2019 05:31:59",
        "Msg Received": "17/10/2019 05:31:59",
        "Msg Processed": "17/10/2019 05:31:59",
        "XML ID": "247",
        "Total Lag": "0.4393091",
        "Create Lag": "0.408059",
        "Process Lag": "0.0312501"
      },
      {
        "Direction": "Outbound",
        "Destination": "Bride's Glen",
        "Time": "00:13:27",
        "AVLS": "00:14:07",
        "Tram": "5002",
        "Action": "d",
        "Msg Sent": "17/10/2019 05:31:53",
        "Msg Received": "17/10/2019 05:31:53",
        "Msg Processed": "17/10/2019 05:31:53",
        "XML ID": "246",
        "Total Lag": "0.4707993",
        "Create Lag": "0.4239327",
        "Process Lag": "0.0468666"
      },
      {
        "Direction": "Outbound",
        "Destination": "Bride's Glen",
        "Time": "00:18:22",
        "AVLS": "00:19:02",
        "Tram": "5021",
        "Action": "a",
        "Msg Sent": "17/10/2019 05:31:53",
        "Msg Received": "17/10/2019 05:31:53",
        "Msg Processed": "17/10/2019 05:31:53",
        "XML ID": "246",
        "Total Lag": "0.7207836",
        "Create Lag": "0.4239327",
        "Process Lag": "0.2968509"
      }
    ]
  },
  {
    "stopID": "42",
    "stopQueryTime": 1571286720945,
    "count": 2,
    "results": [
      {
        "Direction": "Inbound",
        "Destination": "Broombridge",
        "Time": "00:06:23",
        "AVLS": "00:07:03",
        "Tram": "5011",
        "Action": "a",
        "Msg Sent": "17/10/2019 05:31:59",
        "Msg Received": "17/10/2019 05:31:59",
        "Msg Processed": "17/10/2019 05:31:59",
        "XML ID": "247",
        "Total Lag": "0.4236855",
        "Create Lag": "0.408059",
        "Process Lag": "0.0156265"
      },
      {
        "Direction": "Outbound",
        "Destination": "Bride's Glen",
        "Time": "00:04:41",
        "AVLS": "00:05:21",
        "Tram": "5006",
        "Action": "a",
        "Msg Sent": "17/10/2019 05:31:59",
        "Msg Received": "17/10/2019 05:31:59",
        "Msg Processed": "17/10/2019 05:31:59",
        "XML ID": "247",
        "Total Lag": "0.4549371",
        "Create Lag": "0.408059",
        "Process Lag": "0.0468781"
      }
    ]
  },
  {
    "stopID": "6",
    "stopQueryTime": 1571286720948,
    "count": 2,
    "results": [
      {
        "Direction": "Inbound",
        "Destination": "The Point",
        "Time": "00:01:20",
        "AVLS": "00:02:00",
        "Tram": "4003",
        "Action": "d",
        "Msg Sent": "17/10/2019 05:31:53",
        "Msg Received": "17/10/2019 05:31:53",
        "Msg Processed": "17/10/2019 05:31:53",
        "XML ID": "246",
        "Total Lag": "0.4239327",
        "Create Lag": "0.4239327",
        "Process Lag": "0"
      },
      {
        "Direction": "Inbound",
        "Destination": "The Point",
        "Time": "00:09:40",
        "AVLS": "00:10:20",
        "Tram": "3018",
        "Action": "a",
        "Msg Sent": "17/10/2019 05:31:53",
        "Msg Received": "17/10/2019 05:31:53",
        "Msg Processed": "17/10/2019 05:31:53",
        "XML ID": "246",
        "Total Lag": "0.5332919",
        "Create Lag": "0.4239327",
        "Process Lag": "0.1093592"
      }
    ]
  },
  {
    "stopID": "33",
    "stopQueryTime": 1571286720950,
    "count": 2,
    "results": [
      {
        "Direction": "Inbound",
        "Destination": "Broombridge",
        "Time": "00:02:24",
        "AVLS": "00:03:04",
        "Tram": "3020",
        "Action": "a",
        "Msg Sent": "17/10/2019 05:31:53",
        "Msg Received": "17/10/2019 05:31:53",
        "Msg Processed": "17/10/2019 05:31:53",
        "XML ID": "246",
        "Total Lag": "0.548926",
        "Create Lag": "0.4239327",
        "Process Lag": "0.1249933"
      },
      {
        "Direction": "Outbound",
        "Destination": "Bride's Glen",
        "Time": "00:13:48",
        "AVLS": "00:14:28",
        "Tram": "5021",
        "Action": "a",
        "Msg Sent": "17/10/2019 05:31:53",
        "Msg Received": "17/10/2019 05:31:53",
        "Msg Processed": "17/10/2019 05:31:53",
        "XML ID": "246",
        "Total Lag": "0.7207836",
        "Create Lag": "0.4239327",
        "Process Lag": "0.2968509"
      }
    ]
  },
  {
    "stopID": "11",
    "stopQueryTime": 1571286720952,
    "count": 2,
    "results": [
      {
        "Direction": "Inbound",
        "Destination": "The Point",
        "Time": "00:10:52",
        "AVLS": "00:11:32",
        "Tram": "4003",
        "Action": "a",
        "Msg Sent": "17/10/2019 05:31:53",
        "Msg Received": "17/10/2019 05:31:53",
        "Msg Processed": "17/10/2019 05:31:53",
        "XML ID": "246",
        "Total Lag": "0.4395493",
        "Create Lag": "0.4239327",
        "Process Lag": "0.0156166"
      },
      {
        "Direction": "Inbound",
        "Destination": "The Point",
        "Time": "00:19:12",
        "AVLS": "00:19:52",
        "Tram": "3018",
        "Action": "a",
        "Msg Sent": "17/10/2019 05:31:53",
        "Msg Received": "17/10/2019 05:31:53",
        "Msg Processed": "17/10/2019 05:31:53",
        "XML ID": "246",
        "Total Lag": "0.548926",
        "Create Lag": "0.4239327",
        "Process Lag": "0.1249933"
      }
    ]
  },
  {
    "stopID": "47",
    "stopQueryTime": 1571286720956,
    "count": 2,
    "results": [
      {
        "Direction": "Inbound",
        "Destination": "Broombridge",
        "Time": "00:18:31",
        "AVLS": "00:19:11",
        "Tram": "5006",
        "Action": "a",
        "Msg Sent": "17/10/2019 05:31:59",
        "Msg Received": "17/10/2019 05:31:59",
        "Msg Processed": "17/10/2019 05:31:59",
        "XML ID": "247",
        "Total Lag": "0.470556",
        "Create Lag": "0.408059",
        "Process Lag": "0.062497"
      },
      {
        "Direction": "Outbound",
        "Destination": "Bride's Glen",
        "Time": "00:12:07",
        "AVLS": "00:12:47",
        "Tram": "5006",
        "Action": "a",
        "Msg Sent": "17/10/2019 05:31:59",
        "Msg Received": "17/10/2019 05:31:59",
        "Msg Processed": "17/10/2019 05:31:59",
        "XML ID": "247",
        "Total Lag": "0.470556",
        "Create Lag": "0.408059",
        "Process Lag": "0.062497"
      }
    ]
  },
  {
    "stopID": "34",
    "stopQueryTime": 1571286720958,
    "count": 3,
    "results": [
      {
        "Direction": "Inbound",
        "Destination": "Broombridge",
        "Time": "00:00:41",
        "AVLS": "00:01:21",
        "Tram": "3020",
        "Action": "a",
        "Msg Sent": "17/10/2019 05:31:53",
        "Msg Received": "17/10/2019 05:31:53",
        "Msg Processed": "17/10/2019 05:31:53",
        "XML ID": "246",
        "Total Lag": "0.548926",
        "Create Lag": "0.4239327",
        "Process Lag": "0.1249933"
      },
      {
        "Direction": "Inbound",
        "Destination": "Broombridge",
        "Time": "00:19:18",
        "AVLS": "00:19:58",
        "Tram": "5011",
        "Action": "a",
        "Msg Sent": "17/10/2019 05:31:59",
        "Msg Received": "17/10/2019 05:31:59",
        "Msg Processed": "17/10/2019 05:31:59",
        "XML ID": "247",
        "Total Lag": "0.4393091",
        "Create Lag": "0.408059",
        "Process Lag": "0.0312501"
      },
      {
        "Direction": "Outbound",
        "Destination": "Bride's Glen",
        "Time": "00:15:22",
        "AVLS": "00:16:02",
        "Tram": "5021",
        "Action": "a",
        "Msg Sent": "17/10/2019 05:31:53",
        "Msg Received": "17/10/2019 05:31:53",
        "Msg Processed": "17/10/2019 05:31:53",
        "XML ID": "246",
        "Total Lag": "0.7207836",
        "Create Lag": "0.4239327",
        "Process Lag": "0.2968509"
      }
    ]
  }
]