[
  {
    "stopID": "13",
    "stopQueryTime": 1571285760700,
    "count": 0,
    "results": []
  },
  {
    "stopID": "17",
    "stopQueryTime": 1571285760718,
    "count": 0,
    "results": []
  },
  {
    "stopID": "8",
    "stopQueryTime": 1571285760720,
    "count": 0,
    "results": []
  },
  {
    "stopID": "5",
    "stopQueryTime": 1571285760738,
    "count": 1,
    "results": [
      {
        "Direction": "Outbound",
        "Destination": "Tallaght",
        "Time": "00:15:27",
        "AVLS": "00:16:07",
        "Tram": "4004",
        "Action": "d",
        "Msg Sent": "17/10/2019 05:15:54",
        "Msg Received": "17/10/2019 05:15:54",
        "Msg Processed": "17/10/2019 05:15:54",
        "XML ID": "100",
        "Total Lag": "0.055673",
        "Create Lag": "0.0415918",
        "Process Lag": "0.0140812"
      }
    ]
  },
  {
    "stopID": "11",
    "stopQueryTime": 1571285760747,
    "count": 0,
    "results": []
  },
  {
    "stopID": "14",
    "stopQueryTime": 1571285760761,
    "count": 0,
    "results": []
  },
  {
    "stopID": "16",
    "stopQueryTime": 1571285760763,
    "count": 0,
    "results": []
  },
  {
    "stopID": "32",
    "stopQueryTime": 1571285760773,
    "count": 0,
    "results": []
  },
  {
    "stopID": "10",
    "stopQueryTime": 1571285760781,
    "count": 0,
    "results": []
  },
  {
    "stopID": "15",
    "stopQueryTime": 1571285760786,
    "count": 0,
    "results": []
  },
  {
    "stopID": "1",
    "stopQueryTime": 1571285760788,
    "count": 1,
    "results": [
      {
        "Direction": "Inbound",
        "Destination": "The Point",
        "Time": "00:13:27",
        "AVLS": "00:14:07",
        "Tram": "3018",
        "Action": "d",
        "Msg Sent": "17/10/2019 05:15:54",
        "Msg Received": "17/10/2019 05:15:54",
        "Msg Processed": "17/10/2019 05:15:54",
        "XML ID": "100",
        "Total Lag": "0.0869228",
        "Create Lag": "0.0415918",
        "Process Lag": "0.045331"
      }
    ]
  },
  {
    "stopID": "23",
    "stopQueryTime": 1571285760791,
    "count": 0,
    "results": []
  },
  {
    "stopID": "20",
    "stopQueryTime": 1571285760796,
    "count": 0,
    "results": []
  },
  {
    "stopID": "18",
    "stopQueryTime": 1571285760797,
    "count": 0,
    "results": []
  },
  {
    "stopID": "2",
    "stopQueryTime": 1571285760799,
    "count": 1,
    "results": [
      {
        "Direction": "Inbound",
        "Destination": "The Point",
        "Time": "00:14:41",
        "AVLS": "00:15:21",
        "Tram": "3018",
        "Action": "a",
        "Msg Sent": "17/10/2019 05:15:54",
        "Msg Received": "17/10/2019 05:15:54",
        "Msg Processed": "17/10/2019 05:15:54",
        "XML ID": "100",
        "Total Lag": "0.0869228",
        "Create Lag": "0.0415918",
        "Process Lag": "0.045331"
      }
    ]
  },
  {
    "stopID": "21",
    "stopQueryTime": 1571285760811,
    "count": 0,
    "results": []
  },
  {
    "stopID": "19",
    "stopQueryTime": 1571285760816,
    "count": 0,
    "results": []
  },
  {
    "stopID": "28",
    "stopQueryTime": 1571285760818,
    "count": 0,
    "results": []
  },
  {
    "stopID": "6",
    "stopQueryTime": 1571285760820,
    "count": 0,
    "results": []
  },
  {
    "stopID": "4",
    "stopQueryTime": 1571285760822,
    "count": 1,
    "results": [
      {
        "Direction": "Outbound",
        "Destination": "Tallaght",
        "Time": "00:17:38",
        "AVLS": "00:18:18",
        "Tram": "4004",
        "Action": "a",
        "Msg Sent": "17/10/2019 05:15:54",
        "Msg Received": "17/10/2019 05:15:54",
        "Msg Processed": "17/10/2019 05:15:54",
        "XML ID": "100",
        "Total Lag": "0.055673",
        "Create Lag": "0.0415918",
        "Process Lag": "0.0140812"
      }
    ]
  },
  {
    "stopID": "7",
    "stopQueryTime": 1571285760829,
    "count": 0,
    "results": []
  },
  {
    "stopID": "27",
    "stopQueryTime": 1571285760843,
    "count": 0,
    "results": []
  },
  {
    "stopID": "29",
    "stopQueryTime": 1571285760846,
    "count": 0,
    "results": []
  },
  {
    "stopID": "9",
    "stopQueryTime": 1571285760859,
    "count": 0,
    "results": []
  },
  {
    "stopID": "12",
    "stopQueryTime": 1571285760865,
    "count": 0,
    "results": []
  },
  {
    "stopID": "22",
    "stopQueryTime": 1571285760866,
    "count": 0,
    "results": []
  },
  {
    "stopID": "3",
    "stopQueryTime": 1571285760876,
    "count": 1,
    "results": [
      {
        "Direction": "Inbound",
        "Destination": "The Point",
        "Time": "00:16:22",
        "AVLS": "00:17:02",
        "Tram": "3018",
        "Action": "a",
        "Msg Sent": "17/10/2019 05:15:54",
        "Msg Received": "17/10/2019 05:15:54",
        "Msg Processed": "17/10/2019 05:15:54",
        "XML ID": "100",
        "Total Lag": "0.0869228",
        "Create Lag": "0.0415918",
        "Process Lag": "0.045331"
      }
    ]
  },
  {
    "stopID": "45",
    "stopQueryTime": 1571285760881,
    "count": 1,
    "results": [
      {
        "Direction": "Inbound",
        "Destination": "Broombridge",
        "Time": "00:17:58",
        "AVLS": "00:18:38",
        "Tram": "5011",
        "Action": "a",
        "Msg Sent": "17/10/2019 05:15:54",
        "Msg Received": "17/10/2019 05:15:54",
        "Msg Processed": "17/10/2019 05:15:54",
        "XML ID": "100",
        "Total Lag": "0.1025473",
        "Create Lag": "0.0415918",
        "Process Lag": "0.0609555"
      }
    ]
  },
  {
    "stopID": "26",
    "stopQueryTime": 1571285760885,
    "count": 1,
    "results": [
      {
        "Direction": "Outbound",
        "Destination": "Bride's Glen",
        "Time": "00:18:05",
        "AVLS": "00:18:45",
        "Tram": "5021",
        "Action": "a",
        "Msg Sent": "17/10/2019 05:15:54",
        "Msg Received": "17/10/2019 05:15:54",
        "Msg Processed": "17/10/2019 05:15:54",
        "XML ID": "100",
        "Total Lag": "0.1181703",
        "Create Lag": "0.0415918",
        "Process Lag": "0.0765785"
      }
    ]
  },
  {
    "stopID": "30",
    "stopQueryTime": 1571285760887,
    "count": 0,
    "results": []
  },
  {
    "stopID": "43",
    "stopQueryTime": 1571285760891,
    "count": 0,
    "results": []
  },
  {
    "stopID": "48",
    "stopQueryTime": 1571285760894,
    "count": 1,
    "results": [
      {
        "Direction": "Inbound",
        "Destination": "Broombridge",
        "Time": "00:13:27",
        "AVLS": "00:14:07",
        "Tram": "5011",
        "Action": "d",
        "Msg Sent": "17/10/2019 05:15:54",
        "Msg Received": "17/10/2019 05:15:54",
        "Msg Processed": "17/10/2019 05:15:54",
        "XML ID": "100",
        "Total Lag": "0.1025473",
        "Create Lag": "0.0415918",
        "Process Lag": "0.0609555"
      }
    ]
  },
  {
    "stopID": "44",
    "stopQueryTime": 1571285760898,
    "count": 0,
    "results": []
  },
  {
    "stopID": "49",
    "stopQueryTime": 1571285760901,
    "count": 0,
    "results": []
  },
  {
    "stopID": "35",
    "stopQueryTime": 1571285760902,
    "count": 1,
    "results": [
      {
        "Direction": "Inbound",
        "Destination": "Broombridge",
        "Time": "00:15:02",
        "AVLS": "00:15:42",
        "Tram": "3020",
        "Action": "a",
        "Msg Sent": "17/10/2019 05:15:54",
        "Msg Received": "17/10/2019 05:15:54",
        "Msg Processed": "17/10/2019 05:15:54",
        "XML ID": "100",
        "Total Lag": "0.0415918",
        "Create Lag": "0.0415918",
        "Process Lag": "0"
      }
    ]
  },
  {
    "stopID": "53",
    "stopQueryTime": 1571285760904,
    "count": 0,
    "results": []
  },
  {
    "stopID": "25",
    "stopQueryTime": 1571285760906,
    "count": 1,
    "results": [
      {
        "Direction": "Outbound",
        "Destination": "Bride's Glen",
        "Time": "00:15:25",
        "AVLS": "00:16:05",
        "Tram": "5021",
        "Action": "a",
        "Msg Sent": "17/10/2019 05:15:54",
        "Msg Received": "17/10/2019 05:15:54",
        "Msg Processed": "17/10/2019 05:15:54",
        "XML ID": "100",
        "Total Lag": "0.1181703",
        "Create Lag": "0.0415918",
        "Process Lag": "0.0765785"
      }
    ]
  },
  {
    "stopID": "33",
    "stopQueryTime": 1571285760908,
    "count": 1,
    "results": [
      {
        "Direction": "Inbound",
        "Destination": "Broombridge",
        "Time": "00:18:45",
        "AVLS": "00:19:25",
        "Tram": "3020",
        "Action": "a",
        "Msg Sent": "17/10/2019 05:15:54",
        "Msg Received": "17/10/2019 05:15:54",
        "Msg Processed": "17/10/2019 05:15:54",
        "XML ID": "100",
        "Total Lag": "0.055673",
        "Create Lag": "0.0415918",
        "Process Lag": "0.0140812"
      }
    ]
  },
  {
    "stopID": "31",
    "stopQueryTime": 1571285760913,
    "count": 0,
    "results": []
  },
  {
    "stopID": "24",
    "stopQueryTime": 1571285760917,
    "count": 1,
    "results": [
      {
        "Direction": "Outbound",
        "Destination": "Bride's Glen",
        "Time": "00:13:27",
        "AVLS": "00:14:07",
        "Tram": "5021",
        "Action": "d",
        "Msg Sent": "17/10/2019 05:15:54",
        "Msg Received": "17/10/2019 05:15:54",
        "Msg Processed": "17/10/2019 05:15:54",
        "XML ID": "100",
        "Total Lag": "0.1025473",
        "Create Lag": "0.0415918",
        "Process Lag": "0.0609555"
      }
    ]
  },
  {
    "stopID": "42",
    "stopQueryTime": 1571285760922,
    "count": 0,
    "results": []
  },
  {
    "stopID": "52",
    "stopQueryTime": 1571285760924,
    "count": 0,
    "results": []
  },
  {
    "stopID": "58",
    "stopQueryTime": 1571285760925,
    "count": 0,
    "results": []
  },
  {
    "stopID": "40",
    "stopQueryTime": 1571285760928,
    "count": 1,
    "results": [
      {
        "Direction": "Outbound",
        "Destination": "Bride's Glen",
        "Time": "00:17:41",
        "AVLS": "00:18:21",
        "Tram": "5006",
        "Action": "a",
        "Msg Sent": "17/10/2019 05:15:54",
        "Msg Received": "17/10/2019 05:15:54",
        "Msg Processed": "17/10/2019 05:15:54",
        "XML ID": "100",
        "Total Lag": "0.0712941",
        "Create Lag": "0.0415918",
        "Process Lag": "0.0297023"
      }
    ]
  },
  {
    "stopID": "51",
    "stopQueryTime": 1571285760933,
    "count": 0,
    "results": []
  },
  {
    "stopID": "50",
    "stopQueryTime": 1571285760935,
    "count": 0,
    "results": []
  },
  {
    "stopID": "47",
    "stopQueryTime": 1571285760938,
    "count": 1,
    "results": [
      {
        "Direction": "Inbound",
        "Destination": "Broombridge",
        "Time": "00:14:35",
        "AVLS": "00:15:15",
        "Tram": "5011",
        "Action": "a",
        "Msg Sent": "17/10/2019 05:15:54",
        "Msg Received": "17/10/2019 05:15:54",
        "Msg Processed": "17/10/2019 05:15:54",
        "XML ID": "100",
        "Total Lag": "0.1025473",
        "Create Lag": "0.0415918",
        "Process Lag": "0.0609555"
      }
    ]
  },
  {
    "stopID": "39",
    "stopQueryTime": 1571285760940,
    "count": 1,
    "results": [
      {
        "Direction": "Outbound",
        "Destination": "Bride's Glen",
        "Time": "00:16:13",
        "AVLS": "00:16:53",
        "Tram": "5006",
        "Action": "a",
        "Msg Sent": "17/10/2019 05:15:54",
        "Msg Received": "17/10/2019 05:15:54",
        "Msg Processed": "17/10/2019 05:15:54",
        "XML ID": "100",
        "Total Lag": "0.0712941",
        "Create Lag": "0.0415918",
        "Process Lag": "0.0297023"
      }
    ]
  },
  {
    "stopID": "54",
    "stopQueryTime": 1571285760947,
    "count": 1,
    "results": [
      {
        "Direction": "Outbound",
        "Destination": "Tallaght",
        "Time": "00:18:03",
        "AVLS": "00:18:43",
        "Tram": "3013",
        "Action": "a",
        "Msg Sent": "17/10/2019 05:15:54",
        "Msg Received": "17/10/2019 05:15:54",
        "Msg Processed": "17/10/2019 05:15:54",
        "XML ID": "100",
        "Total Lag": "0.0869228",
        "Create Lag": "0.0415918",
        "Process Lag": "0.045331"
      }
    ]
  },
  {
    "stopID": "38",
    "stopQueryTime": 1571285760948,
    "count": 1,
    "results": [
      {
        "Direction": "Outbound",
        "Destination": "Bride's Glen",
        "Time": "00:14:28",
        "AVLS": "00:15:08",
        "Tram": "5006",
        "Action": "a",
        "Msg Sent": "17/10/2019 05:15:54",
        "Msg Received": "17/10/2019 05:15:54",
        "Msg Processed": "17/10/2019 05:15:54",
        "XML ID": "100",
        "Total Lag": "0.0712941",
        "Create Lag": "0.0415918",
        "Process Lag": "0.0297023"
      }
    ]
  },
  {
    "stopID": "34",
    "stopQueryTime": 1571285760949,
    "count": 1,
    "results": [
      {
        "Direction": "Inbound",
        "Destination": "Broombridge",
        "Time": "00:17:02",
        "AVLS": "00:17:42",
        "Tram": "3020",
        "Action": "a",
        "Msg Sent": "17/10/2019 05:15:54",
        "Msg Received": "17/10/2019 05:15:54",
        "Msg Processed": "17/10/2019 05:15:54",
        "XML ID": "100",
        "Total Lag": "0.0415918",
        "Create Lag": "0.0415918",
        "Process Lag": "0"
      }
    ]
  },
  {
    "stopID": "37",
    "stopQueryTime": 1571285760955,
    "count": 1,
    "results": [
      {
        "Direction": "Outbound",
        "Destination": "Bride's Glen",
        "Time": "00:13:00",
        "AVLS": "00:13:40",
        "Tram": "5006",
        "Action": "a",
        "Msg Sent": "17/10/2019 05:15:54",
        "Msg Received": "17/10/2019 05:15:54",
        "Msg Processed": "17/10/2019 05:15:54",
        "XML ID": "100",
        "Total Lag": "0.0712941",
        "Create Lag": "0.0415918",
        "Process Lag": "0.0297023"
      }
    ]
  },
  {
    "stopID": "56",
    "stopQueryTime": 1571285760959,
    "count": 1,
    "results": [
      {
        "Direction": "Outbound",
        "Destination": "Tallaght",
        "Time": "00:14:36",
        "AVLS": "00:15:16",
        "Tram": "3013",
        "Action": "a",
        "Msg Sent": "17/10/2019 05:15:54",
        "Msg Received": "17/10/2019 05:15:54",
        "Msg Processed": "17/10/2019 05:15:54",
        "XML ID": "100",
        "Total Lag": "0.0712941",
        "Create Lag": "0.0415918",
        "Process Lag": "0.0297023"
      }
    ]
  },
  {
    "stopID": "55",
    "stopQueryTime": 1571285760960,
    "count": 1,
    "results": [
      {
        "Direction": "Outbound",
        "Destination": "Tallaght",
        "Time": "00:16:35",
        "AVLS": "00:17:15",
        "Tram": "3013",
        "Action": "a",
        "Msg Sent": "17/10/2019 05:15:54",
        "Msg Received": "17/10/2019 05:15:54",
        "Msg Processed": "17/10/2019 05:15:54",
        "XML ID": "100",
        "Total Lag": "0.0869228",
        "Create Lag": "0.0415918",
        "Process Lag": "0.045331"
      }
    ]
  },
  {
    "stopID": "36",
    "stopQueryTime": 1571285760972,
    "count": 2,
    "results": [
      {
        "Direction": "Inbound",
        "Destination": "Broombridge",
        "Time": "00:13:27",
        "AVLS": "00:14:07",
        "Tram": "3020",
        "Action": "d",
        "Msg Sent": "17/10/2019 05:15:54",
        "Msg Received": "17/10/2019 05:15:54",
        "Msg Processed": "17/10/2019 05:15:54",
        "XML ID": "100",
        "Total Lag": "0.0415918",
        "Create Lag": "0.0415918",
        "Process Lag": "0"
      },
      {
        "Direction": "Outbound",
        "Destination": "Bride's Glen",
        "Time": "00:10:27",
        "AVLS": "00:11:07",
        "Tram": "5006",
        "Action": "d",
        "Msg Sent": "17/10/2019 05:15:54",
        "Msg Received": "17/10/2019 05:15:54",
        "Msg Processed": "17/10/2019 05:15:54",
        "XML ID": "100",
        "Total Lag": "0.055673",
        "Create Lag": "0.0415918",
        "Process Lag": "0.0140812"
      }
    ]
  },
  {
    "stopID": "46",
    "stopQueryTime": 1571285760975,
    "count": 1,
    "results": [
      {
        "Direction": "Inbound",
        "Destination": "Broombridge",
        "Time": "00:16:36",
        "AVLS": "00:17:16",
        "Tram": "5011",
        "Action": "a",
        "Msg Sent": "17/10/2019 05:15:54",
        "Msg Received": "17/10/2019 05:15:54",
        "Msg Processed": "17/10/2019 05:15:54",
        "XML ID": "100",
        "Total Lag": "0.1025473",
        "Create Lag": "0.0415918",
        "Process Lag": "0.0609555"
      }
    ]
  },
  {
    "stopID": "57",
    "stopQueryTime": 1571285760977,
    "count": 1,
    "results": [
      {
        "Direction": "Outbound",
        "Destination": "Tallaght",
        "Time": "00:13:57",
        "AVLS": "00:14:37",
        "Tram": "3013",
        "Action": "d",
        "Msg Sent": "17/10/2019 05:15:54",
        "Msg Received": "17/10/2019 05:15:54",
        "Msg Processed": "17/10/2019 05:15:54",
        "XML ID": "100",
        "Total Lag": "0.0712941",
        "Create Lag": "0.0415918",
        "Process Lag": "0.0297023"
      }
    ]
  }
]