[
  {
    "stopID": "23",
    "stopQueryTime": 1571258100765,
    "count": 0,
    "results": []
  },
  {
    "stopID": "14",
    "stopQueryTime": 1571258100786,
    "count": 2,
    "results": [
      {
        "Direction": "Inbound",
        "Destination": "The Point",
        "Time": "00:04:48",
        "AVLS": "00:05:28",
        "Tram": "3002",
        "Action": "a",
        "Msg Sent": "16/10/2019 21:34:56",
        "Msg Received": "16/10/2019 21:34:56",
        "Msg Processed": "16/10/2019 21:34:56",
        "XML ID": "35666",
        "Total Lag": "0.8826384",
        "Create Lag": "0.8670149",
        "Process Lag": "0.0156235"
      },
      {
        "Direction": "Outbound",
        "Destination": "Tallaght",
        "Time": "00:08:13",
        "AVLS": "00:08:53",
        "Tram": "3017",
        "Action": "a",
        "Msg Sent": "16/10/2019 21:34:56",
        "Msg Received": "16/10/2019 21:34:56",
        "Msg Processed": "16/10/2019 21:34:57",
        "XML ID": "35666",
        "Total Lag": "1.0859367",
        "Create Lag": "0.8670149",
        "Process Lag": "0.2189218"
      }
    ]
  },
  {
    "stopID": "58",
    "stopQueryTime": 1571258100798,
    "count": 0,
    "results": []
  },
  {
    "stopID": "19",
    "stopQueryTime": 1571258100815,
    "count": 3,
    "results": [
      {
        "Direction": "Inbound",
        "Destination": "The Point",
        "Time": "00:01:30",
        "AVLS": "00:02:10",
        "Tram": "4002",
        "Action": "a",
        "Msg Sent": "16/10/2019 21:34:56",
        "Msg Received": "16/10/2019 21:34:56",
        "Msg Processed": "16/10/2019 21:34:57",
        "XML ID": "35666",
        "Total Lag": "1.1796797",
        "Create Lag": "0.8670149",
        "Process Lag": "0.3126648"
      },
      {
        "Direction": "Inbound",
        "Destination": "The Point",
        "Time": "00:15:11",
        "AVLS": "00:15:51",
        "Tram": "3002",
        "Action": "a",
        "Msg Sent": "16/10/2019 21:34:56",
        "Msg Received": "16/10/2019 21:34:56",
        "Msg Processed": "16/10/2019 21:34:56",
        "XML ID": "35666",
        "Total Lag": "0.8982656",
        "Create Lag": "0.8670149",
        "Process Lag": "0.0312507"
      },
      {
        "Direction": "Outbound",
        "Destination": "Tallaght",
        "Time": "00:08:51",
        "AVLS": "00:09:31",
        "Tram": "4009",
        "Action": "a",
        "Msg Sent": "16/10/2019 21:34:56",
        "Msg Received": "16/10/2019 21:34:56",
        "Msg Processed": "16/10/2019 21:34:57",
        "XML ID": "35666",
        "Total Lag": "1.2265515",
        "Create Lag": "0.8670149",
        "Process Lag": "0.3595366"
      }
    ]
  },
  {
    "stopID": "48",
    "stopQueryTime": 1571258100818,
    "count": 1,
    "results": [
      {
        "Direction": "Inbound",
        "Destination": "Broombridge",
        "Time": "00:09:24",
        "AVLS": "00:10:04",
        "Tram": "5010",
        "Action": "d",
        "Msg Sent": "16/10/2019 21:34:56",
        "Msg Received": "16/10/2019 21:34:56",
        "Msg Processed": "16/10/2019 21:34:57",
        "XML ID": "35667",
        "Total Lag": "1.398426",
        "Create Lag": "0.929516",
        "Process Lag": "0.46891"
      }
    ]
  },
  {
    "stopID": "15",
    "stopQueryTime": 1571258100821,
    "count": 3,
    "results": [
      {
        "Direction": "Inbound",
        "Destination": "The Point",
        "Time": "00:06:32",
        "AVLS": "00:07:12",
        "Tram": "3002",
        "Action": "a",
        "Msg Sent": "16/10/2019 21:34:56",
        "Msg Received": "16/10/2019 21:34:56",
        "Msg Processed": "16/10/2019 21:34:56",
        "XML ID": "35666",
        "Total Lag": "0.8826384",
        "Create Lag": "0.8670149",
        "Process Lag": "0.0156235"
      },
      {
        "Direction": "Outbound",
        "Destination": "Tallaght",
        "Time": "00:06:14",
        "AVLS": "00:06:54",
        "Tram": "3017",
        "Action": "a",
        "Msg Sent": "16/10/2019 21:34:56",
        "Msg Received": "16/10/2019 21:34:56",
        "Msg Processed": "16/10/2019 21:34:57",
        "XML ID": "35666",
        "Total Lag": "1.0859367",
        "Create Lag": "0.8670149",
        "Process Lag": "0.2189218"
      },
      {
        "Direction": "Outbound",
        "Destination": "Tallaght",
        "Time": "00:17:26",
        "AVLS": "00:18:06",
        "Tram": "4009",
        "Action": "a",
        "Msg Sent": "16/10/2019 21:34:56",
        "Msg Received": "16/10/2019 21:34:56",
        "Msg Processed": "16/10/2019 21:34:57",
        "XML ID": "35666",
        "Total Lag": "1.2421762",
        "Create Lag": "0.8670149",
        "Process Lag": "0.3751613"
      }
    ]
  },
  {
    "stopID": "7",
    "stopQueryTime": 1571258100829,
    "count": 3,
    "results": [
      {
        "Direction": "Inbound",
        "Destination": "The Point",
        "Time": "00:12:06",
        "AVLS": "00:12:46",
        "Tram": "3025",
        "Action": "a",
        "Msg Sent": "16/10/2019 21:34:56",
        "Msg Received": "16/10/2019 21:34:56",
        "Msg Processed": "16/10/2019 21:34:57",
        "XML ID": "35666",
        "Total Lag": "1.1484273",
        "Create Lag": "0.8670149",
        "Process Lag": "0.2814124"
      },
      {
        "Direction": "Outbound",
        "Destination": "Tallaght",
        "Time": "00:08:27",
        "AVLS": "00:09:07",
        "Tram": "3014",
        "Action": "a",
        "Msg Sent": "16/10/2019 21:34:56",
        "Msg Received": "16/10/2019 21:34:56",
        "Msg Processed": "16/10/2019 21:34:57",
        "XML ID": "35666",
        "Total Lag": "1.0390343",
        "Create Lag": "0.8670149",
        "Process Lag": "0.1720194"
      },
      {
        "Direction": "Outbound",
        "Destination": "Tallaght",
        "Time": "00:18:00",
        "AVLS": "00:18:40",
        "Tram": "3017",
        "Action": "a",
        "Msg Sent": "16/10/2019 21:34:56",
        "Msg Received": "16/10/2019 21:34:56",
        "Msg Processed": "16/10/2019 21:34:57",
        "XML ID": "35666",
        "Total Lag": "1.1171692",
        "Create Lag": "0.8670149",
        "Process Lag": "0.2501543"
      }
    ]
  },
  {
    "stopID": "13",
    "stopQueryTime": 1571258100835,
    "count": 3,
    "results": [
      {
        "Direction": "Inbound",
        "Destination": "The Point",
        "Time": "00:03:52",
        "AVLS": "00:04:32",
        "Tram": "3002",
        "Action": "a",
        "Msg Sent": "16/10/2019 21:34:56",
        "Msg Received": "16/10/2019 21:34:56",
        "Msg Processed": "16/10/2019 21:34:56",
        "XML ID": "35666",
        "Total Lag": "0.8826384",
        "Create Lag": "0.8670149",
        "Process Lag": "0.0156235"
      },
      {
        "Direction": "Outbound",
        "Destination": "Tallaght",
        "Time": "00:00:00",
        "AVLS": "00:00:20",
        "Tram": "3014",
        "Action": "a",
        "Msg Sent": "16/10/2019 21:34:56",
        "Msg Received": "16/10/2019 21:34:56",
        "Msg Processed": "16/10/2019 21:34:57",
        "XML ID": "35666",
        "Total Lag": "1.0076402",
        "Create Lag": "0.8670149",
        "Process Lag": "0.1406253"
      },
      {
        "Direction": "Outbound",
        "Destination": "Tallaght",
        "Time": "00:09:13",
        "AVLS": "00:09:53",
        "Tram": "3017",
        "Action": "a",
        "Msg Sent": "16/10/2019 21:34:56",
        "Msg Received": "16/10/2019 21:34:56",
        "Msg Processed": "16/10/2019 21:34:57",
        "XML ID": "35666",
        "Total Lag": "1.1015432",
        "Create Lag": "0.8670149",
        "Process Lag": "0.2345283"
      }
    ]
  },
  {
    "stopID": "3",
    "stopQueryTime": 1571258100839,
    "count": 4,
    "results": [
      {
        "Direction": "Inbound",
        "Destination": "The Point",
        "Time": "00:00:00",
        "AVLS": "00:00:25",
        "Tram": "3025",
        "Action": "a",
        "Msg Sent": "16/10/2019 21:34:56",
        "Msg Received": "16/10/2019 21:34:56",
        "Msg Processed": "16/10/2019 21:34:57",
        "XML ID": "35666",
        "Total Lag": "1.1484273",
        "Create Lag": "0.8670149",
        "Process Lag": "0.2814124"
      },
      {
        "Direction": "Inbound",
        "Destination": "The Point",
        "Time": "00:13:31",
        "AVLS": "00:14:11",
        "Tram": "3012",
        "Action": "a",
        "Msg Sent": "16/10/2019 21:34:56",
        "Msg Received": "16/10/2019 21:34:56",
        "Msg Processed": "16/10/2019 21:34:56",
        "XML ID": "35666",
        "Total Lag": "0.9920124",
        "Create Lag": "0.8670149",
        "Process Lag": "0.1249975"
      },
      {
        "Direction": "Outbound",
        "Destination": "Tallaght",
        "Time": "00:02:55",
        "AVLS": "00:03:35",
        "Tram": "3012",
        "Action": "a",
        "Msg Sent": "16/10/2019 21:34:56",
        "Msg Received": "16/10/2019 21:34:56",
        "Msg Processed": "16/10/2019 21:34:56",
        "XML ID": "35666",
        "Total Lag": "0.9763906",
        "Create Lag": "0.8670149",
        "Process Lag": "0.1093757"
      },
      {
        "Direction": "Outbound",
        "Destination": "Tallaght",
        "Time": "00:09:14",
        "AVLS": "00:09:54",
        "Tram": "3016",
        "Action": "a",
        "Msg Sent": "16/10/2019 21:34:56",
        "Msg Received": "16/10/2019 21:34:56",
        "Msg Processed": "16/10/2019 21:34:57",
        "XML ID": "35666",
        "Total Lag": "1.0702962",
        "Create Lag": "0.8670149",
        "Process Lag": "0.2032813"
      }
    ]
  },
  {
    "stopID": "6",
    "stopQueryTime": 1571258100843,
    "count": 3,
    "results": [
      {
        "Direction": "Inbound",
        "Destination": "The Point",
        "Time": "00:07:50",
        "AVLS": "00:08:30",
        "Tram": "3025",
        "Action": "a",
        "Msg Sent": "16/10/2019 21:34:56",
        "Msg Received": "16/10/2019 21:34:56",
        "Msg Processed": "16/10/2019 21:34:57",
        "XML ID": "35666",
        "Total Lag": "1.1484273",
        "Create Lag": "0.8670149",
        "Process Lag": "0.2814124"
      },
      {
        "Direction": "Outbound",
        "Destination": "Tallaght",
        "Time": "00:01:55",
        "AVLS": "00:02:35",
        "Tram": "3016",
        "Action": "a",
        "Msg Sent": "16/10/2019 21:34:56",
        "Msg Received": "16/10/2019 21:34:56",
        "Msg Processed": "16/10/2019 21:34:57",
        "XML ID": "35666",
        "Total Lag": "1.0546731",
        "Create Lag": "0.8670149",
        "Process Lag": "0.1876582"
      },
      {
        "Direction": "Outbound",
        "Destination": "Tallaght",
        "Time": "00:12:30",
        "AVLS": "00:13:10",
        "Tram": "3014",
        "Action": "a",
        "Msg Sent": "16/10/2019 21:34:56",
        "Msg Received": "16/10/2019 21:34:56",
        "Msg Processed": "16/10/2019 21:34:57",
        "XML ID": "35666",
        "Total Lag": "1.0390343",
        "Create Lag": "0.8670149",
        "Process Lag": "0.1720194"
      }
    ]
  },
  {
    "stopID": "50",
    "stopQueryTime": 1571258100848,
    "count": 2,
    "results": [
      {
        "Direction": "Inbound",
        "Destination": "Belgard",
        "Time": "00:06:42",
        "AVLS": "00:07:22",
        "Tram": "3018",
        "Action": "a",
        "Msg Sent": "16/10/2019 21:34:56",
        "Msg Received": "16/10/2019 21:34:56",
        "Msg Processed": "16/10/2019 21:34:57",
        "XML ID": "35666",
        "Total Lag": "1.1327948",
        "Create Lag": "0.8670149",
        "Process Lag": "0.2657799"
      },
      {
        "Direction": "Outbound",
        "Destination": "Saggart",
        "Time": "00:06:07",
        "AVLS": "00:06:47",
        "Tram": "3011",
        "Action": "a",
        "Msg Sent": "16/10/2019 21:34:56",
        "Msg Received": "16/10/2019 21:34:56",
        "Msg Processed": "16/10/2019 21:34:56",
        "XML ID": "35666",
        "Total Lag": "0.9451376",
        "Create Lag": "0.8670149",
        "Process Lag": "0.0781227"
      }
    ]
  },
  {
    "stopID": "39",
    "stopQueryTime": 1571258100861,
    "count": 3,
    "results": [
      {
        "Direction": "Inbound",
        "Destination": "Broombridge",
        "Time": "00:07:33",
        "AVLS": "00:08:13",
        "Tram": "5013",
        "Action": "a",
        "Msg Sent": "16/10/2019 21:34:56",
        "Msg Received": "16/10/2019 21:34:56",
        "Msg Processed": "16/10/2019 21:34:57",
        "XML ID": "35667",
        "Total Lag": "1.4452941",
        "Create Lag": "0.929516",
        "Process Lag": "0.5157781"
      },
      {
        "Direction": "Outbound",
        "Destination": "Bride's Glen",
        "Time": "00:04:37",
        "AVLS": "00:05:17",
        "Tram": "5003",
        "Action": "a",
        "Msg Sent": "16/10/2019 21:34:56",
        "Msg Received": "16/10/2019 21:34:56",
        "Msg Processed": "16/10/2019 21:34:57",
        "XML ID": "35667",
        "Total Lag": "1.2890437",
        "Create Lag": "0.929516",
        "Process Lag": "0.3595277"
      },
      {
        "Direction": "Outbound",
        "Destination": "Bride's Glen",
        "Time": "00:14:24",
        "AVLS": "00:15:04",
        "Tram": "5030",
        "Action": "a",
        "Msg Sent": "16/10/2019 21:34:59",
        "Msg Received": "16/10/2019 21:34:59",
        "Msg Processed": "16/10/2019 21:35:00",
        "XML ID": "35668",
        "Total Lag": "1.0234188",
        "Create Lag": "0.851545",
        "Process Lag": "0.1718738"
      }
    ]
  },
  {
    "stopID": "40",
    "stopQueryTime": 1571258100865,
    "count": 3,
    "results": [
      {
        "Direction": "Inbound",
        "Destination": "Broombridge",
        "Time": "00:06:03",
        "AVLS": "00:06:43",
        "Tram": "5013",
        "Action": "a",
        "Msg Sent": "16/10/2019 21:34:56",
        "Msg Received": "16/10/2019 21:34:56",
        "Msg Processed": "16/10/2019 21:34:57",
        "XML ID": "35667",
        "Total Lag": "1.4452941",
        "Create Lag": "0.929516",
        "Process Lag": "0.5157781"
      },
      {
        "Direction": "Outbound",
        "Destination": "Bride's Glen",
        "Time": "00:06:05",
        "AVLS": "00:06:45",
        "Tram": "5003",
        "Action": "a",
        "Msg Sent": "16/10/2019 21:34:56",
        "Msg Received": "16/10/2019 21:34:56",
        "Msg Processed": "16/10/2019 21:34:57",
        "XML ID": "35667",
        "Total Lag": "1.2890437",
        "Create Lag": "0.929516",
        "Process Lag": "0.3595277"
      },
      {
        "Direction": "Outbound",
        "Destination": "Bride's Glen",
        "Time": "00:15:52",
        "AVLS": "00:16:32",
        "Tram": "5030",
        "Action": "a",
        "Msg Sent": "16/10/2019 21:34:59",
        "Msg Received": "16/10/2019 21:34:59",
        "Msg Processed": "16/10/2019 21:35:00",
        "XML ID": "35668",
        "Total Lag": "1.0234188",
        "Create Lag": "0.851545",
        "Process Lag": "0.1718738"
      }
    ]
  },
  {
    "stopID": "10",
    "stopQueryTime": 1571258100869,
    "count": 4,
    "results": [
      {
        "Direction": "Inbound",
        "Destination": "The Point",
        "Time": "00:00:17",
        "AVLS": "00:00:57",
        "Tram": "3002",
        "Action": "a",
        "Msg Sent": "16/10/2019 21:34:56",
        "Msg Received": "16/10/2019 21:34:56",
        "Msg Processed": "16/10/2019 21:34:56",
        "XML ID": "35666",
        "Total Lag": "0.8670149",
        "Create Lag": "0.8670149",
        "Process Lag": "0"
      },
      {
        "Direction": "Inbound",
        "Destination": "The Point",
        "Time": "00:17:00",
        "AVLS": "00:17:40",
        "Tram": "3025",
        "Action": "a",
        "Msg Sent": "16/10/2019 21:34:56",
        "Msg Received": "16/10/2019 21:34:56",
        "Msg Processed": "16/10/2019 21:34:57",
        "XML ID": "35666",
        "Total Lag": "1.1640418",
        "Create Lag": "0.8670149",
        "Process Lag": "0.2970269"
      },
      {
        "Direction": "Outbound",
        "Destination": "Tallaght",
        "Time": "00:03:22",
        "AVLS": "00:04:02",
        "Tram": "3014",
        "Action": "a",
        "Msg Sent": "16/10/2019 21:34:56",
        "Msg Received": "16/10/2019 21:34:56",
        "Msg Processed": "16/10/2019 21:34:57",
        "XML ID": "35666",
        "Total Lag": "1.0232713",
        "Create Lag": "0.8670149",
        "Process Lag": "0.1562564"
      },
      {
        "Direction": "Outbound",
        "Destination": "Tallaght",
        "Time": "00:12:55",
        "AVLS": "00:13:35",
        "Tram": "3017",
        "Action": "a",
        "Msg Sent": "16/10/2019 21:34:56",
        "Msg Received": "16/10/2019 21:34:56",
        "Msg Processed": "16/10/2019 21:34:57",
        "XML ID": "35666",
        "Total Lag": "1.1171692",
        "Create Lag": "0.8670149",
        "Process Lag": "0.2501543"
      }
    ]
  },
  {
    "stopID": "11",
    "stopQueryTime": 1571258100871,
    "count": 4,
    "results": [
      {
        "Direction": "Inbound",
        "Destination": "The Point",
        "Time": "00:01:12",
        "AVLS": "00:01:52",
        "Tram": "3002",
        "Action": "a",
        "Msg Sent": "16/10/2019 21:34:56",
        "Msg Received": "16/10/2019 21:34:56",
        "Msg Processed": "16/10/2019 21:34:56",
        "XML ID": "35666",
        "Total Lag": "0.8670149",
        "Create Lag": "0.8670149",
        "Process Lag": "0"
      },
      {
        "Direction": "Inbound",
        "Destination": "The Point",
        "Time": "00:17:55",
        "AVLS": "00:18:35",
        "Tram": "3025",
        "Action": "a",
        "Msg Sent": "16/10/2019 21:34:56",
        "Msg Received": "16/10/2019 21:34:56",
        "Msg Processed": "16/10/2019 21:34:57",
        "XML ID": "35666",
        "Total Lag": "1.1640418",
        "Create Lag": "0.8670149",
        "Process Lag": "0.2970269"
      },
      {
        "Direction": "Outbound",
        "Destination": "Tallaght",
        "Time": "00:02:26",
        "AVLS": "00:03:06",
        "Tram": "3014",
        "Action": "a",
        "Msg Sent": "16/10/2019 21:34:56",
        "Msg Received": "16/10/2019 21:34:56",
        "Msg Processed": "16/10/2019 21:34:57",
        "XML ID": "35666",
        "Total Lag": "1.0232713",
        "Create Lag": "0.8670149",
        "Process Lag": "0.1562564"
      },
      {
        "Direction": "Outbound",
        "Destination": "Tallaght",
        "Time": "00:11:59",
        "AVLS": "00:12:39",
        "Tram": "3017",
        "Action": "a",
        "Msg Sent": "16/10/2019 21:34:56",
        "Msg Received": "16/10/2019 21:34:56",
        "Msg Processed": "16/10/2019 21:34:57",
        "XML ID": "35666",
        "Total Lag": "1.1171692",
        "Create Lag": "0.8670149",
        "Process Lag": "0.2501543"
      }
    ]
  },
  {
    "stopID": "49",
    "stopQueryTime": 1571258100873,
    "count": 2,
    "results": [
      {
        "Direction": "Inbound",
        "Destination": "Belgard",
        "Time": "00:08:30",
        "AVLS": "00:09:10",
        "Tram": "3018",
        "Action": "a",
        "Msg Sent": "16/10/2019 21:34:56",
        "Msg Received": "16/10/2019 21:34:56",
        "Msg Processed": "16/10/2019 21:34:57",
        "XML ID": "35666",
        "Total Lag": "1.1327948",
        "Create Lag": "0.8670149",
        "Process Lag": "0.2657799"
      },
      {
        "Direction": "Outbound",
        "Destination": "Saggart",
        "Time": "00:04:21",
        "AVLS": "00:05:01",
        "Tram": "3011",
        "Action": "a",
        "Msg Sent": "16/10/2019 21:34:56",
        "Msg Received": "16/10/2019 21:34:56",
        "Msg Processed": "16/10/2019 21:34:56",
        "XML ID": "35666",
        "Total Lag": "0.9451376",
        "Create Lag": "0.8670149",
        "Process Lag": "0.0781227"
      }
    ]
  },
  {
    "stopID": "20",
    "stopQueryTime": 1571258100875,
    "count": 4,
    "results": [
      {
        "Direction": "Inbound",
        "Destination": "The Point",
        "Time": "00:03:40",
        "AVLS": "00:04:20",
        "Tram": "4002",
        "Action": "a",
        "Msg Sent": "16/10/2019 21:34:56",
        "Msg Received": "16/10/2019 21:34:56",
        "Msg Processed": "16/10/2019 21:34:57",
        "XML ID": "35666",
        "Total Lag": "1.1796797",
        "Create Lag": "0.8670149",
        "Process Lag": "0.3126648"
      },
      {
        "Direction": "Inbound",
        "Destination": "The Point",
        "Time": "00:17:21",
        "AVLS": "00:18:01",
        "Tram": "3002",
        "Action": "a",
        "Msg Sent": "16/10/2019 21:34:56",
        "Msg Received": "16/10/2019 21:34:56",
        "Msg Processed": "16/10/2019 21:34:56",
        "XML ID": "35666",
        "Total Lag": "0.8982656",
        "Create Lag": "0.8670149",
        "Process Lag": "0.0312507"
      },
      {
        "Direction": "Outbound",
        "Destination": "Tallaght",
        "Time": "00:06:42",
        "AVLS": "00:07:22",
        "Tram": "4009",
        "Action": "a",
        "Msg Sent": "16/10/2019 21:34:56",
        "Msg Received": "16/10/2019 21:34:56",
        "Msg Processed": "16/10/2019 21:34:57",
        "XML ID": "35666",
        "Total Lag": "1.2265515",
        "Create Lag": "0.8670149",
        "Process Lag": "0.3595366"
      },
      {
        "Direction": "Outbound",
        "Destination": "Tallaght",
        "Time": "00:18:51",
        "AVLS": "00:19:31",
        "Tram": "3009",
        "Action": "a",
        "Msg Sent": "16/10/2019 21:34:56",
        "Msg Received": "16/10/2019 21:34:56",
        "Msg Processed": "16/10/2019 21:34:56",
        "XML ID": "35666",
        "Total Lag": "0.929516",
        "Create Lag": "0.8670149",
        "Process Lag": "0.0625011"
      }
    ]
  },
  {
    "stopID": "21",
    "stopQueryTime": 1571258100879,
    "count": 3,
    "results": [
      {
        "Direction": "Inbound",
        "Destination": "The Point",
        "Time": "00:06:26",
        "AVLS": "00:07:06",
        "Tram": "4002",
        "Action": "a",
        "Msg Sent": "16/10/2019 21:34:56",
        "Msg Received": "16/10/2019 21:34:56",
        "Msg Processed": "16/10/2019 21:34:57",
        "XML ID": "35666",
        "Total Lag": "1.1796797",
        "Create Lag": "0.8670149",
        "Process Lag": "0.3126648"
      },
      {
        "Direction": "Outbound",
        "Destination": "Tallaght",
        "Time": "00:04:15",
        "AVLS": "00:04:55",
        "Tram": "4009",
        "Action": "a",
        "Msg Sent": "16/10/2019 21:34:56",
        "Msg Received": "16/10/2019 21:34:56",
        "Msg Processed": "16/10/2019 21:34:57",
        "XML ID": "35666",
        "Total Lag": "1.2265515",
        "Create Lag": "0.8670149",
        "Process Lag": "0.3595366"
      },
      {
        "Direction": "Outbound",
        "Destination": "Tallaght",
        "Time": "00:16:24",
        "AVLS": "00:17:04",
        "Tram": "3009",
        "Action": "a",
        "Msg Sent": "16/10/2019 21:34:56",
        "Msg Received": "16/10/2019 21:34:56",
        "Msg Processed": "16/10/2019 21:34:56",
        "XML ID": "35666",
        "Total Lag": "0.929516",
        "Create Lag": "0.8670149",
        "Process Lag": "0.0625011"
      }
    ]
  },
  {
    "stopID": "38",
    "stopQueryTime": 1571258100881,
    "count": 3,
    "results": [
      {
        "Direction": "Inbound",
        "Destination": "Broombridge",
        "Time": "00:09:18",
        "AVLS": "00:09:58",
        "Tram": "5013",
        "Action": "a",
        "Msg Sent": "16/10/2019 21:34:56",
        "Msg Received": "16/10/2019 21:34:56",
        "Msg Processed": "16/10/2019 21:34:57",
        "XML ID": "35667",
        "Total Lag": "1.4609401",
        "Create Lag": "0.929516",
        "Process Lag": "0.5314241"
      },
      {
        "Direction": "Outbound",
        "Destination": "Bride's Glen",
        "Time": "00:02:52",
        "AVLS": "00:03:32",
        "Tram": "5003",
        "Action": "a",
        "Msg Sent": "16/10/2019 21:34:56",
        "Msg Received": "16/10/2019 21:34:56",
        "Msg Processed": "16/10/2019 21:34:57",
        "XML ID": "35667",
        "Total Lag": "1.2890437",
        "Create Lag": "0.929516",
        "Process Lag": "0.3595277"
      },
      {
        "Direction": "Outbound",
        "Destination": "Bride's Glen",
        "Time": "00:12:39",
        "AVLS": "00:13:19",
        "Tram": "5030",
        "Action": "a",
        "Msg Sent": "16/10/2019 21:34:59",
        "Msg Received": "16/10/2019 21:34:59",
        "Msg Processed": "16/10/2019 21:35:00",
        "XML ID": "35668",
        "Total Lag": "1.0234188",
        "Create Lag": "0.851545",
        "Process Lag": "0.1718738"
      }
    ]
  },
  {
    "stopID": "1",
    "stopQueryTime": 1571258100885,
    "count": 3,
    "results": [
      {
        "Direction": "Inbound",
        "Destination": "The Point",
        "Time": "00:10:36",
        "AVLS": "00:11:16",
        "Tram": "3012",
        "Action": "d",
        "Msg Sent": "16/10/2019 21:34:56",
        "Msg Received": "16/10/2019 21:34:56",
        "Msg Processed": "16/10/2019 21:34:56",
        "XML ID": "35666",
        "Total Lag": "0.9920124",
        "Create Lag": "0.8670149",
        "Process Lag": "0.1249975"
      },
      {
        "Direction": "Terminating",
        "Destination": "Tallaght",
        "Time": "00:06:36",
        "AVLS": "00:07:16",
        "Tram": "3012",
        "Action": "a",
        "Msg Sent": "16/10/2019 21:34:56",
        "Msg Received": "16/10/2019 21:34:56",
        "Msg Processed": "16/10/2019 21:34:56",
        "XML ID": "35666",
        "Total Lag": "0.9920124",
        "Create Lag": "0.8670149",
        "Process Lag": "0.1249975"
      },
      {
        "Direction": "Terminating",
        "Destination": "Tallaght",
        "Time": "00:12:55",
        "AVLS": "00:13:35",
        "Tram": "3016",
        "Action": "a",
        "Msg Sent": "16/10/2019 21:34:56",
        "Msg Received": "16/10/2019 21:34:56",
        "Msg Processed": "16/10/2019 21:34:57",
        "XML ID": "35666",
        "Total Lag": "1.0702962",
        "Create Lag": "0.8670149",
        "Process Lag": "0.2032813"
      }
    ]
  },
  {
    "stopID": "16",
    "stopQueryTime": 1571258100887,
    "count": 3,
    "results": [
      {
        "Direction": "Inbound",
        "Destination": "The Point",
        "Time": "00:09:07",
        "AVLS": "00:09:47",
        "Tram": "3002",
        "Action": "a",
        "Msg Sent": "16/10/2019 21:34:56",
        "Msg Received": "16/10/2019 21:34:56",
        "Msg Processed": "16/10/2019 21:34:56",
        "XML ID": "35666",
        "Total Lag": "0.8826384",
        "Create Lag": "0.8670149",
        "Process Lag": "0.0156235"
      },
      {
        "Direction": "Outbound",
        "Destination": "Tallaght",
        "Time": "00:03:03",
        "AVLS": "00:03:43",
        "Tram": "3017",
        "Action": "a",
        "Msg Sent": "16/10/2019 21:34:56",
        "Msg Received": "16/10/2019 21:34:56",
        "Msg Processed": "16/10/2019 21:34:57",
        "XML ID": "35666",
        "Total Lag": "1.0859367",
        "Create Lag": "0.8670149",
        "Process Lag": "0.2189218"
      },
      {
        "Direction": "Outbound",
        "Destination": "Tallaght",
        "Time": "00:14:15",
        "AVLS": "00:14:55",
        "Tram": "4009",
        "Action": "a",
        "Msg Sent": "16/10/2019 21:34:56",
        "Msg Received": "16/10/2019 21:34:56",
        "Msg Processed": "16/10/2019 21:34:57",
        "XML ID": "35666",
        "Total Lag": "1.2421762",
        "Create Lag": "0.8670149",
        "Process Lag": "0.3751613"
      }
    ]
  },
  {
    "stopID": "8",
    "stopQueryTime": 1571258100889,
    "count": 3,
    "results": [
      {
        "Direction": "Inbound",
        "Destination": "The Point",
        "Time": "00:13:37",
        "AVLS": "00:14:17",
        "Tram": "3025",
        "Action": "a",
        "Msg Sent": "16/10/2019 21:34:56",
        "Msg Received": "16/10/2019 21:34:56",
        "Msg Processed": "16/10/2019 21:34:57",
        "XML ID": "35666",
        "Total Lag": "1.1640418",
        "Create Lag": "0.8670149",
        "Process Lag": "0.2970269"
      },
      {
        "Direction": "Outbound",
        "Destination": "Tallaght",
        "Time": "00:06:53",
        "AVLS": "00:07:33",
        "Tram": "3014",
        "Action": "a",
        "Msg Sent": "16/10/2019 21:34:56",
        "Msg Received": "16/10/2019 21:34:56",
        "Msg Processed": "16/10/2019 21:34:57",
        "XML ID": "35666",
        "Total Lag": "1.0390343",
        "Create Lag": "0.8670149",
        "Process Lag": "0.1720194"
      },
      {
        "Direction": "Outbound",
        "Destination": "Tallaght",
        "Time": "00:16:26",
        "AVLS": "00:17:06",
        "Tram": "3017",
        "Action": "a",
        "Msg Sent": "16/10/2019 21:34:56",
        "Msg Received": "16/10/2019 21:34:56",
        "Msg Processed": "16/10/2019 21:34:57",
        "XML ID": "35666",
        "Total Lag": "1.1171692",
        "Create Lag": "0.8670149",
        "Process Lag": "0.2501543"
      }
    ]
  },
  {
    "stopID": "42",
    "stopQueryTime": 1571258100906,
    "count": 4,
    "results": [
      {
        "Direction": "Inbound",
        "Destination": "Broombridge",
        "Time": "00:03:52",
        "AVLS": "00:04:32",
        "Tram": "5013",
        "Action": "a",
        "Msg Sent": "16/10/2019 21:34:56",
        "Msg Received": "16/10/2019 21:34:56",
        "Msg Processed": "16/10/2019 21:34:57",
        "XML ID": "35667",
        "Total Lag": "1.4452941",
        "Create Lag": "0.929516",
        "Process Lag": "0.5157781"
      },
      {
        "Direction": "Inbound",
        "Destination": "Broombridge",
        "Time": "00:18:04",
        "AVLS": "00:18:44",
        "Tram": "5010",
        "Action": "a",
        "Msg Sent": "16/10/2019 21:34:56",
        "Msg Received": "16/10/2019 21:34:56",
        "Msg Processed": "16/10/2019 21:34:57",
        "XML ID": "35667",
        "Total Lag": "1.4140442",
        "Create Lag": "0.929516",
        "Process Lag": "0.4845282"
      },
      {
        "Direction": "Outbound",
        "Destination": "Bride's Glen",
        "Time": "00:08:13",
        "AVLS": "00:08:53",
        "Tram": "5003",
        "Action": "a",
        "Msg Sent": "16/10/2019 21:34:56",
        "Msg Received": "16/10/2019 21:34:56",
        "Msg Processed": "16/10/2019 21:34:57",
        "XML ID": "35667",
        "Total Lag": "1.2890437",
        "Create Lag": "0.929516",
        "Process Lag": "0.3595277"
      },
      {
        "Direction": "Outbound",
        "Destination": "Bride's Glen",
        "Time": "00:18:00",
        "AVLS": "00:18:40",
        "Tram": "5030",
        "Action": "a",
        "Msg Sent": "16/10/2019 21:34:59",
        "Msg Received": "16/10/2019 21:34:59",
        "Msg Processed": "16/10/2019 21:35:00",
        "XML ID": "35668",
        "Total Lag": "1.0390465",
        "Create Lag": "0.851545",
        "Process Lag": "0.1875015"
      }
    ]
  },
  {
    "stopID": "17",
    "stopQueryTime": 1571258100909,
    "count": 3,
    "results": [
      {
        "Direction": "Inbound",
        "Destination": "The Point",
        "Time": "00:11:31",
        "AVLS": "00:12:11",
        "Tram": "3002",
        "Action": "a",
        "Msg Sent": "16/10/2019 21:34:56",
        "Msg Received": "16/10/2019 21:34:56",
        "Msg Processed": "16/10/2019 21:34:56",
        "XML ID": "35666",
        "Total Lag": "0.8982656",
        "Create Lag": "0.8670149",
        "Process Lag": "0.0312507"
      },
      {
        "Direction": "Outbound",
        "Destination": "Tallaght",
        "Time": "00:01:04",
        "AVLS": "00:01:44",
        "Tram": "3017",
        "Action": "a",
        "Msg Sent": "16/10/2019 21:34:56",
        "Msg Received": "16/10/2019 21:34:56",
        "Msg Processed": "16/10/2019 21:34:57",
        "XML ID": "35666",
        "Total Lag": "1.0702962",
        "Create Lag": "0.8670149",
        "Process Lag": "0.2032813"
      },
      {
        "Direction": "Outbound",
        "Destination": "Tallaght",
        "Time": "00:12:16",
        "AVLS": "00:12:56",
        "Tram": "4009",
        "Action": "a",
        "Msg Sent": "16/10/2019 21:34:56",
        "Msg Received": "16/10/2019 21:34:56",
        "Msg Processed": "16/10/2019 21:34:57",
        "XML ID": "35666",
        "Total Lag": "1.2265515",
        "Create Lag": "0.8670149",
        "Process Lag": "0.3595366"
      }
    ]
  },
  {
    "stopID": "36",
    "stopQueryTime": 1571258100912,
    "count": 2,
    "results": [
      {
        "Direction": "Inbound",
        "Destination": "Broombridge",
        "Time": "00:13:12",
        "AVLS": "00:13:52",
        "Tram": "5013",
        "Action": "a",
        "Msg Sent": "16/10/2019 21:34:56",
        "Msg Received": "16/10/2019 21:34:56",
        "Msg Processed": "16/10/2019 21:34:57",
        "XML ID": "35667",
        "Total Lag": "1.4609401",
        "Create Lag": "0.929516",
        "Process Lag": "0.5314241"
      },
      {
        "Direction": "Outbound",
        "Destination": "Bride's Glen",
        "Time": "00:08:38",
        "AVLS": "00:09:18",
        "Tram": "5030",
        "Action": "a",
        "Msg Sent": "16/10/2019 21:34:59",
        "Msg Received": "16/10/2019 21:34:59",
        "Msg Processed": "16/10/2019 21:35:00",
        "XML ID": "35668",
        "Total Lag": "1.0234188",
        "Create Lag": "0.851545",
        "Process Lag": "0.1718738"
      }
    ]
  },
  {
    "stopID": "22",
    "stopQueryTime": 1571258100915,
    "count": 4,
    "results": [
      {
        "Direction": "Inbound",
        "Destination": "The Point",
        "Time": "00:01:01",
        "AVLS": "00:01:41",
        "Tram": "4006",
        "Action": "a",
        "Msg Sent": "16/10/2019 21:34:56",
        "Msg Received": "16/10/2019 21:34:56",
        "Msg Processed": "16/10/2019 21:34:57",
        "XML ID": "35666",
        "Total Lag": "1.1953028",
        "Create Lag": "0.8670149",
        "Process Lag": "0.3282879"
      },
      {
        "Direction": "Inbound",
        "Destination": "The Point",
        "Time": "00:09:30",
        "AVLS": "00:10:10",
        "Tram": "4002",
        "Action": "a",
        "Msg Sent": "16/10/2019 21:34:56",
        "Msg Received": "16/10/2019 21:34:56",
        "Msg Processed": "16/10/2019 21:34:57",
        "XML ID": "35666",
        "Total Lag": "1.1953028",
        "Create Lag": "0.8670149",
        "Process Lag": "0.3282879"
      },
      {
        "Direction": "Outbound",
        "Destination": "Tallaght",
        "Time": "00:00:47",
        "AVLS": "00:01:27",
        "Tram": "4009",
        "Action": "a",
        "Msg Sent": "16/10/2019 21:34:56",
        "Msg Received": "16/10/2019 21:34:56",
        "Msg Processed": "16/10/2019 21:34:57",
        "XML ID": "35666",
        "Total Lag": "1.21092",
        "Create Lag": "0.8670149",
        "Process Lag": "0.3439051"
      },
      {
        "Direction": "Outbound",
        "Destination": "Tallaght",
        "Time": "00:12:56",
        "AVLS": "00:13:36",
        "Tram": "3009",
        "Action": "a",
        "Msg Sent": "16/10/2019 21:34:56",
        "Msg Received": "16/10/2019 21:34:56",
        "Msg Processed": "16/10/2019 21:34:56",
        "XML ID": "35666",
        "Total Lag": "0.9138893",
        "Create Lag": "0.8670149",
        "Process Lag": "0.0468744"
      }
    ]
  },
  {
    "stopID": "5",
    "stopQueryTime": 1571258100920,
    "count": 4,
    "results": [
      {
        "Direction": "Inbound",
        "Destination": "The Point",
        "Time": "00:04:43",
        "AVLS": "00:05:23",
        "Tram": "3025",
        "Action": "a",
        "Msg Sent": "16/10/2019 21:34:56",
        "Msg Received": "16/10/2019 21:34:56",
        "Msg Processed": "16/10/2019 21:34:57",
        "XML ID": "35666",
        "Total Lag": "1.1484273",
        "Create Lag": "0.8670149",
        "Process Lag": "0.2814124"
      },
      {
        "Direction": "Inbound",
        "Destination": "The Point",
        "Time": "00:18:29",
        "AVLS": "00:19:09",
        "Tram": "3012",
        "Action": "a",
        "Msg Sent": "16/10/2019 21:34:56",
        "Msg Received": "16/10/2019 21:34:56",
        "Msg Processed": "16/10/2019 21:34:57",
        "XML ID": "35666",
        "Total Lag": "1.0076402",
        "Create Lag": "0.8670149",
        "Process Lag": "0.1406253"
      },
      {
        "Direction": "Outbound",
        "Destination": "Tallaght",
        "Time": "00:05:10",
        "AVLS": "00:05:50",
        "Tram": "3016",
        "Action": "a",
        "Msg Sent": "16/10/2019 21:34:56",
        "Msg Received": "16/10/2019 21:34:56",
        "Msg Processed": "16/10/2019 21:34:57",
        "XML ID": "35666",
        "Total Lag": "1.0546731",
        "Create Lag": "0.8670149",
        "Process Lag": "0.1876582"
      },
      {
        "Direction": "Outbound",
        "Destination": "Tallaght",
        "Time": "00:15:45",
        "AVLS": "00:16:25",
        "Tram": "3014",
        "Action": "a",
        "Msg Sent": "16/10/2019 21:34:56",
        "Msg Received": "16/10/2019 21:34:56",
        "Msg Processed": "16/10/2019 21:34:57",
        "XML ID": "35666",
        "Total Lag": "1.0390343",
        "Create Lag": "0.8670149",
        "Process Lag": "0.1720194"
      }
    ]
  },
  {
    "stopID": "18",
    "stopQueryTime": 1571258100924,
    "count": 3,
    "results": [
      {
        "Direction": "Inbound",
        "Destination": "The Point",
        "Time": "00:00:06",
        "AVLS": "00:00:46",
        "Tram": "4002",
        "Action": "a",
        "Msg Sent": "16/10/2019 21:34:56",
        "Msg Received": "16/10/2019 21:34:56",
        "Msg Processed": "16/10/2019 21:34:57",
        "XML ID": "35666",
        "Total Lag": "1.1796797",
        "Create Lag": "0.8670149",
        "Process Lag": "0.3126648"
      },
      {
        "Direction": "Inbound",
        "Destination": "The Point",
        "Time": "00:13:47",
        "AVLS": "00:14:27",
        "Tram": "3002",
        "Action": "a",
        "Msg Sent": "16/10/2019 21:34:56",
        "Msg Received": "16/10/2019 21:34:56",
        "Msg Processed": "16/10/2019 21:34:56",
        "XML ID": "35666",
        "Total Lag": "0.8982656",
        "Create Lag": "0.8670149",
        "Process Lag": "0.0312507"
      },
      {
        "Direction": "Outbound",
        "Destination": "Tallaght",
        "Time": "00:10:03",
        "AVLS": "00:10:43",
        "Tram": "4009",
        "Action": "a",
        "Msg Sent": "16/10/2019 21:34:56",
        "Msg Received": "16/10/2019 21:34:56",
        "Msg Processed": "16/10/2019 21:34:57",
        "XML ID": "35666",
        "Total Lag": "1.2265515",
        "Create Lag": "0.8670149",
        "Process Lag": "0.3595366"
      }
    ]
  },
  {
    "stopID": "37",
    "stopQueryTime": 1571258100938,
    "count": 3,
    "results": [
      {
        "Direction": "Inbound",
        "Destination": "Broombridge",
        "Time": "00:10:48",
        "AVLS": "00:11:28",
        "Tram": "5013",
        "Action": "a",
        "Msg Sent": "16/10/2019 21:34:56",
        "Msg Received": "16/10/2019 21:34:56",
        "Msg Processed": "16/10/2019 21:34:57",
        "XML ID": "35667",
        "Total Lag": "1.4609401",
        "Create Lag": "0.929516",
        "Process Lag": "0.5314241"
      },
      {
        "Direction": "Outbound",
        "Destination": "Bride's Glen",
        "Time": "00:01:24",
        "AVLS": "00:02:04",
        "Tram": "5003",
        "Action": "a",
        "Msg Sent": "16/10/2019 21:34:56",
        "Msg Received": "16/10/2019 21:34:56",
        "Msg Processed": "16/10/2019 21:34:57",
        "XML ID": "35667",
        "Total Lag": "1.2734192",
        "Create Lag": "0.929516",
        "Process Lag": "0.3439032"
      },
      {
        "Direction": "Outbound",
        "Destination": "Bride's Glen",
        "Time": "00:11:11",
        "AVLS": "00:11:51",
        "Tram": "5030",
        "Action": "a",
        "Msg Sent": "16/10/2019 21:34:59",
        "Msg Received": "16/10/2019 21:34:59",
        "Msg Processed": "16/10/2019 21:35:00",
        "XML ID": "35668",
        "Total Lag": "1.0234188",
        "Create Lag": "0.851545",
        "Process Lag": "0.1718738"
      }
    ]
  },
  {
    "stopID": "2",
    "stopQueryTime": 1571258100944,
    "count": 3,
    "results": [
      {
        "Direction": "Inbound",
        "Destination": "The Point",
        "Time": "00:11:50",
        "AVLS": "00:12:30",
        "Tram": "3012",
        "Action": "a",
        "Msg Sent": "16/10/2019 21:34:56",
        "Msg Received": "16/10/2019 21:34:56",
        "Msg Processed": "16/10/2019 21:34:56",
        "XML ID": "35666",
        "Total Lag": "0.9920124",
        "Create Lag": "0.8670149",
        "Process Lag": "0.1249975"
      },
      {
        "Direction": "Outbound",
        "Destination": "Tallaght",
        "Time": "00:04:30",
        "AVLS": "00:05:10",
        "Tram": "3012",
        "Action": "a",
        "Msg Sent": "16/10/2019 21:34:56",
        "Msg Received": "16/10/2019 21:34:56",
        "Msg Processed": "16/10/2019 21:34:56",
        "XML ID": "35666",
        "Total Lag": "0.9763906",
        "Create Lag": "0.8670149",
        "Process Lag": "0.1093757"
      },
      {
        "Direction": "Outbound",
        "Destination": "Tallaght",
        "Time": "00:10:49",
        "AVLS": "00:11:29",
        "Tram": "3016",
        "Action": "a",
        "Msg Sent": "16/10/2019 21:34:56",
        "Msg Received": "16/10/2019 21:34:56",
        "Msg Processed": "16/10/2019 21:34:57",
        "XML ID": "35666",
        "Total Lag": "1.0702962",
        "Create Lag": "0.8670149",
        "Process Lag": "0.2032813"
      }
    ]
  },
  {
    "stopID": "9",
    "stopQueryTime": 1571258100948,
    "count": 4,
    "results": [
      {
        "Direction": "Inbound",
        "Destination": "The Point",
        "Time": "00:00:00",
        "AVLS": "00:00:00",
        "Tram": "3002",
        "Action": "a",
        "Msg Sent": "16/10/2019 21:34:42",
        "Msg Received": "16/10/2019 21:34:43",
        "Msg Processed": "16/10/2019 21:34:43",
        "XML ID": "35661",
        "Total Lag": "1.1459942",
        "Create Lag": "1.1459942",
        "Process Lag": "0"
      },
      {
        "Direction": "Inbound",
        "Destination": "The Point",
        "Time": "00:15:46",
        "AVLS": "00:16:26",
        "Tram": "3025",
        "Action": "a",
        "Msg Sent": "16/10/2019 21:34:56",
        "Msg Received": "16/10/2019 21:34:56",
        "Msg Processed": "16/10/2019 21:34:57",
        "XML ID": "35666",
        "Total Lag": "1.1640418",
        "Create Lag": "0.8670149",
        "Process Lag": "0.2970269"
      },
      {
        "Direction": "Outbound",
        "Destination": "Tallaght",
        "Time": "00:04:38",
        "AVLS": "00:05:18",
        "Tram": "3014",
        "Action": "a",
        "Msg Sent": "16/10/2019 21:34:56",
        "Msg Received": "16/10/2019 21:34:56",
        "Msg Processed": "16/10/2019 21:34:57",
        "XML ID": "35666",
        "Total Lag": "1.0232713",
        "Create Lag": "0.8670149",
        "Process Lag": "0.1562564"
      },
      {
        "Direction": "Outbound",
        "Destination": "Tallaght",
        "Time": "00:14:11",
        "AVLS": "00:14:51",
        "Tram": "3017",
        "Action": "a",
        "Msg Sent": "16/10/2019 21:34:56",
        "Msg Received": "16/10/2019 21:34:56",
        "Msg Processed": "16/10/2019 21:34:57",
        "XML ID": "35666",
        "Total Lag": "1.1171692",
        "Create Lag": "0.8670149",
        "Process Lag": "0.2501543"
      }
    ]
  },
  {
    "stopID": "54",
    "stopQueryTime": 1571258100950,
    "count": 3,
    "results": [
      {
        "Direction": "Inbound",
        "Destination": "The Point",
        "Time": "00:02:55",
        "AVLS": "00:03:35",
        "Tram": "4006",
        "Action": "a",
        "Msg Sent": "16/10/2019 21:34:56",
        "Msg Received": "16/10/2019 21:34:56",
        "Msg Processed": "16/10/2019 21:34:57",
        "XML ID": "35666",
        "Total Lag": "1.21092",
        "Create Lag": "0.8670149",
        "Process Lag": "0.3439051"
      },
      {
        "Direction": "Inbound",
        "Destination": "The Point",
        "Time": "00:11:24",
        "AVLS": "00:12:04",
        "Tram": "4002",
        "Action": "a",
        "Msg Sent": "16/10/2019 21:34:56",
        "Msg Received": "16/10/2019 21:34:56",
        "Msg Processed": "16/10/2019 21:34:57",
        "XML ID": "35666",
        "Total Lag": "1.1953028",
        "Create Lag": "0.8670149",
        "Process Lag": "0.3282879"
      },
      {
        "Direction": "Outbound",
        "Destination": "Tallaght",
        "Time": "00:11:00",
        "AVLS": "00:11:40",
        "Tram": "3009",
        "Action": "a",
        "Msg Sent": "16/10/2019 21:34:56",
        "Msg Received": "16/10/2019 21:34:56",
        "Msg Processed": "16/10/2019 21:34:56",
        "XML ID": "35666",
        "Total Lag": "0.9138893",
        "Create Lag": "0.8670149",
        "Process Lag": "0.0468744"
      }
    ]
  },
  {
    "stopID": "47",
    "stopQueryTime": 1571258100964,
    "count": 3,
    "results": [
      {
        "Direction": "Inbound",
        "Destination": "Broombridge",
        "Time": "00:10:32",
        "AVLS": "00:11:12",
        "Tram": "5010",
        "Action": "a",
        "Msg Sent": "16/10/2019 21:34:56",
        "Msg Received": "16/10/2019 21:34:56",
        "Msg Processed": "16/10/2019 21:34:57",
        "XML ID": "35667",
        "Total Lag": "1.398426",
        "Create Lag": "0.929516",
        "Process Lag": "0.46891"
      },
      {
        "Direction": "Outbound",
        "Destination": "Bride's Glen",
        "Time": "00:05:04",
        "AVLS": "00:05:44",
        "Tram": "5010",
        "Action": "a",
        "Msg Sent": "16/10/2019 21:34:56",
        "Msg Received": "16/10/2019 21:34:56",
        "Msg Processed": "16/10/2019 21:34:57",
        "XML ID": "35667",
        "Total Lag": "1.398426",
        "Create Lag": "0.929516",
        "Process Lag": "0.46891"
      },
      {
        "Direction": "Outbound",
        "Destination": "Bride's Glen",
        "Time": "00:15:39",
        "AVLS": "00:16:19",
        "Tram": "5003",
        "Action": "a",
        "Msg Sent": "16/10/2019 21:34:56",
        "Msg Received": "16/10/2019 21:34:56",
        "Msg Processed": "16/10/2019 21:34:57",
        "XML ID": "35667",
        "Total Lag": "1.3047102",
        "Create Lag": "0.929516",
        "Process Lag": "0.3751942"
      }
    ]
  },
  {
    "stopID": "30",
    "stopQueryTime": 1571258100974,
    "count": 5,
    "results": [
      {
        "Direction": "Inbound",
        "Destination": "Broombridge",
        "Time": "00:00:38",
        "AVLS": "00:01:18",
        "Tram": "5015",
        "Action": "a",
        "Msg Sent": "16/10/2019 21:34:56",
        "Msg Received": "16/10/2019 21:34:56",
        "Msg Processed": "16/10/2019 21:34:57",
        "XML ID": "35667",
        "Total Lag": "1.4765614",
        "Create Lag": "0.929516",
        "Process Lag": "0.5470454"
      },
      {
        "Direction": "Inbound",
        "Destination": "Broombridge",
        "Time": "00:07:22",
        "AVLS": "00:08:02",
        "Tram": "5008",
        "Action": "a",
        "Msg Sent": "16/10/2019 21:34:56",
        "Msg Received": "16/10/2019 21:34:56",
        "Msg Processed": "16/10/2019 21:34:57",
        "XML ID": "35667",
        "Total Lag": "1.36717",
        "Create Lag": "0.929516",
        "Process Lag": "0.437654"
      },
      {
        "Direction": "Outbound",
        "Destination": "Sandyford",
        "Time": "00:06:46",
        "AVLS": "00:07:26",
        "Tram": "5006",
        "Action": "a",
        "Msg Sent": "16/10/2019 21:34:56",
        "Msg Received": "16/10/2019 21:34:56",
        "Msg Processed": "16/10/2019 21:34:57",
        "XML ID": "35667",
        "Total Lag": "1.3359193",
        "Create Lag": "0.929516",
        "Process Lag": "0.4064033"
      },
      {
        "Direction": "Outbound",
        "Destination": "Sandyford",
        "Time": "00:09:39",
        "AVLS": "00:10:19",
        "Tram": "5027",
        "Action": "a",
        "Msg Sent": "16/10/2019 21:34:59",
        "Msg Received": "16/10/2019 21:34:59",
        "Msg Processed": "16/10/2019 21:34:59",
        "XML ID": "35668",
        "Total Lag": "0.8984421",
        "Create Lag": "0.851545",
        "Process Lag": "0.0468971"
      },
      {
        "Direction": "Outbound",
        "Destination": "Bride's Glen",
        "Time": "00:15:15",
        "AVLS": "00:15:55",
        "Tram": "5002",
        "Action": "a",
        "Msg Sent": "16/10/2019 21:34:56",
        "Msg Received": "16/10/2019 21:34:56",
        "Msg Processed": "16/10/2019 21:34:57",
        "XML ID": "35667",
        "Total Lag": "1.2734192",
        "Create Lag": "0.929516",
        "Process Lag": "0.3439032"
      }
    ]
  },
  {
    "stopID": "53",
    "stopQueryTime": 1571258100978,
    "count": 4,
    "results": [
      {
        "Direction": "Inbound",
        "Destination": "Belgard",
        "Time": "00:01:24",
        "AVLS": "00:02:04",
        "Tram": "3018",
        "Action": "d",
        "Msg Sent": "16/10/2019 21:34:56",
        "Msg Received": "16/10/2019 21:34:56",
        "Msg Processed": "16/10/2019 21:34:57",
        "XML ID": "35666",
        "Total Lag": "1.1327948",
        "Create Lag": "0.8670149",
        "Process Lag": "0.2657799"
      },
      {
        "Direction": "Inbound",
        "Destination": "Belgard",
        "Time": "00:16:24",
        "AVLS": "00:17:04",
        "Tram": "3011",
        "Action": "d",
        "Msg Sent": "16/10/2019 21:34:56",
        "Msg Received": "16/10/2019 21:34:56",
        "Msg Processed": "16/10/2019 21:34:56",
        "XML ID": "35666",
        "Total Lag": "0.9607641",
        "Create Lag": "0.8670149",
        "Process Lag": "0.0937492"
      },
      {
        "Direction": "Terminating",
        "Destination": "Saggart",
        "Time": "00:02:01",
        "AVLS": "00:02:41",
        "Tram": "4011",
        "Action": "a",
        "Msg Sent": "16/10/2019 21:34:56",
        "Msg Received": "16/10/2019 21:34:56",
        "Msg Processed": "16/10/2019 21:34:57",
        "XML ID": "35666",
        "Total Lag": "1.2421762",
        "Create Lag": "0.8670149",
        "Process Lag": "0.3751613"
      },
      {
        "Direction": "Terminating",
        "Destination": "Saggart",
        "Time": "00:11:24",
        "AVLS": "00:12:04",
        "Tram": "3011",
        "Action": "a",
        "Msg Sent": "16/10/2019 21:34:56",
        "Msg Received": "16/10/2019 21:34:56",
        "Msg Processed": "16/10/2019 21:34:56",
        "XML ID": "35666",
        "Total Lag": "0.9607641",
        "Create Lag": "0.8670149",
        "Process Lag": "0.0937492"
      }
    ]
  },
  {
    "stopID": "51",
    "stopQueryTime": 1571258100980,
    "count": 2,
    "results": [
      {
        "Direction": "Inbound",
        "Destination": "Belgard",
        "Time": "00:04:55",
        "AVLS": "00:05:35",
        "Tram": "3018",
        "Action": "a",
        "Msg Sent": "16/10/2019 21:34:56",
        "Msg Received": "16/10/2019 21:34:56",
        "Msg Processed": "16/10/2019 21:34:57",
        "XML ID": "35666",
        "Total Lag": "1.1327948",
        "Create Lag": "0.8670149",
        "Process Lag": "0.2657799"
      },
      {
        "Direction": "Outbound",
        "Destination": "Saggart",
        "Time": "00:07:54",
        "AVLS": "00:08:34",
        "Tram": "3011",
        "Action": "a",
        "Msg Sent": "16/10/2019 21:34:56",
        "Msg Received": "16/10/2019 21:34:56",
        "Msg Processed": "16/10/2019 21:34:56",
        "XML ID": "35666",
        "Total Lag": "0.9607641",
        "Create Lag": "0.8670149",
        "Process Lag": "0.0937492"
      }
    ]
  },
  {
    "stopID": "25",
    "stopQueryTime": 1571258100986,
    "count": 6,
    "results": [
      {
        "Direction": "Inbound",
        "Destination": "Broombridge",
        "Time": "00:01:46",
        "AVLS": "00:02:26",
        "Tram": "5016",
        "Action": "a",
        "Msg Sent": "16/10/2019 21:34:56",
        "Msg Received": "16/10/2019 21:34:56",
        "Msg Processed": "16/10/2019 21:34:57",
        "XML ID": "35667",
        "Total Lag": "1.5077938",
        "Create Lag": "0.929516",
        "Process Lag": "0.5782778"
      },
      {
        "Direction": "Inbound",
        "Destination": "Broombridge",
        "Time": "00:08:54",
        "AVLS": "00:09:34",
        "Tram": "5015",
        "Action": "a",
        "Msg Sent": "16/10/2019 21:34:56",
        "Msg Received": "16/10/2019 21:34:56",
        "Msg Processed": "16/10/2019 21:34:57",
        "XML ID": "35667",
        "Total Lag": "1.4921689",
        "Create Lag": "0.929516",
        "Process Lag": "0.5626529"
      },
      {
        "Direction": "Inbound",
        "Destination": "Broombridge",
        "Time": "00:15:38",
        "AVLS": "00:16:18",
        "Tram": "5008",
        "Action": "a",
        "Msg Sent": "16/10/2019 21:34:56",
        "Msg Received": "16/10/2019 21:34:56",
        "Msg Processed": "16/10/2019 21:34:57",
        "XML ID": "35667",
        "Total Lag": "1.382794",
        "Create Lag": "0.929516",
        "Process Lag": "0.453278"
      },
      {
        "Direction": "Outbound",
        "Destination": "Sandyford",
        "Time": "00:00:23",
        "AVLS": "00:01:03",
        "Tram": "5027",
        "Action": "a",
        "Msg Sent": "16/10/2019 21:34:59",
        "Msg Received": "16/10/2019 21:34:59",
        "Msg Processed": "16/10/2019 21:34:59",
        "XML ID": "35668",
        "Total Lag": "0.8827972",
        "Create Lag": "0.851545",
        "Process Lag": "0.0312522"
      },
      {
        "Direction": "Outbound",
        "Destination": "Bride's Glen",
        "Time": "00:05:59",
        "AVLS": "00:06:39",
        "Tram": "5002",
        "Action": "a",
        "Msg Sent": "16/10/2019 21:34:56",
        "Msg Received": "16/10/2019 21:34:56",
        "Msg Processed": "16/10/2019 21:34:57",
        "XML ID": "35667",
        "Total Lag": "1.2577963",
        "Create Lag": "0.929516",
        "Process Lag": "0.3282803"
      },
      {
        "Direction": "Outbound",
        "Destination": "Sandyford",
        "Time": "00:13:22",
        "AVLS": "00:14:02",
        "Tram": "5023",
        "Action": "a",
        "Msg Sent": "16/10/2019 21:34:59",
        "Msg Received": "16/10/2019 21:34:59",
        "Msg Processed": "16/10/2019 21:34:59",
        "XML ID": "35668",
        "Total Lag": "0.8671823",
        "Create Lag": "0.851545",
        "Process Lag": "0.0156373"
      }
    ]
  },
  {
    "stopID": "29",
    "stopQueryTime": 1571258100989,
    "count": 5,
    "results": [
      {
        "Direction": "Inbound",
        "Destination": "Broombridge",
        "Time": "00:02:23",
        "AVLS": "00:03:03",
        "Tram": "5015",
        "Action": "a",
        "Msg Sent": "16/10/2019 21:34:56",
        "Msg Received": "16/10/2019 21:34:56",
        "Msg Processed": "16/10/2019 21:34:57",
        "XML ID": "35667",
        "Total Lag": "1.4765614",
        "Create Lag": "0.929516",
        "Process Lag": "0.5470454"
      },
      {
        "Direction": "Inbound",
        "Destination": "Broombridge",
        "Time": "00:09:07",
        "AVLS": "00:09:47",
        "Tram": "5008",
        "Action": "a",
        "Msg Sent": "16/10/2019 21:34:56",
        "Msg Received": "16/10/2019 21:34:56",
        "Msg Processed": "16/10/2019 21:34:57",
        "XML ID": "35667",
        "Total Lag": "1.36717",
        "Create Lag": "0.929516",
        "Process Lag": "0.437654"
      },
      {
        "Direction": "Outbound",
        "Destination": "Sandyford",
        "Time": "00:05:00",
        "AVLS": "00:05:40",
        "Tram": "5006",
        "Action": "a",
        "Msg Sent": "16/10/2019 21:34:56",
        "Msg Received": "16/10/2019 21:34:56",
        "Msg Processed": "16/10/2019 21:34:57",
        "XML ID": "35667",
        "Total Lag": "1.3359193",
        "Create Lag": "0.929516",
        "Process Lag": "0.4064033"
      },
      {
        "Direction": "Outbound",
        "Destination": "Sandyford",
        "Time": "00:07:53",
        "AVLS": "00:08:33",
        "Tram": "5027",
        "Action": "a",
        "Msg Sent": "16/10/2019 21:34:59",
        "Msg Received": "16/10/2019 21:34:59",
        "Msg Processed": "16/10/2019 21:34:59",
        "XML ID": "35668",
        "Total Lag": "0.8984421",
        "Create Lag": "0.851545",
        "Process Lag": "0.0468971"
      },
      {
        "Direction": "Outbound",
        "Destination": "Bride's Glen",
        "Time": "00:13:29",
        "AVLS": "00:14:09",
        "Tram": "5002",
        "Action": "a",
        "Msg Sent": "16/10/2019 21:34:56",
        "Msg Received": "16/10/2019 21:34:56",
        "Msg Processed": "16/10/2019 21:34:57",
        "XML ID": "35667",
        "Total Lag": "1.2734192",
        "Create Lag": "0.929516",
        "Process Lag": "0.3439032"
      }
    ]
  },
  {
    "stopID": "45",
    "stopQueryTime": 1571258100992,
    "count": 4,
    "results": [
      {
        "Direction": "Inbound",
        "Destination": "Broombridge",
        "Time": "00:00:00",
        "AVLS": "00:00:23",
        "Tram": "5013",
        "Action": "a",
        "Msg Sent": "16/10/2019 21:34:56",
        "Msg Received": "16/10/2019 21:34:56",
        "Msg Processed": "16/10/2019 21:34:57",
        "XML ID": "35667",
        "Total Lag": "1.4296876",
        "Create Lag": "0.929516",
        "Process Lag": "0.5001716"
      },
      {
        "Direction": "Inbound",
        "Destination": "Broombridge",
        "Time": "00:13:55",
        "AVLS": "00:14:35",
        "Tram": "5010",
        "Action": "a",
        "Msg Sent": "16/10/2019 21:34:56",
        "Msg Received": "16/10/2019 21:34:56",
        "Msg Processed": "16/10/2019 21:34:57",
        "XML ID": "35667",
        "Total Lag": "1.4140442",
        "Create Lag": "0.929516",
        "Process Lag": "0.4845282"
      },
      {
        "Direction": "Outbound",
        "Destination": "Bride's Glen",
        "Time": "00:01:44",
        "AVLS": "00:02:24",
        "Tram": "5010",
        "Action": "a",
        "Msg Sent": "16/10/2019 21:34:56",
        "Msg Received": "16/10/2019 21:34:56",
        "Msg Processed": "16/10/2019 21:34:57",
        "XML ID": "35667",
        "Total Lag": "1.398426",
        "Create Lag": "0.929516",
        "Process Lag": "0.46891"
      },
      {
        "Direction": "Outbound",
        "Destination": "Bride's Glen",
        "Time": "00:12:19",
        "AVLS": "00:12:59",
        "Tram": "5003",
        "Action": "a",
        "Msg Sent": "16/10/2019 21:34:56",
        "Msg Received": "16/10/2019 21:34:56",
        "Msg Processed": "16/10/2019 21:34:57",
        "XML ID": "35667",
        "Total Lag": "1.3047102",
        "Create Lag": "0.929516",
        "Process Lag": "0.3751942"
      }
    ]
  },
  {
    "stopID": "55",
    "stopQueryTime": 1571258100994,
    "count": 3,
    "results": [
      {
        "Direction": "Inbound",
        "Destination": "The Point",
        "Time": "00:04:11",
        "AVLS": "00:04:51",
        "Tram": "4006",
        "Action": "a",
        "Msg Sent": "16/10/2019 21:34:56",
        "Msg Received": "16/10/2019 21:34:56",
        "Msg Processed": "16/10/2019 21:34:57",
        "XML ID": "35666",
        "Total Lag": "1.21092",
        "Create Lag": "0.8670149",
        "Process Lag": "0.3439051"
      },
      {
        "Direction": "Inbound",
        "Destination": "The Point",
        "Time": "00:12:40",
        "AVLS": "00:13:20",
        "Tram": "4002",
        "Action": "a",
        "Msg Sent": "16/10/2019 21:34:56",
        "Msg Received": "16/10/2019 21:34:56",
        "Msg Processed": "16/10/2019 21:34:57",
        "XML ID": "35666",
        "Total Lag": "1.1953028",
        "Create Lag": "0.8670149",
        "Process Lag": "0.3282879"
      },
      {
        "Direction": "Outbound",
        "Destination": "Tallaght",
        "Time": "00:09:32",
        "AVLS": "00:10:12",
        "Tram": "3009",
        "Action": "a",
        "Msg Sent": "16/10/2019 21:34:56",
        "Msg Received": "16/10/2019 21:34:56",
        "Msg Processed": "16/10/2019 21:34:56",
        "XML ID": "35666",
        "Total Lag": "0.9138893",
        "Create Lag": "0.8670149",
        "Process Lag": "0.0468744"
      }
    ]
  },
  {
    "stopID": "57",
    "stopQueryTime": 1571258100997,
    "count": 2,
    "results": [
      {
        "Direction": "Outbound",
        "Destination": "Tallaght",
        "Time": "00:06:54",
        "AVLS": "00:07:34",
        "Tram": "3009",
        "Action": "d",
        "Msg Sent": "16/10/2019 21:34:56",
        "Msg Received": "16/10/2019 21:34:56",
        "Msg Processed": "16/10/2019 21:34:56",
        "XML ID": "35666",
        "Total Lag": "0.8982656",
        "Create Lag": "0.8670149",
        "Process Lag": "0.0312507"
      },
      {
        "Direction": "Outbound",
        "Destination": "Tallaght",
        "Time": "00:18:54",
        "AVLS": "00:19:34",
        "Tram": "4006",
        "Action": "d",
        "Msg Sent": "16/10/2019 21:34:56",
        "Msg Received": "16/10/2019 21:34:56",
        "Msg Processed": "16/10/2019 21:34:57",
        "XML ID": "35666",
        "Total Lag": "1.21092",
        "Create Lag": "0.8670149",
        "Process Lag": "0.3439051"
      }
    ]
  },
  {
    "stopID": "52",
    "stopQueryTime": 1571258100999,
    "count": 3,
    "results": [
      {
        "Direction": "Inbound",
        "Destination": "Belgard",
        "Time": "00:03:39",
        "AVLS": "00:04:19",
        "Tram": "3018",
        "Action": "a",
        "Msg Sent": "16/10/2019 21:34:56",
        "Msg Received": "16/10/2019 21:34:56",
        "Msg Processed": "16/10/2019 21:34:57",
        "XML ID": "35666",
        "Total Lag": "1.1327948",
        "Create Lag": "0.8670149",
        "Process Lag": "0.2657799"
      },
      {
        "Direction": "Outbound",
        "Destination": "Saggart",
        "Time": "00:00:00",
        "AVLS": "00:00:28",
        "Tram": "4011",
        "Action": "a",
        "Msg Sent": "16/10/2019 21:34:56",
        "Msg Received": "16/10/2019 21:34:56",
        "Msg Processed": "16/10/2019 21:34:57",
        "XML ID": "35666",
        "Total Lag": "1.2421762",
        "Create Lag": "0.8670149",
        "Process Lag": "0.3751613"
      },
      {
        "Direction": "Outbound",
        "Destination": "Saggart",
        "Time": "00:09:11",
        "AVLS": "00:09:51",
        "Tram": "3011",
        "Action": "a",
        "Msg Sent": "16/10/2019 21:34:56",
        "Msg Received": "16/10/2019 21:34:56",
        "Msg Processed": "16/10/2019 21:34:56",
        "XML ID": "35666",
        "Total Lag": "0.9607641",
        "Create Lag": "0.8670149",
        "Process Lag": "0.0937492"
      }
    ]
  },
  {
    "stopID": "31",
    "stopQueryTime": 1571258101004,
    "count": 5,
    "results": [
      {
        "Direction": "Inbound",
        "Destination": "Broombridge",
        "Time": "00:05:35",
        "AVLS": "00:06:15",
        "Tram": "5008",
        "Action": "a",
        "Msg Sent": "16/10/2019 21:34:56",
        "Msg Received": "16/10/2019 21:34:56",
        "Msg Processed": "16/10/2019 21:34:57",
        "XML ID": "35667",
        "Total Lag": "1.36717",
        "Create Lag": "0.929516",
        "Process Lag": "0.437654"
      },
      {
        "Direction": "Outbound",
        "Destination": "Bride's Glen",
        "Time": "00:00:40",
        "AVLS": "00:01:20",
        "Tram": "5030",
        "Action": "a",
        "Msg Sent": "16/10/2019 21:34:59",
        "Msg Received": "16/10/2019 21:34:59",
        "Msg Processed": "16/10/2019 21:34:59",
        "XML ID": "35668",
        "Total Lag": "0.9921681",
        "Create Lag": "0.851545",
        "Process Lag": "0.1406231"
      },
      {
        "Direction": "Outbound",
        "Destination": "Sandyford",
        "Time": "00:08:34",
        "AVLS": "00:09:14",
        "Tram": "5006",
        "Action": "a",
        "Msg Sent": "16/10/2019 21:34:56",
        "Msg Received": "16/10/2019 21:34:56",
        "Msg Processed": "16/10/2019 21:34:57",
        "XML ID": "35667",
        "Total Lag": "1.3359193",
        "Create Lag": "0.929516",
        "Process Lag": "0.4064033"
      },
      {
        "Direction": "Outbound",
        "Destination": "Sandyford",
        "Time": "00:11:27",
        "AVLS": "00:12:07",
        "Tram": "5027",
        "Action": "a",
        "Msg Sent": "16/10/2019 21:34:59",
        "Msg Received": "16/10/2019 21:34:59",
        "Msg Processed": "16/10/2019 21:34:59",
        "XML ID": "35668",
        "Total Lag": "0.8984421",
        "Create Lag": "0.851545",
        "Process Lag": "0.0468971"
      },
      {
        "Direction": "Outbound",
        "Destination": "Bride's Glen",
        "Time": "00:17:03",
        "AVLS": "00:17:43",
        "Tram": "5002",
        "Action": "a",
        "Msg Sent": "16/10/2019 21:34:56",
        "Msg Received": "16/10/2019 21:34:56",
        "Msg Processed": "16/10/2019 21:34:57",
        "XML ID": "35667",
        "Total Lag": "1.2734192",
        "Create Lag": "0.929516",
        "Process Lag": "0.3439032"
      }
    ]
  },
  {
    "stopID": "34",
    "stopQueryTime": 1571258101008,
    "count": 6,
    "results": [
      {
        "Direction": "Inbound",
        "Destination": "Broombridge",
        "Time": "00:00:11",
        "AVLS": "00:00:51",
        "Tram": "5008",
        "Action": "a",
        "Msg Sent": "16/10/2019 21:34:56",
        "Msg Received": "16/10/2019 21:34:56",
        "Msg Processed": "16/10/2019 21:34:57",
        "XML ID": "35667",
        "Total Lag": "1.3515509",
        "Create Lag": "0.929516",
        "Process Lag": "0.4220349"
      },
      {
        "Direction": "Inbound",
        "Destination": "Broombridge",
        "Time": "00:16:47",
        "AVLS": "00:17:27",
        "Tram": "5013",
        "Action": "a",
        "Msg Sent": "16/10/2019 21:34:56",
        "Msg Received": "16/10/2019 21:34:56",
        "Msg Processed": "16/10/2019 21:34:57",
        "XML ID": "35667",
        "Total Lag": "1.4765614",
        "Create Lag": "0.929516",
        "Process Lag": "0.5470454"
      },
      {
        "Direction": "Outbound",
        "Destination": "Sandyford",
        "Time": "00:00:07",
        "AVLS": "00:00:47",
        "Tram": "5005",
        "Action": "a",
        "Msg Sent": "16/10/2019 21:34:56",
        "Msg Received": "16/10/2019 21:34:56",
        "Msg Processed": "16/10/2019 21:34:57",
        "XML ID": "35667",
        "Total Lag": "1.3047102",
        "Create Lag": "0.929516",
        "Process Lag": "0.3751942"
      },
      {
        "Direction": "Outbound",
        "Destination": "Bride's Glen",
        "Time": "00:05:38",
        "AVLS": "00:06:18",
        "Tram": "5030",
        "Action": "a",
        "Msg Sent": "16/10/2019 21:34:59",
        "Msg Received": "16/10/2019 21:34:59",
        "Msg Processed": "16/10/2019 21:35:00",
        "XML ID": "35668",
        "Total Lag": "1.0077938",
        "Create Lag": "0.851545",
        "Process Lag": "0.1562488"
      },
      {
        "Direction": "Outbound",
        "Destination": "Sandyford",
        "Time": "00:13:32",
        "AVLS": "00:14:12",
        "Tram": "5006",
        "Action": "a",
        "Msg Sent": "16/10/2019 21:34:56",
        "Msg Received": "16/10/2019 21:34:56",
        "Msg Processed": "16/10/2019 21:34:57",
        "XML ID": "35667",
        "Total Lag": "1.3515509",
        "Create Lag": "0.929516",
        "Process Lag": "0.4220349"
      },
      {
        "Direction": "Outbound",
        "Destination": "Sandyford",
        "Time": "00:16:25",
        "AVLS": "00:17:05",
        "Tram": "5027",
        "Action": "a",
        "Msg Sent": "16/10/2019 21:34:59",
        "Msg Received": "16/10/2019 21:34:59",
        "Msg Processed": "16/10/2019 21:34:59",
        "XML ID": "35668",
        "Total Lag": "0.9140434",
        "Create Lag": "0.851545",
        "Process Lag": "0.0624984"
      }
    ]
  },
  {
    "stopID": "46",
    "stopQueryTime": 1571258101011,
    "count": 3,
    "results": [
      {
        "Direction": "Inbound",
        "Destination": "Broombridge",
        "Time": "00:12:33",
        "AVLS": "00:13:13",
        "Tram": "5010",
        "Action": "a",
        "Msg Sent": "16/10/2019 21:34:56",
        "Msg Received": "16/10/2019 21:34:56",
        "Msg Processed": "16/10/2019 21:34:57",
        "XML ID": "35667",
        "Total Lag": "1.398426",
        "Create Lag": "0.929516",
        "Process Lag": "0.46891"
      },
      {
        "Direction": "Outbound",
        "Destination": "Bride's Glen",
        "Time": "00:03:07",
        "AVLS": "00:03:47",
        "Tram": "5010",
        "Action": "a",
        "Msg Sent": "16/10/2019 21:34:56",
        "Msg Received": "16/10/2019 21:34:56",
        "Msg Processed": "16/10/2019 21:34:57",
        "XML ID": "35667",
        "Total Lag": "1.398426",
        "Create Lag": "0.929516",
        "Process Lag": "0.46891"
      },
      {
        "Direction": "Outbound",
        "Destination": "Bride's Glen",
        "Time": "00:13:42",
        "AVLS": "00:14:22",
        "Tram": "5003",
        "Action": "a",
        "Msg Sent": "16/10/2019 21:34:56",
        "Msg Received": "16/10/2019 21:34:56",
        "Msg Processed": "16/10/2019 21:34:57",
        "XML ID": "35667",
        "Total Lag": "1.3047102",
        "Create Lag": "0.929516",
        "Process Lag": "0.3751942"
      }
    ]
  },
  {
    "stopID": "56",
    "stopQueryTime": 1571258101013,
    "count": 3,
    "results": [
      {
        "Direction": "Inbound",
        "Destination": "The Point",
        "Time": "00:05:50",
        "AVLS": "00:06:30",
        "Tram": "4006",
        "Action": "a",
        "Msg Sent": "16/10/2019 21:34:56",
        "Msg Received": "16/10/2019 21:34:56",
        "Msg Processed": "16/10/2019 21:34:57",
        "XML ID": "35666",
        "Total Lag": "1.21092",
        "Create Lag": "0.8670149",
        "Process Lag": "0.3439051"
      },
      {
        "Direction": "Inbound",
        "Destination": "The Point",
        "Time": "00:14:19",
        "AVLS": "00:14:59",
        "Tram": "4002",
        "Action": "a",
        "Msg Sent": "16/10/2019 21:34:56",
        "Msg Received": "16/10/2019 21:34:56",
        "Msg Processed": "16/10/2019 21:34:57",
        "XML ID": "35666",
        "Total Lag": "1.1953028",
        "Create Lag": "0.8670149",
        "Process Lag": "0.3282879"
      },
      {
        "Direction": "Outbound",
        "Destination": "Tallaght",
        "Time": "00:07:33",
        "AVLS": "00:08:13",
        "Tram": "3009",
        "Action": "a",
        "Msg Sent": "16/10/2019 21:34:56",
        "Msg Received": "16/10/2019 21:34:56",
        "Msg Processed": "16/10/2019 21:34:56",
        "XML ID": "35666",
        "Total Lag": "0.9138893",
        "Create Lag": "0.8670149",
        "Process Lag": "0.0468744"
      }
    ]
  },
  {
    "stopID": "12",
    "stopQueryTime": 1571258101025,
    "count": 4,
    "results": [
      {
        "Direction": "Inbound",
        "Destination": "The Point",
        "Time": "00:02:14",
        "AVLS": "00:02:54",
        "Tram": "3002",
        "Action": "a",
        "Msg Sent": "16/10/2019 21:34:56",
        "Msg Received": "16/10/2019 21:34:56",
        "Msg Processed": "16/10/2019 21:34:56",
        "XML ID": "35666",
        "Total Lag": "0.8826384",
        "Create Lag": "0.8670149",
        "Process Lag": "0.0156235"
      },
      {
        "Direction": "Inbound",
        "Destination": "The Point",
        "Time": "00:18:57",
        "AVLS": "00:19:37",
        "Tram": "3025",
        "Action": "a",
        "Msg Sent": "16/10/2019 21:34:56",
        "Msg Received": "16/10/2019 21:34:56",
        "Msg Processed": "16/10/2019 21:34:57",
        "XML ID": "35666",
        "Total Lag": "1.1796797",
        "Create Lag": "0.8670149",
        "Process Lag": "0.3126648"
      },
      {
        "Direction": "Outbound",
        "Destination": "Tallaght",
        "Time": "00:01:21",
        "AVLS": "00:02:01",
        "Tram": "3014",
        "Action": "a",
        "Msg Sent": "16/10/2019 21:34:56",
        "Msg Received": "16/10/2019 21:34:56",
        "Msg Processed": "16/10/2019 21:34:57",
        "XML ID": "35666",
        "Total Lag": "1.0232713",
        "Create Lag": "0.8670149",
        "Process Lag": "0.1562564"
      },
      {
        "Direction": "Outbound",
        "Destination": "Tallaght",
        "Time": "00:10:54",
        "AVLS": "00:11:34",
        "Tram": "3017",
        "Action": "a",
        "Msg Sent": "16/10/2019 21:34:56",
        "Msg Received": "16/10/2019 21:34:56",
        "Msg Processed": "16/10/2019 21:34:57",
        "XML ID": "35666",
        "Total Lag": "1.1015432",
        "Create Lag": "0.8670149",
        "Process Lag": "0.2345283"
      }
    ]
  },
  {
    "stopID": "28",
    "stopQueryTime": 1571258101030,
    "count": 5,
    "results": [
      {
        "Direction": "Inbound",
        "Destination": "Broombridge",
        "Time": "00:03:52",
        "AVLS": "00:04:32",
        "Tram": "5015",
        "Action": "a",
        "Msg Sent": "16/10/2019 21:34:56",
        "Msg Received": "16/10/2019 21:34:56",
        "Msg Processed": "16/10/2019 21:34:57",
        "XML ID": "35667",
        "Total Lag": "1.4765614",
        "Create Lag": "0.929516",
        "Process Lag": "0.5470454"
      },
      {
        "Direction": "Inbound",
        "Destination": "Broombridge",
        "Time": "00:10:36",
        "AVLS": "00:11:16",
        "Tram": "5008",
        "Action": "a",
        "Msg Sent": "16/10/2019 21:34:56",
        "Msg Received": "16/10/2019 21:34:56",
        "Msg Processed": "16/10/2019 21:34:57",
        "XML ID": "35667",
        "Total Lag": "1.382794",
        "Create Lag": "0.929516",
        "Process Lag": "0.453278"
      },
      {
        "Direction": "Outbound",
        "Destination": "Sandyford",
        "Time": "00:03:32",
        "AVLS": "00:04:12",
        "Tram": "5006",
        "Action": "a",
        "Msg Sent": "16/10/2019 21:34:56",
        "Msg Received": "16/10/2019 21:34:56",
        "Msg Processed": "16/10/2019 21:34:57",
        "XML ID": "35667",
        "Total Lag": "1.3203018",
        "Create Lag": "0.929516",
        "Process Lag": "0.3907858"
      },
      {
        "Direction": "Outbound",
        "Destination": "Sandyford",
        "Time": "00:06:25",
        "AVLS": "00:07:05",
        "Tram": "5027",
        "Action": "a",
        "Msg Sent": "16/10/2019 21:34:59",
        "Msg Received": "16/10/2019 21:34:59",
        "Msg Processed": "16/10/2019 21:34:59",
        "XML ID": "35668",
        "Total Lag": "0.8984421",
        "Create Lag": "0.851545",
        "Process Lag": "0.0468971"
      },
      {
        "Direction": "Outbound",
        "Destination": "Bride's Glen",
        "Time": "00:12:01",
        "AVLS": "00:12:41",
        "Tram": "5002",
        "Action": "a",
        "Msg Sent": "16/10/2019 21:34:56",
        "Msg Received": "16/10/2019 21:34:56",
        "Msg Processed": "16/10/2019 21:34:57",
        "XML ID": "35667",
        "Total Lag": "1.2577963",
        "Create Lag": "0.929516",
        "Process Lag": "0.3282803"
      }
    ]
  },
  {
    "stopID": "44",
    "stopQueryTime": 1571258101034,
    "count": 4,
    "results": [
      {
        "Direction": "Inbound",
        "Destination": "Broombridge",
        "Time": "00:01:12",
        "AVLS": "00:01:52",
        "Tram": "5013",
        "Action": "a",
        "Msg Sent": "16/10/2019 21:34:56",
        "Msg Received": "16/10/2019 21:34:56",
        "Msg Processed": "16/10/2019 21:34:57",
        "XML ID": "35667",
        "Total Lag": "1.4452941",
        "Create Lag": "0.929516",
        "Process Lag": "0.5157781"
      },
      {
        "Direction": "Inbound",
        "Destination": "Broombridge",
        "Time": "00:15:24",
        "AVLS": "00:16:04",
        "Tram": "5010",
        "Action": "a",
        "Msg Sent": "16/10/2019 21:34:56",
        "Msg Received": "16/10/2019 21:34:56",
        "Msg Processed": "16/10/2019 21:34:57",
        "XML ID": "35667",
        "Total Lag": "1.4140442",
        "Create Lag": "0.929516",
        "Process Lag": "0.4845282"
      },
      {
        "Direction": "Outbound",
        "Destination": "Bride's Glen",
        "Time": "00:00:16",
        "AVLS": "00:00:56",
        "Tram": "5010",
        "Action": "a",
        "Msg Sent": "16/10/2019 21:34:56",
        "Msg Received": "16/10/2019 21:34:56",
        "Msg Processed": "16/10/2019 21:34:57",
        "XML ID": "35667",
        "Total Lag": "1.382794",
        "Create Lag": "0.929516",
        "Process Lag": "0.453278"
      },
      {
        "Direction": "Outbound",
        "Destination": "Bride's Glen",
        "Time": "00:10:51",
        "AVLS": "00:11:31",
        "Tram": "5003",
        "Action": "a",
        "Msg Sent": "16/10/2019 21:34:56",
        "Msg Received": "16/10/2019 21:34:56",
        "Msg Processed": "16/10/2019 21:34:57",
        "XML ID": "35667",
        "Total Lag": "1.3047102",
        "Create Lag": "0.929516",
        "Process Lag": "0.3751942"
      }
    ]
  },
  {
    "stopID": "27",
    "stopQueryTime": 1571258101038,
    "count": 6,
    "results": [
      {
        "Direction": "Inbound",
        "Destination": "Broombridge",
        "Time": "00:05:23",
        "AVLS": "00:06:03",
        "Tram": "5015",
        "Action": "a",
        "Msg Sent": "16/10/2019 21:34:56",
        "Msg Received": "16/10/2019 21:34:56",
        "Msg Processed": "16/10/2019 21:34:57",
        "XML ID": "35667",
        "Total Lag": "1.4921689",
        "Create Lag": "0.929516",
        "Process Lag": "0.5626529"
      },
      {
        "Direction": "Inbound",
        "Destination": "Broombridge",
        "Time": "00:12:07",
        "AVLS": "00:12:47",
        "Tram": "5008",
        "Action": "a",
        "Msg Sent": "16/10/2019 21:34:56",
        "Msg Received": "16/10/2019 21:34:56",
        "Msg Processed": "16/10/2019 21:34:57",
        "XML ID": "35667",
        "Total Lag": "1.382794",
        "Create Lag": "0.929516",
        "Process Lag": "0.453278"
      },
      {
        "Direction": "Outbound",
        "Destination": "Sandyford",
        "Time": "00:01:38",
        "AVLS": "00:02:18",
        "Tram": "5006",
        "Action": "a",
        "Msg Sent": "16/10/2019 21:34:56",
        "Msg Received": "16/10/2019 21:34:56",
        "Msg Processed": "16/10/2019 21:34:57",
        "XML ID": "35667",
        "Total Lag": "1.3203018",
        "Create Lag": "0.929516",
        "Process Lag": "0.3907858"
      },
      {
        "Direction": "Outbound",
        "Destination": "Sandyford",
        "Time": "00:04:31",
        "AVLS": "00:05:11",
        "Tram": "5027",
        "Action": "a",
        "Msg Sent": "16/10/2019 21:34:59",
        "Msg Received": "16/10/2019 21:34:59",
        "Msg Processed": "16/10/2019 21:34:59",
        "XML ID": "35668",
        "Total Lag": "0.8827972",
        "Create Lag": "0.851545",
        "Process Lag": "0.0312522"
      },
      {
        "Direction": "Outbound",
        "Destination": "Bride's Glen",
        "Time": "00:10:07",
        "AVLS": "00:10:47",
        "Tram": "5002",
        "Action": "a",
        "Msg Sent": "16/10/2019 21:34:56",
        "Msg Received": "16/10/2019 21:34:56",
        "Msg Processed": "16/10/2019 21:34:57",
        "XML ID": "35667",
        "Total Lag": "1.2577963",
        "Create Lag": "0.929516",
        "Process Lag": "0.3282803"
      },
      {
        "Direction": "Outbound",
        "Destination": "Sandyford",
        "Time": "00:17:30",
        "AVLS": "00:18:10",
        "Tram": "5023",
        "Action": "a",
        "Msg Sent": "16/10/2019 21:34:59",
        "Msg Received": "16/10/2019 21:34:59",
        "Msg Processed": "16/10/2019 21:34:59",
        "XML ID": "35668",
        "Total Lag": "0.8827972",
        "Create Lag": "0.851545",
        "Process Lag": "0.0312522"
      }
    ]
  },
  {
    "stopID": "4",
    "stopQueryTime": 1571258101040,
    "count": 7,
    "results": [
      {
        "Direction": "Inbound",
        "Destination": "The Point",
        "Time": "00:02:50",
        "AVLS": "00:03:30",
        "Tram": "3025",
        "Action": "a",
        "Msg Sent": "16/10/2019 21:34:56",
        "Msg Received": "16/10/2019 21:34:56",
        "Msg Processed": "16/10/2019 21:34:57",
        "XML ID": "35666",
        "Total Lag": "1.1484273",
        "Create Lag": "0.8670149",
        "Process Lag": "0.2814124"
      },
      {
        "Direction": "Inbound",
        "Destination": "The Point",
        "Time": "00:16:36",
        "AVLS": "00:17:16",
        "Tram": "3012",
        "Action": "a",
        "Msg Sent": "16/10/2019 21:34:56",
        "Msg Received": "16/10/2019 21:34:56",
        "Msg Processed": "16/10/2019 21:34:57",
        "XML ID": "35666",
        "Total Lag": "1.0076402",
        "Create Lag": "0.8670149",
        "Process Lag": "0.1406253"
      },
      {
        "Direction": "Outbound",
        "Destination": "Tallaght",
        "Time": "00:00:36",
        "AVLS": "00:01:16",
        "Tram": "3012",
        "Action": "a",
        "Msg Sent": "16/10/2019 21:34:56",
        "Msg Received": "16/10/2019 21:34:56",
        "Msg Processed": "16/10/2019 21:34:56",
        "XML ID": "35666",
        "Total Lag": "0.9763906",
        "Create Lag": "0.8670149",
        "Process Lag": "0.1093757"
      },
      {
        "Direction": "Outbound",
        "Destination": "Saggart",
        "Time": "00:00:54",
        "AVLS": "00:01:34",
        "Tram": "3011",
        "Action": "a",
        "Msg Sent": "16/10/2019 21:34:56",
        "Msg Received": "16/10/2019 21:34:56",
        "Msg Processed": "16/10/2019 21:34:56",
        "XML ID": "35666",
        "Total Lag": "0.9451376",
        "Create Lag": "0.8670149",
        "Process Lag": "0.0781227"
      },
      {
        "Direction": "Outbound",
        "Destination": "Tallaght",
        "Time": "00:06:55",
        "AVLS": "00:07:35",
        "Tram": "3016",
        "Action": "a",
        "Msg Sent": "16/10/2019 21:34:56",
        "Msg Received": "16/10/2019 21:34:56",
        "Msg Processed": "16/10/2019 21:34:57",
        "XML ID": "35666",
        "Total Lag": "1.0546731",
        "Create Lag": "0.8670149",
        "Process Lag": "0.1876582"
      },
      {
        "Direction": "Outbound",
        "Destination": "Saggart",
        "Time": "00:11:54",
        "AVLS": "00:12:34",
        "Tram": "3015",
        "Action": "a",
        "Msg Sent": "16/10/2019 21:34:56",
        "Msg Received": "16/10/2019 21:34:56",
        "Msg Processed": "16/10/2019 21:34:57",
        "XML ID": "35666",
        "Total Lag": "1.0546731",
        "Create Lag": "0.8670149",
        "Process Lag": "0.1876582"
      },
      {
        "Direction": "Outbound",
        "Destination": "Tallaght",
        "Time": "00:17:30",
        "AVLS": "00:18:10",
        "Tram": "3014",
        "Action": "a",
        "Msg Sent": "16/10/2019 21:34:56",
        "Msg Received": "16/10/2019 21:34:56",
        "Msg Processed": "16/10/2019 21:34:57",
        "XML ID": "35666",
        "Total Lag": "1.0546731",
        "Create Lag": "0.8670149",
        "Process Lag": "0.1876582"
      }
    ]
  },
  {
    "stopID": "33",
    "stopQueryTime": 1571258101047,
    "count": 5,
    "results": [
      {
        "Direction": "Inbound",
        "Destination": "Broombridge",
        "Time": "00:01:54",
        "AVLS": "00:02:34",
        "Tram": "5008",
        "Action": "a",
        "Msg Sent": "16/10/2019 21:34:56",
        "Msg Received": "16/10/2019 21:34:56",
        "Msg Processed": "16/10/2019 21:34:57",
        "XML ID": "35667",
        "Total Lag": "1.3515509",
        "Create Lag": "0.929516",
        "Process Lag": "0.4220349"
      },
      {
        "Direction": "Inbound",
        "Destination": "Broombridge",
        "Time": "00:18:30",
        "AVLS": "00:19:10",
        "Tram": "5013",
        "Action": "a",
        "Msg Sent": "16/10/2019 21:34:56",
        "Msg Received": "16/10/2019 21:34:56",
        "Msg Processed": "16/10/2019 21:34:57",
        "XML ID": "35667",
        "Total Lag": "1.4765614",
        "Create Lag": "0.929516",
        "Process Lag": "0.5470454"
      },
      {
        "Direction": "Outbound",
        "Destination": "Bride's Glen",
        "Time": "00:04:04",
        "AVLS": "00:04:44",
        "Tram": "5030",
        "Action": "a",
        "Msg Sent": "16/10/2019 21:34:59",
        "Msg Received": "16/10/2019 21:34:59",
        "Msg Processed": "16/10/2019 21:35:00",
        "XML ID": "35668",
        "Total Lag": "1.0077938",
        "Create Lag": "0.851545",
        "Process Lag": "0.1562488"
      },
      {
        "Direction": "Outbound",
        "Destination": "Sandyford",
        "Time": "00:11:58",
        "AVLS": "00:12:38",
        "Tram": "5006",
        "Action": "a",
        "Msg Sent": "16/10/2019 21:34:56",
        "Msg Received": "16/10/2019 21:34:56",
        "Msg Processed": "16/10/2019 21:34:57",
        "XML ID": "35667",
        "Total Lag": "1.3359193",
        "Create Lag": "0.929516",
        "Process Lag": "0.4064033"
      },
      {
        "Direction": "Outbound",
        "Destination": "Sandyford",
        "Time": "00:14:51",
        "AVLS": "00:15:31",
        "Tram": "5027",
        "Action": "a",
        "Msg Sent": "16/10/2019 21:34:59",
        "Msg Received": "16/10/2019 21:34:59",
        "Msg Processed": "16/10/2019 21:34:59",
        "XML ID": "35668",
        "Total Lag": "0.9140434",
        "Create Lag": "0.851545",
        "Process Lag": "0.0624984"
      }
    ]
  },
  {
    "stopID": "43",
    "stopQueryTime": 1571258101052,
    "count": 4,
    "results": [
      {
        "Direction": "Inbound",
        "Destination": "Broombridge",
        "Time": "00:02:16",
        "AVLS": "00:02:56",
        "Tram": "5013",
        "Action": "a",
        "Msg Sent": "16/10/2019 21:34:56",
        "Msg Received": "16/10/2019 21:34:56",
        "Msg Processed": "16/10/2019 21:34:57",
        "XML ID": "35667",
        "Total Lag": "1.4452941",
        "Create Lag": "0.929516",
        "Process Lag": "0.5157781"
      },
      {
        "Direction": "Inbound",
        "Destination": "Broombridge",
        "Time": "00:16:28",
        "AVLS": "00:17:08",
        "Tram": "5010",
        "Action": "a",
        "Msg Sent": "16/10/2019 21:34:56",
        "Msg Received": "16/10/2019 21:34:56",
        "Msg Processed": "16/10/2019 21:34:57",
        "XML ID": "35667",
        "Total Lag": "1.4140442",
        "Create Lag": "0.929516",
        "Process Lag": "0.4845282"
      },
      {
        "Direction": "Outbound",
        "Destination": "Bride's Glen",
        "Time": "00:00:00",
        "AVLS": "00:00:00",
        "Tram": "5010",
        "Action": "a",
        "Msg Sent": "16/10/2019 21:34:49",
        "Msg Received": "16/10/2019 21:34:49",
        "Msg Processed": "16/10/2019 21:34:49",
        "XML ID": "35665",
        "Total Lag": "0.8664915",
        "Create Lag": "0.5843171",
        "Process Lag": "0.2821744"
      },
      {
        "Direction": "Outbound",
        "Destination": "Bride's Glen",
        "Time": "00:09:46",
        "AVLS": "00:10:26",
        "Tram": "5003",
        "Action": "a",
        "Msg Sent": "16/10/2019 21:34:56",
        "Msg Received": "16/10/2019 21:34:56",
        "Msg Processed": "16/10/2019 21:34:57",
        "XML ID": "35667",
        "Total Lag": "1.2890437",
        "Create Lag": "0.929516",
        "Process Lag": "0.3595277"
      }
    ]
  },
  {
    "stopID": "35",
    "stopQueryTime": 1571258101055,
    "count": 5,
    "results": [
      {
        "Direction": "Inbound",
        "Destination": "Broombridge",
        "Time": "00:14:47",
        "AVLS": "00:15:27",
        "Tram": "5013",
        "Action": "a",
        "Msg Sent": "16/10/2019 21:34:56",
        "Msg Received": "16/10/2019 21:34:56",
        "Msg Processed": "16/10/2019 21:34:57",
        "XML ID": "35667",
        "Total Lag": "1.4609401",
        "Create Lag": "0.929516",
        "Process Lag": "0.5314241"
      },
      {
        "Direction": "Outbound",
        "Destination": "Sandyford",
        "Time": "00:01:46",
        "AVLS": "00:02:26",
        "Tram": "5005",
        "Action": "a",
        "Msg Sent": "16/10/2019 21:34:56",
        "Msg Received": "16/10/2019 21:34:56",
        "Msg Processed": "16/10/2019 21:34:57",
        "XML ID": "35667",
        "Total Lag": "1.3203018",
        "Create Lag": "0.929516",
        "Process Lag": "0.3907858"
      },
      {
        "Direction": "Outbound",
        "Destination": "Bride's Glen",
        "Time": "00:07:17",
        "AVLS": "00:07:57",
        "Tram": "5030",
        "Action": "a",
        "Msg Sent": "16/10/2019 21:34:59",
        "Msg Received": "16/10/2019 21:34:59",
        "Msg Processed": "16/10/2019 21:35:00",
        "XML ID": "35668",
        "Total Lag": "1.0077938",
        "Create Lag": "0.851545",
        "Process Lag": "0.1562488"
      },
      {
        "Direction": "Outbound",
        "Destination": "Sandyford",
        "Time": "00:15:11",
        "AVLS": "00:15:51",
        "Tram": "5006",
        "Action": "a",
        "Msg Sent": "16/10/2019 21:34:56",
        "Msg Received": "16/10/2019 21:34:56",
        "Msg Processed": "16/10/2019 21:34:57",
        "XML ID": "35667",
        "Total Lag": "1.3515509",
        "Create Lag": "0.929516",
        "Process Lag": "0.4220349"
      },
      {
        "Direction": "Outbound",
        "Destination": "Sandyford",
        "Time": "00:18:04",
        "AVLS": "00:18:44",
        "Tram": "5027",
        "Action": "a",
        "Msg Sent": "16/10/2019 21:34:59",
        "Msg Received": "16/10/2019 21:34:59",
        "Msg Processed": "16/10/2019 21:34:59",
        "XML ID": "35668",
        "Total Lag": "0.9140434",
        "Create Lag": "0.851545",
        "Process Lag": "0.0624984"
      }
    ]
  },
  {
    "stopID": "32",
    "stopQueryTime": 1571258101076,
    "count": 5,
    "results": [
      {
        "Direction": "Inbound",
        "Destination": "Broombridge",
        "Time": "00:03:36",
        "AVLS": "00:04:16",
        "Tram": "5008",
        "Action": "a",
        "Msg Sent": "16/10/2019 21:34:56",
        "Msg Received": "16/10/2019 21:34:56",
        "Msg Processed": "16/10/2019 21:34:57",
        "XML ID": "35667",
        "Total Lag": "1.36717",
        "Create Lag": "0.929516",
        "Process Lag": "0.437654"
      },
      {
        "Direction": "Outbound",
        "Destination": "Bride's Glen",
        "Time": "00:02:38",
        "AVLS": "00:03:18",
        "Tram": "5030",
        "Action": "a",
        "Msg Sent": "16/10/2019 21:34:59",
        "Msg Received": "16/10/2019 21:34:59",
        "Msg Processed": "16/10/2019 21:35:00",
        "XML ID": "35668",
        "Total Lag": "1.0077938",
        "Create Lag": "0.851545",
        "Process Lag": "0.1562488"
      },
      {
        "Direction": "Outbound",
        "Destination": "Sandyford",
        "Time": "00:10:32",
        "AVLS": "00:11:12",
        "Tram": "5006",
        "Action": "a",
        "Msg Sent": "16/10/2019 21:34:56",
        "Msg Received": "16/10/2019 21:34:56",
        "Msg Processed": "16/10/2019 21:34:57",
        "XML ID": "35667",
        "Total Lag": "1.3359193",
        "Create Lag": "0.929516",
        "Process Lag": "0.4064033"
      },
      {
        "Direction": "Outbound",
        "Destination": "Sandyford",
        "Time": "00:13:25",
        "AVLS": "00:14:05",
        "Tram": "5027",
        "Action": "a",
        "Msg Sent": "16/10/2019 21:34:59",
        "Msg Received": "16/10/2019 21:34:59",
        "Msg Processed": "16/10/2019 21:34:59",
        "XML ID": "35668",
        "Total Lag": "0.9140434",
        "Create Lag": "0.851545",
        "Process Lag": "0.0624984"
      },
      {
        "Direction": "Outbound",
        "Destination": "Bride's Glen",
        "Time": "00:19:01",
        "AVLS": "00:19:41",
        "Tram": "5002",
        "Action": "a",
        "Msg Sent": "16/10/2019 21:34:56",
        "Msg Received": "16/10/2019 21:34:56",
        "Msg Processed": "16/10/2019 21:34:57",
        "XML ID": "35667",
        "Total Lag": "1.2734192",
        "Create Lag": "0.929516",
        "Process Lag": "0.3439032"
      }
    ]
  },
  {
    "stopID": "24",
    "stopQueryTime": 1571258101085,
    "count": 6,
    "results": [
      {
        "Direction": "Inbound",
        "Destination": "Broombridge",
        "Time": "00:00:39",
        "AVLS": "00:01:19",
        "Tram": "5029",
        "Action": "a",
        "Msg Sent": "16/10/2019 21:34:59",
        "Msg Received": "16/10/2019 21:34:59",
        "Msg Processed": "16/10/2019 21:34:59",
        "XML ID": "35668",
        "Total Lag": "0.976545",
        "Create Lag": "0.851545",
        "Process Lag": "0.125"
      },
      {
        "Direction": "Inbound",
        "Destination": "Broombridge",
        "Time": "00:04:44",
        "AVLS": "00:05:24",
        "Tram": "5016",
        "Action": "a",
        "Msg Sent": "16/10/2019 21:34:56",
        "Msg Received": "16/10/2019 21:34:56",
        "Msg Processed": "16/10/2019 21:34:57",
        "XML ID": "35667",
        "Total Lag": "1.5234262",
        "Create Lag": "0.929516",
        "Process Lag": "0.5939102"
      },
      {
        "Direction": "Inbound",
        "Destination": "Broombridge",
        "Time": "00:11:52",
        "AVLS": "00:12:32",
        "Tram": "5015",
        "Action": "a",
        "Msg Sent": "16/10/2019 21:34:56",
        "Msg Received": "16/10/2019 21:34:56",
        "Msg Processed": "16/10/2019 21:34:57",
        "XML ID": "35667",
        "Total Lag": "1.4921689",
        "Create Lag": "0.929516",
        "Process Lag": "0.5626529"
      },
      {
        "Direction": "Inbound",
        "Destination": "Broombridge",
        "Time": "00:18:36",
        "AVLS": "00:19:16",
        "Tram": "5008",
        "Action": "a",
        "Msg Sent": "16/10/2019 21:34:56",
        "Msg Received": "16/10/2019 21:34:56",
        "Msg Processed": "16/10/2019 21:34:57",
        "XML ID": "35667",
        "Total Lag": "1.382794",
        "Create Lag": "0.929516",
        "Process Lag": "0.453278"
      },
      {
        "Direction": "Outbound",
        "Destination": "Bride's Glen",
        "Time": "00:04:01",
        "AVLS": "00:04:41",
        "Tram": "5002",
        "Action": "a",
        "Msg Sent": "16/10/2019 21:34:56",
        "Msg Received": "16/10/2019 21:34:56",
        "Msg Processed": "16/10/2019 21:34:57",
        "XML ID": "35667",
        "Total Lag": "1.2577963",
        "Create Lag": "0.929516",
        "Process Lag": "0.3282803"
      },
      {
        "Direction": "Outbound",
        "Destination": "Sandyford",
        "Time": "00:11:24",
        "AVLS": "00:12:04",
        "Tram": "5023",
        "Action": "a",
        "Msg Sent": "16/10/2019 21:34:59",
        "Msg Received": "16/10/2019 21:34:59",
        "Msg Processed": "16/10/2019 21:34:59",
        "XML ID": "35668",
        "Total Lag": "0.8671823",
        "Create Lag": "0.851545",
        "Process Lag": "0.0156373"
      }
    ]
  },
  {
    "stopID": "26",
    "stopQueryTime": 1571258101110,
    "count": 7,
    "results": [
      {
        "Direction": "Inbound",
        "Destination": "Broombridge",
        "Time": "00:00:00",
        "AVLS": "00:00:16",
        "Tram": "5016",
        "Action": "a",
        "Msg Sent": "16/10/2019 21:34:56",
        "Msg Received": "16/10/2019 21:34:56",
        "Msg Processed": "16/10/2019 21:34:57",
        "XML ID": "35667",
        "Total Lag": "1.5077938",
        "Create Lag": "0.929516",
        "Process Lag": "0.5782778"
      },
      {
        "Direction": "Inbound",
        "Destination": "Broombridge",
        "Time": "00:06:44",
        "AVLS": "00:07:24",
        "Tram": "5015",
        "Action": "a",
        "Msg Sent": "16/10/2019 21:34:56",
        "Msg Received": "16/10/2019 21:34:56",
        "Msg Processed": "16/10/2019 21:34:57",
        "XML ID": "35667",
        "Total Lag": "1.4921689",
        "Create Lag": "0.929516",
        "Process Lag": "0.5626529"
      },
      {
        "Direction": "Inbound",
        "Destination": "Broombridge",
        "Time": "00:13:28",
        "AVLS": "00:14:08",
        "Tram": "5008",
        "Action": "a",
        "Msg Sent": "16/10/2019 21:34:56",
        "Msg Received": "16/10/2019 21:34:56",
        "Msg Processed": "16/10/2019 21:34:57",
        "XML ID": "35667",
        "Total Lag": "1.382794",
        "Create Lag": "0.929516",
        "Process Lag": "0.453278"
      },
      {
        "Direction": "Outbound",
        "Destination": "Sandyford",
        "Time": "00:00:10",
        "AVLS": "00:00:50",
        "Tram": "5006",
        "Action": "a",
        "Msg Sent": "16/10/2019 21:34:56",
        "Msg Received": "16/10/2019 21:34:56",
        "Msg Processed": "16/10/2019 21:34:57",
        "XML ID": "35667",
        "Total Lag": "1.3203018",
        "Create Lag": "0.929516",
        "Process Lag": "0.3907858"
      },
      {
        "Direction": "Outbound",
        "Destination": "Sandyford",
        "Time": "00:03:03",
        "AVLS": "00:03:43",
        "Tram": "5027",
        "Action": "a",
        "Msg Sent": "16/10/2019 21:34:59",
        "Msg Received": "16/10/2019 21:34:59",
        "Msg Processed": "16/10/2019 21:34:59",
        "XML ID": "35668",
        "Total Lag": "0.8827972",
        "Create Lag": "0.851545",
        "Process Lag": "0.0312522"
      },
      {
        "Direction": "Outbound",
        "Destination": "Bride's Glen",
        "Time": "00:08:39",
        "AVLS": "00:09:19",
        "Tram": "5002",
        "Action": "a",
        "Msg Sent": "16/10/2019 21:34:56",
        "Msg Received": "16/10/2019 21:34:56",
        "Msg Processed": "16/10/2019 21:34:57",
        "XML ID": "35667",
        "Total Lag": "1.2577963",
        "Create Lag": "0.929516",
        "Process Lag": "0.3282803"
      },
      {
        "Direction": "Outbound",
        "Destination": "Sandyford",
        "Time": "00:16:02",
        "AVLS": "00:16:42",
        "Tram": "5023",
        "Action": "a",
        "Msg Sent": "16/10/2019 21:34:59",
        "Msg Received": "16/10/2019 21:34:59",
        "Msg Processed": "16/10/2019 21:34:59",
        "XML ID": "35668",
        "Total Lag": "0.8671823",
        "Create Lag": "0.851545",
        "Process Lag": "0.0156373"
      }
    ]
  }
]