[
  {
    "stopID": "23",
    "stopQueryTime": 1571259180667,
    "count": 0,
    "results": []
  },
  {
    "stopID": "8",
    "stopQueryTime": 1571259180677,
    "count": 2,
    "results": [
      {
        "Direction": "Inbound",
        "Destination": "The Point",
        "Time": "00:09:13",
        "AVLS": "00:09:53",
        "Tram": "3012",
        "Action": "a",
        "Msg Sent": "16/10/2019 21:52:57",
        "Msg Received": "16/10/2019 21:52:57",
        "Msg Processed": "16/10/2019 21:52:57",
        "XML ID": "36143",
        "Total Lag": "0.7387059",
        "Create Lag": "0.4730803",
        "Process Lag": "0.2656256"
      },
      {
        "Direction": "Outbound",
        "Destination": "Tallaght",
        "Time": "00:08:58",
        "AVLS": "00:09:38",
        "Tram": "4009",
        "Action": "a",
        "Msg Sent": "16/10/2019 21:52:57",
        "Msg Received": "16/10/2019 21:52:57",
        "Msg Processed": "16/10/2019 21:52:57",
        "XML ID": "36144",
        "Total Lag": "0.9574615",
        "Create Lag": "0.5043358",
        "Process Lag": "0.4531257"
      }
    ]
  },
  {
    "stopID": "58",
    "stopQueryTime": 1571259180686,
    "count": 0,
    "results": []
  },
  {
    "stopID": "2",
    "stopQueryTime": 1571259180696,
    "count": 3,
    "results": [
      {
        "Direction": "Inbound",
        "Destination": "The Point",
        "Time": "00:07:38",
        "AVLS": "00:08:18",
        "Tram": "3016",
        "Action": "a",
        "Msg Sent": "16/10/2019 21:52:57",
        "Msg Received": "16/10/2019 21:52:57",
        "Msg Processed": "16/10/2019 21:52:57",
        "XML ID": "36143",
        "Total Lag": "0.8012078",
        "Create Lag": "0.4730803",
        "Process Lag": "0.3281275"
      },
      {
        "Direction": "Outbound",
        "Destination": "Tallaght",
        "Time": "00:04:09",
        "AVLS": "00:04:49",
        "Tram": "3014",
        "Action": "a",
        "Msg Sent": "16/10/2019 21:52:57",
        "Msg Received": "16/10/2019 21:52:57",
        "Msg Processed": "16/10/2019 21:52:57",
        "XML ID": "36143",
        "Total Lag": "0.7699557",
        "Create Lag": "0.4730803",
        "Process Lag": "0.2968754"
      },
      {
        "Direction": "Outbound",
        "Destination": "Tallaght",
        "Time": "00:12:17",
        "AVLS": "00:12:57",
        "Tram": "3017",
        "Action": "a",
        "Msg Sent": "16/10/2019 21:52:57",
        "Msg Received": "16/10/2019 21:52:57",
        "Msg Processed": "16/10/2019 21:52:57",
        "XML ID": "36143",
        "Total Lag": "0.8324553",
        "Create Lag": "0.4730803",
        "Process Lag": "0.359375"
      }
    ]
  },
  {
    "stopID": "1",
    "stopQueryTime": 1571259180698,
    "count": 3,
    "results": [
      {
        "Direction": "Inbound",
        "Destination": "The Point",
        "Time": "00:06:24",
        "AVLS": "00:07:04",
        "Tram": "3016",
        "Action": "d",
        "Msg Sent": "16/10/2019 21:52:57",
        "Msg Received": "16/10/2019 21:52:57",
        "Msg Processed": "16/10/2019 21:52:57",
        "XML ID": "36143",
        "Total Lag": "0.8012078",
        "Create Lag": "0.4730803",
        "Process Lag": "0.3281275"
      },
      {
        "Direction": "Terminating",
        "Destination": "Tallaght",
        "Time": "00:06:15",
        "AVLS": "00:06:55",
        "Tram": "3014",
        "Action": "a",
        "Msg Sent": "16/10/2019 21:52:57",
        "Msg Received": "16/10/2019 21:52:57",
        "Msg Processed": "16/10/2019 21:52:57",
        "XML ID": "36143",
        "Total Lag": "0.7699557",
        "Create Lag": "0.4730803",
        "Process Lag": "0.2968754"
      },
      {
        "Direction": "Terminating",
        "Destination": "Tallaght",
        "Time": "00:14:23",
        "AVLS": "00:15:03",
        "Tram": "3017",
        "Action": "a",
        "Msg Sent": "16/10/2019 21:52:57",
        "Msg Received": "16/10/2019 21:52:57",
        "Msg Processed": "16/10/2019 21:52:57",
        "XML ID": "36143",
        "Total Lag": "0.8324553",
        "Create Lag": "0.4730803",
        "Process Lag": "0.359375"
      }
    ]
  },
  {
    "stopID": "48",
    "stopQueryTime": 1571259180705,
    "count": 1,
    "results": [
      {
        "Direction": "Inbound",
        "Destination": "Broombridge",
        "Time": "00:06:24",
        "AVLS": "00:07:04",
        "Tram": "5003",
        "Action": "d",
        "Msg Sent": "16/10/2019 21:52:57",
        "Msg Received": "16/10/2019 21:52:57",
        "Msg Processed": "16/10/2019 21:52:58",
        "XML ID": "36144",
        "Total Lag": "1.0205646",
        "Create Lag": "0.5043358",
        "Process Lag": "0.5162288"
      }
    ]
  },
  {
    "stopID": "16",
    "stopQueryTime": 1571259180709,
    "count": 2,
    "results": [
      {
        "Direction": "Inbound",
        "Destination": "The Point",
        "Time": "00:09:04",
        "AVLS": "00:09:44",
        "Tram": "3025",
        "Action": "a",
        "Msg Sent": "16/10/2019 21:52:57",
        "Msg Received": "16/10/2019 21:52:57",
        "Msg Processed": "16/10/2019 21:52:57",
        "XML ID": "36144",
        "Total Lag": "0.8793299",
        "Create Lag": "0.5043358",
        "Process Lag": "0.3749941"
      },
      {
        "Direction": "Outbound",
        "Destination": "Tallaght",
        "Time": "00:07:56",
        "AVLS": "00:08:36",
        "Tram": "3009",
        "Action": "a",
        "Msg Sent": "16/10/2019 21:52:57",
        "Msg Received": "16/10/2019 21:52:57",
        "Msg Processed": "16/10/2019 21:52:57",
        "XML ID": "36143",
        "Total Lag": "0.6762068",
        "Create Lag": "0.4730803",
        "Process Lag": "0.2031265"
      }
    ]
  },
  {
    "stopID": "7",
    "stopQueryTime": 1571259180713,
    "count": 3,
    "results": [
      {
        "Direction": "Inbound",
        "Destination": "The Point",
        "Time": "00:07:42",
        "AVLS": "00:08:22",
        "Tram": "3012",
        "Action": "a",
        "Msg Sent": "16/10/2019 21:52:57",
        "Msg Received": "16/10/2019 21:52:57",
        "Msg Processed": "16/10/2019 21:52:57",
        "XML ID": "36143",
        "Total Lag": "0.7230974",
        "Create Lag": "0.4730803",
        "Process Lag": "0.2500171"
      },
      {
        "Direction": "Outbound",
        "Destination": "Tallaght",
        "Time": "00:00:00",
        "AVLS": "00:00:00",
        "Tram": "3017",
        "Action": "a",
        "Msg Sent": "16/10/2019 21:52:57",
        "Msg Received": "16/10/2019 21:52:57",
        "Msg Processed": "16/10/2019 21:52:57",
        "XML ID": "36143",
        "Total Lag": "0.6137851",
        "Create Lag": "0.4730803",
        "Process Lag": "0.1407048"
      },
      {
        "Direction": "Outbound",
        "Destination": "Tallaght",
        "Time": "00:10:32",
        "AVLS": "00:11:12",
        "Tram": "4009",
        "Action": "a",
        "Msg Sent": "16/10/2019 21:52:57",
        "Msg Received": "16/10/2019 21:52:57",
        "Msg Processed": "16/10/2019 21:52:57",
        "XML ID": "36144",
        "Total Lag": "0.9574615",
        "Create Lag": "0.5043358",
        "Process Lag": "0.4531257"
      }
    ]
  },
  {
    "stopID": "3",
    "stopQueryTime": 1571259180716,
    "count": 3,
    "results": [
      {
        "Direction": "Inbound",
        "Destination": "The Point",
        "Time": "00:09:19",
        "AVLS": "00:09:59",
        "Tram": "3016",
        "Action": "a",
        "Msg Sent": "16/10/2019 21:52:57",
        "Msg Received": "16/10/2019 21:52:57",
        "Msg Processed": "16/10/2019 21:52:57",
        "XML ID": "36143",
        "Total Lag": "0.8012078",
        "Create Lag": "0.4730803",
        "Process Lag": "0.3281275"
      },
      {
        "Direction": "Outbound",
        "Destination": "Tallaght",
        "Time": "00:02:34",
        "AVLS": "00:03:14",
        "Tram": "3014",
        "Action": "a",
        "Msg Sent": "16/10/2019 21:52:57",
        "Msg Received": "16/10/2019 21:52:57",
        "Msg Processed": "16/10/2019 21:52:57",
        "XML ID": "36143",
        "Total Lag": "0.7699557",
        "Create Lag": "0.4730803",
        "Process Lag": "0.2968754"
      },
      {
        "Direction": "Outbound",
        "Destination": "Tallaght",
        "Time": "00:10:42",
        "AVLS": "00:11:22",
        "Tram": "3017",
        "Action": "a",
        "Msg Sent": "16/10/2019 21:52:57",
        "Msg Received": "16/10/2019 21:52:57",
        "Msg Processed": "16/10/2019 21:52:57",
        "XML ID": "36143",
        "Total Lag": "0.8324553",
        "Create Lag": "0.4730803",
        "Process Lag": "0.359375"
      }
    ]
  },
  {
    "stopID": "21",
    "stopQueryTime": 1571259180722,
    "count": 2,
    "results": [
      {
        "Direction": "Inbound",
        "Destination": "The Point",
        "Time": "00:02:58",
        "AVLS": "00:03:38",
        "Tram": "3002",
        "Action": "a",
        "Msg Sent": "16/10/2019 21:52:57",
        "Msg Received": "16/10/2019 21:52:57",
        "Msg Processed": "16/10/2019 21:52:57",
        "XML ID": "36143",
        "Total Lag": "0.6449577",
        "Create Lag": "0.4730803",
        "Process Lag": "0.1718774"
      },
      {
        "Direction": "Outbound",
        "Destination": "Tallaght",
        "Time": "00:10:24",
        "AVLS": "00:11:04",
        "Tram": "4006",
        "Action": "a",
        "Msg Sent": "16/10/2019 21:52:57",
        "Msg Received": "16/10/2019 21:52:57",
        "Msg Processed": "16/10/2019 21:52:57",
        "XML ID": "36144",
        "Total Lag": "0.9262048",
        "Create Lag": "0.5043358",
        "Process Lag": "0.421869"
      }
    ]
  },
  {
    "stopID": "37",
    "stopQueryTime": 1571259180725,
    "count": 2,
    "results": [
      {
        "Direction": "Inbound",
        "Destination": "Broombridge",
        "Time": "00:05:30",
        "AVLS": "00:06:10",
        "Tram": "5010",
        "Action": "a",
        "Msg Sent": "16/10/2019 21:52:57",
        "Msg Received": "16/10/2019 21:52:57",
        "Msg Processed": "16/10/2019 21:52:58",
        "XML ID": "36144",
        "Total Lag": "1.0986723",
        "Create Lag": "0.5043358",
        "Process Lag": "0.5943365"
      },
      {
        "Direction": "Outbound",
        "Destination": "Bride's Glen",
        "Time": "00:10:17",
        "AVLS": "00:10:57",
        "Tram": "5002",
        "Action": "a",
        "Msg Sent": "16/10/2019 21:52:57",
        "Msg Received": "16/10/2019 21:52:57",
        "Msg Processed": "16/10/2019 21:52:58",
        "XML ID": "36144",
        "Total Lag": "1.0049058",
        "Create Lag": "0.5043358",
        "Process Lag": "0.50057"
      }
    ]
  },
  {
    "stopID": "47",
    "stopQueryTime": 1571259180736,
    "count": 2,
    "results": [
      {
        "Direction": "Inbound",
        "Destination": "Broombridge",
        "Time": "00:07:32",
        "AVLS": "00:08:12",
        "Tram": "5003",
        "Action": "a",
        "Msg Sent": "16/10/2019 21:52:57",
        "Msg Received": "16/10/2019 21:52:57",
        "Msg Processed": "16/10/2019 21:52:58",
        "XML ID": "36144",
        "Total Lag": "1.0205646",
        "Create Lag": "0.5043358",
        "Process Lag": "0.5162288"
      },
      {
        "Direction": "Outbound",
        "Destination": "Bride's Glen",
        "Time": "00:09:23",
        "AVLS": "00:10:03",
        "Tram": "5030",
        "Action": "a",
        "Msg Sent": "16/10/2019 21:52:59",
        "Msg Received": "16/10/2019 21:52:59",
        "Msg Processed": "16/10/2019 21:52:59",
        "XML ID": "36145",
        "Total Lag": "0.912991",
        "Create Lag": "0.7559287",
        "Process Lag": "0.1570623"
      }
    ]
  },
  {
    "stopID": "36",
    "stopQueryTime": 1571259180744,
    "count": 2,
    "results": [
      {
        "Direction": "Inbound",
        "Destination": "Broombridge",
        "Time": "00:07:54",
        "AVLS": "00:08:34",
        "Tram": "5010",
        "Action": "a",
        "Msg Sent": "16/10/2019 21:52:57",
        "Msg Received": "16/10/2019 21:52:57",
        "Msg Processed": "16/10/2019 21:52:58",
        "XML ID": "36144",
        "Total Lag": "1.0986723",
        "Create Lag": "0.5043358",
        "Process Lag": "0.5943365"
      },
      {
        "Direction": "Outbound",
        "Destination": "Bride's Glen",
        "Time": "00:07:44",
        "AVLS": "00:08:24",
        "Tram": "5002",
        "Action": "a",
        "Msg Sent": "16/10/2019 21:52:57",
        "Msg Received": "16/10/2019 21:52:57",
        "Msg Processed": "16/10/2019 21:52:58",
        "XML ID": "36144",
        "Total Lag": "1.0049058",
        "Create Lag": "0.5043358",
        "Process Lag": "0.50057"
      }
    ]
  },
  {
    "stopID": "44",
    "stopQueryTime": 1571259180748,
    "count": 2,
    "results": [
      {
        "Direction": "Inbound",
        "Destination": "Broombridge",
        "Time": "00:12:24",
        "AVLS": "00:13:04",
        "Tram": "5003",
        "Action": "a",
        "Msg Sent": "16/10/2019 21:52:57",
        "Msg Received": "16/10/2019 21:52:57",
        "Msg Processed": "16/10/2019 21:52:58",
        "XML ID": "36144",
        "Total Lag": "1.0361941",
        "Create Lag": "0.5043358",
        "Process Lag": "0.5318583"
      },
      {
        "Direction": "Outbound",
        "Destination": "Bride's Glen",
        "Time": "00:04:35",
        "AVLS": "00:05:15",
        "Tram": "5030",
        "Action": "a",
        "Msg Sent": "16/10/2019 21:52:59",
        "Msg Received": "16/10/2019 21:52:59",
        "Msg Processed": "16/10/2019 21:52:59",
        "XML ID": "36145",
        "Total Lag": "0.912991",
        "Create Lag": "0.7559287",
        "Process Lag": "0.1570623"
      }
    ]
  },
  {
    "stopID": "5",
    "stopQueryTime": 1571259180753,
    "count": 4,
    "results": [
      {
        "Direction": "Inbound",
        "Destination": "The Point",
        "Time": "00:00:19",
        "AVLS": "00:00:59",
        "Tram": "3012",
        "Action": "a",
        "Msg Sent": "16/10/2019 21:52:57",
        "Msg Received": "16/10/2019 21:52:57",
        "Msg Processed": "16/10/2019 21:52:57",
        "XML ID": "36143",
        "Total Lag": "0.7230974",
        "Create Lag": "0.4730803",
        "Process Lag": "0.2500171"
      },
      {
        "Direction": "Inbound",
        "Destination": "The Point",
        "Time": "00:14:17",
        "AVLS": "00:14:57",
        "Tram": "3016",
        "Action": "a",
        "Msg Sent": "16/10/2019 21:52:57",
        "Msg Received": "16/10/2019 21:52:57",
        "Msg Processed": "16/10/2019 21:52:57",
        "XML ID": "36143",
        "Total Lag": "0.8012078",
        "Create Lag": "0.4730803",
        "Process Lag": "0.3281275"
      },
      {
        "Direction": "Outbound",
        "Destination": "Tallaght",
        "Time": "00:06:38",
        "AVLS": "00:07:18",
        "Tram": "3017",
        "Action": "a",
        "Msg Sent": "16/10/2019 21:52:57",
        "Msg Received": "16/10/2019 21:52:57",
        "Msg Processed": "16/10/2019 21:52:57",
        "XML ID": "36143",
        "Total Lag": "0.8168307",
        "Create Lag": "0.4730803",
        "Process Lag": "0.3437504"
      },
      {
        "Direction": "Outbound",
        "Destination": "Tallaght",
        "Time": "00:17:50",
        "AVLS": "00:18:30",
        "Tram": "4009",
        "Action": "a",
        "Msg Sent": "16/10/2019 21:52:57",
        "Msg Received": "16/10/2019 21:52:57",
        "Msg Processed": "16/10/2019 21:52:57",
        "XML ID": "36144",
        "Total Lag": "0.9730839",
        "Create Lag": "0.5043358",
        "Process Lag": "0.4687481"
      }
    ]
  },
  {
    "stopID": "26",
    "stopQueryTime": 1571259180758,
    "count": 3,
    "results": [
      {
        "Direction": "Inbound",
        "Destination": "Broombridge",
        "Time": "00:11:28",
        "AVLS": "00:12:08",
        "Tram": "5013",
        "Action": "a",
        "Msg Sent": "16/10/2019 21:52:57",
        "Msg Received": "16/10/2019 21:52:57",
        "Msg Processed": "16/10/2019 21:52:58",
        "XML ID": "36144",
        "Total Lag": "1.1778113",
        "Create Lag": "0.5043358",
        "Process Lag": "0.6734755"
      },
      {
        "Direction": "Outbound",
        "Destination": "Sandyford",
        "Time": "00:00:00",
        "AVLS": "00:00:39",
        "Tram": "5023",
        "Action": "a",
        "Msg Sent": "16/10/2019 21:52:59",
        "Msg Received": "16/10/2019 21:52:59",
        "Msg Processed": "16/10/2019 21:52:59",
        "XML ID": "36145",
        "Total Lag": "0.8184262",
        "Create Lag": "0.7559287",
        "Process Lag": "0.0624975"
      },
      {
        "Direction": "Outbound",
        "Destination": "Bride's Glen",
        "Time": "00:06:17",
        "AVLS": "00:06:57",
        "Tram": "5028",
        "Action": "a",
        "Msg Sent": "16/10/2019 21:52:59",
        "Msg Received": "16/10/2019 21:52:59",
        "Msg Processed": "16/10/2019 21:52:59",
        "XML ID": "36145",
        "Total Lag": "0.8660976",
        "Create Lag": "0.7559287",
        "Process Lag": "0.1101689"
      }
    ]
  },
  {
    "stopID": "18",
    "stopQueryTime": 1571259180760,
    "count": 3,
    "results": [
      {
        "Direction": "Inbound",
        "Destination": "The Point",
        "Time": "00:13:44",
        "AVLS": "00:14:24",
        "Tram": "3025",
        "Action": "a",
        "Msg Sent": "16/10/2019 21:52:57",
        "Msg Received": "16/10/2019 21:52:57",
        "Msg Processed": "16/10/2019 21:52:57",
        "XML ID": "36144",
        "Total Lag": "0.8793299",
        "Create Lag": "0.5043358",
        "Process Lag": "0.3749941"
      },
      {
        "Direction": "Outbound",
        "Destination": "Tallaght",
        "Time": "00:03:44",
        "AVLS": "00:04:24",
        "Tram": "3009",
        "Action": "a",
        "Msg Sent": "16/10/2019 21:52:57",
        "Msg Received": "16/10/2019 21:52:57",
        "Msg Processed": "16/10/2019 21:52:57",
        "XML ID": "36143",
        "Total Lag": "0.6605808",
        "Create Lag": "0.4730803",
        "Process Lag": "0.1875005"
      },
      {
        "Direction": "Outbound",
        "Destination": "Tallaght",
        "Time": "00:16:12",
        "AVLS": "00:16:52",
        "Tram": "4006",
        "Action": "a",
        "Msg Sent": "16/10/2019 21:52:57",
        "Msg Received": "16/10/2019 21:52:57",
        "Msg Processed": "16/10/2019 21:52:57",
        "XML ID": "36144",
        "Total Lag": "0.9262048",
        "Create Lag": "0.5043358",
        "Process Lag": "0.421869"
      }
    ]
  },
  {
    "stopID": "19",
    "stopQueryTime": 1571259180763,
    "count": 3,
    "results": [
      {
        "Direction": "Inbound",
        "Destination": "The Point",
        "Time": "00:15:08",
        "AVLS": "00:15:48",
        "Tram": "3025",
        "Action": "a",
        "Msg Sent": "16/10/2019 21:52:57",
        "Msg Received": "16/10/2019 21:52:57",
        "Msg Processed": "16/10/2019 21:52:57",
        "XML ID": "36144",
        "Total Lag": "0.8793299",
        "Create Lag": "0.5043358",
        "Process Lag": "0.3749941"
      },
      {
        "Direction": "Outbound",
        "Destination": "Tallaght",
        "Time": "00:02:32",
        "AVLS": "00:03:12",
        "Tram": "3009",
        "Action": "a",
        "Msg Sent": "16/10/2019 21:52:57",
        "Msg Received": "16/10/2019 21:52:57",
        "Msg Processed": "16/10/2019 21:52:57",
        "XML ID": "36143",
        "Total Lag": "0.6605808",
        "Create Lag": "0.4730803",
        "Process Lag": "0.1875005"
      },
      {
        "Direction": "Outbound",
        "Destination": "Tallaght",
        "Time": "00:15:00",
        "AVLS": "00:15:40",
        "Tram": "4006",
        "Action": "a",
        "Msg Sent": "16/10/2019 21:52:57",
        "Msg Received": "16/10/2019 21:52:57",
        "Msg Processed": "16/10/2019 21:52:57",
        "XML ID": "36144",
        "Total Lag": "0.9262048",
        "Create Lag": "0.5043358",
        "Process Lag": "0.421869"
      }
    ]
  },
  {
    "stopID": "17",
    "stopQueryTime": 1571259180773,
    "count": 3,
    "results": [
      {
        "Direction": "Inbound",
        "Destination": "The Point",
        "Time": "00:11:28",
        "AVLS": "00:12:08",
        "Tram": "3025",
        "Action": "a",
        "Msg Sent": "16/10/2019 21:52:57",
        "Msg Received": "16/10/2019 21:52:57",
        "Msg Processed": "16/10/2019 21:52:57",
        "XML ID": "36144",
        "Total Lag": "0.8793299",
        "Create Lag": "0.5043358",
        "Process Lag": "0.3749941"
      },
      {
        "Direction": "Outbound",
        "Destination": "Tallaght",
        "Time": "00:05:57",
        "AVLS": "00:06:37",
        "Tram": "3009",
        "Action": "a",
        "Msg Sent": "16/10/2019 21:52:57",
        "Msg Received": "16/10/2019 21:52:57",
        "Msg Processed": "16/10/2019 21:52:57",
        "XML ID": "36143",
        "Total Lag": "0.6762068",
        "Create Lag": "0.4730803",
        "Process Lag": "0.2031265"
      },
      {
        "Direction": "Outbound",
        "Destination": "Tallaght",
        "Time": "00:18:25",
        "AVLS": "00:19:05",
        "Tram": "4006",
        "Action": "a",
        "Msg Sent": "16/10/2019 21:52:57",
        "Msg Received": "16/10/2019 21:52:57",
        "Msg Processed": "16/10/2019 21:52:57",
        "XML ID": "36144",
        "Total Lag": "0.9262048",
        "Create Lag": "0.5043358",
        "Process Lag": "0.421869"
      }
    ]
  },
  {
    "stopID": "27",
    "stopQueryTime": 1571259180776,
    "count": 3,
    "results": [
      {
        "Direction": "Inbound",
        "Destination": "Broombridge",
        "Time": "00:10:07",
        "AVLS": "00:10:47",
        "Tram": "5013",
        "Action": "a",
        "Msg Sent": "16/10/2019 21:52:57",
        "Msg Received": "16/10/2019 21:52:57",
        "Msg Processed": "16/10/2019 21:52:58",
        "XML ID": "36144",
        "Total Lag": "1.1778113",
        "Create Lag": "0.5043358",
        "Process Lag": "0.6734755"
      },
      {
        "Direction": "Outbound",
        "Destination": "Sandyford",
        "Time": "00:01:27",
        "AVLS": "00:02:07",
        "Tram": "5023",
        "Action": "a",
        "Msg Sent": "16/10/2019 21:52:59",
        "Msg Received": "16/10/2019 21:52:59",
        "Msg Processed": "16/10/2019 21:52:59",
        "XML ID": "36145",
        "Total Lag": "0.8340511",
        "Create Lag": "0.7559287",
        "Process Lag": "0.0781224"
      },
      {
        "Direction": "Outbound",
        "Destination": "Bride's Glen",
        "Time": "00:07:45",
        "AVLS": "00:08:25",
        "Tram": "5028",
        "Action": "a",
        "Msg Sent": "16/10/2019 21:52:59",
        "Msg Received": "16/10/2019 21:52:59",
        "Msg Processed": "16/10/2019 21:52:59",
        "XML ID": "36145",
        "Total Lag": "0.8817616",
        "Create Lag": "0.7559287",
        "Process Lag": "0.1258329"
      }
    ]
  },
  {
    "stopID": "25",
    "stopQueryTime": 1571259180778,
    "count": 2,
    "results": [
      {
        "Direction": "Inbound",
        "Destination": "Broombridge",
        "Time": "00:13:38",
        "AVLS": "00:14:18",
        "Tram": "5013",
        "Action": "a",
        "Msg Sent": "16/10/2019 21:52:57",
        "Msg Received": "16/10/2019 21:52:57",
        "Msg Processed": "16/10/2019 21:52:58",
        "XML ID": "36144",
        "Total Lag": "1.1778113",
        "Create Lag": "0.5043358",
        "Process Lag": "0.6734755"
      },
      {
        "Direction": "Outbound",
        "Destination": "Bride's Glen",
        "Time": "00:03:37",
        "AVLS": "00:04:17",
        "Tram": "5028",
        "Action": "a",
        "Msg Sent": "16/10/2019 21:52:59",
        "Msg Received": "16/10/2019 21:52:59",
        "Msg Processed": "16/10/2019 21:52:59",
        "XML ID": "36145",
        "Total Lag": "0.8660976",
        "Create Lag": "0.7559287",
        "Process Lag": "0.1101689"
      }
    ]
  },
  {
    "stopID": "38",
    "stopQueryTime": 1571259180780,
    "count": 2,
    "results": [
      {
        "Direction": "Inbound",
        "Destination": "Broombridge",
        "Time": "00:04:00",
        "AVLS": "00:04:40",
        "Tram": "5010",
        "Action": "a",
        "Msg Sent": "16/10/2019 21:52:57",
        "Msg Received": "16/10/2019 21:52:57",
        "Msg Processed": "16/10/2019 21:52:58",
        "XML ID": "36144",
        "Total Lag": "1.0986723",
        "Create Lag": "0.5043358",
        "Process Lag": "0.5943365"
      },
      {
        "Direction": "Outbound",
        "Destination": "Bride's Glen",
        "Time": "00:11:45",
        "AVLS": "00:12:25",
        "Tram": "5002",
        "Action": "a",
        "Msg Sent": "16/10/2019 21:52:57",
        "Msg Received": "16/10/2019 21:52:57",
        "Msg Processed": "16/10/2019 21:52:58",
        "XML ID": "36144",
        "Total Lag": "1.0049058",
        "Create Lag": "0.5043358",
        "Process Lag": "0.50057"
      }
    ]
  },
  {
    "stopID": "9",
    "stopQueryTime": 1571259180783,
    "count": 4,
    "results": [
      {
        "Direction": "Inbound",
        "Destination": "The Point",
        "Time": "00:00:00",
        "AVLS": "00:00:00",
        "Tram": "3025",
        "Action": "a",
        "Msg Sent": "16/10/2019 21:52:39",
        "Msg Received": "16/10/2019 21:52:39",
        "Msg Processed": "16/10/2019 21:52:39",
        "XML ID": "36137",
        "Total Lag": "0.4730949",
        "Create Lag": "0.457471",
        "Process Lag": "0.0156239"
      },
      {
        "Direction": "Inbound",
        "Destination": "The Point",
        "Time": "00:11:22",
        "AVLS": "00:12:02",
        "Tram": "3012",
        "Action": "a",
        "Msg Sent": "16/10/2019 21:52:57",
        "Msg Received": "16/10/2019 21:52:57",
        "Msg Processed": "16/10/2019 21:52:57",
        "XML ID": "36143",
        "Total Lag": "0.7387059",
        "Create Lag": "0.4730803",
        "Process Lag": "0.2656256"
      },
      {
        "Direction": "Outbound",
        "Destination": "Tallaght",
        "Time": "00:06:43",
        "AVLS": "00:07:23",
        "Tram": "4009",
        "Action": "a",
        "Msg Sent": "16/10/2019 21:52:57",
        "Msg Received": "16/10/2019 21:52:57",
        "Msg Processed": "16/10/2019 21:52:57",
        "XML ID": "36144",
        "Total Lag": "0.9574615",
        "Create Lag": "0.5043358",
        "Process Lag": "0.4531257"
      },
      {
        "Direction": "Outbound",
        "Destination": "Tallaght",
        "Time": "00:19:04",
        "AVLS": "00:19:44",
        "Tram": "3009",
        "Action": "a",
        "Msg Sent": "16/10/2019 21:52:57",
        "Msg Received": "16/10/2019 21:52:57",
        "Msg Processed": "16/10/2019 21:52:57",
        "XML ID": "36143",
        "Total Lag": "0.6918337",
        "Create Lag": "0.4730803",
        "Process Lag": "0.2187534"
      }
    ]
  },
  {
    "stopID": "45",
    "stopQueryTime": 1571259180785,
    "count": 2,
    "results": [
      {
        "Direction": "Inbound",
        "Destination": "Broombridge",
        "Time": "00:10:55",
        "AVLS": "00:11:35",
        "Tram": "5003",
        "Action": "a",
        "Msg Sent": "16/10/2019 21:52:57",
        "Msg Received": "16/10/2019 21:52:57",
        "Msg Processed": "16/10/2019 21:52:58",
        "XML ID": "36144",
        "Total Lag": "1.0361941",
        "Create Lag": "0.5043358",
        "Process Lag": "0.5318583"
      },
      {
        "Direction": "Outbound",
        "Destination": "Bride's Glen",
        "Time": "00:06:03",
        "AVLS": "00:06:43",
        "Tram": "5030",
        "Action": "a",
        "Msg Sent": "16/10/2019 21:52:59",
        "Msg Received": "16/10/2019 21:52:59",
        "Msg Processed": "16/10/2019 21:52:59",
        "XML ID": "36145",
        "Total Lag": "0.912991",
        "Create Lag": "0.7559287",
        "Process Lag": "0.1570623"
      }
    ]
  },
  {
    "stopID": "6",
    "stopQueryTime": 1571259180787,
    "count": 4,
    "results": [
      {
        "Direction": "Inbound",
        "Destination": "The Point",
        "Time": "00:03:26",
        "AVLS": "00:04:06",
        "Tram": "3012",
        "Action": "a",
        "Msg Sent": "16/10/2019 21:52:57",
        "Msg Received": "16/10/2019 21:52:57",
        "Msg Processed": "16/10/2019 21:52:57",
        "XML ID": "36143",
        "Total Lag": "0.7230974",
        "Create Lag": "0.4730803",
        "Process Lag": "0.2500171"
      },
      {
        "Direction": "Inbound",
        "Destination": "The Point",
        "Time": "00:17:24",
        "AVLS": "00:18:04",
        "Tram": "3016",
        "Action": "a",
        "Msg Sent": "16/10/2019 21:52:57",
        "Msg Received": "16/10/2019 21:52:57",
        "Msg Processed": "16/10/2019 21:52:57",
        "XML ID": "36143",
        "Total Lag": "0.8168307",
        "Create Lag": "0.4730803",
        "Process Lag": "0.3437504"
      },
      {
        "Direction": "Outbound",
        "Destination": "Tallaght",
        "Time": "00:03:23",
        "AVLS": "00:04:03",
        "Tram": "3017",
        "Action": "a",
        "Msg Sent": "16/10/2019 21:52:57",
        "Msg Received": "16/10/2019 21:52:57",
        "Msg Processed": "16/10/2019 21:52:57",
        "XML ID": "36143",
        "Total Lag": "0.8168307",
        "Create Lag": "0.4730803",
        "Process Lag": "0.3437504"
      },
      {
        "Direction": "Outbound",
        "Destination": "Tallaght",
        "Time": "00:14:35",
        "AVLS": "00:15:15",
        "Tram": "4009",
        "Action": "a",
        "Msg Sent": "16/10/2019 21:52:57",
        "Msg Received": "16/10/2019 21:52:57",
        "Msg Processed": "16/10/2019 21:52:57",
        "XML ID": "36144",
        "Total Lag": "0.9730839",
        "Create Lag": "0.5043358",
        "Process Lag": "0.4687481"
      }
    ]
  },
  {
    "stopID": "46",
    "stopQueryTime": 1571259180789,
    "count": 2,
    "results": [
      {
        "Direction": "Inbound",
        "Destination": "Broombridge",
        "Time": "00:09:33",
        "AVLS": "00:10:13",
        "Tram": "5003",
        "Action": "a",
        "Msg Sent": "16/10/2019 21:52:57",
        "Msg Received": "16/10/2019 21:52:57",
        "Msg Processed": "16/10/2019 21:52:58",
        "XML ID": "36144",
        "Total Lag": "1.0361941",
        "Create Lag": "0.5043358",
        "Process Lag": "0.5318583"
      },
      {
        "Direction": "Outbound",
        "Destination": "Bride's Glen",
        "Time": "00:07:26",
        "AVLS": "00:08:06",
        "Tram": "5030",
        "Action": "a",
        "Msg Sent": "16/10/2019 21:52:59",
        "Msg Received": "16/10/2019 21:52:59",
        "Msg Processed": "16/10/2019 21:52:59",
        "XML ID": "36145",
        "Total Lag": "0.912991",
        "Create Lag": "0.7559287",
        "Process Lag": "0.1570623"
      }
    ]
  },
  {
    "stopID": "28",
    "stopQueryTime": 1571259180791,
    "count": 3,
    "results": [
      {
        "Direction": "Inbound",
        "Destination": "Broombridge",
        "Time": "00:08:36",
        "AVLS": "00:09:16",
        "Tram": "5013",
        "Action": "a",
        "Msg Sent": "16/10/2019 21:52:57",
        "Msg Received": "16/10/2019 21:52:57",
        "Msg Processed": "16/10/2019 21:52:58",
        "XML ID": "36144",
        "Total Lag": "1.1778113",
        "Create Lag": "0.5043358",
        "Process Lag": "0.6734755"
      },
      {
        "Direction": "Outbound",
        "Destination": "Sandyford",
        "Time": "00:03:21",
        "AVLS": "00:04:01",
        "Tram": "5023",
        "Action": "a",
        "Msg Sent": "16/10/2019 21:52:59",
        "Msg Received": "16/10/2019 21:52:59",
        "Msg Processed": "16/10/2019 21:52:59",
        "XML ID": "36145",
        "Total Lag": "0.8340511",
        "Create Lag": "0.7559287",
        "Process Lag": "0.0781224"
      },
      {
        "Direction": "Outbound",
        "Destination": "Bride's Glen",
        "Time": "00:09:39",
        "AVLS": "00:10:19",
        "Tram": "5028",
        "Action": "a",
        "Msg Sent": "16/10/2019 21:52:59",
        "Msg Received": "16/10/2019 21:52:59",
        "Msg Processed": "16/10/2019 21:52:59",
        "XML ID": "36145",
        "Total Lag": "0.8817616",
        "Create Lag": "0.7559287",
        "Process Lag": "0.1258329"
      }
    ]
  },
  {
    "stopID": "15",
    "stopQueryTime": 1571259180794,
    "count": 3,
    "results": [
      {
        "Direction": "Inbound",
        "Destination": "The Point",
        "Time": "00:06:29",
        "AVLS": "00:07:09",
        "Tram": "3025",
        "Action": "a",
        "Msg Sent": "16/10/2019 21:52:57",
        "Msg Received": "16/10/2019 21:52:57",
        "Msg Processed": "16/10/2019 21:52:57",
        "XML ID": "36144",
        "Total Lag": "0.8637292",
        "Create Lag": "0.5043358",
        "Process Lag": "0.3593934"
      },
      {
        "Direction": "Inbound",
        "Destination": "The Point",
        "Time": "00:18:51",
        "AVLS": "00:19:31",
        "Tram": "3012",
        "Action": "a",
        "Msg Sent": "16/10/2019 21:52:57",
        "Msg Received": "16/10/2019 21:52:57",
        "Msg Processed": "16/10/2019 21:52:57",
        "XML ID": "36143",
        "Total Lag": "0.7543309",
        "Create Lag": "0.4730803",
        "Process Lag": "0.2812506"
      },
      {
        "Direction": "Outbound",
        "Destination": "Tallaght",
        "Time": "00:11:07",
        "AVLS": "00:11:47",
        "Tram": "3009",
        "Action": "a",
        "Msg Sent": "16/10/2019 21:52:57",
        "Msg Received": "16/10/2019 21:52:57",
        "Msg Processed": "16/10/2019 21:52:57",
        "XML ID": "36143",
        "Total Lag": "0.6762068",
        "Create Lag": "0.4730803",
        "Process Lag": "0.2031265"
      }
    ]
  },
  {
    "stopID": "11",
    "stopQueryTime": 1571259180797,
    "count": 4,
    "results": [
      {
        "Direction": "Inbound",
        "Destination": "The Point",
        "Time": "00:01:09",
        "AVLS": "00:01:49",
        "Tram": "3025",
        "Action": "a",
        "Msg Sent": "16/10/2019 21:52:57",
        "Msg Received": "16/10/2019 21:52:57",
        "Msg Processed": "16/10/2019 21:52:57",
        "XML ID": "36144",
        "Total Lag": "0.8637292",
        "Create Lag": "0.5043358",
        "Process Lag": "0.3593934"
      },
      {
        "Direction": "Inbound",
        "Destination": "The Point",
        "Time": "00:13:31",
        "AVLS": "00:14:11",
        "Tram": "3012",
        "Action": "a",
        "Msg Sent": "16/10/2019 21:52:57",
        "Msg Received": "16/10/2019 21:52:57",
        "Msg Processed": "16/10/2019 21:52:57",
        "XML ID": "36143",
        "Total Lag": "0.7387059",
        "Create Lag": "0.4730803",
        "Process Lag": "0.2656256"
      },
      {
        "Direction": "Outbound",
        "Destination": "Tallaght",
        "Time": "00:04:31",
        "AVLS": "00:05:11",
        "Tram": "4009",
        "Action": "a",
        "Msg Sent": "16/10/2019 21:52:57",
        "Msg Received": "16/10/2019 21:52:57",
        "Msg Processed": "16/10/2019 21:52:57",
        "XML ID": "36144",
        "Total Lag": "0.9418311",
        "Create Lag": "0.5043358",
        "Process Lag": "0.4374953"
      },
      {
        "Direction": "Outbound",
        "Destination": "Tallaght",
        "Time": "00:16:52",
        "AVLS": "00:17:32",
        "Tram": "3009",
        "Action": "a",
        "Msg Sent": "16/10/2019 21:52:57",
        "Msg Received": "16/10/2019 21:52:57",
        "Msg Processed": "16/10/2019 21:52:57",
        "XML ID": "36143",
        "Total Lag": "0.6918337",
        "Create Lag": "0.4730803",
        "Process Lag": "0.2187534"
      }
    ]
  },
  {
    "stopID": "43",
    "stopQueryTime": 1571259180801,
    "count": 3,
    "results": [
      {
        "Direction": "Inbound",
        "Destination": "Broombridge",
        "Time": "00:13:28",
        "AVLS": "00:14:08",
        "Tram": "5003",
        "Action": "a",
        "Msg Sent": "16/10/2019 21:52:57",
        "Msg Received": "16/10/2019 21:52:57",
        "Msg Processed": "16/10/2019 21:52:58",
        "XML ID": "36144",
        "Total Lag": "1.0361941",
        "Create Lag": "0.5043358",
        "Process Lag": "0.5318583"
      },
      {
        "Direction": "Outbound",
        "Destination": "Bride's Glen",
        "Time": "00:03:30",
        "AVLS": "00:04:10",
        "Tram": "5030",
        "Action": "a",
        "Msg Sent": "16/10/2019 21:52:59",
        "Msg Received": "16/10/2019 21:52:59",
        "Msg Processed": "16/10/2019 21:52:59",
        "XML ID": "36145",
        "Total Lag": "0.912991",
        "Create Lag": "0.7559287",
        "Process Lag": "0.1570623"
      },
      {
        "Direction": "Outbound",
        "Destination": "Bride's Glen",
        "Time": "00:18:39",
        "AVLS": "00:19:19",
        "Tram": "5002",
        "Action": "a",
        "Msg Sent": "16/10/2019 21:52:57",
        "Msg Received": "16/10/2019 21:52:57",
        "Msg Processed": "16/10/2019 21:52:58",
        "XML ID": "36144",
        "Total Lag": "1.0205646",
        "Create Lag": "0.5043358",
        "Process Lag": "0.5162288"
      }
    ]
  },
  {
    "stopID": "39",
    "stopQueryTime": 1571259180804,
    "count": 3,
    "results": [
      {
        "Direction": "Inbound",
        "Destination": "Broombridge",
        "Time": "00:02:15",
        "AVLS": "00:02:55",
        "Tram": "5010",
        "Action": "a",
        "Msg Sent": "16/10/2019 21:52:57",
        "Msg Received": "16/10/2019 21:52:57",
        "Msg Processed": "16/10/2019 21:52:58",
        "XML ID": "36144",
        "Total Lag": "1.0986723",
        "Create Lag": "0.5043358",
        "Process Lag": "0.5943365"
      },
      {
        "Direction": "Inbound",
        "Destination": "Broombridge",
        "Time": "00:18:45",
        "AVLS": "00:19:25",
        "Tram": "5003",
        "Action": "a",
        "Msg Sent": "16/10/2019 21:52:57",
        "Msg Received": "16/10/2019 21:52:57",
        "Msg Processed": "16/10/2019 21:52:58",
        "XML ID": "36144",
        "Total Lag": "1.0537963",
        "Create Lag": "0.5043358",
        "Process Lag": "0.5494605"
      },
      {
        "Direction": "Outbound",
        "Destination": "Bride's Glen",
        "Time": "00:13:30",
        "AVLS": "00:14:10",
        "Tram": "5002",
        "Action": "a",
        "Msg Sent": "16/10/2019 21:52:57",
        "Msg Received": "16/10/2019 21:52:57",
        "Msg Processed": "16/10/2019 21:52:58",
        "XML ID": "36144",
        "Total Lag": "1.0049058",
        "Create Lag": "0.5043358",
        "Process Lag": "0.50057"
      }
    ]
  },
  {
    "stopID": "14",
    "stopQueryTime": 1571259180810,
    "count": 4,
    "results": [
      {
        "Direction": "Inbound",
        "Destination": "The Point",
        "Time": "00:04:45",
        "AVLS": "00:05:25",
        "Tram": "3025",
        "Action": "a",
        "Msg Sent": "16/10/2019 21:52:57",
        "Msg Received": "16/10/2019 21:52:57",
        "Msg Processed": "16/10/2019 21:52:57",
        "XML ID": "36144",
        "Total Lag": "0.8637292",
        "Create Lag": "0.5043358",
        "Process Lag": "0.3593934"
      },
      {
        "Direction": "Inbound",
        "Destination": "The Point",
        "Time": "00:17:07",
        "AVLS": "00:17:47",
        "Tram": "3012",
        "Action": "a",
        "Msg Sent": "16/10/2019 21:52:57",
        "Msg Received": "16/10/2019 21:52:57",
        "Msg Processed": "16/10/2019 21:52:57",
        "XML ID": "36143",
        "Total Lag": "0.7543309",
        "Create Lag": "0.4730803",
        "Process Lag": "0.2812506"
      },
      {
        "Direction": "Outbound",
        "Destination": "Tallaght",
        "Time": "00:00:45",
        "AVLS": "00:01:25",
        "Tram": "4009",
        "Action": "a",
        "Msg Sent": "16/10/2019 21:52:57",
        "Msg Received": "16/10/2019 21:52:57",
        "Msg Processed": "16/10/2019 21:52:57",
        "XML ID": "36144",
        "Total Lag": "0.9418311",
        "Create Lag": "0.5043358",
        "Process Lag": "0.4374953"
      },
      {
        "Direction": "Outbound",
        "Destination": "Tallaght",
        "Time": "00:13:06",
        "AVLS": "00:13:46",
        "Tram": "3009",
        "Action": "a",
        "Msg Sent": "16/10/2019 21:52:57",
        "Msg Received": "16/10/2019 21:52:57",
        "Msg Processed": "16/10/2019 21:52:57",
        "XML ID": "36143",
        "Total Lag": "0.6762068",
        "Create Lag": "0.4730803",
        "Process Lag": "0.2031265"
      }
    ]
  },
  {
    "stopID": "24",
    "stopQueryTime": 1571259180812,
    "count": 3,
    "results": [
      {
        "Direction": "Inbound",
        "Destination": "Broombridge",
        "Time": "00:16:36",
        "AVLS": "00:17:16",
        "Tram": "5013",
        "Action": "a",
        "Msg Sent": "16/10/2019 21:52:57",
        "Msg Received": "16/10/2019 21:52:57",
        "Msg Processed": "16/10/2019 21:52:58",
        "XML ID": "36144",
        "Total Lag": "1.1934233",
        "Create Lag": "0.5043358",
        "Process Lag": "0.6890875"
      },
      {
        "Direction": "Outbound",
        "Destination": "Bride's Glen",
        "Time": "00:01:39",
        "AVLS": "00:02:19",
        "Tram": "5028",
        "Action": "a",
        "Msg Sent": "16/10/2019 21:52:59",
        "Msg Received": "16/10/2019 21:52:59",
        "Msg Processed": "16/10/2019 21:52:59",
        "XML ID": "36145",
        "Total Lag": "0.8660976",
        "Create Lag": "0.7559287",
        "Process Lag": "0.1101689"
      },
      {
        "Direction": "Outbound",
        "Destination": "Bride's Glen",
        "Time": "00:18:02",
        "AVLS": "00:18:42",
        "Tram": "5012",
        "Action": "a",
        "Msg Sent": "16/10/2019 21:52:57",
        "Msg Received": "16/10/2019 21:52:57",
        "Msg Processed": "16/10/2019 21:52:58",
        "XML ID": "36144",
        "Total Lag": "1.1622124",
        "Create Lag": "0.5043358",
        "Process Lag": "0.6578766"
      }
    ]
  },
  {
    "stopID": "54",
    "stopQueryTime": 1571259180814,
    "count": 3,
    "results": [
      {
        "Direction": "Inbound",
        "Destination": "The Point",
        "Time": "00:07:56",
        "AVLS": "00:08:36",
        "Tram": "3002",
        "Action": "a",
        "Msg Sent": "16/10/2019 21:52:57",
        "Msg Received": "16/10/2019 21:52:57",
        "Msg Processed": "16/10/2019 21:52:57",
        "XML ID": "36143",
        "Total Lag": "0.6449577",
        "Create Lag": "0.4730803",
        "Process Lag": "0.1718774"
      },
      {
        "Direction": "Outbound",
        "Destination": "Tallaght",
        "Time": "00:05:00",
        "AVLS": "00:05:40",
        "Tram": "4006",
        "Action": "a",
        "Msg Sent": "16/10/2019 21:52:57",
        "Msg Received": "16/10/2019 21:52:57",
        "Msg Processed": "16/10/2019 21:52:57",
        "XML ID": "36144",
        "Total Lag": "0.9105778",
        "Create Lag": "0.5043358",
        "Process Lag": "0.406242"
      },
      {
        "Direction": "Outbound",
        "Destination": "Tallaght",
        "Time": "00:17:00",
        "AVLS": "00:17:40",
        "Tram": "4002",
        "Action": "a",
        "Msg Sent": "16/10/2019 21:52:57",
        "Msg Received": "16/10/2019 21:52:57",
        "Msg Processed": "16/10/2019 21:52:57",
        "XML ID": "36144",
        "Total Lag": "0.8949557",
        "Create Lag": "0.5043358",
        "Process Lag": "0.3906199"
      }
    ]
  },
  {
    "stopID": "10",
    "stopQueryTime": 1571259180822,
    "count": 4,
    "results": [
      {
        "Direction": "Inbound",
        "Destination": "The Point",
        "Time": "00:00:14",
        "AVLS": "00:00:54",
        "Tram": "3025",
        "Action": "a",
        "Msg Sent": "16/10/2019 21:52:57",
        "Msg Received": "16/10/2019 21:52:57",
        "Msg Processed": "16/10/2019 21:52:57",
        "XML ID": "36144",
        "Total Lag": "0.8637292",
        "Create Lag": "0.5043358",
        "Process Lag": "0.3593934"
      },
      {
        "Direction": "Inbound",
        "Destination": "The Point",
        "Time": "00:12:36",
        "AVLS": "00:13:16",
        "Tram": "3012",
        "Action": "a",
        "Msg Sent": "16/10/2019 21:52:57",
        "Msg Received": "16/10/2019 21:52:57",
        "Msg Processed": "16/10/2019 21:52:57",
        "XML ID": "36143",
        "Total Lag": "0.7387059",
        "Create Lag": "0.4730803",
        "Process Lag": "0.2656256"
      },
      {
        "Direction": "Outbound",
        "Destination": "Tallaght",
        "Time": "00:05:27",
        "AVLS": "00:06:07",
        "Tram": "4009",
        "Action": "a",
        "Msg Sent": "16/10/2019 21:52:57",
        "Msg Received": "16/10/2019 21:52:57",
        "Msg Processed": "16/10/2019 21:52:57",
        "XML ID": "36144",
        "Total Lag": "0.9418311",
        "Create Lag": "0.5043358",
        "Process Lag": "0.4374953"
      },
      {
        "Direction": "Outbound",
        "Destination": "Tallaght",
        "Time": "00:17:48",
        "AVLS": "00:18:28",
        "Tram": "3009",
        "Action": "a",
        "Msg Sent": "16/10/2019 21:52:57",
        "Msg Received": "16/10/2019 21:52:57",
        "Msg Processed": "16/10/2019 21:52:57",
        "XML ID": "36143",
        "Total Lag": "0.6918337",
        "Create Lag": "0.4730803",
        "Process Lag": "0.2187534"
      }
    ]
  },
  {
    "stopID": "12",
    "stopQueryTime": 1571259180827,
    "count": 4,
    "results": [
      {
        "Direction": "Inbound",
        "Destination": "The Point",
        "Time": "00:02:11",
        "AVLS": "00:02:51",
        "Tram": "3025",
        "Action": "a",
        "Msg Sent": "16/10/2019 21:52:57",
        "Msg Received": "16/10/2019 21:52:57",
        "Msg Processed": "16/10/2019 21:52:57",
        "XML ID": "36144",
        "Total Lag": "0.8637292",
        "Create Lag": "0.5043358",
        "Process Lag": "0.3593934"
      },
      {
        "Direction": "Inbound",
        "Destination": "The Point",
        "Time": "00:14:33",
        "AVLS": "00:15:13",
        "Tram": "3012",
        "Action": "a",
        "Msg Sent": "16/10/2019 21:52:57",
        "Msg Received": "16/10/2019 21:52:57",
        "Msg Processed": "16/10/2019 21:52:57",
        "XML ID": "36143",
        "Total Lag": "0.7387059",
        "Create Lag": "0.4730803",
        "Process Lag": "0.2656256"
      },
      {
        "Direction": "Outbound",
        "Destination": "Tallaght",
        "Time": "00:03:26",
        "AVLS": "00:04:06",
        "Tram": "4009",
        "Action": "a",
        "Msg Sent": "16/10/2019 21:52:57",
        "Msg Received": "16/10/2019 21:52:57",
        "Msg Processed": "16/10/2019 21:52:57",
        "XML ID": "36144",
        "Total Lag": "0.9418311",
        "Create Lag": "0.5043358",
        "Process Lag": "0.4374953"
      },
      {
        "Direction": "Outbound",
        "Destination": "Tallaght",
        "Time": "00:15:47",
        "AVLS": "00:16:27",
        "Tram": "3009",
        "Action": "a",
        "Msg Sent": "16/10/2019 21:52:57",
        "Msg Received": "16/10/2019 21:52:57",
        "Msg Processed": "16/10/2019 21:52:57",
        "XML ID": "36143",
        "Total Lag": "0.6918337",
        "Create Lag": "0.4730803",
        "Process Lag": "0.2187534"
      }
    ]
  },
  {
    "stopID": "34",
    "stopQueryTime": 1571259180829,
    "count": 3,
    "results": [
      {
        "Direction": "Inbound",
        "Destination": "Broombridge",
        "Time": "00:11:29",
        "AVLS": "00:12:09",
        "Tram": "5010",
        "Action": "a",
        "Msg Sent": "16/10/2019 21:52:57",
        "Msg Received": "16/10/2019 21:52:57",
        "Msg Processed": "16/10/2019 21:52:58",
        "XML ID": "36144",
        "Total Lag": "1.1142977",
        "Create Lag": "0.5043358",
        "Process Lag": "0.6099619"
      },
      {
        "Direction": "Outbound",
        "Destination": "Bride's Glen",
        "Time": "00:04:44",
        "AVLS": "00:05:24",
        "Tram": "5002",
        "Action": "a",
        "Msg Sent": "16/10/2019 21:52:57",
        "Msg Received": "16/10/2019 21:52:57",
        "Msg Processed": "16/10/2019 21:52:57",
        "XML ID": "36144",
        "Total Lag": "0.9904259",
        "Create Lag": "0.5043358",
        "Process Lag": "0.4860901"
      },
      {
        "Direction": "Outbound",
        "Destination": "Sandyford",
        "Time": "00:13:21",
        "AVLS": "00:14:01",
        "Tram": "5023",
        "Action": "a",
        "Msg Sent": "16/10/2019 21:52:59",
        "Msg Received": "16/10/2019 21:52:59",
        "Msg Processed": "16/10/2019 21:52:59",
        "XML ID": "36145",
        "Total Lag": "0.8507178",
        "Create Lag": "0.7559287",
        "Process Lag": "0.0947891"
      }
    ]
  },
  {
    "stopID": "29",
    "stopQueryTime": 1571259180831,
    "count": 3,
    "results": [
      {
        "Direction": "Inbound",
        "Destination": "Broombridge",
        "Time": "00:07:07",
        "AVLS": "00:07:47",
        "Tram": "5013",
        "Action": "a",
        "Msg Sent": "16/10/2019 21:52:57",
        "Msg Received": "16/10/2019 21:52:57",
        "Msg Processed": "16/10/2019 21:52:58",
        "XML ID": "36144",
        "Total Lag": "1.1778113",
        "Create Lag": "0.5043358",
        "Process Lag": "0.6734755"
      },
      {
        "Direction": "Outbound",
        "Destination": "Sandyford",
        "Time": "00:04:49",
        "AVLS": "00:05:29",
        "Tram": "5023",
        "Action": "a",
        "Msg Sent": "16/10/2019 21:52:59",
        "Msg Received": "16/10/2019 21:52:59",
        "Msg Processed": "16/10/2019 21:52:59",
        "XML ID": "36145",
        "Total Lag": "0.8340511",
        "Create Lag": "0.7559287",
        "Process Lag": "0.0781224"
      },
      {
        "Direction": "Outbound",
        "Destination": "Bride's Glen",
        "Time": "00:11:07",
        "AVLS": "00:11:47",
        "Tram": "5028",
        "Action": "a",
        "Msg Sent": "16/10/2019 21:52:59",
        "Msg Received": "16/10/2019 21:52:59",
        "Msg Processed": "16/10/2019 21:52:59",
        "XML ID": "36145",
        "Total Lag": "0.8817616",
        "Create Lag": "0.7559287",
        "Process Lag": "0.1258329"
      }
    ]
  },
  {
    "stopID": "4",
    "stopQueryTime": 1571259180837,
    "count": 5,
    "results": [
      {
        "Direction": "Inbound",
        "Destination": "The Point",
        "Time": "00:12:24",
        "AVLS": "00:13:04",
        "Tram": "3016",
        "Action": "a",
        "Msg Sent": "16/10/2019 21:52:57",
        "Msg Received": "16/10/2019 21:52:57",
        "Msg Processed": "16/10/2019 21:52:57",
        "XML ID": "36143",
        "Total Lag": "0.8012078",
        "Create Lag": "0.4730803",
        "Process Lag": "0.3281275"
      },
      {
        "Direction": "Outbound",
        "Destination": "Tallaght",
        "Time": "00:00:15",
        "AVLS": "00:00:55",
        "Tram": "3014",
        "Action": "a",
        "Msg Sent": "16/10/2019 21:52:57",
        "Msg Received": "16/10/2019 21:52:57",
        "Msg Processed": "16/10/2019 21:52:57",
        "XML ID": "36143",
        "Total Lag": "0.7699557",
        "Create Lag": "0.4730803",
        "Process Lag": "0.2968754"
      },
      {
        "Direction": "Outbound",
        "Destination": "Saggart",
        "Time": "00:02:54",
        "AVLS": "00:03:34",
        "Tram": "3018",
        "Action": "a",
        "Msg Sent": "16/10/2019 21:52:57",
        "Msg Received": "16/10/2019 21:52:57",
        "Msg Processed": "16/10/2019 21:52:57",
        "XML ID": "36143",
        "Total Lag": "0.8324553",
        "Create Lag": "0.4730803",
        "Process Lag": "0.359375"
      },
      {
        "Direction": "Outbound",
        "Destination": "Tallaght",
        "Time": "00:08:23",
        "AVLS": "00:09:03",
        "Tram": "3017",
        "Action": "a",
        "Msg Sent": "16/10/2019 21:52:57",
        "Msg Received": "16/10/2019 21:52:57",
        "Msg Processed": "16/10/2019 21:52:57",
        "XML ID": "36143",
        "Total Lag": "0.8168307",
        "Create Lag": "0.4730803",
        "Process Lag": "0.3437504"
      },
      {
        "Direction": "Outbound",
        "Destination": "Saggart",
        "Time": "00:13:54",
        "AVLS": "00:14:34",
        "Tram": "3011",
        "Action": "a",
        "Msg Sent": "16/10/2019 21:52:57",
        "Msg Received": "16/10/2019 21:52:57",
        "Msg Processed": "16/10/2019 21:52:57",
        "XML ID": "36143",
        "Total Lag": "0.707456",
        "Create Lag": "0.4730803",
        "Process Lag": "0.2343757"
      }
    ]
  },
  {
    "stopID": "50",
    "stopQueryTime": 1571259180840,
    "count": 3,
    "results": [
      {
        "Direction": "Inbound",
        "Destination": "Belgard",
        "Time": "00:04:20",
        "AVLS": "00:05:00",
        "Tram": "3011",
        "Action": "a",
        "Msg Sent": "16/10/2019 21:52:57",
        "Msg Received": "16/10/2019 21:52:57",
        "Msg Processed": "16/10/2019 21:52:57",
        "XML ID": "36143",
        "Total Lag": "0.707456",
        "Create Lag": "0.4730803",
        "Process Lag": "0.2343757"
      },
      {
        "Direction": "Outbound",
        "Destination": "Saggart",
        "Time": "00:08:07",
        "AVLS": "00:08:47",
        "Tram": "3018",
        "Action": "a",
        "Msg Sent": "16/10/2019 21:52:57",
        "Msg Received": "16/10/2019 21:52:57",
        "Msg Processed": "16/10/2019 21:52:57",
        "XML ID": "36144",
        "Total Lag": "0.8480827",
        "Create Lag": "0.5043358",
        "Process Lag": "0.3437469"
      },
      {
        "Direction": "Outbound",
        "Destination": "Saggart",
        "Time": "00:19:07",
        "AVLS": "00:19:47",
        "Tram": "3011",
        "Action": "a",
        "Msg Sent": "16/10/2019 21:52:57",
        "Msg Received": "16/10/2019 21:52:57",
        "Msg Processed": "16/10/2019 21:52:57",
        "XML ID": "36143",
        "Total Lag": "0.7230974",
        "Create Lag": "0.4730803",
        "Process Lag": "0.2500171"
      }
    ]
  },
  {
    "stopID": "57",
    "stopQueryTime": 1571259180843,
    "count": 2,
    "results": [
      {
        "Direction": "Outbound",
        "Destination": "Tallaght",
        "Time": "00:00:54",
        "AVLS": "00:01:34",
        "Tram": "4006",
        "Action": "d",
        "Msg Sent": "16/10/2019 21:52:57",
        "Msg Received": "16/10/2019 21:52:57",
        "Msg Processed": "16/10/2019 21:52:57",
        "XML ID": "36144",
        "Total Lag": "0.9105778",
        "Create Lag": "0.5043358",
        "Process Lag": "0.406242"
      },
      {
        "Direction": "Outbound",
        "Destination": "Tallaght",
        "Time": "00:12:54",
        "AVLS": "00:13:34",
        "Tram": "4002",
        "Action": "d",
        "Msg Sent": "16/10/2019 21:52:57",
        "Msg Received": "16/10/2019 21:52:57",
        "Msg Processed": "16/10/2019 21:52:57",
        "XML ID": "36144",
        "Total Lag": "0.8949557",
        "Create Lag": "0.5043358",
        "Process Lag": "0.3906199"
      }
    ]
  },
  {
    "stopID": "42",
    "stopQueryTime": 1571259180847,
    "count": 3,
    "results": [
      {
        "Direction": "Inbound",
        "Destination": "Broombridge",
        "Time": "00:15:04",
        "AVLS": "00:15:44",
        "Tram": "5003",
        "Action": "a",
        "Msg Sent": "16/10/2019 21:52:57",
        "Msg Received": "16/10/2019 21:52:57",
        "Msg Processed": "16/10/2019 21:52:58",
        "XML ID": "36144",
        "Total Lag": "1.0537963",
        "Create Lag": "0.5043358",
        "Process Lag": "0.5494605"
      },
      {
        "Direction": "Outbound",
        "Destination": "Bride's Glen",
        "Time": "00:01:57",
        "AVLS": "00:02:37",
        "Tram": "5030",
        "Action": "a",
        "Msg Sent": "16/10/2019 21:52:59",
        "Msg Received": "16/10/2019 21:52:59",
        "Msg Processed": "16/10/2019 21:52:59",
        "XML ID": "36145",
        "Total Lag": "0.8973563",
        "Create Lag": "0.7559287",
        "Process Lag": "0.1414276"
      },
      {
        "Direction": "Outbound",
        "Destination": "Bride's Glen",
        "Time": "00:17:06",
        "AVLS": "00:17:46",
        "Tram": "5002",
        "Action": "a",
        "Msg Sent": "16/10/2019 21:52:57",
        "Msg Received": "16/10/2019 21:52:57",
        "Msg Processed": "16/10/2019 21:52:58",
        "XML ID": "36144",
        "Total Lag": "1.0205646",
        "Create Lag": "0.5043358",
        "Process Lag": "0.5162288"
      }
    ]
  },
  {
    "stopID": "56",
    "stopQueryTime": 1571259180858,
    "count": 3,
    "results": [
      {
        "Direction": "Inbound",
        "Destination": "The Point",
        "Time": "00:10:51",
        "AVLS": "00:11:31",
        "Tram": "3002",
        "Action": "a",
        "Msg Sent": "16/10/2019 21:52:57",
        "Msg Received": "16/10/2019 21:52:57",
        "Msg Processed": "16/10/2019 21:52:57",
        "XML ID": "36143",
        "Total Lag": "0.6605808",
        "Create Lag": "0.4730803",
        "Process Lag": "0.1875005"
      },
      {
        "Direction": "Outbound",
        "Destination": "Tallaght",
        "Time": "00:01:33",
        "AVLS": "00:02:13",
        "Tram": "4006",
        "Action": "a",
        "Msg Sent": "16/10/2019 21:52:57",
        "Msg Received": "16/10/2019 21:52:57",
        "Msg Processed": "16/10/2019 21:52:57",
        "XML ID": "36144",
        "Total Lag": "0.9105778",
        "Create Lag": "0.5043358",
        "Process Lag": "0.406242"
      },
      {
        "Direction": "Outbound",
        "Destination": "Tallaght",
        "Time": "00:13:33",
        "AVLS": "00:14:13",
        "Tram": "4002",
        "Action": "a",
        "Msg Sent": "16/10/2019 21:52:57",
        "Msg Received": "16/10/2019 21:52:57",
        "Msg Processed": "16/10/2019 21:52:57",
        "XML ID": "36144",
        "Total Lag": "0.8949557",
        "Create Lag": "0.5043358",
        "Process Lag": "0.3906199"
      }
    ]
  },
  {
    "stopID": "20",
    "stopQueryTime": 1571259180861,
    "count": 4,
    "results": [
      {
        "Direction": "Inbound",
        "Destination": "The Point",
        "Time": "00:00:12",
        "AVLS": "00:00:52",
        "Tram": "3002",
        "Action": "a",
        "Msg Sent": "16/10/2019 21:52:57",
        "Msg Received": "16/10/2019 21:52:57",
        "Msg Processed": "16/10/2019 21:52:57",
        "XML ID": "36143",
        "Total Lag": "0.6449577",
        "Create Lag": "0.4730803",
        "Process Lag": "0.1718774"
      },
      {
        "Direction": "Inbound",
        "Destination": "The Point",
        "Time": "00:17:18",
        "AVLS": "00:17:58",
        "Tram": "3025",
        "Action": "a",
        "Msg Sent": "16/10/2019 21:52:57",
        "Msg Received": "16/10/2019 21:52:57",
        "Msg Processed": "16/10/2019 21:52:57",
        "XML ID": "36144",
        "Total Lag": "0.8793299",
        "Create Lag": "0.5043358",
        "Process Lag": "0.3749941"
      },
      {
        "Direction": "Outbound",
        "Destination": "Tallaght",
        "Time": "00:00:23",
        "AVLS": "00:01:03",
        "Tram": "3009",
        "Action": "a",
        "Msg Sent": "16/10/2019 21:52:57",
        "Msg Received": "16/10/2019 21:52:57",
        "Msg Processed": "16/10/2019 21:52:57",
        "XML ID": "36143",
        "Total Lag": "0.6605808",
        "Create Lag": "0.4730803",
        "Process Lag": "0.1875005"
      },
      {
        "Direction": "Outbound",
        "Destination": "Tallaght",
        "Time": "00:12:51",
        "AVLS": "00:13:31",
        "Tram": "4006",
        "Action": "a",
        "Msg Sent": "16/10/2019 21:52:57",
        "Msg Received": "16/10/2019 21:52:57",
        "Msg Processed": "16/10/2019 21:52:57",
        "XML ID": "36144",
        "Total Lag": "0.9262048",
        "Create Lag": "0.5043358",
        "Process Lag": "0.421869"
      }
    ]
  },
  {
    "stopID": "55",
    "stopQueryTime": 1571259180869,
    "count": 3,
    "results": [
      {
        "Direction": "Inbound",
        "Destination": "The Point",
        "Time": "00:09:12",
        "AVLS": "00:09:52",
        "Tram": "3002",
        "Action": "a",
        "Msg Sent": "16/10/2019 21:52:57",
        "Msg Received": "16/10/2019 21:52:57",
        "Msg Processed": "16/10/2019 21:52:57",
        "XML ID": "36143",
        "Total Lag": "0.6449577",
        "Create Lag": "0.4730803",
        "Process Lag": "0.1718774"
      },
      {
        "Direction": "Outbound",
        "Destination": "Tallaght",
        "Time": "00:03:32",
        "AVLS": "00:04:12",
        "Tram": "4006",
        "Action": "a",
        "Msg Sent": "16/10/2019 21:52:57",
        "Msg Received": "16/10/2019 21:52:57",
        "Msg Processed": "16/10/2019 21:52:57",
        "XML ID": "36144",
        "Total Lag": "0.9105778",
        "Create Lag": "0.5043358",
        "Process Lag": "0.406242"
      },
      {
        "Direction": "Outbound",
        "Destination": "Tallaght",
        "Time": "00:15:32",
        "AVLS": "00:16:12",
        "Tram": "4002",
        "Action": "a",
        "Msg Sent": "16/10/2019 21:52:57",
        "Msg Received": "16/10/2019 21:52:57",
        "Msg Processed": "16/10/2019 21:52:57",
        "XML ID": "36144",
        "Total Lag": "0.8949557",
        "Create Lag": "0.5043358",
        "Process Lag": "0.3906199"
      }
    ]
  },
  {
    "stopID": "13",
    "stopQueryTime": 1571259180871,
    "count": 4,
    "results": [
      {
        "Direction": "Inbound",
        "Destination": "The Point",
        "Time": "00:03:49",
        "AVLS": "00:04:29",
        "Tram": "3025",
        "Action": "a",
        "Msg Sent": "16/10/2019 21:52:57",
        "Msg Received": "16/10/2019 21:52:57",
        "Msg Processed": "16/10/2019 21:52:57",
        "XML ID": "36144",
        "Total Lag": "0.8637292",
        "Create Lag": "0.5043358",
        "Process Lag": "0.3593934"
      },
      {
        "Direction": "Inbound",
        "Destination": "The Point",
        "Time": "00:16:11",
        "AVLS": "00:16:51",
        "Tram": "3012",
        "Action": "a",
        "Msg Sent": "16/10/2019 21:52:57",
        "Msg Received": "16/10/2019 21:52:57",
        "Msg Processed": "16/10/2019 21:52:57",
        "XML ID": "36143",
        "Total Lag": "0.7543309",
        "Create Lag": "0.4730803",
        "Process Lag": "0.2812506"
      },
      {
        "Direction": "Outbound",
        "Destination": "Tallaght",
        "Time": "00:01:45",
        "AVLS": "00:02:25",
        "Tram": "4009",
        "Action": "a",
        "Msg Sent": "16/10/2019 21:52:57",
        "Msg Received": "16/10/2019 21:52:57",
        "Msg Processed": "16/10/2019 21:52:57",
        "XML ID": "36144",
        "Total Lag": "0.9418311",
        "Create Lag": "0.5043358",
        "Process Lag": "0.4374953"
      },
      {
        "Direction": "Outbound",
        "Destination": "Tallaght",
        "Time": "00:14:06",
        "AVLS": "00:14:46",
        "Tram": "3009",
        "Action": "a",
        "Msg Sent": "16/10/2019 21:52:57",
        "Msg Received": "16/10/2019 21:52:57",
        "Msg Processed": "16/10/2019 21:52:57",
        "XML ID": "36143",
        "Total Lag": "0.6762068",
        "Create Lag": "0.4730803",
        "Process Lag": "0.2031265"
      }
    ]
  },
  {
    "stopID": "35",
    "stopQueryTime": 1571259180875,
    "count": 4,
    "results": [
      {
        "Direction": "Inbound",
        "Destination": "Broombridge",
        "Time": "00:09:29",
        "AVLS": "00:10:09",
        "Tram": "5010",
        "Action": "a",
        "Msg Sent": "16/10/2019 21:52:57",
        "Msg Received": "16/10/2019 21:52:57",
        "Msg Processed": "16/10/2019 21:52:58",
        "XML ID": "36144",
        "Total Lag": "1.1142977",
        "Create Lag": "0.5043358",
        "Process Lag": "0.6099619"
      },
      {
        "Direction": "Outbound",
        "Destination": "Sandyford",
        "Time": "00:00:00",
        "AVLS": "00:00:00",
        "Tram": "5027",
        "Action": "a",
        "Msg Sent": "16/10/2019 21:52:32",
        "Msg Received": "16/10/2019 21:52:32",
        "Msg Processed": "16/10/2019 21:52:32",
        "XML ID": "36133",
        "Total Lag": "0.7539796",
        "Create Lag": "0.6602139",
        "Process Lag": "0.0937657"
      },
      {
        "Direction": "Outbound",
        "Destination": "Bride's Glen",
        "Time": "00:06:23",
        "AVLS": "00:07:03",
        "Tram": "5002",
        "Action": "a",
        "Msg Sent": "16/10/2019 21:52:57",
        "Msg Received": "16/10/2019 21:52:57",
        "Msg Processed": "16/10/2019 21:52:57",
        "XML ID": "36144",
        "Total Lag": "0.9904259",
        "Create Lag": "0.5043358",
        "Process Lag": "0.4860901"
      },
      {
        "Direction": "Outbound",
        "Destination": "Sandyford",
        "Time": "00:15:00",
        "AVLS": "00:15:40",
        "Tram": "5023",
        "Action": "a",
        "Msg Sent": "16/10/2019 21:52:59",
        "Msg Received": "16/10/2019 21:52:59",
        "Msg Processed": "16/10/2019 21:52:59",
        "XML ID": "36145",
        "Total Lag": "0.8660976",
        "Create Lag": "0.7559287",
        "Process Lag": "0.1101689"
      }
    ]
  },
  {
    "stopID": "30",
    "stopQueryTime": 1571259180883,
    "count": 4,
    "results": [
      {
        "Direction": "Inbound",
        "Destination": "Broombridge",
        "Time": "00:05:22",
        "AVLS": "00:06:02",
        "Tram": "5013",
        "Action": "a",
        "Msg Sent": "16/10/2019 21:52:57",
        "Msg Received": "16/10/2019 21:52:57",
        "Msg Processed": "16/10/2019 21:52:58",
        "XML ID": "36144",
        "Total Lag": "1.1778113",
        "Create Lag": "0.5043358",
        "Process Lag": "0.6734755"
      },
      {
        "Direction": "Inbound",
        "Destination": "Broombridge",
        "Time": "00:18:40",
        "AVLS": "00:19:20",
        "Tram": "5010",
        "Action": "a",
        "Msg Sent": "16/10/2019 21:52:57",
        "Msg Received": "16/10/2019 21:52:57",
        "Msg Processed": "16/10/2019 21:52:58",
        "XML ID": "36144",
        "Total Lag": "1.1299313",
        "Create Lag": "0.5043358",
        "Process Lag": "0.6255955"
      },
      {
        "Direction": "Outbound",
        "Destination": "Sandyford",
        "Time": "00:06:35",
        "AVLS": "00:07:15",
        "Tram": "5023",
        "Action": "a",
        "Msg Sent": "16/10/2019 21:52:59",
        "Msg Received": "16/10/2019 21:52:59",
        "Msg Processed": "16/10/2019 21:52:59",
        "XML ID": "36145",
        "Total Lag": "0.8340511",
        "Create Lag": "0.7559287",
        "Process Lag": "0.0781224"
      },
      {
        "Direction": "Outbound",
        "Destination": "Bride's Glen",
        "Time": "00:12:53",
        "AVLS": "00:13:33",
        "Tram": "5028",
        "Action": "a",
        "Msg Sent": "16/10/2019 21:52:59",
        "Msg Received": "16/10/2019 21:52:59",
        "Msg Processed": "16/10/2019 21:52:59",
        "XML ID": "36145",
        "Total Lag": "0.8817616",
        "Create Lag": "0.7559287",
        "Process Lag": "0.1258329"
      }
    ]
  },
  {
    "stopID": "49",
    "stopQueryTime": 1571259180885,
    "count": 3,
    "results": [
      {
        "Direction": "Inbound",
        "Destination": "Belgard",
        "Time": "00:06:08",
        "AVLS": "00:06:48",
        "Tram": "3011",
        "Action": "a",
        "Msg Sent": "16/10/2019 21:52:57",
        "Msg Received": "16/10/2019 21:52:57",
        "Msg Processed": "16/10/2019 21:52:57",
        "XML ID": "36143",
        "Total Lag": "0.707456",
        "Create Lag": "0.4730803",
        "Process Lag": "0.2343757"
      },
      {
        "Direction": "Outbound",
        "Destination": "Saggart",
        "Time": "00:06:21",
        "AVLS": "00:07:01",
        "Tram": "3018",
        "Action": "a",
        "Msg Sent": "16/10/2019 21:52:57",
        "Msg Received": "16/10/2019 21:52:57",
        "Msg Processed": "16/10/2019 21:52:57",
        "XML ID": "36144",
        "Total Lag": "0.8324553",
        "Create Lag": "0.5043358",
        "Process Lag": "0.3281195"
      },
      {
        "Direction": "Outbound",
        "Destination": "Saggart",
        "Time": "00:17:21",
        "AVLS": "00:18:01",
        "Tram": "3011",
        "Action": "a",
        "Msg Sent": "16/10/2019 21:52:57",
        "Msg Received": "16/10/2019 21:52:57",
        "Msg Processed": "16/10/2019 21:52:57",
        "XML ID": "36143",
        "Total Lag": "0.7230974",
        "Create Lag": "0.4730803",
        "Process Lag": "0.2500171"
      }
    ]
  },
  {
    "stopID": "22",
    "stopQueryTime": 1571259180888,
    "count": 3,
    "results": [
      {
        "Direction": "Inbound",
        "Destination": "The Point",
        "Time": "00:06:02",
        "AVLS": "00:06:42",
        "Tram": "3002",
        "Action": "a",
        "Msg Sent": "16/10/2019 21:52:57",
        "Msg Received": "16/10/2019 21:52:57",
        "Msg Processed": "16/10/2019 21:52:57",
        "XML ID": "36143",
        "Total Lag": "0.6449577",
        "Create Lag": "0.4730803",
        "Process Lag": "0.1718774"
      },
      {
        "Direction": "Outbound",
        "Destination": "Tallaght",
        "Time": "00:06:56",
        "AVLS": "00:07:36",
        "Tram": "4006",
        "Action": "a",
        "Msg Sent": "16/10/2019 21:52:57",
        "Msg Received": "16/10/2019 21:52:57",
        "Msg Processed": "16/10/2019 21:52:57",
        "XML ID": "36144",
        "Total Lag": "0.9105778",
        "Create Lag": "0.5043358",
        "Process Lag": "0.406242"
      },
      {
        "Direction": "Outbound",
        "Destination": "Tallaght",
        "Time": "00:18:56",
        "AVLS": "00:19:36",
        "Tram": "4002",
        "Action": "a",
        "Msg Sent": "16/10/2019 21:52:57",
        "Msg Received": "16/10/2019 21:52:57",
        "Msg Processed": "16/10/2019 21:52:57",
        "XML ID": "36144",
        "Total Lag": "0.9105778",
        "Create Lag": "0.5043358",
        "Process Lag": "0.406242"
      }
    ]
  },
  {
    "stopID": "52",
    "stopQueryTime": 1571259180892,
    "count": 4,
    "results": [
      {
        "Direction": "Inbound",
        "Destination": "Belgard",
        "Time": "00:01:17",
        "AVLS": "00:01:57",
        "Tram": "3011",
        "Action": "a",
        "Msg Sent": "16/10/2019 21:52:57",
        "Msg Received": "16/10/2019 21:52:57",
        "Msg Processed": "16/10/2019 21:52:57",
        "XML ID": "36143",
        "Total Lag": "0.6918337",
        "Create Lag": "0.4730803",
        "Process Lag": "0.2187534"
      },
      {
        "Direction": "Inbound",
        "Destination": "Belgard",
        "Time": "00:16:39",
        "AVLS": "00:17:19",
        "Tram": "3015",
        "Action": "a",
        "Msg Sent": "16/10/2019 21:52:57",
        "Msg Received": "16/10/2019 21:52:57",
        "Msg Processed": "16/10/2019 21:52:57",
        "XML ID": "36143",
        "Total Lag": "0.7855802",
        "Create Lag": "0.4730803",
        "Process Lag": "0.3124999"
      },
      {
        "Direction": "Outbound",
        "Destination": "Saggart",
        "Time": "00:01:47",
        "AVLS": "00:02:27",
        "Tram": "3015",
        "Action": "a",
        "Msg Sent": "16/10/2019 21:52:57",
        "Msg Received": "16/10/2019 21:52:57",
        "Msg Processed": "16/10/2019 21:52:57",
        "XML ID": "36143",
        "Total Lag": "0.7699557",
        "Create Lag": "0.4730803",
        "Process Lag": "0.2968754"
      },
      {
        "Direction": "Outbound",
        "Destination": "Saggart",
        "Time": "00:11:11",
        "AVLS": "00:11:51",
        "Tram": "3018",
        "Action": "a",
        "Msg Sent": "16/10/2019 21:52:57",
        "Msg Received": "16/10/2019 21:52:57",
        "Msg Processed": "16/10/2019 21:52:57",
        "XML ID": "36144",
        "Total Lag": "0.8480827",
        "Create Lag": "0.5043358",
        "Process Lag": "0.3437469"
      }
    ]
  },
  {
    "stopID": "33",
    "stopQueryTime": 1571259180896,
    "count": 5,
    "results": [
      {
        "Direction": "Inbound",
        "Destination": "Broombridge",
        "Time": "00:00:00",
        "AVLS": "00:00:34",
        "Tram": "5013",
        "Action": "a",
        "Msg Sent": "16/10/2019 21:52:57",
        "Msg Received": "16/10/2019 21:52:57",
        "Msg Processed": "16/10/2019 21:52:58",
        "XML ID": "36144",
        "Total Lag": "1.1622124",
        "Create Lag": "0.5043358",
        "Process Lag": "0.6578766"
      },
      {
        "Direction": "Inbound",
        "Destination": "Broombridge",
        "Time": "00:13:12",
        "AVLS": "00:13:52",
        "Tram": "5010",
        "Action": "a",
        "Msg Sent": "16/10/2019 21:52:57",
        "Msg Received": "16/10/2019 21:52:57",
        "Msg Processed": "16/10/2019 21:52:58",
        "XML ID": "36144",
        "Total Lag": "1.1142977",
        "Create Lag": "0.5043358",
        "Process Lag": "0.6099619"
      },
      {
        "Direction": "Outbound",
        "Destination": "Bride's Glen",
        "Time": "00:03:10",
        "AVLS": "00:03:50",
        "Tram": "5002",
        "Action": "a",
        "Msg Sent": "16/10/2019 21:52:57",
        "Msg Received": "16/10/2019 21:52:57",
        "Msg Processed": "16/10/2019 21:52:57",
        "XML ID": "36144",
        "Total Lag": "0.9904259",
        "Create Lag": "0.5043358",
        "Process Lag": "0.4860901"
      },
      {
        "Direction": "Outbound",
        "Destination": "Sandyford",
        "Time": "00:11:47",
        "AVLS": "00:12:27",
        "Tram": "5023",
        "Action": "a",
        "Msg Sent": "16/10/2019 21:52:59",
        "Msg Received": "16/10/2019 21:52:59",
        "Msg Processed": "16/10/2019 21:52:59",
        "XML ID": "36145",
        "Total Lag": "0.8507178",
        "Create Lag": "0.7559287",
        "Process Lag": "0.0947891"
      },
      {
        "Direction": "Outbound",
        "Destination": "Bride's Glen",
        "Time": "00:18:05",
        "AVLS": "00:18:45",
        "Tram": "5028",
        "Action": "a",
        "Msg Sent": "16/10/2019 21:52:59",
        "Msg Received": "16/10/2019 21:52:59",
        "Msg Processed": "16/10/2019 21:52:59",
        "XML ID": "36145",
        "Total Lag": "0.8973563",
        "Create Lag": "0.7559287",
        "Process Lag": "0.1414276"
      }
    ]
  },
  {
    "stopID": "40",
    "stopQueryTime": 1571259180901,
    "count": 4,
    "results": [
      {
        "Direction": "Inbound",
        "Destination": "Broombridge",
        "Time": "00:00:45",
        "AVLS": "00:01:25",
        "Tram": "5010",
        "Action": "a",
        "Msg Sent": "16/10/2019 21:52:57",
        "Msg Received": "16/10/2019 21:52:57",
        "Msg Processed": "16/10/2019 21:52:58",
        "XML ID": "36144",
        "Total Lag": "1.0986723",
        "Create Lag": "0.5043358",
        "Process Lag": "0.5943365"
      },
      {
        "Direction": "Inbound",
        "Destination": "Broombridge",
        "Time": "00:17:15",
        "AVLS": "00:17:55",
        "Tram": "5003",
        "Action": "a",
        "Msg Sent": "16/10/2019 21:52:57",
        "Msg Received": "16/10/2019 21:52:57",
        "Msg Processed": "16/10/2019 21:52:58",
        "XML ID": "36144",
        "Total Lag": "1.0537963",
        "Create Lag": "0.5043358",
        "Process Lag": "0.5494605"
      },
      {
        "Direction": "Outbound",
        "Destination": "Bride's Glen",
        "Time": "00:00:00",
        "AVLS": "00:00:29",
        "Tram": "5030",
        "Action": "a",
        "Msg Sent": "16/10/2019 21:52:59",
        "Msg Received": "16/10/2019 21:52:59",
        "Msg Processed": "16/10/2019 21:52:59",
        "XML ID": "36145",
        "Total Lag": "0.8973563",
        "Create Lag": "0.7559287",
        "Process Lag": "0.1414276"
      },
      {
        "Direction": "Outbound",
        "Destination": "Bride's Glen",
        "Time": "00:14:58",
        "AVLS": "00:15:38",
        "Tram": "5002",
        "Action": "a",
        "Msg Sent": "16/10/2019 21:52:57",
        "Msg Received": "16/10/2019 21:52:57",
        "Msg Processed": "16/10/2019 21:52:58",
        "XML ID": "36144",
        "Total Lag": "1.0205646",
        "Create Lag": "0.5043358",
        "Process Lag": "0.5162288"
      }
    ]
  },
  {
    "stopID": "32",
    "stopQueryTime": 1571259180904,
    "count": 5,
    "results": [
      {
        "Direction": "Inbound",
        "Destination": "Broombridge",
        "Time": "00:01:36",
        "AVLS": "00:02:16",
        "Tram": "5013",
        "Action": "a",
        "Msg Sent": "16/10/2019 21:52:57",
        "Msg Received": "16/10/2019 21:52:57",
        "Msg Processed": "16/10/2019 21:52:58",
        "XML ID": "36144",
        "Total Lag": "1.1622124",
        "Create Lag": "0.5043358",
        "Process Lag": "0.6578766"
      },
      {
        "Direction": "Inbound",
        "Destination": "Broombridge",
        "Time": "00:14:54",
        "AVLS": "00:15:34",
        "Tram": "5010",
        "Action": "a",
        "Msg Sent": "16/10/2019 21:52:57",
        "Msg Received": "16/10/2019 21:52:57",
        "Msg Processed": "16/10/2019 21:52:58",
        "XML ID": "36144",
        "Total Lag": "1.1142977",
        "Create Lag": "0.5043358",
        "Process Lag": "0.6099619"
      },
      {
        "Direction": "Outbound",
        "Destination": "Bride's Glen",
        "Time": "00:01:44",
        "AVLS": "00:02:24",
        "Tram": "5002",
        "Action": "a",
        "Msg Sent": "16/10/2019 21:52:57",
        "Msg Received": "16/10/2019 21:52:57",
        "Msg Processed": "16/10/2019 21:52:57",
        "XML ID": "36144",
        "Total Lag": "0.9730839",
        "Create Lag": "0.5043358",
        "Process Lag": "0.4687481"
      },
      {
        "Direction": "Outbound",
        "Destination": "Sandyford",
        "Time": "00:10:21",
        "AVLS": "00:11:01",
        "Tram": "5023",
        "Action": "a",
        "Msg Sent": "16/10/2019 21:52:59",
        "Msg Received": "16/10/2019 21:52:59",
        "Msg Processed": "16/10/2019 21:52:59",
        "XML ID": "36145",
        "Total Lag": "0.8507178",
        "Create Lag": "0.7559287",
        "Process Lag": "0.0947891"
      },
      {
        "Direction": "Outbound",
        "Destination": "Bride's Glen",
        "Time": "00:16:39",
        "AVLS": "00:17:19",
        "Tram": "5028",
        "Action": "a",
        "Msg Sent": "16/10/2019 21:52:59",
        "Msg Received": "16/10/2019 21:52:59",
        "Msg Processed": "16/10/2019 21:52:59",
        "XML ID": "36145",
        "Total Lag": "0.8973563",
        "Create Lag": "0.7559287",
        "Process Lag": "0.1414276"
      }
    ]
  },
  {
    "stopID": "31",
    "stopQueryTime": 1571259180906,
    "count": 5,
    "results": [
      {
        "Direction": "Inbound",
        "Destination": "Broombridge",
        "Time": "00:03:35",
        "AVLS": "00:04:15",
        "Tram": "5013",
        "Action": "a",
        "Msg Sent": "16/10/2019 21:52:57",
        "Msg Received": "16/10/2019 21:52:57",
        "Msg Processed": "16/10/2019 21:52:58",
        "XML ID": "36144",
        "Total Lag": "1.1622124",
        "Create Lag": "0.5043358",
        "Process Lag": "0.6578766"
      },
      {
        "Direction": "Inbound",
        "Destination": "Broombridge",
        "Time": "00:16:53",
        "AVLS": "00:17:33",
        "Tram": "5010",
        "Action": "a",
        "Msg Sent": "16/10/2019 21:52:57",
        "Msg Received": "16/10/2019 21:52:57",
        "Msg Processed": "16/10/2019 21:52:58",
        "XML ID": "36144",
        "Total Lag": "1.1142977",
        "Create Lag": "0.5043358",
        "Process Lag": "0.6099619"
      },
      {
        "Direction": "Outbound",
        "Destination": "Bride's Glen",
        "Time": "00:00:00",
        "AVLS": "00:00:26",
        "Tram": "5002",
        "Action": "a",
        "Msg Sent": "16/10/2019 21:52:57",
        "Msg Received": "16/10/2019 21:52:57",
        "Msg Processed": "16/10/2019 21:52:57",
        "XML ID": "36144",
        "Total Lag": "0.9730839",
        "Create Lag": "0.5043358",
        "Process Lag": "0.4687481"
      },
      {
        "Direction": "Outbound",
        "Destination": "Sandyford",
        "Time": "00:08:23",
        "AVLS": "00:09:03",
        "Tram": "5023",
        "Action": "a",
        "Msg Sent": "16/10/2019 21:52:59",
        "Msg Received": "16/10/2019 21:52:59",
        "Msg Processed": "16/10/2019 21:52:59",
        "XML ID": "36145",
        "Total Lag": "0.8340511",
        "Create Lag": "0.7559287",
        "Process Lag": "0.0781224"
      },
      {
        "Direction": "Outbound",
        "Destination": "Bride's Glen",
        "Time": "00:14:41",
        "AVLS": "00:15:21",
        "Tram": "5028",
        "Action": "a",
        "Msg Sent": "16/10/2019 21:52:59",
        "Msg Received": "16/10/2019 21:52:59",
        "Msg Processed": "16/10/2019 21:52:59",
        "XML ID": "36145",
        "Total Lag": "0.8817616",
        "Create Lag": "0.7559287",
        "Process Lag": "0.1258329"
      }
    ]
  },
  {
    "stopID": "51",
    "stopQueryTime": 1571259180909,
    "count": 4,
    "results": [
      {
        "Direction": "Inbound",
        "Destination": "Belgard",
        "Time": "00:02:33",
        "AVLS": "00:03:13",
        "Tram": "3011",
        "Action": "a",
        "Msg Sent": "16/10/2019 21:52:57",
        "Msg Received": "16/10/2019 21:52:57",
        "Msg Processed": "16/10/2019 21:52:57",
        "XML ID": "36143",
        "Total Lag": "0.707456",
        "Create Lag": "0.4730803",
        "Process Lag": "0.2343757"
      },
      {
        "Direction": "Inbound",
        "Destination": "Belgard",
        "Time": "00:17:55",
        "AVLS": "00:18:35",
        "Tram": "3015",
        "Action": "a",
        "Msg Sent": "16/10/2019 21:52:57",
        "Msg Received": "16/10/2019 21:52:57",
        "Msg Processed": "16/10/2019 21:52:57",
        "XML ID": "36143",
        "Total Lag": "0.7855802",
        "Create Lag": "0.4730803",
        "Process Lag": "0.3124999"
      },
      {
        "Direction": "Outbound",
        "Destination": "Saggart",
        "Time": "00:00:30",
        "AVLS": "00:01:10",
        "Tram": "3015",
        "Action": "a",
        "Msg Sent": "16/10/2019 21:52:57",
        "Msg Received": "16/10/2019 21:52:57",
        "Msg Processed": "16/10/2019 21:52:57",
        "XML ID": "36143",
        "Total Lag": "0.7699557",
        "Create Lag": "0.4730803",
        "Process Lag": "0.2968754"
      },
      {
        "Direction": "Outbound",
        "Destination": "Saggart",
        "Time": "00:09:54",
        "AVLS": "00:10:34",
        "Tram": "3018",
        "Action": "a",
        "Msg Sent": "16/10/2019 21:52:57",
        "Msg Received": "16/10/2019 21:52:57",
        "Msg Processed": "16/10/2019 21:52:57",
        "XML ID": "36144",
        "Total Lag": "0.8480827",
        "Create Lag": "0.5043358",
        "Process Lag": "0.3437469"
      }
    ]
  },
  {
    "stopID": "53",
    "stopQueryTime": 1571259180912,
    "count": 3,
    "results": [
      {
        "Direction": "Inbound",
        "Destination": "Belgard",
        "Time": "00:14:24",
        "AVLS": "00:15:04",
        "Tram": "3015",
        "Action": "d",
        "Msg Sent": "16/10/2019 21:52:57",
        "Msg Received": "16/10/2019 21:52:57",
        "Msg Processed": "16/10/2019 21:52:57",
        "XML ID": "36143",
        "Total Lag": "0.7855802",
        "Create Lag": "0.4730803",
        "Process Lag": "0.3124999"
      },
      {
        "Direction": "Terminating",
        "Destination": "Saggart",
        "Time": "00:04:00",
        "AVLS": "00:04:40",
        "Tram": "3015",
        "Action": "a",
        "Msg Sent": "16/10/2019 21:52:57",
        "Msg Received": "16/10/2019 21:52:57",
        "Msg Processed": "16/10/2019 21:52:57",
        "XML ID": "36143",
        "Total Lag": "0.7855802",
        "Create Lag": "0.4730803",
        "Process Lag": "0.3124999"
      },
      {
        "Direction": "Terminating",
        "Destination": "Saggart",
        "Time": "00:13:24",
        "AVLS": "00:14:04",
        "Tram": "3018",
        "Action": "a",
        "Msg Sent": "16/10/2019 21:52:57",
        "Msg Received": "16/10/2019 21:52:57",
        "Msg Processed": "16/10/2019 21:52:57",
        "XML ID": "36144",
        "Total Lag": "0.8480827",
        "Create Lag": "0.5043358",
        "Process Lag": "0.3437469"
      }
    ]
  }
]