[
  {
    "stopID": "58",
    "stopQueryTime": 1571259000909,
    "count": 0,
    "results": []
  },
  {
    "stopID": "46",
    "stopQueryTime": 1571259000945,
    "count": 2,
    "results": [
      {
        "Direction": "Inbound",
        "Destination": "Broombridge",
        "Time": "00:12:33",
        "AVLS": "00:13:13",
        "Tram": "5003",
        "Action": "a",
        "Msg Sent": "16/10/2019 21:49:57",
        "Msg Received": "16/10/2019 21:49:57",
        "Msg Processed": "16/10/2019 21:49:57",
        "XML ID": "36065",
        "Total Lag": "0.7847808",
        "Create Lag": "0.6284565",
        "Process Lag": "0.1563243"
      },
      {
        "Direction": "Outbound",
        "Destination": "Bride's Glen",
        "Time": "00:10:22",
        "AVLS": "00:11:02",
        "Tram": "5030",
        "Action": "a",
        "Msg Sent": "16/10/2019 21:49:59",
        "Msg Received": "16/10/2019 21:49:59",
        "Msg Processed": "16/10/2019 21:49:59",
        "XML ID": "36066",
        "Total Lag": "0.5190753",
        "Create Lag": "0.472199",
        "Process Lag": "0.0468763"
      }
    ]
  },
  {
    "stopID": "24",
    "stopQueryTime": 1571259000954,
    "count": 2,
    "results": [
      {
        "Direction": "Inbound",
        "Destination": "Broombridge",
        "Time": "00:02:07",
        "AVLS": "00:02:47",
        "Tram": "5008",
        "Action": "a",
        "Msg Sent": "16/10/2019 21:49:57",
        "Msg Received": "16/10/2019 21:49:57",
        "Msg Processed": "16/10/2019 21:49:57",
        "XML ID": "36065",
        "Total Lag": "0.8003241",
        "Create Lag": "0.6284565",
        "Process Lag": "0.1718676"
      },
      {
        "Direction": "Outbound",
        "Destination": "Bride's Glen",
        "Time": "00:04:05",
        "AVLS": "00:04:45",
        "Tram": "5028",
        "Action": "a",
        "Msg Sent": "16/10/2019 21:49:57",
        "Msg Received": "16/10/2019 21:49:57",
        "Msg Processed": "16/10/2019 21:49:58",
        "XML ID": "36065",
        "Total Lag": "1.0815727",
        "Create Lag": "0.6284565",
        "Process Lag": "0.4531162"
      }
    ]
  },
  {
    "stopID": "23",
    "stopQueryTime": 1571259000956,
    "count": 0,
    "results": []
  },
  {
    "stopID": "17",
    "stopQueryTime": 1571259000959,
    "count": 2,
    "results": [
      {
        "Direction": "Inbound",
        "Destination": "The Point",
        "Time": "00:14:52",
        "AVLS": "00:15:32",
        "Tram": "3025",
        "Action": "a",
        "Msg Sent": "16/10/2019 21:49:57",
        "Msg Received": "16/10/2019 21:49:57",
        "Msg Processed": "16/10/2019 21:49:57",
        "XML ID": "36064",
        "Total Lag": "0.6284565",
        "Create Lag": "0.3623522",
        "Process Lag": "0.2661043"
      },
      {
        "Direction": "Outbound",
        "Destination": "Tallaght",
        "Time": "00:09:14",
        "AVLS": "00:09:54",
        "Tram": "3009",
        "Action": "a",
        "Msg Sent": "16/10/2019 21:49:57",
        "Msg Received": "16/10/2019 21:49:57",
        "Msg Processed": "16/10/2019 21:49:57",
        "XML ID": "36064",
        "Total Lag": "0.4092297",
        "Create Lag": "0.3623522",
        "Process Lag": "0.0468775"
      }
    ]
  },
  {
    "stopID": "48",
    "stopQueryTime": 1571259000982,
    "count": 1,
    "results": [
      {
        "Direction": "Inbound",
        "Destination": "Broombridge",
        "Time": "00:09:24",
        "AVLS": "00:10:04",
        "Tram": "5003",
        "Action": "d",
        "Msg Sent": "16/10/2019 21:49:57",
        "Msg Received": "16/10/2019 21:49:57",
        "Msg Processed": "16/10/2019 21:49:57",
        "XML ID": "36065",
        "Total Lag": "0.7691001",
        "Create Lag": "0.6284565",
        "Process Lag": "0.1406436"
      }
    ]
  },
  {
    "stopID": "6",
    "stopQueryTime": 1571259000989,
    "count": 3,
    "results": [
      {
        "Direction": "Inbound",
        "Destination": "The Point",
        "Time": "00:06:51",
        "AVLS": "00:07:31",
        "Tram": "3012",
        "Action": "a",
        "Msg Sent": "16/10/2019 21:49:57",
        "Msg Received": "16/10/2019 21:49:57",
        "Msg Processed": "16/10/2019 21:49:57",
        "XML ID": "36064",
        "Total Lag": "0.4561058",
        "Create Lag": "0.3623522",
        "Process Lag": "0.0937536"
      },
      {
        "Direction": "Outbound",
        "Destination": "Tallaght",
        "Time": "00:06:43",
        "AVLS": "00:07:23",
        "Tram": "3017",
        "Action": "a",
        "Msg Sent": "16/10/2019 21:49:57",
        "Msg Received": "16/10/2019 21:49:57",
        "Msg Processed": "16/10/2019 21:49:57",
        "XML ID": "36064",
        "Total Lag": "0.5499028",
        "Create Lag": "0.3623522",
        "Process Lag": "0.1875506"
      },
      {
        "Direction": "Outbound",
        "Destination": "Tallaght",
        "Time": "00:17:51",
        "AVLS": "00:18:31",
        "Tram": "4009",
        "Action": "a",
        "Msg Sent": "16/10/2019 21:49:57",
        "Msg Received": "16/10/2019 21:49:57",
        "Msg Processed": "16/10/2019 21:49:57",
        "XML ID": "36064",
        "Total Lag": "0.7222015",
        "Create Lag": "0.3623522",
        "Process Lag": "0.3598493"
      }
    ]
  },
  {
    "stopID": "15",
    "stopQueryTime": 1571259000996,
    "count": 3,
    "results": [
      {
        "Direction": "Inbound",
        "Destination": "The Point",
        "Time": "00:09:53",
        "AVLS": "00:10:33",
        "Tram": "3025",
        "Action": "a",
        "Msg Sent": "16/10/2019 21:49:57",
        "Msg Received": "16/10/2019 21:49:57",
        "Msg Processed": "16/10/2019 21:49:57",
        "XML ID": "36064",
        "Total Lag": "0.6284565",
        "Create Lag": "0.3623522",
        "Process Lag": "0.2661043"
      },
      {
        "Direction": "Outbound",
        "Destination": "Tallaght",
        "Time": "00:02:02",
        "AVLS": "00:02:42",
        "Tram": "4009",
        "Action": "a",
        "Msg Sent": "16/10/2019 21:49:57",
        "Msg Received": "16/10/2019 21:49:57",
        "Msg Processed": "16/10/2019 21:49:57",
        "XML ID": "36064",
        "Total Lag": "0.6909584",
        "Create Lag": "0.3623522",
        "Process Lag": "0.3286062"
      },
      {
        "Direction": "Outbound",
        "Destination": "Tallaght",
        "Time": "00:14:24",
        "AVLS": "00:15:04",
        "Tram": "3009",
        "Action": "a",
        "Msg Sent": "16/10/2019 21:49:57",
        "Msg Received": "16/10/2019 21:49:57",
        "Msg Processed": "16/10/2019 21:49:57",
        "XML ID": "36064",
        "Total Lag": "0.4092297",
        "Create Lag": "0.3623522",
        "Process Lag": "0.0468775"
      }
    ]
  },
  {
    "stopID": "7",
    "stopQueryTime": 1571259001000,
    "count": 3,
    "results": [
      {
        "Direction": "Inbound",
        "Destination": "The Point",
        "Time": "00:11:07",
        "AVLS": "00:11:47",
        "Tram": "3012",
        "Action": "a",
        "Msg Sent": "16/10/2019 21:49:57",
        "Msg Received": "16/10/2019 21:49:57",
        "Msg Processed": "16/10/2019 21:49:57",
        "XML ID": "36064",
        "Total Lag": "0.4717378",
        "Create Lag": "0.3623522",
        "Process Lag": "0.1093856"
      },
      {
        "Direction": "Outbound",
        "Destination": "Tallaght",
        "Time": "00:02:40",
        "AVLS": "00:03:20",
        "Tram": "3017",
        "Action": "a",
        "Msg Sent": "16/10/2019 21:49:57",
        "Msg Received": "16/10/2019 21:49:57",
        "Msg Processed": "16/10/2019 21:49:57",
        "XML ID": "36064",
        "Total Lag": "0.5499028",
        "Create Lag": "0.3623522",
        "Process Lag": "0.1875506"
      },
      {
        "Direction": "Outbound",
        "Destination": "Tallaght",
        "Time": "00:13:48",
        "AVLS": "00:14:28",
        "Tram": "4009",
        "Action": "a",
        "Msg Sent": "16/10/2019 21:49:57",
        "Msg Received": "16/10/2019 21:49:57",
        "Msg Processed": "16/10/2019 21:49:57",
        "XML ID": "36064",
        "Total Lag": "0.7222015",
        "Create Lag": "0.3623522",
        "Process Lag": "0.3598493"
      }
    ]
  },
  {
    "stopID": "16",
    "stopQueryTime": 1571259001003,
    "count": 2,
    "results": [
      {
        "Direction": "Inbound",
        "Destination": "The Point",
        "Time": "00:12:28",
        "AVLS": "00:13:08",
        "Tram": "3025",
        "Action": "a",
        "Msg Sent": "16/10/2019 21:49:57",
        "Msg Received": "16/10/2019 21:49:57",
        "Msg Processed": "16/10/2019 21:49:57",
        "XML ID": "36064",
        "Total Lag": "0.6284565",
        "Create Lag": "0.3623522",
        "Process Lag": "0.2661043"
      },
      {
        "Direction": "Outbound",
        "Destination": "Tallaght",
        "Time": "00:11:13",
        "AVLS": "00:11:53",
        "Tram": "3009",
        "Action": "a",
        "Msg Sent": "16/10/2019 21:49:57",
        "Msg Received": "16/10/2019 21:49:57",
        "Msg Processed": "16/10/2019 21:49:57",
        "XML ID": "36064",
        "Total Lag": "0.4092297",
        "Create Lag": "0.3623522",
        "Process Lag": "0.0468775"
      }
    ]
  },
  {
    "stopID": "14",
    "stopQueryTime": 1571259001006,
    "count": 3,
    "results": [
      {
        "Direction": "Inbound",
        "Destination": "The Point",
        "Time": "00:08:09",
        "AVLS": "00:08:49",
        "Tram": "3025",
        "Action": "a",
        "Msg Sent": "16/10/2019 21:49:57",
        "Msg Received": "16/10/2019 21:49:57",
        "Msg Processed": "16/10/2019 21:49:57",
        "XML ID": "36064",
        "Total Lag": "0.612837",
        "Create Lag": "0.3623522",
        "Process Lag": "0.2504848"
      },
      {
        "Direction": "Outbound",
        "Destination": "Tallaght",
        "Time": "00:04:01",
        "AVLS": "00:04:41",
        "Tram": "4009",
        "Action": "a",
        "Msg Sent": "16/10/2019 21:49:57",
        "Msg Received": "16/10/2019 21:49:57",
        "Msg Processed": "16/10/2019 21:49:57",
        "XML ID": "36064",
        "Total Lag": "0.6909584",
        "Create Lag": "0.3623522",
        "Process Lag": "0.3286062"
      },
      {
        "Direction": "Outbound",
        "Destination": "Tallaght",
        "Time": "00:16:23",
        "AVLS": "00:17:03",
        "Tram": "3009",
        "Action": "a",
        "Msg Sent": "16/10/2019 21:49:57",
        "Msg Received": "16/10/2019 21:49:57",
        "Msg Processed": "16/10/2019 21:49:57",
        "XML ID": "36064",
        "Total Lag": "0.4248635",
        "Create Lag": "0.3623522",
        "Process Lag": "0.0625113"
      }
    ]
  },
  {
    "stopID": "3",
    "stopQueryTime": 1571259001009,
    "count": 3,
    "results": [
      {
        "Direction": "Inbound",
        "Destination": "The Point",
        "Time": "00:12:19",
        "AVLS": "00:12:59",
        "Tram": "3016",
        "Action": "a",
        "Msg Sent": "16/10/2019 21:49:57",
        "Msg Received": "16/10/2019 21:49:57",
        "Msg Processed": "16/10/2019 21:49:57",
        "XML ID": "36064",
        "Total Lag": "0.534278",
        "Create Lag": "0.3623522",
        "Process Lag": "0.1719258"
      },
      {
        "Direction": "Outbound",
        "Destination": "Tallaght",
        "Time": "00:05:39",
        "AVLS": "00:06:19",
        "Tram": "3014",
        "Action": "a",
        "Msg Sent": "16/10/2019 21:49:57",
        "Msg Received": "16/10/2019 21:49:57",
        "Msg Processed": "16/10/2019 21:49:57",
        "XML ID": "36064",
        "Total Lag": "0.4873539",
        "Create Lag": "0.3623522",
        "Process Lag": "0.1250017"
      },
      {
        "Direction": "Outbound",
        "Destination": "Tallaght",
        "Time": "00:14:02",
        "AVLS": "00:14:42",
        "Tram": "3017",
        "Action": "a",
        "Msg Sent": "16/10/2019 21:49:57",
        "Msg Received": "16/10/2019 21:49:57",
        "Msg Processed": "16/10/2019 21:49:57",
        "XML ID": "36064",
        "Total Lag": "0.5655243",
        "Create Lag": "0.3623522",
        "Process Lag": "0.2031721"
      }
    ]
  },
  {
    "stopID": "36",
    "stopQueryTime": 1571259001012,
    "count": 2,
    "results": [
      {
        "Direction": "Inbound",
        "Destination": "Broombridge",
        "Time": "00:12:13",
        "AVLS": "00:12:53",
        "Tram": "5010",
        "Action": "a",
        "Msg Sent": "16/10/2019 21:49:57",
        "Msg Received": "16/10/2019 21:49:57",
        "Msg Processed": "16/10/2019 21:49:57",
        "XML ID": "36065",
        "Total Lag": "0.8472012",
        "Create Lag": "0.6284565",
        "Process Lag": "0.2187447"
      },
      {
        "Direction": "Outbound",
        "Destination": "Bride's Glen",
        "Time": "00:10:27",
        "AVLS": "00:11:07",
        "Tram": "5002",
        "Action": "a",
        "Msg Sent": "16/10/2019 21:49:57",
        "Msg Received": "16/10/2019 21:49:57",
        "Msg Processed": "16/10/2019 21:49:57",
        "XML ID": "36065",
        "Total Lag": "0.7378314",
        "Create Lag": "0.6284565",
        "Process Lag": "0.1093749"
      }
    ]
  },
  {
    "stopID": "30",
    "stopQueryTime": 1571259001016,
    "count": 4,
    "results": [
      {
        "Direction": "Inbound",
        "Destination": "Broombridge",
        "Time": "00:08:20",
        "AVLS": "00:09:00",
        "Tram": "5013",
        "Action": "a",
        "Msg Sent": "16/10/2019 21:49:57",
        "Msg Received": "16/10/2019 21:49:57",
        "Msg Processed": "16/10/2019 21:49:57",
        "XML ID": "36065",
        "Total Lag": "0.9253334",
        "Create Lag": "0.6284565",
        "Process Lag": "0.2968769"
      },
      {
        "Direction": "Outbound",
        "Destination": "Bride's Glen",
        "Time": "00:00:41",
        "AVLS": "00:01:21",
        "Tram": "5002",
        "Action": "a",
        "Msg Sent": "16/10/2019 21:49:57",
        "Msg Received": "16/10/2019 21:49:57",
        "Msg Processed": "16/10/2019 21:49:57",
        "XML ID": "36065",
        "Total Lag": "0.7222015",
        "Create Lag": "0.6284565",
        "Process Lag": "0.093745"
      },
      {
        "Direction": "Outbound",
        "Destination": "Sandyford",
        "Time": "00:09:23",
        "AVLS": "00:10:03",
        "Tram": "5023",
        "Action": "a",
        "Msg Sent": "16/10/2019 21:49:57",
        "Msg Received": "16/10/2019 21:49:57",
        "Msg Processed": "16/10/2019 21:49:58",
        "XML ID": "36065",
        "Total Lag": "1.0346964",
        "Create Lag": "0.6284565",
        "Process Lag": "0.4062399"
      },
      {
        "Direction": "Outbound",
        "Destination": "Bride's Glen",
        "Time": "00:15:19",
        "AVLS": "00:15:59",
        "Tram": "5028",
        "Action": "a",
        "Msg Sent": "16/10/2019 21:49:57",
        "Msg Received": "16/10/2019 21:49:57",
        "Msg Processed": "16/10/2019 21:49:58",
        "XML ID": "36065",
        "Total Lag": "1.0972265",
        "Create Lag": "0.6284565",
        "Process Lag": "0.46877"
      }
    ]
  },
  {
    "stopID": "45",
    "stopQueryTime": 1571259001025,
    "count": 2,
    "results": [
      {
        "Direction": "Inbound",
        "Destination": "Broombridge",
        "Time": "00:13:55",
        "AVLS": "00:14:35",
        "Tram": "5003",
        "Action": "a",
        "Msg Sent": "16/10/2019 21:49:57",
        "Msg Received": "16/10/2019 21:49:57",
        "Msg Processed": "16/10/2019 21:49:57",
        "XML ID": "36065",
        "Total Lag": "0.7847808",
        "Create Lag": "0.6284565",
        "Process Lag": "0.1563243"
      },
      {
        "Direction": "Outbound",
        "Destination": "Bride's Glen",
        "Time": "00:08:59",
        "AVLS": "00:09:39",
        "Tram": "5030",
        "Action": "a",
        "Msg Sent": "16/10/2019 21:49:59",
        "Msg Received": "16/10/2019 21:49:59",
        "Msg Processed": "16/10/2019 21:49:59",
        "XML ID": "36066",
        "Total Lag": "0.5190753",
        "Create Lag": "0.472199",
        "Process Lag": "0.0468763"
      }
    ]
  },
  {
    "stopID": "54",
    "stopQueryTime": 1571259001027,
    "count": 2,
    "results": [
      {
        "Direction": "Inbound",
        "Destination": "The Point",
        "Time": "00:10:38",
        "AVLS": "00:11:18",
        "Tram": "3002",
        "Action": "a",
        "Msg Sent": "16/10/2019 21:49:59",
        "Msg Received": "16/10/2019 21:49:59",
        "Msg Processed": "16/10/2019 21:49:59",
        "XML ID": "36066",
        "Total Lag": "0.5346983",
        "Create Lag": "0.472199",
        "Process Lag": "0.0624993"
      },
      {
        "Direction": "Outbound",
        "Destination": "Tallaght",
        "Time": "00:08:00",
        "AVLS": "00:08:40",
        "Tram": "4006",
        "Action": "a",
        "Msg Sent": "16/10/2019 21:49:57",
        "Msg Received": "16/10/2019 21:49:57",
        "Msg Processed": "16/10/2019 21:49:57",
        "XML ID": "36064",
        "Total Lag": "0.675324",
        "Create Lag": "0.3623522",
        "Process Lag": "0.3129718"
      }
    ]
  },
  {
    "stopID": "18",
    "stopQueryTime": 1571259001030,
    "count": 4,
    "results": [
      {
        "Direction": "Inbound",
        "Destination": "The Point",
        "Time": "00:00:00",
        "AVLS": "00:00:00",
        "Tram": "3002",
        "Action": "a",
        "Msg Sent": "16/10/2019 21:49:59",
        "Msg Received": "16/10/2019 21:49:59",
        "Msg Processed": "16/10/2019 21:49:59",
        "XML ID": "36066",
        "Total Lag": "0.5190753",
        "Create Lag": "0.472199",
        "Process Lag": "0.0468763"
      },
      {
        "Direction": "Inbound",
        "Destination": "The Point",
        "Time": "00:17:08",
        "AVLS": "00:17:48",
        "Tram": "3025",
        "Action": "a",
        "Msg Sent": "16/10/2019 21:49:57",
        "Msg Received": "16/10/2019 21:49:57",
        "Msg Processed": "16/10/2019 21:49:57",
        "XML ID": "36064",
        "Total Lag": "0.64408",
        "Create Lag": "0.3623522",
        "Process Lag": "0.2817278"
      },
      {
        "Direction": "Outbound",
        "Destination": "Tallaght",
        "Time": "00:07:01",
        "AVLS": "00:07:41",
        "Tram": "3009",
        "Action": "a",
        "Msg Sent": "16/10/2019 21:49:57",
        "Msg Received": "16/10/2019 21:49:57",
        "Msg Processed": "16/10/2019 21:49:57",
        "XML ID": "36064",
        "Total Lag": "0.3936138",
        "Create Lag": "0.3623522",
        "Process Lag": "0.0312616"
      },
      {
        "Direction": "Outbound",
        "Destination": "Tallaght",
        "Time": "00:19:12",
        "AVLS": "00:19:52",
        "Tram": "4006",
        "Action": "a",
        "Msg Sent": "16/10/2019 21:49:57",
        "Msg Received": "16/10/2019 21:49:57",
        "Msg Processed": "16/10/2019 21:49:57",
        "XML ID": "36064",
        "Total Lag": "0.6909584",
        "Create Lag": "0.3623522",
        "Process Lag": "0.3286062"
      }
    ]
  },
  {
    "stopID": "19",
    "stopQueryTime": 1571259001034,
    "count": 4,
    "results": [
      {
        "Direction": "Inbound",
        "Destination": "The Point",
        "Time": "00:00:44",
        "AVLS": "00:01:24",
        "Tram": "3002",
        "Action": "a",
        "Msg Sent": "16/10/2019 21:49:59",
        "Msg Received": "16/10/2019 21:49:59",
        "Msg Processed": "16/10/2019 21:49:59",
        "XML ID": "36066",
        "Total Lag": "0.5346983",
        "Create Lag": "0.472199",
        "Process Lag": "0.0624993"
      },
      {
        "Direction": "Inbound",
        "Destination": "The Point",
        "Time": "00:18:32",
        "AVLS": "00:19:12",
        "Tram": "3025",
        "Action": "a",
        "Msg Sent": "16/10/2019 21:49:57",
        "Msg Received": "16/10/2019 21:49:57",
        "Msg Processed": "16/10/2019 21:49:57",
        "XML ID": "36064",
        "Total Lag": "0.64408",
        "Create Lag": "0.3623522",
        "Process Lag": "0.2817278"
      },
      {
        "Direction": "Outbound",
        "Destination": "Tallaght",
        "Time": "00:05:49",
        "AVLS": "00:06:29",
        "Tram": "3009",
        "Action": "a",
        "Msg Sent": "16/10/2019 21:49:57",
        "Msg Received": "16/10/2019 21:49:57",
        "Msg Processed": "16/10/2019 21:49:57",
        "XML ID": "36064",
        "Total Lag": "0.3936138",
        "Create Lag": "0.3623522",
        "Process Lag": "0.0312616"
      },
      {
        "Direction": "Outbound",
        "Destination": "Tallaght",
        "Time": "00:18:00",
        "AVLS": "00:18:40",
        "Tram": "4006",
        "Action": "a",
        "Msg Sent": "16/10/2019 21:49:57",
        "Msg Received": "16/10/2019 21:49:57",
        "Msg Processed": "16/10/2019 21:49:57",
        "XML ID": "36064",
        "Total Lag": "0.6909584",
        "Create Lag": "0.3623522",
        "Process Lag": "0.3286062"
      }
    ]
  },
  {
    "stopID": "28",
    "stopQueryTime": 1571259001036,
    "count": 3,
    "results": [
      {
        "Direction": "Inbound",
        "Destination": "Broombridge",
        "Time": "00:11:34",
        "AVLS": "00:12:14",
        "Tram": "5013",
        "Action": "a",
        "Msg Sent": "16/10/2019 21:49:57",
        "Msg Received": "16/10/2019 21:49:57",
        "Msg Processed": "16/10/2019 21:49:57",
        "XML ID": "36065",
        "Total Lag": "0.9409491",
        "Create Lag": "0.6284565",
        "Process Lag": "0.3124926"
      },
      {
        "Direction": "Outbound",
        "Destination": "Sandyford",
        "Time": "00:06:09",
        "AVLS": "00:06:49",
        "Tram": "5023",
        "Action": "a",
        "Msg Sent": "16/10/2019 21:49:57",
        "Msg Received": "16/10/2019 21:49:57",
        "Msg Processed": "16/10/2019 21:49:58",
        "XML ID": "36065",
        "Total Lag": "1.0346964",
        "Create Lag": "0.6284565",
        "Process Lag": "0.4062399"
      },
      {
        "Direction": "Outbound",
        "Destination": "Bride's Glen",
        "Time": "00:12:05",
        "AVLS": "00:12:45",
        "Tram": "5028",
        "Action": "a",
        "Msg Sent": "16/10/2019 21:49:57",
        "Msg Received": "16/10/2019 21:49:57",
        "Msg Processed": "16/10/2019 21:49:58",
        "XML ID": "36065",
        "Total Lag": "1.0972265",
        "Create Lag": "0.6284565",
        "Process Lag": "0.46877"
      }
    ]
  },
  {
    "stopID": "27",
    "stopQueryTime": 1571259001039,
    "count": 3,
    "results": [
      {
        "Direction": "Inbound",
        "Destination": "Broombridge",
        "Time": "00:13:05",
        "AVLS": "00:13:45",
        "Tram": "5013",
        "Action": "a",
        "Msg Sent": "16/10/2019 21:49:57",
        "Msg Received": "16/10/2019 21:49:57",
        "Msg Processed": "16/10/2019 21:49:57",
        "XML ID": "36065",
        "Total Lag": "0.9409491",
        "Create Lag": "0.6284565",
        "Process Lag": "0.3124926"
      },
      {
        "Direction": "Outbound",
        "Destination": "Sandyford",
        "Time": "00:04:15",
        "AVLS": "00:04:55",
        "Tram": "5023",
        "Action": "a",
        "Msg Sent": "16/10/2019 21:49:57",
        "Msg Received": "16/10/2019 21:49:57",
        "Msg Processed": "16/10/2019 21:49:58",
        "XML ID": "36065",
        "Total Lag": "1.0346964",
        "Create Lag": "0.6284565",
        "Process Lag": "0.4062399"
      },
      {
        "Direction": "Outbound",
        "Destination": "Bride's Glen",
        "Time": "00:10:11",
        "AVLS": "00:10:51",
        "Tram": "5028",
        "Action": "a",
        "Msg Sent": "16/10/2019 21:49:57",
        "Msg Received": "16/10/2019 21:49:57",
        "Msg Processed": "16/10/2019 21:49:58",
        "XML ID": "36065",
        "Total Lag": "1.0815727",
        "Create Lag": "0.6284565",
        "Process Lag": "0.4531162"
      }
    ]
  },
  {
    "stopID": "13",
    "stopQueryTime": 1571259001041,
    "count": 3,
    "results": [
      {
        "Direction": "Inbound",
        "Destination": "The Point",
        "Time": "00:07:13",
        "AVLS": "00:07:53",
        "Tram": "3025",
        "Action": "a",
        "Msg Sent": "16/10/2019 21:49:57",
        "Msg Received": "16/10/2019 21:49:57",
        "Msg Processed": "16/10/2019 21:49:57",
        "XML ID": "36064",
        "Total Lag": "0.612837",
        "Create Lag": "0.3623522",
        "Process Lag": "0.2504848"
      },
      {
        "Direction": "Outbound",
        "Destination": "Tallaght",
        "Time": "00:05:01",
        "AVLS": "00:05:41",
        "Tram": "4009",
        "Action": "a",
        "Msg Sent": "16/10/2019 21:49:57",
        "Msg Received": "16/10/2019 21:49:57",
        "Msg Processed": "16/10/2019 21:49:57",
        "XML ID": "36064",
        "Total Lag": "0.6909584",
        "Create Lag": "0.3623522",
        "Process Lag": "0.3286062"
      },
      {
        "Direction": "Outbound",
        "Destination": "Tallaght",
        "Time": "00:17:23",
        "AVLS": "00:18:03",
        "Tram": "3009",
        "Action": "a",
        "Msg Sent": "16/10/2019 21:49:57",
        "Msg Received": "16/10/2019 21:49:57",
        "Msg Processed": "16/10/2019 21:49:57",
        "XML ID": "36064",
        "Total Lag": "0.4248635",
        "Create Lag": "0.3623522",
        "Process Lag": "0.0625113"
      }
    ]
  },
  {
    "stopID": "44",
    "stopQueryTime": 1571259001047,
    "count": 3,
    "results": [
      {
        "Direction": "Inbound",
        "Destination": "Broombridge",
        "Time": "00:00:13",
        "AVLS": "00:00:53",
        "Tram": "5010",
        "Action": "a",
        "Msg Sent": "16/10/2019 21:49:57",
        "Msg Received": "16/10/2019 21:49:57",
        "Msg Processed": "16/10/2019 21:49:57",
        "XML ID": "36065",
        "Total Lag": "0.8315753",
        "Create Lag": "0.6284565",
        "Process Lag": "0.2031188"
      },
      {
        "Direction": "Inbound",
        "Destination": "Broombridge",
        "Time": "00:15:24",
        "AVLS": "00:16:04",
        "Tram": "5003",
        "Action": "a",
        "Msg Sent": "16/10/2019 21:49:57",
        "Msg Received": "16/10/2019 21:49:57",
        "Msg Processed": "16/10/2019 21:49:57",
        "XML ID": "36065",
        "Total Lag": "0.7847808",
        "Create Lag": "0.6284565",
        "Process Lag": "0.1563243"
      },
      {
        "Direction": "Outbound",
        "Destination": "Bride's Glen",
        "Time": "00:07:31",
        "AVLS": "00:08:11",
        "Tram": "5030",
        "Action": "a",
        "Msg Sent": "16/10/2019 21:49:59",
        "Msg Received": "16/10/2019 21:49:59",
        "Msg Processed": "16/10/2019 21:49:59",
        "XML ID": "36066",
        "Total Lag": "0.5190753",
        "Create Lag": "0.472199",
        "Process Lag": "0.0468763"
      }
    ]
  },
  {
    "stopID": "11",
    "stopQueryTime": 1571259001055,
    "count": 3,
    "results": [
      {
        "Direction": "Inbound",
        "Destination": "The Point",
        "Time": "00:04:33",
        "AVLS": "00:05:13",
        "Tram": "3025",
        "Action": "a",
        "Msg Sent": "16/10/2019 21:49:57",
        "Msg Received": "16/10/2019 21:49:57",
        "Msg Processed": "16/10/2019 21:49:57",
        "XML ID": "36064",
        "Total Lag": "0.612837",
        "Create Lag": "0.3623522",
        "Process Lag": "0.2504848"
      },
      {
        "Direction": "Inbound",
        "Destination": "The Point",
        "Time": "00:16:56",
        "AVLS": "00:17:36",
        "Tram": "3012",
        "Action": "a",
        "Msg Sent": "16/10/2019 21:49:57",
        "Msg Received": "16/10/2019 21:49:57",
        "Msg Processed": "16/10/2019 21:49:57",
        "XML ID": "36064",
        "Total Lag": "0.4873539",
        "Create Lag": "0.3623522",
        "Process Lag": "0.1250017"
      },
      {
        "Direction": "Outbound",
        "Destination": "Tallaght",
        "Time": "00:07:47",
        "AVLS": "00:08:27",
        "Tram": "4009",
        "Action": "a",
        "Msg Sent": "16/10/2019 21:49:57",
        "Msg Received": "16/10/2019 21:49:57",
        "Msg Processed": "16/10/2019 21:49:57",
        "XML ID": "36064",
        "Total Lag": "0.7065728",
        "Create Lag": "0.3623522",
        "Process Lag": "0.3442206"
      }
    ]
  },
  {
    "stopID": "10",
    "stopQueryTime": 1571259001059,
    "count": 3,
    "results": [
      {
        "Direction": "Inbound",
        "Destination": "The Point",
        "Time": "00:03:38",
        "AVLS": "00:04:18",
        "Tram": "3025",
        "Action": "a",
        "Msg Sent": "16/10/2019 21:49:57",
        "Msg Received": "16/10/2019 21:49:57",
        "Msg Processed": "16/10/2019 21:49:57",
        "XML ID": "36064",
        "Total Lag": "0.5972014",
        "Create Lag": "0.3623522",
        "Process Lag": "0.2348492"
      },
      {
        "Direction": "Inbound",
        "Destination": "The Point",
        "Time": "00:16:01",
        "AVLS": "00:16:41",
        "Tram": "3012",
        "Action": "a",
        "Msg Sent": "16/10/2019 21:49:57",
        "Msg Received": "16/10/2019 21:49:57",
        "Msg Processed": "16/10/2019 21:49:57",
        "XML ID": "36064",
        "Total Lag": "0.4717378",
        "Create Lag": "0.3623522",
        "Process Lag": "0.1093856"
      },
      {
        "Direction": "Outbound",
        "Destination": "Tallaght",
        "Time": "00:08:43",
        "AVLS": "00:09:23",
        "Tram": "4009",
        "Action": "a",
        "Msg Sent": "16/10/2019 21:49:57",
        "Msg Received": "16/10/2019 21:49:57",
        "Msg Processed": "16/10/2019 21:49:57",
        "XML ID": "36064",
        "Total Lag": "0.7065728",
        "Create Lag": "0.3623522",
        "Process Lag": "0.3442206"
      }
    ]
  },
  {
    "stopID": "22",
    "stopQueryTime": 1571259001060,
    "count": 2,
    "results": [
      {
        "Direction": "Inbound",
        "Destination": "The Point",
        "Time": "00:08:44",
        "AVLS": "00:09:24",
        "Tram": "3002",
        "Action": "a",
        "Msg Sent": "16/10/2019 21:49:59",
        "Msg Received": "16/10/2019 21:49:59",
        "Msg Processed": "16/10/2019 21:49:59",
        "XML ID": "36066",
        "Total Lag": "0.5346983",
        "Create Lag": "0.472199",
        "Process Lag": "0.0624993"
      },
      {
        "Direction": "Outbound",
        "Destination": "Tallaght",
        "Time": "00:09:56",
        "AVLS": "00:10:36",
        "Tram": "4006",
        "Action": "a",
        "Msg Sent": "16/10/2019 21:49:57",
        "Msg Received": "16/10/2019 21:49:57",
        "Msg Processed": "16/10/2019 21:49:57",
        "XML ID": "36064",
        "Total Lag": "0.675324",
        "Create Lag": "0.3623522",
        "Process Lag": "0.3129718"
      }
    ]
  },
  {
    "stopID": "37",
    "stopQueryTime": 1571259001064,
    "count": 2,
    "results": [
      {
        "Direction": "Inbound",
        "Destination": "Broombridge",
        "Time": "00:09:49",
        "AVLS": "00:10:29",
        "Tram": "5010",
        "Action": "a",
        "Msg Sent": "16/10/2019 21:49:57",
        "Msg Received": "16/10/2019 21:49:57",
        "Msg Processed": "16/10/2019 21:49:57",
        "XML ID": "36065",
        "Total Lag": "0.8472012",
        "Create Lag": "0.6284565",
        "Process Lag": "0.2187447"
      },
      {
        "Direction": "Outbound",
        "Destination": "Bride's Glen",
        "Time": "00:13:00",
        "AVLS": "00:13:40",
        "Tram": "5002",
        "Action": "a",
        "Msg Sent": "16/10/2019 21:49:57",
        "Msg Received": "16/10/2019 21:49:57",
        "Msg Processed": "16/10/2019 21:49:57",
        "XML ID": "36065",
        "Total Lag": "0.7534524",
        "Create Lag": "0.6284565",
        "Process Lag": "0.1249959"
      }
    ]
  },
  {
    "stopID": "33",
    "stopQueryTime": 1571259001067,
    "count": 4,
    "results": [
      {
        "Direction": "Inbound",
        "Destination": "Broombridge",
        "Time": "00:02:52",
        "AVLS": "00:03:32",
        "Tram": "5013",
        "Action": "a",
        "Msg Sent": "16/10/2019 21:49:57",
        "Msg Received": "16/10/2019 21:49:57",
        "Msg Processed": "16/10/2019 21:49:57",
        "XML ID": "36065",
        "Total Lag": "0.9253334",
        "Create Lag": "0.6284565",
        "Process Lag": "0.2968769"
      },
      {
        "Direction": "Inbound",
        "Destination": "Broombridge",
        "Time": "00:17:31",
        "AVLS": "00:18:11",
        "Tram": "5010",
        "Action": "a",
        "Msg Sent": "16/10/2019 21:49:57",
        "Msg Received": "16/10/2019 21:49:57",
        "Msg Processed": "16/10/2019 21:49:57",
        "XML ID": "36065",
        "Total Lag": "0.8628262",
        "Create Lag": "0.6284565",
        "Process Lag": "0.2343697"
      },
      {
        "Direction": "Outbound",
        "Destination": "Bride's Glen",
        "Time": "00:05:53",
        "AVLS": "00:06:33",
        "Tram": "5002",
        "Action": "a",
        "Msg Sent": "16/10/2019 21:49:57",
        "Msg Received": "16/10/2019 21:49:57",
        "Msg Processed": "16/10/2019 21:49:57",
        "XML ID": "36065",
        "Total Lag": "0.7378314",
        "Create Lag": "0.6284565",
        "Process Lag": "0.1093749"
      },
      {
        "Direction": "Outbound",
        "Destination": "Sandyford",
        "Time": "00:14:35",
        "AVLS": "00:15:15",
        "Tram": "5023",
        "Action": "a",
        "Msg Sent": "16/10/2019 21:49:57",
        "Msg Received": "16/10/2019 21:49:57",
        "Msg Processed": "16/10/2019 21:49:58",
        "XML ID": "36065",
        "Total Lag": "1.0659487",
        "Create Lag": "0.6284565",
        "Process Lag": "0.4374922"
      }
    ]
  },
  {
    "stopID": "1",
    "stopQueryTime": 1571259001071,
    "count": 4,
    "results": [
      {
        "Direction": "Inbound",
        "Destination": "The Point",
        "Time": "00:09:24",
        "AVLS": "00:10:04",
        "Tram": "3016",
        "Action": "d",
        "Msg Sent": "16/10/2019 21:49:57",
        "Msg Received": "16/10/2019 21:49:57",
        "Msg Processed": "16/10/2019 21:49:57",
        "XML ID": "36064",
        "Total Lag": "0.534278",
        "Create Lag": "0.3623522",
        "Process Lag": "0.1719258"
      },
      {
        "Direction": "Terminating",
        "Destination": "Tallaght",
        "Time": "00:00:07",
        "AVLS": "00:00:47",
        "Tram": "3016",
        "Action": "a",
        "Msg Sent": "16/10/2019 21:49:57",
        "Msg Received": "16/10/2019 21:49:57",
        "Msg Processed": "16/10/2019 21:49:57",
        "XML ID": "36064",
        "Total Lag": "0.5186556",
        "Create Lag": "0.3623522",
        "Process Lag": "0.1563034"
      },
      {
        "Direction": "Terminating",
        "Destination": "Tallaght",
        "Time": "00:09:20",
        "AVLS": "00:10:00",
        "Tram": "3014",
        "Action": "a",
        "Msg Sent": "16/10/2019 21:49:57",
        "Msg Received": "16/10/2019 21:49:57",
        "Msg Processed": "16/10/2019 21:49:57",
        "XML ID": "36064",
        "Total Lag": "0.5030169",
        "Create Lag": "0.3623522",
        "Process Lag": "0.1406647"
      },
      {
        "Direction": "Terminating",
        "Destination": "Tallaght",
        "Time": "00:17:43",
        "AVLS": "00:18:23",
        "Tram": "3017",
        "Action": "a",
        "Msg Sent": "16/10/2019 21:49:57",
        "Msg Received": "16/10/2019 21:49:57",
        "Msg Processed": "16/10/2019 21:49:57",
        "XML ID": "36064",
        "Total Lag": "0.5655243",
        "Create Lag": "0.3623522",
        "Process Lag": "0.2031721"
      }
    ]
  },
  {
    "stopID": "57",
    "stopQueryTime": 1571259001074,
    "count": 2,
    "results": [
      {
        "Direction": "Outbound",
        "Destination": "Tallaght",
        "Time": "00:03:54",
        "AVLS": "00:04:34",
        "Tram": "4006",
        "Action": "d",
        "Msg Sent": "16/10/2019 21:49:57",
        "Msg Received": "16/10/2019 21:49:57",
        "Msg Processed": "16/10/2019 21:49:57",
        "XML ID": "36064",
        "Total Lag": "0.6596981",
        "Create Lag": "0.3623522",
        "Process Lag": "0.2973459"
      },
      {
        "Direction": "Outbound",
        "Destination": "Tallaght",
        "Time": "00:15:54",
        "AVLS": "00:16:34",
        "Tram": "4002",
        "Action": "d",
        "Msg Sent": "16/10/2019 21:49:57",
        "Msg Received": "16/10/2019 21:49:57",
        "Msg Processed": "16/10/2019 21:49:57",
        "XML ID": "36064",
        "Total Lag": "0.6596981",
        "Create Lag": "0.3623522",
        "Process Lag": "0.2973459"
      }
    ]
  },
  {
    "stopID": "20",
    "stopQueryTime": 1571259001080,
    "count": 3,
    "results": [
      {
        "Direction": "Inbound",
        "Destination": "The Point",
        "Time": "00:02:54",
        "AVLS": "00:03:34",
        "Tram": "3002",
        "Action": "a",
        "Msg Sent": "16/10/2019 21:49:59",
        "Msg Received": "16/10/2019 21:49:59",
        "Msg Processed": "16/10/2019 21:49:59",
        "XML ID": "36066",
        "Total Lag": "0.5346983",
        "Create Lag": "0.472199",
        "Process Lag": "0.0624993"
      },
      {
        "Direction": "Outbound",
        "Destination": "Tallaght",
        "Time": "00:03:40",
        "AVLS": "00:04:20",
        "Tram": "3009",
        "Action": "a",
        "Msg Sent": "16/10/2019 21:49:57",
        "Msg Received": "16/10/2019 21:49:57",
        "Msg Processed": "16/10/2019 21:49:57",
        "XML ID": "36064",
        "Total Lag": "0.3936138",
        "Create Lag": "0.3623522",
        "Process Lag": "0.0312616"
      },
      {
        "Direction": "Outbound",
        "Destination": "Tallaght",
        "Time": "00:15:51",
        "AVLS": "00:16:31",
        "Tram": "4006",
        "Action": "a",
        "Msg Sent": "16/10/2019 21:49:57",
        "Msg Received": "16/10/2019 21:49:57",
        "Msg Processed": "16/10/2019 21:49:57",
        "XML ID": "36064",
        "Total Lag": "0.675324",
        "Create Lag": "0.3623522",
        "Process Lag": "0.3129718"
      }
    ]
  },
  {
    "stopID": "26",
    "stopQueryTime": 1571259001083,
    "count": 3,
    "results": [
      {
        "Direction": "Inbound",
        "Destination": "Broombridge",
        "Time": "00:14:26",
        "AVLS": "00:15:06",
        "Tram": "5013",
        "Action": "a",
        "Msg Sent": "16/10/2019 21:49:57",
        "Msg Received": "16/10/2019 21:49:57",
        "Msg Processed": "16/10/2019 21:49:57",
        "XML ID": "36065",
        "Total Lag": "0.9565737",
        "Create Lag": "0.6284565",
        "Process Lag": "0.3281172"
      },
      {
        "Direction": "Outbound",
        "Destination": "Sandyford",
        "Time": "00:02:47",
        "AVLS": "00:03:27",
        "Tram": "5023",
        "Action": "a",
        "Msg Sent": "16/10/2019 21:49:57",
        "Msg Received": "16/10/2019 21:49:57",
        "Msg Processed": "16/10/2019 21:49:58",
        "XML ID": "36065",
        "Total Lag": "1.0190957",
        "Create Lag": "0.6284565",
        "Process Lag": "0.3906392"
      },
      {
        "Direction": "Outbound",
        "Destination": "Bride's Glen",
        "Time": "00:08:43",
        "AVLS": "00:09:23",
        "Tram": "5028",
        "Action": "a",
        "Msg Sent": "16/10/2019 21:49:57",
        "Msg Received": "16/10/2019 21:49:57",
        "Msg Processed": "16/10/2019 21:49:58",
        "XML ID": "36065",
        "Total Lag": "1.0815727",
        "Create Lag": "0.6284565",
        "Process Lag": "0.4531162"
      }
    ]
  },
  {
    "stopID": "12",
    "stopQueryTime": 1571259001085,
    "count": 4,
    "results": [
      {
        "Direction": "Inbound",
        "Destination": "The Point",
        "Time": "00:05:35",
        "AVLS": "00:06:15",
        "Tram": "3025",
        "Action": "a",
        "Msg Sent": "16/10/2019 21:49:57",
        "Msg Received": "16/10/2019 21:49:57",
        "Msg Processed": "16/10/2019 21:49:57",
        "XML ID": "36064",
        "Total Lag": "0.612837",
        "Create Lag": "0.3623522",
        "Process Lag": "0.2504848"
      },
      {
        "Direction": "Inbound",
        "Destination": "The Point",
        "Time": "00:17:58",
        "AVLS": "00:18:38",
        "Tram": "3012",
        "Action": "a",
        "Msg Sent": "16/10/2019 21:49:57",
        "Msg Received": "16/10/2019 21:49:57",
        "Msg Processed": "16/10/2019 21:49:57",
        "XML ID": "36064",
        "Total Lag": "0.4873539",
        "Create Lag": "0.3623522",
        "Process Lag": "0.1250017"
      },
      {
        "Direction": "Outbound",
        "Destination": "Tallaght",
        "Time": "00:06:42",
        "AVLS": "00:07:22",
        "Tram": "4009",
        "Action": "a",
        "Msg Sent": "16/10/2019 21:49:57",
        "Msg Received": "16/10/2019 21:49:57",
        "Msg Processed": "16/10/2019 21:49:57",
        "XML ID": "36064",
        "Total Lag": "0.7065728",
        "Create Lag": "0.3623522",
        "Process Lag": "0.3442206"
      },
      {
        "Direction": "Outbound",
        "Destination": "Tallaght",
        "Time": "00:19:04",
        "AVLS": "00:19:44",
        "Tram": "3009",
        "Action": "a",
        "Msg Sent": "16/10/2019 21:49:57",
        "Msg Received": "16/10/2019 21:49:57",
        "Msg Processed": "16/10/2019 21:49:57",
        "XML ID": "36064",
        "Total Lag": "0.4248635",
        "Create Lag": "0.3623522",
        "Process Lag": "0.0625113"
      }
    ]
  },
  {
    "stopID": "5",
    "stopQueryTime": 1571259001088,
    "count": 4,
    "results": [
      {
        "Direction": "Inbound",
        "Destination": "The Point",
        "Time": "00:03:44",
        "AVLS": "00:04:24",
        "Tram": "3012",
        "Action": "a",
        "Msg Sent": "16/10/2019 21:49:57",
        "Msg Received": "16/10/2019 21:49:57",
        "Msg Processed": "16/10/2019 21:49:57",
        "XML ID": "36064",
        "Total Lag": "0.4561058",
        "Create Lag": "0.3623522",
        "Process Lag": "0.0937536"
      },
      {
        "Direction": "Inbound",
        "Destination": "The Point",
        "Time": "00:17:17",
        "AVLS": "00:17:57",
        "Tram": "3016",
        "Action": "a",
        "Msg Sent": "16/10/2019 21:49:57",
        "Msg Received": "16/10/2019 21:49:57",
        "Msg Processed": "16/10/2019 21:49:57",
        "XML ID": "36064",
        "Total Lag": "0.534278",
        "Create Lag": "0.3623522",
        "Process Lag": "0.1719258"
      },
      {
        "Direction": "Outbound",
        "Destination": "Tallaght",
        "Time": "00:01:35",
        "AVLS": "00:02:15",
        "Tram": "3014",
        "Action": "a",
        "Msg Sent": "16/10/2019 21:49:57",
        "Msg Received": "16/10/2019 21:49:57",
        "Msg Processed": "16/10/2019 21:49:57",
        "XML ID": "36064",
        "Total Lag": "0.4873539",
        "Create Lag": "0.3623522",
        "Process Lag": "0.1250017"
      },
      {
        "Direction": "Outbound",
        "Destination": "Tallaght",
        "Time": "00:09:58",
        "AVLS": "00:10:38",
        "Tram": "3017",
        "Action": "a",
        "Msg Sent": "16/10/2019 21:49:57",
        "Msg Received": "16/10/2019 21:49:57",
        "Msg Processed": "16/10/2019 21:49:57",
        "XML ID": "36064",
        "Total Lag": "0.5499028",
        "Create Lag": "0.3623522",
        "Process Lag": "0.1875506"
      }
    ]
  },
  {
    "stopID": "9",
    "stopQueryTime": 1571259001091,
    "count": 3,
    "results": [
      {
        "Direction": "Inbound",
        "Destination": "The Point",
        "Time": "00:02:24",
        "AVLS": "00:03:04",
        "Tram": "3025",
        "Action": "a",
        "Msg Sent": "16/10/2019 21:49:57",
        "Msg Received": "16/10/2019 21:49:57",
        "Msg Processed": "16/10/2019 21:49:57",
        "XML ID": "36064",
        "Total Lag": "0.5972014",
        "Create Lag": "0.3623522",
        "Process Lag": "0.2348492"
      },
      {
        "Direction": "Inbound",
        "Destination": "The Point",
        "Time": "00:14:47",
        "AVLS": "00:15:27",
        "Tram": "3012",
        "Action": "a",
        "Msg Sent": "16/10/2019 21:49:57",
        "Msg Received": "16/10/2019 21:49:57",
        "Msg Processed": "16/10/2019 21:49:57",
        "XML ID": "36064",
        "Total Lag": "0.4717378",
        "Create Lag": "0.3623522",
        "Process Lag": "0.1093856"
      },
      {
        "Direction": "Outbound",
        "Destination": "Tallaght",
        "Time": "00:09:59",
        "AVLS": "00:10:39",
        "Tram": "4009",
        "Action": "a",
        "Msg Sent": "16/10/2019 21:49:57",
        "Msg Received": "16/10/2019 21:49:57",
        "Msg Processed": "16/10/2019 21:49:57",
        "XML ID": "36064",
        "Total Lag": "0.7065728",
        "Create Lag": "0.3623522",
        "Process Lag": "0.3442206"
      }
    ]
  },
  {
    "stopID": "43",
    "stopQueryTime": 1571259001093,
    "count": 3,
    "results": [
      {
        "Direction": "Inbound",
        "Destination": "Broombridge",
        "Time": "00:01:17",
        "AVLS": "00:01:57",
        "Tram": "5010",
        "Action": "a",
        "Msg Sent": "16/10/2019 21:49:57",
        "Msg Received": "16/10/2019 21:49:57",
        "Msg Processed": "16/10/2019 21:49:57",
        "XML ID": "36065",
        "Total Lag": "0.8315753",
        "Create Lag": "0.6284565",
        "Process Lag": "0.2031188"
      },
      {
        "Direction": "Inbound",
        "Destination": "Broombridge",
        "Time": "00:16:28",
        "AVLS": "00:17:08",
        "Tram": "5003",
        "Action": "a",
        "Msg Sent": "16/10/2019 21:49:57",
        "Msg Received": "16/10/2019 21:49:57",
        "Msg Processed": "16/10/2019 21:49:57",
        "XML ID": "36065",
        "Total Lag": "0.7847808",
        "Create Lag": "0.6284565",
        "Process Lag": "0.1563243"
      },
      {
        "Direction": "Outbound",
        "Destination": "Bride's Glen",
        "Time": "00:06:26",
        "AVLS": "00:07:06",
        "Tram": "5030",
        "Action": "a",
        "Msg Sent": "16/10/2019 21:49:59",
        "Msg Received": "16/10/2019 21:49:59",
        "Msg Processed": "16/10/2019 21:49:59",
        "XML ID": "36066",
        "Total Lag": "0.5034563",
        "Create Lag": "0.472199",
        "Process Lag": "0.0312573"
      }
    ]
  },
  {
    "stopID": "31",
    "stopQueryTime": 1571259001094,
    "count": 4,
    "results": [
      {
        "Direction": "Inbound",
        "Destination": "Broombridge",
        "Time": "00:06:33",
        "AVLS": "00:07:13",
        "Tram": "5013",
        "Action": "a",
        "Msg Sent": "16/10/2019 21:49:57",
        "Msg Received": "16/10/2019 21:49:57",
        "Msg Processed": "16/10/2019 21:49:57",
        "XML ID": "36065",
        "Total Lag": "0.9253334",
        "Create Lag": "0.6284565",
        "Process Lag": "0.2968769"
      },
      {
        "Direction": "Outbound",
        "Destination": "Bride's Glen",
        "Time": "00:02:29",
        "AVLS": "00:03:09",
        "Tram": "5002",
        "Action": "a",
        "Msg Sent": "16/10/2019 21:49:57",
        "Msg Received": "16/10/2019 21:49:57",
        "Msg Processed": "16/10/2019 21:49:57",
        "XML ID": "36065",
        "Total Lag": "0.7222015",
        "Create Lag": "0.6284565",
        "Process Lag": "0.093745"
      },
      {
        "Direction": "Outbound",
        "Destination": "Sandyford",
        "Time": "00:11:11",
        "AVLS": "00:11:51",
        "Tram": "5023",
        "Action": "a",
        "Msg Sent": "16/10/2019 21:49:57",
        "Msg Received": "16/10/2019 21:49:57",
        "Msg Processed": "16/10/2019 21:49:58",
        "XML ID": "36065",
        "Total Lag": "1.0503243",
        "Create Lag": "0.6284565",
        "Process Lag": "0.4218678"
      },
      {
        "Direction": "Outbound",
        "Destination": "Bride's Glen",
        "Time": "00:17:07",
        "AVLS": "00:17:47",
        "Tram": "5028",
        "Action": "a",
        "Msg Sent": "16/10/2019 21:49:57",
        "Msg Received": "16/10/2019 21:49:57",
        "Msg Processed": "16/10/2019 21:49:58",
        "XML ID": "36065",
        "Total Lag": "1.0972265",
        "Create Lag": "0.6284565",
        "Process Lag": "0.46877"
      }
    ]
  },
  {
    "stopID": "21",
    "stopQueryTime": 1571259001097,
    "count": 3,
    "results": [
      {
        "Direction": "Inbound",
        "Destination": "The Point",
        "Time": "00:05:40",
        "AVLS": "00:06:20",
        "Tram": "3002",
        "Action": "a",
        "Msg Sent": "16/10/2019 21:49:59",
        "Msg Received": "16/10/2019 21:49:59",
        "Msg Processed": "16/10/2019 21:49:59",
        "XML ID": "36066",
        "Total Lag": "0.5346983",
        "Create Lag": "0.472199",
        "Process Lag": "0.0624993"
      },
      {
        "Direction": "Outbound",
        "Destination": "Tallaght",
        "Time": "00:01:13",
        "AVLS": "00:01:53",
        "Tram": "3009",
        "Action": "a",
        "Msg Sent": "16/10/2019 21:49:57",
        "Msg Received": "16/10/2019 21:49:57",
        "Msg Processed": "16/10/2019 21:49:57",
        "XML ID": "36064",
        "Total Lag": "0.3936138",
        "Create Lag": "0.3623522",
        "Process Lag": "0.0312616"
      },
      {
        "Direction": "Outbound",
        "Destination": "Tallaght",
        "Time": "00:13:24",
        "AVLS": "00:14:04",
        "Tram": "4006",
        "Action": "a",
        "Msg Sent": "16/10/2019 21:49:57",
        "Msg Received": "16/10/2019 21:49:57",
        "Msg Processed": "16/10/2019 21:49:57",
        "XML ID": "36064",
        "Total Lag": "0.675324",
        "Create Lag": "0.3623522",
        "Process Lag": "0.3129718"
      }
    ]
  },
  {
    "stopID": "39",
    "stopQueryTime": 1571259001099,
    "count": 3,
    "results": [
      {
        "Direction": "Inbound",
        "Destination": "Broombridge",
        "Time": "00:06:34",
        "AVLS": "00:07:14",
        "Tram": "5010",
        "Action": "a",
        "Msg Sent": "16/10/2019 21:49:57",
        "Msg Received": "16/10/2019 21:49:57",
        "Msg Processed": "16/10/2019 21:49:57",
        "XML ID": "36065",
        "Total Lag": "0.8472012",
        "Create Lag": "0.6284565",
        "Process Lag": "0.2187447"
      },
      {
        "Direction": "Outbound",
        "Destination": "Bride's Glen",
        "Time": "00:01:17",
        "AVLS": "00:01:57",
        "Tram": "5030",
        "Action": "a",
        "Msg Sent": "16/10/2019 21:49:59",
        "Msg Received": "16/10/2019 21:49:59",
        "Msg Processed": "16/10/2019 21:49:59",
        "XML ID": "36066",
        "Total Lag": "0.5034563",
        "Create Lag": "0.472199",
        "Process Lag": "0.0312573"
      },
      {
        "Direction": "Outbound",
        "Destination": "Bride's Glen",
        "Time": "00:16:13",
        "AVLS": "00:16:53",
        "Tram": "5002",
        "Action": "a",
        "Msg Sent": "16/10/2019 21:49:57",
        "Msg Received": "16/10/2019 21:49:57",
        "Msg Processed": "16/10/2019 21:49:57",
        "XML ID": "36065",
        "Total Lag": "0.7534524",
        "Create Lag": "0.6284565",
        "Process Lag": "0.1249959"
      }
    ]
  },
  {
    "stopID": "2",
    "stopQueryTime": 1571259001102,
    "count": 3,
    "results": [
      {
        "Direction": "Inbound",
        "Destination": "The Point",
        "Time": "00:10:38",
        "AVLS": "00:11:18",
        "Tram": "3016",
        "Action": "a",
        "Msg Sent": "16/10/2019 21:49:57",
        "Msg Received": "16/10/2019 21:49:57",
        "Msg Processed": "16/10/2019 21:49:57",
        "XML ID": "36064",
        "Total Lag": "0.534278",
        "Create Lag": "0.3623522",
        "Process Lag": "0.1719258"
      },
      {
        "Direction": "Outbound",
        "Destination": "Tallaght",
        "Time": "00:07:14",
        "AVLS": "00:07:54",
        "Tram": "3014",
        "Action": "a",
        "Msg Sent": "16/10/2019 21:49:57",
        "Msg Received": "16/10/2019 21:49:57",
        "Msg Processed": "16/10/2019 21:49:57",
        "XML ID": "36064",
        "Total Lag": "0.5030169",
        "Create Lag": "0.3623522",
        "Process Lag": "0.1406647"
      },
      {
        "Direction": "Outbound",
        "Destination": "Tallaght",
        "Time": "00:15:37",
        "AVLS": "00:16:17",
        "Tram": "3017",
        "Action": "a",
        "Msg Sent": "16/10/2019 21:49:57",
        "Msg Received": "16/10/2019 21:49:57",
        "Msg Processed": "16/10/2019 21:49:57",
        "XML ID": "36064",
        "Total Lag": "0.5655243",
        "Create Lag": "0.3623522",
        "Process Lag": "0.2031721"
      }
    ]
  },
  {
    "stopID": "47",
    "stopQueryTime": 1571259001104,
    "count": 3,
    "results": [
      {
        "Direction": "Inbound",
        "Destination": "Broombridge",
        "Time": "00:10:32",
        "AVLS": "00:11:12",
        "Tram": "5003",
        "Action": "a",
        "Msg Sent": "16/10/2019 21:49:57",
        "Msg Received": "16/10/2019 21:49:57",
        "Msg Processed": "16/10/2019 21:49:57",
        "XML ID": "36065",
        "Total Lag": "0.7691001",
        "Create Lag": "0.6284565",
        "Process Lag": "0.1406436"
      },
      {
        "Direction": "Outbound",
        "Destination": "Bride's Glen",
        "Time": "00:00:32",
        "AVLS": "00:01:12",
        "Tram": "5003",
        "Action": "a",
        "Msg Sent": "16/10/2019 21:49:57",
        "Msg Received": "16/10/2019 21:49:57",
        "Msg Processed": "16/10/2019 21:49:57",
        "XML ID": "36065",
        "Total Lag": "0.7691001",
        "Create Lag": "0.6284565",
        "Process Lag": "0.1406436"
      },
      {
        "Direction": "Outbound",
        "Destination": "Bride's Glen",
        "Time": "00:12:19",
        "AVLS": "00:12:59",
        "Tram": "5030",
        "Action": "a",
        "Msg Sent": "16/10/2019 21:49:59",
        "Msg Received": "16/10/2019 21:49:59",
        "Msg Processed": "16/10/2019 21:49:59",
        "XML ID": "36066",
        "Total Lag": "0.5190753",
        "Create Lag": "0.472199",
        "Process Lag": "0.0468763"
      }
    ]
  },
  {
    "stopID": "42",
    "stopQueryTime": 1571259001112,
    "count": 3,
    "results": [
      {
        "Direction": "Inbound",
        "Destination": "Broombridge",
        "Time": "00:02:53",
        "AVLS": "00:03:33",
        "Tram": "5010",
        "Action": "a",
        "Msg Sent": "16/10/2019 21:49:57",
        "Msg Received": "16/10/2019 21:49:57",
        "Msg Processed": "16/10/2019 21:49:57",
        "XML ID": "36065",
        "Total Lag": "0.8315753",
        "Create Lag": "0.6284565",
        "Process Lag": "0.2031188"
      },
      {
        "Direction": "Inbound",
        "Destination": "Broombridge",
        "Time": "00:18:04",
        "AVLS": "00:18:44",
        "Tram": "5003",
        "Action": "a",
        "Msg Sent": "16/10/2019 21:49:57",
        "Msg Received": "16/10/2019 21:49:57",
        "Msg Processed": "16/10/2019 21:49:57",
        "XML ID": "36065",
        "Total Lag": "0.7847808",
        "Create Lag": "0.6284565",
        "Process Lag": "0.1563243"
      },
      {
        "Direction": "Outbound",
        "Destination": "Bride's Glen",
        "Time": "00:04:53",
        "AVLS": "00:05:33",
        "Tram": "5030",
        "Action": "a",
        "Msg Sent": "16/10/2019 21:49:59",
        "Msg Received": "16/10/2019 21:49:59",
        "Msg Processed": "16/10/2019 21:49:59",
        "XML ID": "36066",
        "Total Lag": "0.5034563",
        "Create Lag": "0.472199",
        "Process Lag": "0.0312573"
      }
    ]
  },
  {
    "stopID": "49",
    "stopQueryTime": 1571259001115,
    "count": 3,
    "results": [
      {
        "Direction": "Inbound",
        "Destination": "Belgard",
        "Time": "00:09:39",
        "AVLS": "00:10:19",
        "Tram": "3011",
        "Action": "a",
        "Msg Sent": "16/10/2019 21:49:57",
        "Msg Received": "16/10/2019 21:49:57",
        "Msg Processed": "16/10/2019 21:49:57",
        "XML ID": "36064",
        "Total Lag": "0.4561058",
        "Create Lag": "0.3623522",
        "Process Lag": "0.0937536"
      },
      {
        "Direction": "Outbound",
        "Destination": "Saggart",
        "Time": "00:00:26",
        "AVLS": "00:01:06",
        "Tram": "3015",
        "Action": "a",
        "Msg Sent": "16/10/2019 21:49:57",
        "Msg Received": "16/10/2019 21:49:57",
        "Msg Processed": "16/10/2019 21:49:57",
        "XML ID": "36064",
        "Total Lag": "0.5030169",
        "Create Lag": "0.3623522",
        "Process Lag": "0.1406647"
      },
      {
        "Direction": "Outbound",
        "Destination": "Saggart",
        "Time": "00:09:21",
        "AVLS": "00:10:01",
        "Tram": "3018",
        "Action": "a",
        "Msg Sent": "16/10/2019 21:49:57",
        "Msg Received": "16/10/2019 21:49:57",
        "Msg Processed": "16/10/2019 21:49:57",
        "XML ID": "36064",
        "Total Lag": "0.5815668",
        "Create Lag": "0.3623522",
        "Process Lag": "0.2192146"
      }
    ]
  },
  {
    "stopID": "38",
    "stopQueryTime": 1571259001119,
    "count": 3,
    "results": [
      {
        "Direction": "Inbound",
        "Destination": "Broombridge",
        "Time": "00:08:19",
        "AVLS": "00:08:59",
        "Tram": "5010",
        "Action": "a",
        "Msg Sent": "16/10/2019 21:49:57",
        "Msg Received": "16/10/2019 21:49:57",
        "Msg Processed": "16/10/2019 21:49:57",
        "XML ID": "36065",
        "Total Lag": "0.8472012",
        "Create Lag": "0.6284565",
        "Process Lag": "0.2187447"
      },
      {
        "Direction": "Outbound",
        "Destination": "Bride's Glen",
        "Time": "00:00:00",
        "AVLS": "00:00:12",
        "Tram": "5030",
        "Action": "a",
        "Msg Sent": "16/10/2019 21:49:59",
        "Msg Received": "16/10/2019 21:49:59",
        "Msg Processed": "16/10/2019 21:49:59",
        "XML ID": "36066",
        "Total Lag": "0.4878229",
        "Create Lag": "0.472199",
        "Process Lag": "0.0156239"
      },
      {
        "Direction": "Outbound",
        "Destination": "Bride's Glen",
        "Time": "00:14:28",
        "AVLS": "00:15:08",
        "Tram": "5002",
        "Action": "a",
        "Msg Sent": "16/10/2019 21:49:57",
        "Msg Received": "16/10/2019 21:49:57",
        "Msg Processed": "16/10/2019 21:49:57",
        "XML ID": "36065",
        "Total Lag": "0.7534524",
        "Create Lag": "0.6284565",
        "Process Lag": "0.1249959"
      }
    ]
  },
  {
    "stopID": "50",
    "stopQueryTime": 1571259001131,
    "count": 3,
    "results": [
      {
        "Direction": "Inbound",
        "Destination": "Belgard",
        "Time": "00:07:51",
        "AVLS": "00:08:31",
        "Tram": "3011",
        "Action": "a",
        "Msg Sent": "16/10/2019 21:49:57",
        "Msg Received": "16/10/2019 21:49:57",
        "Msg Processed": "16/10/2019 21:49:57",
        "XML ID": "36064",
        "Total Lag": "0.44048",
        "Create Lag": "0.3623522",
        "Process Lag": "0.0781278"
      },
      {
        "Direction": "Outbound",
        "Destination": "Saggart",
        "Time": "00:02:12",
        "AVLS": "00:02:52",
        "Tram": "3015",
        "Action": "a",
        "Msg Sent": "16/10/2019 21:49:57",
        "Msg Received": "16/10/2019 21:49:57",
        "Msg Processed": "16/10/2019 21:49:57",
        "XML ID": "36064",
        "Total Lag": "0.5030169",
        "Create Lag": "0.3623522",
        "Process Lag": "0.1406647"
      },
      {
        "Direction": "Outbound",
        "Destination": "Saggart",
        "Time": "00:11:07",
        "AVLS": "00:11:47",
        "Tram": "3018",
        "Action": "a",
        "Msg Sent": "16/10/2019 21:49:57",
        "Msg Received": "16/10/2019 21:49:57",
        "Msg Processed": "16/10/2019 21:49:57",
        "XML ID": "36064",
        "Total Lag": "0.5815668",
        "Create Lag": "0.3623522",
        "Process Lag": "0.2192146"
      }
    ]
  },
  {
    "stopID": "8",
    "stopQueryTime": 1571259001134,
    "count": 4,
    "results": [
      {
        "Direction": "Inbound",
        "Destination": "The Point",
        "Time": "00:00:15",
        "AVLS": "00:00:55",
        "Tram": "3025",
        "Action": "a",
        "Msg Sent": "16/10/2019 21:49:57",
        "Msg Received": "16/10/2019 21:49:57",
        "Msg Processed": "16/10/2019 21:49:57",
        "XML ID": "36064",
        "Total Lag": "0.5972014",
        "Create Lag": "0.3623522",
        "Process Lag": "0.2348492"
      },
      {
        "Direction": "Inbound",
        "Destination": "The Point",
        "Time": "00:12:38",
        "AVLS": "00:13:18",
        "Tram": "3012",
        "Action": "a",
        "Msg Sent": "16/10/2019 21:49:57",
        "Msg Received": "16/10/2019 21:49:57",
        "Msg Processed": "16/10/2019 21:49:57",
        "XML ID": "36064",
        "Total Lag": "0.4717378",
        "Create Lag": "0.3623522",
        "Process Lag": "0.1093856"
      },
      {
        "Direction": "Outbound",
        "Destination": "Tallaght",
        "Time": "00:01:06",
        "AVLS": "00:01:46",
        "Tram": "3017",
        "Action": "a",
        "Msg Sent": "16/10/2019 21:49:57",
        "Msg Received": "16/10/2019 21:49:57",
        "Msg Processed": "16/10/2019 21:49:57",
        "XML ID": "36064",
        "Total Lag": "0.5499028",
        "Create Lag": "0.3623522",
        "Process Lag": "0.1875506"
      },
      {
        "Direction": "Outbound",
        "Destination": "Tallaght",
        "Time": "00:12:14",
        "AVLS": "00:12:54",
        "Tram": "4009",
        "Action": "a",
        "Msg Sent": "16/10/2019 21:49:57",
        "Msg Received": "16/10/2019 21:49:57",
        "Msg Processed": "16/10/2019 21:49:57",
        "XML ID": "36064",
        "Total Lag": "0.7065728",
        "Create Lag": "0.3623522",
        "Process Lag": "0.3442206"
      }
    ]
  },
  {
    "stopID": "52",
    "stopQueryTime": 1571259001140,
    "count": 3,
    "results": [
      {
        "Direction": "Inbound",
        "Destination": "Belgard",
        "Time": "00:04:48",
        "AVLS": "00:05:28",
        "Tram": "3011",
        "Action": "a",
        "Msg Sent": "16/10/2019 21:49:57",
        "Msg Received": "16/10/2019 21:49:57",
        "Msg Processed": "16/10/2019 21:49:57",
        "XML ID": "36064",
        "Total Lag": "0.44048",
        "Create Lag": "0.3623522",
        "Process Lag": "0.0781278"
      },
      {
        "Direction": "Outbound",
        "Destination": "Saggart",
        "Time": "00:05:16",
        "AVLS": "00:05:56",
        "Tram": "3015",
        "Action": "a",
        "Msg Sent": "16/10/2019 21:49:57",
        "Msg Received": "16/10/2019 21:49:57",
        "Msg Processed": "16/10/2019 21:49:57",
        "XML ID": "36064",
        "Total Lag": "0.5186556",
        "Create Lag": "0.3623522",
        "Process Lag": "0.1563034"
      },
      {
        "Direction": "Outbound",
        "Destination": "Saggart",
        "Time": "00:14:11",
        "AVLS": "00:14:51",
        "Tram": "3018",
        "Action": "a",
        "Msg Sent": "16/10/2019 21:49:57",
        "Msg Received": "16/10/2019 21:49:57",
        "Msg Processed": "16/10/2019 21:49:57",
        "XML ID": "36064",
        "Total Lag": "0.5815668",
        "Create Lag": "0.3623522",
        "Process Lag": "0.2192146"
      }
    ]
  },
  {
    "stopID": "32",
    "stopQueryTime": 1571259001150,
    "count": 5,
    "results": [
      {
        "Direction": "Inbound",
        "Destination": "Broombridge",
        "Time": "00:04:34",
        "AVLS": "00:05:14",
        "Tram": "5013",
        "Action": "a",
        "Msg Sent": "16/10/2019 21:49:57",
        "Msg Received": "16/10/2019 21:49:57",
        "Msg Processed": "16/10/2019 21:49:57",
        "XML ID": "36065",
        "Total Lag": "0.9253334",
        "Create Lag": "0.6284565",
        "Process Lag": "0.2968769"
      },
      {
        "Direction": "Inbound",
        "Destination": "Broombridge",
        "Time": "00:19:13",
        "AVLS": "00:19:53",
        "Tram": "5010",
        "Action": "a",
        "Msg Sent": "16/10/2019 21:49:57",
        "Msg Received": "16/10/2019 21:49:57",
        "Msg Processed": "16/10/2019 21:49:57",
        "XML ID": "36065",
        "Total Lag": "0.8628262",
        "Create Lag": "0.6284565",
        "Process Lag": "0.2343697"
      },
      {
        "Direction": "Outbound",
        "Destination": "Bride's Glen",
        "Time": "00:04:27",
        "AVLS": "00:05:07",
        "Tram": "5002",
        "Action": "a",
        "Msg Sent": "16/10/2019 21:49:57",
        "Msg Received": "16/10/2019 21:49:57",
        "Msg Processed": "16/10/2019 21:49:57",
        "XML ID": "36065",
        "Total Lag": "0.7378314",
        "Create Lag": "0.6284565",
        "Process Lag": "0.1093749"
      },
      {
        "Direction": "Outbound",
        "Destination": "Sandyford",
        "Time": "00:13:09",
        "AVLS": "00:13:49",
        "Tram": "5023",
        "Action": "a",
        "Msg Sent": "16/10/2019 21:49:57",
        "Msg Received": "16/10/2019 21:49:57",
        "Msg Processed": "16/10/2019 21:49:58",
        "XML ID": "36065",
        "Total Lag": "1.0503243",
        "Create Lag": "0.6284565",
        "Process Lag": "0.4218678"
      },
      {
        "Direction": "Outbound",
        "Destination": "Bride's Glen",
        "Time": "00:19:05",
        "AVLS": "00:19:45",
        "Tram": "5028",
        "Action": "a",
        "Msg Sent": "16/10/2019 21:49:57",
        "Msg Received": "16/10/2019 21:49:57",
        "Msg Processed": "16/10/2019 21:49:58",
        "XML ID": "36065",
        "Total Lag": "1.1128324",
        "Create Lag": "0.6284565",
        "Process Lag": "0.4843759"
      }
    ]
  },
  {
    "stopID": "25",
    "stopQueryTime": 1571259001160,
    "count": 4,
    "results": [
      {
        "Direction": "Inbound",
        "Destination": "Broombridge",
        "Time": "00:00:00",
        "AVLS": "00:00:00",
        "Tram": "5008",
        "Action": "a",
        "Msg Sent": "16/10/2019 21:49:47",
        "Msg Received": "16/10/2019 21:49:47",
        "Msg Processed": "16/10/2019 21:49:47",
        "XML ID": "36060",
        "Total Lag": "0.3778057",
        "Create Lag": "0.3465939",
        "Process Lag": "0.0312118"
      },
      {
        "Direction": "Inbound",
        "Destination": "Broombridge",
        "Time": "00:16:36",
        "AVLS": "00:17:16",
        "Tram": "5013",
        "Action": "a",
        "Msg Sent": "16/10/2019 21:49:57",
        "Msg Received": "16/10/2019 21:49:57",
        "Msg Processed": "16/10/2019 21:49:57",
        "XML ID": "36065",
        "Total Lag": "0.9565737",
        "Create Lag": "0.6284565",
        "Process Lag": "0.3281172"
      },
      {
        "Direction": "Outbound",
        "Destination": "Sandyford",
        "Time": "00:00:07",
        "AVLS": "00:00:47",
        "Tram": "5023",
        "Action": "a",
        "Msg Sent": "16/10/2019 21:49:57",
        "Msg Received": "16/10/2019 21:49:57",
        "Msg Processed": "16/10/2019 21:49:58",
        "XML ID": "36065",
        "Total Lag": "1.0190957",
        "Create Lag": "0.6284565",
        "Process Lag": "0.3906392"
      },
      {
        "Direction": "Outbound",
        "Destination": "Bride's Glen",
        "Time": "00:06:03",
        "AVLS": "00:06:43",
        "Tram": "5028",
        "Action": "a",
        "Msg Sent": "16/10/2019 21:49:57",
        "Msg Received": "16/10/2019 21:49:57",
        "Msg Processed": "16/10/2019 21:49:58",
        "XML ID": "36065",
        "Total Lag": "1.0815727",
        "Create Lag": "0.6284565",
        "Process Lag": "0.4531162"
      }
    ]
  },
  {
    "stopID": "53",
    "stopQueryTime": 1571259001163,
    "count": 4,
    "results": [
      {
        "Direction": "Inbound",
        "Destination": "Belgard",
        "Time": "00:02:33",
        "AVLS": "00:03:13",
        "Tram": "3011",
        "Action": "d",
        "Msg Sent": "16/10/2019 21:49:57",
        "Msg Received": "16/10/2019 21:49:57",
        "Msg Processed": "16/10/2019 21:49:57",
        "XML ID": "36064",
        "Total Lag": "0.44048",
        "Create Lag": "0.3623522",
        "Process Lag": "0.0781278"
      },
      {
        "Direction": "Inbound",
        "Destination": "Belgard",
        "Time": "00:17:24",
        "AVLS": "00:18:04",
        "Tram": "3015",
        "Action": "d",
        "Msg Sent": "16/10/2019 21:49:57",
        "Msg Received": "16/10/2019 21:49:57",
        "Msg Processed": "16/10/2019 21:49:57",
        "XML ID": "36064",
        "Total Lag": "0.5186556",
        "Create Lag": "0.3623522",
        "Process Lag": "0.1563034"
      },
      {
        "Direction": "Terminating",
        "Destination": "Saggart",
        "Time": "00:07:29",
        "AVLS": "00:08:09",
        "Tram": "3015",
        "Action": "a",
        "Msg Sent": "16/10/2019 21:49:57",
        "Msg Received": "16/10/2019 21:49:57",
        "Msg Processed": "16/10/2019 21:49:57",
        "XML ID": "36064",
        "Total Lag": "0.5186556",
        "Create Lag": "0.3623522",
        "Process Lag": "0.1563034"
      },
      {
        "Direction": "Terminating",
        "Destination": "Saggart",
        "Time": "00:16:24",
        "AVLS": "00:17:04",
        "Tram": "3018",
        "Action": "a",
        "Msg Sent": "16/10/2019 21:49:57",
        "Msg Received": "16/10/2019 21:49:57",
        "Msg Processed": "16/10/2019 21:49:57",
        "XML ID": "36064",
        "Total Lag": "0.5972014",
        "Create Lag": "0.3623522",
        "Process Lag": "0.2348492"
      }
    ]
  },
  {
    "stopID": "51",
    "stopQueryTime": 1571259001165,
    "count": 3,
    "results": [
      {
        "Direction": "Inbound",
        "Destination": "Belgard",
        "Time": "00:06:04",
        "AVLS": "00:06:44",
        "Tram": "3011",
        "Action": "a",
        "Msg Sent": "16/10/2019 21:49:57",
        "Msg Received": "16/10/2019 21:49:57",
        "Msg Processed": "16/10/2019 21:49:57",
        "XML ID": "36064",
        "Total Lag": "0.44048",
        "Create Lag": "0.3623522",
        "Process Lag": "0.0781278"
      },
      {
        "Direction": "Outbound",
        "Destination": "Saggart",
        "Time": "00:03:59",
        "AVLS": "00:04:39",
        "Tram": "3015",
        "Action": "a",
        "Msg Sent": "16/10/2019 21:49:57",
        "Msg Received": "16/10/2019 21:49:57",
        "Msg Processed": "16/10/2019 21:49:57",
        "XML ID": "36064",
        "Total Lag": "0.5030169",
        "Create Lag": "0.3623522",
        "Process Lag": "0.1406647"
      },
      {
        "Direction": "Outbound",
        "Destination": "Saggart",
        "Time": "00:12:54",
        "AVLS": "00:13:34",
        "Tram": "3018",
        "Action": "a",
        "Msg Sent": "16/10/2019 21:49:57",
        "Msg Received": "16/10/2019 21:49:57",
        "Msg Processed": "16/10/2019 21:49:57",
        "XML ID": "36064",
        "Total Lag": "0.5815668",
        "Create Lag": "0.3623522",
        "Process Lag": "0.2192146"
      }
    ]
  },
  {
    "stopID": "40",
    "stopQueryTime": 1571259001173,
    "count": 3,
    "results": [
      {
        "Direction": "Inbound",
        "Destination": "Broombridge",
        "Time": "00:05:04",
        "AVLS": "00:05:44",
        "Tram": "5010",
        "Action": "a",
        "Msg Sent": "16/10/2019 21:49:57",
        "Msg Received": "16/10/2019 21:49:57",
        "Msg Processed": "16/10/2019 21:49:57",
        "XML ID": "36065",
        "Total Lag": "0.8472012",
        "Create Lag": "0.6284565",
        "Process Lag": "0.2187447"
      },
      {
        "Direction": "Outbound",
        "Destination": "Bride's Glen",
        "Time": "00:02:45",
        "AVLS": "00:03:25",
        "Tram": "5030",
        "Action": "a",
        "Msg Sent": "16/10/2019 21:49:59",
        "Msg Received": "16/10/2019 21:49:59",
        "Msg Processed": "16/10/2019 21:49:59",
        "XML ID": "36066",
        "Total Lag": "0.5034563",
        "Create Lag": "0.472199",
        "Process Lag": "0.0312573"
      },
      {
        "Direction": "Outbound",
        "Destination": "Bride's Glen",
        "Time": "00:17:41",
        "AVLS": "00:18:21",
        "Tram": "5002",
        "Action": "a",
        "Msg Sent": "16/10/2019 21:49:57",
        "Msg Received": "16/10/2019 21:49:57",
        "Msg Processed": "16/10/2019 21:49:57",
        "XML ID": "36065",
        "Total Lag": "0.7691001",
        "Create Lag": "0.6284565",
        "Process Lag": "0.1406436"
      }
    ]
  },
  {
    "stopID": "34",
    "stopQueryTime": 1571259001177,
    "count": 5,
    "results": [
      {
        "Direction": "Inbound",
        "Destination": "Broombridge",
        "Time": "00:01:09",
        "AVLS": "00:01:49",
        "Tram": "5013",
        "Action": "a",
        "Msg Sent": "16/10/2019 21:49:57",
        "Msg Received": "16/10/2019 21:49:57",
        "Msg Processed": "16/10/2019 21:49:57",
        "XML ID": "36065",
        "Total Lag": "0.9097109",
        "Create Lag": "0.6284565",
        "Process Lag": "0.2812544"
      },
      {
        "Direction": "Inbound",
        "Destination": "Broombridge",
        "Time": "00:15:48",
        "AVLS": "00:16:28",
        "Tram": "5010",
        "Action": "a",
        "Msg Sent": "16/10/2019 21:49:57",
        "Msg Received": "16/10/2019 21:49:57",
        "Msg Processed": "16/10/2019 21:49:57",
        "XML ID": "36065",
        "Total Lag": "0.8628262",
        "Create Lag": "0.6284565",
        "Process Lag": "0.2343697"
      },
      {
        "Direction": "Outbound",
        "Destination": "Sandyford",
        "Time": "00:00:00",
        "AVLS": "00:00:28",
        "Tram": "5027",
        "Action": "a",
        "Msg Sent": "16/10/2019 21:49:57",
        "Msg Received": "16/10/2019 21:49:57",
        "Msg Processed": "16/10/2019 21:49:58",
        "XML ID": "36065",
        "Total Lag": "1.0659487",
        "Create Lag": "0.6284565",
        "Process Lag": "0.4374922"
      },
      {
        "Direction": "Outbound",
        "Destination": "Bride's Glen",
        "Time": "00:07:27",
        "AVLS": "00:08:07",
        "Tram": "5002",
        "Action": "a",
        "Msg Sent": "16/10/2019 21:49:57",
        "Msg Received": "16/10/2019 21:49:57",
        "Msg Processed": "16/10/2019 21:49:57",
        "XML ID": "36065",
        "Total Lag": "0.7378314",
        "Create Lag": "0.6284565",
        "Process Lag": "0.1093749"
      },
      {
        "Direction": "Outbound",
        "Destination": "Sandyford",
        "Time": "00:16:09",
        "AVLS": "00:16:49",
        "Tram": "5023",
        "Action": "a",
        "Msg Sent": "16/10/2019 21:49:57",
        "Msg Received": "16/10/2019 21:49:57",
        "Msg Processed": "16/10/2019 21:49:58",
        "XML ID": "36065",
        "Total Lag": "1.0659487",
        "Create Lag": "0.6284565",
        "Process Lag": "0.4374922"
      }
    ]
  },
  {
    "stopID": "29",
    "stopQueryTime": 1571259001182,
    "count": 4,
    "results": [
      {
        "Direction": "Inbound",
        "Destination": "Broombridge",
        "Time": "00:10:05",
        "AVLS": "00:10:45",
        "Tram": "5013",
        "Action": "a",
        "Msg Sent": "16/10/2019 21:49:57",
        "Msg Received": "16/10/2019 21:49:57",
        "Msg Processed": "16/10/2019 21:49:57",
        "XML ID": "36065",
        "Total Lag": "0.9409491",
        "Create Lag": "0.6284565",
        "Process Lag": "0.3124926"
      },
      {
        "Direction": "Outbound",
        "Destination": "Bride's Glen",
        "Time": "00:00:00",
        "AVLS": "00:00:00",
        "Tram": "5002",
        "Action": "a",
        "Msg Sent": "16/10/2019 21:49:32",
        "Msg Received": "16/10/2019 21:49:32",
        "Msg Processed": "16/10/2019 21:49:32",
        "XML ID": "36055",
        "Total Lag": "0.3934351",
        "Create Lag": "0.362182",
        "Process Lag": "0.0312531"
      },
      {
        "Direction": "Outbound",
        "Destination": "Sandyford",
        "Time": "00:07:37",
        "AVLS": "00:08:17",
        "Tram": "5023",
        "Action": "a",
        "Msg Sent": "16/10/2019 21:49:57",
        "Msg Received": "16/10/2019 21:49:57",
        "Msg Processed": "16/10/2019 21:49:58",
        "XML ID": "36065",
        "Total Lag": "1.0346964",
        "Create Lag": "0.6284565",
        "Process Lag": "0.4062399"
      },
      {
        "Direction": "Outbound",
        "Destination": "Bride's Glen",
        "Time": "00:13:33",
        "AVLS": "00:14:13",
        "Tram": "5028",
        "Action": "a",
        "Msg Sent": "16/10/2019 21:49:57",
        "Msg Received": "16/10/2019 21:49:57",
        "Msg Processed": "16/10/2019 21:49:58",
        "XML ID": "36065",
        "Total Lag": "1.0972265",
        "Create Lag": "0.6284565",
        "Process Lag": "0.46877"
      }
    ]
  },
  {
    "stopID": "55",
    "stopQueryTime": 1571259001185,
    "count": 4,
    "results": [
      {
        "Direction": "Inbound",
        "Destination": "The Point",
        "Time": "00:00:00",
        "AVLS": "00:00:26",
        "Tram": "4002",
        "Action": "a",
        "Msg Sent": "16/10/2019 21:49:57",
        "Msg Received": "16/10/2019 21:49:57",
        "Msg Processed": "16/10/2019 21:49:57",
        "XML ID": "36064",
        "Total Lag": "0.64408",
        "Create Lag": "0.3623522",
        "Process Lag": "0.2817278"
      },
      {
        "Direction": "Inbound",
        "Destination": "The Point",
        "Time": "00:11:54",
        "AVLS": "00:12:34",
        "Tram": "3002",
        "Action": "a",
        "Msg Sent": "16/10/2019 21:49:59",
        "Msg Received": "16/10/2019 21:49:59",
        "Msg Processed": "16/10/2019 21:49:59",
        "XML ID": "36066",
        "Total Lag": "0.5503237",
        "Create Lag": "0.472199",
        "Process Lag": "0.0781247"
      },
      {
        "Direction": "Outbound",
        "Destination": "Tallaght",
        "Time": "00:06:32",
        "AVLS": "00:07:12",
        "Tram": "4006",
        "Action": "a",
        "Msg Sent": "16/10/2019 21:49:57",
        "Msg Received": "16/10/2019 21:49:57",
        "Msg Processed": "16/10/2019 21:49:57",
        "XML ID": "36064",
        "Total Lag": "0.6596981",
        "Create Lag": "0.3623522",
        "Process Lag": "0.2973459"
      },
      {
        "Direction": "Outbound",
        "Destination": "Tallaght",
        "Time": "00:18:32",
        "AVLS": "00:19:12",
        "Tram": "4002",
        "Action": "a",
        "Msg Sent": "16/10/2019 21:49:57",
        "Msg Received": "16/10/2019 21:49:57",
        "Msg Processed": "16/10/2019 21:49:57",
        "XML ID": "36064",
        "Total Lag": "0.6596981",
        "Create Lag": "0.3623522",
        "Process Lag": "0.2973459"
      }
    ]
  },
  {
    "stopID": "56",
    "stopQueryTime": 1571259001187,
    "count": 4,
    "results": [
      {
        "Direction": "Inbound",
        "Destination": "The Point",
        "Time": "00:01:25",
        "AVLS": "00:02:05",
        "Tram": "4002",
        "Action": "a",
        "Msg Sent": "16/10/2019 21:49:57",
        "Msg Received": "16/10/2019 21:49:57",
        "Msg Processed": "16/10/2019 21:49:57",
        "XML ID": "36064",
        "Total Lag": "0.64408",
        "Create Lag": "0.3623522",
        "Process Lag": "0.2817278"
      },
      {
        "Direction": "Inbound",
        "Destination": "The Point",
        "Time": "00:13:33",
        "AVLS": "00:14:13",
        "Tram": "3002",
        "Action": "a",
        "Msg Sent": "16/10/2019 21:49:59",
        "Msg Received": "16/10/2019 21:49:59",
        "Msg Processed": "16/10/2019 21:49:59",
        "XML ID": "36066",
        "Total Lag": "0.5503237",
        "Create Lag": "0.472199",
        "Process Lag": "0.0781247"
      },
      {
        "Direction": "Outbound",
        "Destination": "Tallaght",
        "Time": "00:04:33",
        "AVLS": "00:05:13",
        "Tram": "4006",
        "Action": "a",
        "Msg Sent": "16/10/2019 21:49:57",
        "Msg Received": "16/10/2019 21:49:57",
        "Msg Processed": "16/10/2019 21:49:57",
        "XML ID": "36064",
        "Total Lag": "0.6596981",
        "Create Lag": "0.3623522",
        "Process Lag": "0.2973459"
      },
      {
        "Direction": "Outbound",
        "Destination": "Tallaght",
        "Time": "00:16:33",
        "AVLS": "00:17:13",
        "Tram": "4002",
        "Action": "a",
        "Msg Sent": "16/10/2019 21:49:57",
        "Msg Received": "16/10/2019 21:49:57",
        "Msg Processed": "16/10/2019 21:49:57",
        "XML ID": "36064",
        "Total Lag": "0.6596981",
        "Create Lag": "0.3623522",
        "Process Lag": "0.2973459"
      }
    ]
  },
  {
    "stopID": "4",
    "stopQueryTime": 1571259001190,
    "count": 6,
    "results": [
      {
        "Direction": "Inbound",
        "Destination": "The Point",
        "Time": "00:01:51",
        "AVLS": "00:02:31",
        "Tram": "3012",
        "Action": "a",
        "Msg Sent": "16/10/2019 21:49:57",
        "Msg Received": "16/10/2019 21:49:57",
        "Msg Processed": "16/10/2019 21:49:57",
        "XML ID": "36064",
        "Total Lag": "0.4561058",
        "Create Lag": "0.3623522",
        "Process Lag": "0.0937536"
      },
      {
        "Direction": "Inbound",
        "Destination": "The Point",
        "Time": "00:15:24",
        "AVLS": "00:16:04",
        "Tram": "3016",
        "Action": "a",
        "Msg Sent": "16/10/2019 21:49:57",
        "Msg Received": "16/10/2019 21:49:57",
        "Msg Processed": "16/10/2019 21:49:57",
        "XML ID": "36064",
        "Total Lag": "0.534278",
        "Create Lag": "0.3623522",
        "Process Lag": "0.1719258"
      },
      {
        "Direction": "Outbound",
        "Destination": "Tallaght",
        "Time": "00:03:20",
        "AVLS": "00:04:00",
        "Tram": "3014",
        "Action": "a",
        "Msg Sent": "16/10/2019 21:49:57",
        "Msg Received": "16/10/2019 21:49:57",
        "Msg Processed": "16/10/2019 21:49:57",
        "XML ID": "36064",
        "Total Lag": "0.4873539",
        "Create Lag": "0.3623522",
        "Process Lag": "0.1250017"
      },
      {
        "Direction": "Outbound",
        "Destination": "Saggart",
        "Time": "00:05:54",
        "AVLS": "00:06:34",
        "Tram": "3018",
        "Action": "a",
        "Msg Sent": "16/10/2019 21:49:57",
        "Msg Received": "16/10/2019 21:49:57",
        "Msg Processed": "16/10/2019 21:49:57",
        "XML ID": "36064",
        "Total Lag": "0.5655243",
        "Create Lag": "0.3623522",
        "Process Lag": "0.2031721"
      },
      {
        "Direction": "Outbound",
        "Destination": "Tallaght",
        "Time": "00:11:43",
        "AVLS": "00:12:23",
        "Tram": "3017",
        "Action": "a",
        "Msg Sent": "16/10/2019 21:49:57",
        "Msg Received": "16/10/2019 21:49:57",
        "Msg Processed": "16/10/2019 21:49:57",
        "XML ID": "36064",
        "Total Lag": "0.5499028",
        "Create Lag": "0.3623522",
        "Process Lag": "0.1875506"
      },
      {
        "Direction": "Outbound",
        "Destination": "Saggart",
        "Time": "00:16:54",
        "AVLS": "00:17:34",
        "Tram": "3011",
        "Action": "a",
        "Msg Sent": "16/10/2019 21:49:57",
        "Msg Received": "16/10/2019 21:49:57",
        "Msg Processed": "16/10/2019 21:49:57",
        "XML ID": "36064",
        "Total Lag": "0.4561058",
        "Create Lag": "0.3623522",
        "Process Lag": "0.0937536"
      }
    ]
  },
  {
    "stopID": "35",
    "stopQueryTime": 1571259001202,
    "count": 6,
    "results": [
      {
        "Direction": "Inbound",
        "Destination": "Broombridge",
        "Time": "00:00:00",
        "AVLS": "00:00:00",
        "Tram": "5013",
        "Action": "a",
        "Msg Sent": "16/10/2019 21:49:47",
        "Msg Received": "16/10/2019 21:49:47",
        "Msg Processed": "16/10/2019 21:49:47",
        "XML ID": "36060",
        "Total Lag": "0.3465939",
        "Create Lag": "0.3465939",
        "Process Lag": "0"
      },
      {
        "Direction": "Inbound",
        "Destination": "Broombridge",
        "Time": "00:13:48",
        "AVLS": "00:14:28",
        "Tram": "5010",
        "Action": "a",
        "Msg Sent": "16/10/2019 21:49:57",
        "Msg Received": "16/10/2019 21:49:57",
        "Msg Processed": "16/10/2019 21:49:57",
        "XML ID": "36065",
        "Total Lag": "0.8628262",
        "Create Lag": "0.6284565",
        "Process Lag": "0.2343697"
      },
      {
        "Direction": "Outbound",
        "Destination": "Sandyford",
        "Time": "00:00:00",
        "AVLS": "00:00:19",
        "Tram": "5006",
        "Action": "a",
        "Msg Sent": "16/10/2019 21:49:57",
        "Msg Received": "16/10/2019 21:49:57",
        "Msg Processed": "16/10/2019 21:49:57",
        "XML ID": "36065",
        "Total Lag": "0.7847808",
        "Create Lag": "0.6284565",
        "Process Lag": "0.1563243"
      },
      {
        "Direction": "Outbound",
        "Destination": "Sandyford",
        "Time": "00:01:27",
        "AVLS": "00:02:07",
        "Tram": "5027",
        "Action": "a",
        "Msg Sent": "16/10/2019 21:49:57",
        "Msg Received": "16/10/2019 21:49:57",
        "Msg Processed": "16/10/2019 21:49:58",
        "XML ID": "36065",
        "Total Lag": "1.0659487",
        "Create Lag": "0.6284565",
        "Process Lag": "0.4374922"
      },
      {
        "Direction": "Outbound",
        "Destination": "Bride's Glen",
        "Time": "00:09:06",
        "AVLS": "00:09:46",
        "Tram": "5002",
        "Action": "a",
        "Msg Sent": "16/10/2019 21:49:57",
        "Msg Received": "16/10/2019 21:49:57",
        "Msg Processed": "16/10/2019 21:49:57",
        "XML ID": "36065",
        "Total Lag": "0.7378314",
        "Create Lag": "0.6284565",
        "Process Lag": "0.1093749"
      },
      {
        "Direction": "Outbound",
        "Destination": "Sandyford",
        "Time": "00:17:48",
        "AVLS": "00:18:28",
        "Tram": "5023",
        "Action": "a",
        "Msg Sent": "16/10/2019 21:49:57",
        "Msg Received": "16/10/2019 21:49:57",
        "Msg Processed": "16/10/2019 21:49:58",
        "XML ID": "36065",
        "Total Lag": "1.0659487",
        "Create Lag": "0.6284565",
        "Process Lag": "0.4374922"
      }
    ]
  }
]