[
  {
    "stopID": "23",
    "stopQueryTime": 1571258460745,
    "count": 0,
    "results": []
  },
  {
    "stopID": "16",
    "stopQueryTime": 1571258460781,
    "count": 2,
    "results": [
      {
        "Direction": "Inbound",
        "Destination": "The Point",
        "Time": "00:03:19",
        "AVLS": "00:03:59",
        "Tram": "3002",
        "Action": "a",
        "Msg Sent": "16/10/2019 21:40:56",
        "Msg Received": "16/10/2019 21:40:57",
        "Msg Processed": "16/10/2019 21:40:57",
        "XML ID": "35828",
        "Total Lag": "1.0034144",
        "Create Lag": "1.0034144",
        "Process Lag": "0"
      },
      {
        "Direction": "Outbound",
        "Destination": "Tallaght",
        "Time": "00:07:46",
        "AVLS": "00:08:26",
        "Tram": "4009",
        "Action": "a",
        "Msg Sent": "16/10/2019 21:40:56",
        "Msg Received": "16/10/2019 21:40:57",
        "Msg Processed": "16/10/2019 21:40:57",
        "XML ID": "35828",
        "Total Lag": "1.3627888",
        "Create Lag": "1.0034144",
        "Process Lag": "0.3593744"
      }
    ]
  },
  {
    "stopID": "10",
    "stopQueryTime": 1571258460794,
    "count": 3,
    "results": [
      {
        "Direction": "Inbound",
        "Destination": "The Point",
        "Time": "00:11:35",
        "AVLS": "00:12:15",
        "Tram": "3025",
        "Action": "a",
        "Msg Sent": "16/10/2019 21:40:56",
        "Msg Received": "16/10/2019 21:40:57",
        "Msg Processed": "16/10/2019 21:40:57",
        "XML ID": "35828",
        "Total Lag": "1.3002991",
        "Create Lag": "1.0034144",
        "Process Lag": "0.2968847"
      },
      {
        "Direction": "Outbound",
        "Destination": "Tallaght",
        "Time": "00:07:05",
        "AVLS": "00:07:45",
        "Tram": "3017",
        "Action": "a",
        "Msg Sent": "16/10/2019 21:40:56",
        "Msg Received": "16/10/2019 21:40:57",
        "Msg Processed": "16/10/2019 21:40:57",
        "XML ID": "35828",
        "Total Lag": "1.2378033",
        "Create Lag": "1.0034144",
        "Process Lag": "0.2343889"
      },
      {
        "Direction": "Outbound",
        "Destination": "Tallaght",
        "Time": "00:17:38",
        "AVLS": "00:18:18",
        "Tram": "4009",
        "Action": "a",
        "Msg Sent": "16/10/2019 21:40:56",
        "Msg Received": "16/10/2019 21:40:57",
        "Msg Processed": "16/10/2019 21:40:57",
        "XML ID": "35829",
        "Total Lag": "1.3940413",
        "Create Lag": "1.3315415",
        "Process Lag": "0.0624998"
      }
    ]
  },
  {
    "stopID": "7",
    "stopQueryTime": 1571258460797,
    "count": 3,
    "results": [
      {
        "Direction": "Inbound",
        "Destination": "The Point",
        "Time": "00:06:41",
        "AVLS": "00:07:21",
        "Tram": "3025",
        "Action": "a",
        "Msg Sent": "16/10/2019 21:40:56",
        "Msg Received": "16/10/2019 21:40:57",
        "Msg Processed": "16/10/2019 21:40:57",
        "XML ID": "35828",
        "Total Lag": "1.2846692",
        "Create Lag": "1.0034144",
        "Process Lag": "0.2812548"
      },
      {
        "Direction": "Outbound",
        "Destination": "Tallaght",
        "Time": "00:02:40",
        "AVLS": "00:03:20",
        "Tram": "3014",
        "Action": "a",
        "Msg Sent": "16/10/2019 21:40:56",
        "Msg Received": "16/10/2019 21:40:57",
        "Msg Processed": "16/10/2019 21:40:57",
        "XML ID": "35828",
        "Total Lag": "1.1440413",
        "Create Lag": "1.0034144",
        "Process Lag": "0.1406269"
      },
      {
        "Direction": "Outbound",
        "Destination": "Tallaght",
        "Time": "00:12:10",
        "AVLS": "00:12:50",
        "Tram": "3017",
        "Action": "a",
        "Msg Sent": "16/10/2019 21:40:56",
        "Msg Received": "16/10/2019 21:40:57",
        "Msg Processed": "16/10/2019 21:40:57",
        "XML ID": "35828",
        "Total Lag": "1.2378033",
        "Create Lag": "1.0034144",
        "Process Lag": "0.2343889"
      }
    ]
  },
  {
    "stopID": "9",
    "stopQueryTime": 1571258460802,
    "count": 3,
    "results": [
      {
        "Direction": "Inbound",
        "Destination": "The Point",
        "Time": "00:10:21",
        "AVLS": "00:11:01",
        "Tram": "3025",
        "Action": "a",
        "Msg Sent": "16/10/2019 21:40:56",
        "Msg Received": "16/10/2019 21:40:57",
        "Msg Processed": "16/10/2019 21:40:57",
        "XML ID": "35828",
        "Total Lag": "1.2846692",
        "Create Lag": "1.0034144",
        "Process Lag": "0.2812548"
      },
      {
        "Direction": "Outbound",
        "Destination": "Tallaght",
        "Time": "00:08:21",
        "AVLS": "00:09:01",
        "Tram": "3017",
        "Action": "a",
        "Msg Sent": "16/10/2019 21:40:56",
        "Msg Received": "16/10/2019 21:40:57",
        "Msg Processed": "16/10/2019 21:40:57",
        "XML ID": "35828",
        "Total Lag": "1.2378033",
        "Create Lag": "1.0034144",
        "Process Lag": "0.2343889"
      },
      {
        "Direction": "Outbound",
        "Destination": "Tallaght",
        "Time": "00:18:54",
        "AVLS": "00:19:34",
        "Tram": "4009",
        "Action": "a",
        "Msg Sent": "16/10/2019 21:40:56",
        "Msg Received": "16/10/2019 21:40:57",
        "Msg Processed": "16/10/2019 21:40:57",
        "XML ID": "35829",
        "Total Lag": "1.3940413",
        "Create Lag": "1.3315415",
        "Process Lag": "0.0624998"
      }
    ]
  },
  {
    "stopID": "58",
    "stopQueryTime": 1571258460804,
    "count": 0,
    "results": []
  },
  {
    "stopID": "36",
    "stopQueryTime": 1571258460812,
    "count": 2,
    "results": [
      {
        "Direction": "Inbound",
        "Destination": "Broombridge",
        "Time": "00:05:50",
        "AVLS": "00:06:30",
        "Tram": "5013",
        "Action": "a",
        "Msg Sent": "16/10/2019 21:40:56",
        "Msg Received": "16/10/2019 21:40:57",
        "Msg Processed": "16/10/2019 21:40:57",
        "XML ID": "35829",
        "Total Lag": "1.5971714",
        "Create Lag": "1.3315415",
        "Process Lag": "0.2656299"
      },
      {
        "Direction": "Outbound",
        "Destination": "Bride's Glen",
        "Time": "00:02:28",
        "AVLS": "00:03:08",
        "Tram": "5030",
        "Action": "a",
        "Msg Sent": "16/10/2019 21:40:59",
        "Msg Received": "16/10/2019 21:40:59",
        "Msg Processed": "16/10/2019 21:40:59",
        "XML ID": "35830",
        "Total Lag": "0.7071909",
        "Create Lag": "0.6134335",
        "Process Lag": "0.0937574"
      }
    ]
  },
  {
    "stopID": "3",
    "stopQueryTime": 1571258460815,
    "count": 3,
    "results": [
      {
        "Direction": "Inbound",
        "Destination": "The Point",
        "Time": "00:08:16",
        "AVLS": "00:08:56",
        "Tram": "3012",
        "Action": "a",
        "Msg Sent": "16/10/2019 21:40:56",
        "Msg Received": "16/10/2019 21:40:57",
        "Msg Processed": "16/10/2019 21:40:57",
        "XML ID": "35828",
        "Total Lag": "1.1284182",
        "Create Lag": "1.0034144",
        "Process Lag": "0.1250038"
      },
      {
        "Direction": "Outbound",
        "Destination": "Tallaght",
        "Time": "00:05:11",
        "AVLS": "00:05:51",
        "Tram": "3016",
        "Action": "a",
        "Msg Sent": "16/10/2019 21:40:56",
        "Msg Received": "16/10/2019 21:40:57",
        "Msg Processed": "16/10/2019 21:40:57",
        "XML ID": "35828",
        "Total Lag": "1.1909259",
        "Create Lag": "1.0034144",
        "Process Lag": "0.1875115"
      },
      {
        "Direction": "Outbound",
        "Destination": "Tallaght",
        "Time": "00:14:02",
        "AVLS": "00:14:42",
        "Tram": "3014",
        "Action": "a",
        "Msg Sent": "16/10/2019 21:40:56",
        "Msg Received": "16/10/2019 21:40:57",
        "Msg Processed": "16/10/2019 21:40:57",
        "XML ID": "35828",
        "Total Lag": "1.1596644",
        "Create Lag": "1.0034144",
        "Process Lag": "0.15625"
      }
    ]
  },
  {
    "stopID": "11",
    "stopQueryTime": 1571258460819,
    "count": 3,
    "results": [
      {
        "Direction": "Inbound",
        "Destination": "The Point",
        "Time": "00:12:30",
        "AVLS": "00:13:10",
        "Tram": "3025",
        "Action": "a",
        "Msg Sent": "16/10/2019 21:40:56",
        "Msg Received": "16/10/2019 21:40:57",
        "Msg Processed": "16/10/2019 21:40:57",
        "XML ID": "35828",
        "Total Lag": "1.3002991",
        "Create Lag": "1.0034144",
        "Process Lag": "0.2968847"
      },
      {
        "Direction": "Outbound",
        "Destination": "Tallaght",
        "Time": "00:06:09",
        "AVLS": "00:06:49",
        "Tram": "3017",
        "Action": "a",
        "Msg Sent": "16/10/2019 21:40:56",
        "Msg Received": "16/10/2019 21:40:57",
        "Msg Processed": "16/10/2019 21:40:57",
        "XML ID": "35828",
        "Total Lag": "1.2221826",
        "Create Lag": "1.0034144",
        "Process Lag": "0.2187682"
      },
      {
        "Direction": "Outbound",
        "Destination": "Tallaght",
        "Time": "00:16:42",
        "AVLS": "00:17:22",
        "Tram": "4009",
        "Action": "a",
        "Msg Sent": "16/10/2019 21:40:56",
        "Msg Received": "16/10/2019 21:40:57",
        "Msg Processed": "16/10/2019 21:40:57",
        "XML ID": "35829",
        "Total Lag": "1.3784175",
        "Create Lag": "1.3315415",
        "Process Lag": "0.046876"
      }
    ]
  },
  {
    "stopID": "8",
    "stopQueryTime": 1571258460821,
    "count": 3,
    "results": [
      {
        "Direction": "Inbound",
        "Destination": "The Point",
        "Time": "00:08:12",
        "AVLS": "00:08:52",
        "Tram": "3025",
        "Action": "a",
        "Msg Sent": "16/10/2019 21:40:56",
        "Msg Received": "16/10/2019 21:40:57",
        "Msg Processed": "16/10/2019 21:40:57",
        "XML ID": "35828",
        "Total Lag": "1.2846692",
        "Create Lag": "1.0034144",
        "Process Lag": "0.2812548"
      },
      {
        "Direction": "Outbound",
        "Destination": "Tallaght",
        "Time": "00:01:06",
        "AVLS": "00:01:46",
        "Tram": "3014",
        "Action": "a",
        "Msg Sent": "16/10/2019 21:40:56",
        "Msg Received": "16/10/2019 21:40:57",
        "Msg Processed": "16/10/2019 21:40:57",
        "XML ID": "35828",
        "Total Lag": "1.1440413",
        "Create Lag": "1.0034144",
        "Process Lag": "0.1406269"
      },
      {
        "Direction": "Outbound",
        "Destination": "Tallaght",
        "Time": "00:10:36",
        "AVLS": "00:11:16",
        "Tram": "3017",
        "Action": "a",
        "Msg Sent": "16/10/2019 21:40:56",
        "Msg Received": "16/10/2019 21:40:57",
        "Msg Processed": "16/10/2019 21:40:57",
        "XML ID": "35828",
        "Total Lag": "1.2378033",
        "Create Lag": "1.0034144",
        "Process Lag": "0.2343889"
      }
    ]
  },
  {
    "stopID": "19",
    "stopQueryTime": 1571258460830,
    "count": 3,
    "results": [
      {
        "Direction": "Inbound",
        "Destination": "The Point",
        "Time": "00:09:23",
        "AVLS": "00:10:03",
        "Tram": "3002",
        "Action": "a",
        "Msg Sent": "16/10/2019 21:40:56",
        "Msg Received": "16/10/2019 21:40:57",
        "Msg Processed": "16/10/2019 21:40:57",
        "XML ID": "35828",
        "Total Lag": "1.0190424",
        "Create Lag": "1.0034144",
        "Process Lag": "0.015628"
      },
      {
        "Direction": "Outbound",
        "Destination": "Tallaght",
        "Time": "00:02:22",
        "AVLS": "00:03:02",
        "Tram": "4009",
        "Action": "a",
        "Msg Sent": "16/10/2019 21:40:56",
        "Msg Received": "16/10/2019 21:40:57",
        "Msg Processed": "16/10/2019 21:40:57",
        "XML ID": "35828",
        "Total Lag": "1.3627888",
        "Create Lag": "1.0034144",
        "Process Lag": "0.3593744"
      },
      {
        "Direction": "Outbound",
        "Destination": "Tallaght",
        "Time": "00:15:00",
        "AVLS": "00:15:40",
        "Tram": "3009",
        "Action": "a",
        "Msg Sent": "16/10/2019 21:40:56",
        "Msg Received": "16/10/2019 21:40:57",
        "Msg Processed": "16/10/2019 21:40:57",
        "XML ID": "35828",
        "Total Lag": "1.0659185",
        "Create Lag": "1.0034144",
        "Process Lag": "0.0625041"
      }
    ]
  },
  {
    "stopID": "13",
    "stopQueryTime": 1571258460841,
    "count": 3,
    "results": [
      {
        "Direction": "Inbound",
        "Destination": "The Point",
        "Time": "00:15:10",
        "AVLS": "00:15:50",
        "Tram": "3025",
        "Action": "a",
        "Msg Sent": "16/10/2019 21:40:56",
        "Msg Received": "16/10/2019 21:40:57",
        "Msg Processed": "16/10/2019 21:40:57",
        "XML ID": "35828",
        "Total Lag": "1.3159377",
        "Create Lag": "1.0034144",
        "Process Lag": "0.3125233"
      },
      {
        "Direction": "Outbound",
        "Destination": "Tallaght",
        "Time": "00:03:23",
        "AVLS": "00:04:03",
        "Tram": "3017",
        "Action": "a",
        "Msg Sent": "16/10/2019 21:40:56",
        "Msg Received": "16/10/2019 21:40:57",
        "Msg Processed": "16/10/2019 21:40:57",
        "XML ID": "35828",
        "Total Lag": "1.2221826",
        "Create Lag": "1.0034144",
        "Process Lag": "0.2187682"
      },
      {
        "Direction": "Outbound",
        "Destination": "Tallaght",
        "Time": "00:13:56",
        "AVLS": "00:14:36",
        "Tram": "4009",
        "Action": "a",
        "Msg Sent": "16/10/2019 21:40:56",
        "Msg Received": "16/10/2019 21:40:57",
        "Msg Processed": "16/10/2019 21:40:57",
        "XML ID": "35828",
        "Total Lag": "1.3784175",
        "Create Lag": "1.0034144",
        "Process Lag": "0.3750031"
      }
    ]
  },
  {
    "stopID": "20",
    "stopQueryTime": 1571258460845,
    "count": 3,
    "results": [
      {
        "Direction": "Inbound",
        "Destination": "The Point",
        "Time": "00:11:33",
        "AVLS": "00:12:13",
        "Tram": "3002",
        "Action": "a",
        "Msg Sent": "16/10/2019 21:40:56",
        "Msg Received": "16/10/2019 21:40:57",
        "Msg Processed": "16/10/2019 21:40:57",
        "XML ID": "35828",
        "Total Lag": "1.0190424",
        "Create Lag": "1.0034144",
        "Process Lag": "0.015628"
      },
      {
        "Direction": "Outbound",
        "Destination": "Tallaght",
        "Time": "00:00:13",
        "AVLS": "00:00:53",
        "Tram": "4009",
        "Action": "a",
        "Msg Sent": "16/10/2019 21:40:56",
        "Msg Received": "16/10/2019 21:40:57",
        "Msg Processed": "16/10/2019 21:40:57",
        "XML ID": "35828",
        "Total Lag": "1.3627888",
        "Create Lag": "1.0034144",
        "Process Lag": "0.3593744"
      },
      {
        "Direction": "Outbound",
        "Destination": "Tallaght",
        "Time": "00:12:51",
        "AVLS": "00:13:31",
        "Tram": "3009",
        "Action": "a",
        "Msg Sent": "16/10/2019 21:40:56",
        "Msg Received": "16/10/2019 21:40:57",
        "Msg Processed": "16/10/2019 21:40:57",
        "XML ID": "35828",
        "Total Lag": "1.0659185",
        "Create Lag": "1.0034144",
        "Process Lag": "0.0625041"
      }
    ]
  },
  {
    "stopID": "12",
    "stopQueryTime": 1571258460849,
    "count": 3,
    "results": [
      {
        "Direction": "Inbound",
        "Destination": "The Point",
        "Time": "00:13:32",
        "AVLS": "00:14:12",
        "Tram": "3025",
        "Action": "a",
        "Msg Sent": "16/10/2019 21:40:56",
        "Msg Received": "16/10/2019 21:40:57",
        "Msg Processed": "16/10/2019 21:40:57",
        "XML ID": "35828",
        "Total Lag": "1.3002991",
        "Create Lag": "1.0034144",
        "Process Lag": "0.2968847"
      },
      {
        "Direction": "Outbound",
        "Destination": "Tallaght",
        "Time": "00:05:04",
        "AVLS": "00:05:44",
        "Tram": "3017",
        "Action": "a",
        "Msg Sent": "16/10/2019 21:40:56",
        "Msg Received": "16/10/2019 21:40:57",
        "Msg Processed": "16/10/2019 21:40:57",
        "XML ID": "35828",
        "Total Lag": "1.2221826",
        "Create Lag": "1.0034144",
        "Process Lag": "0.2187682"
      },
      {
        "Direction": "Outbound",
        "Destination": "Tallaght",
        "Time": "00:15:37",
        "AVLS": "00:16:17",
        "Tram": "4009",
        "Action": "a",
        "Msg Sent": "16/10/2019 21:40:56",
        "Msg Received": "16/10/2019 21:40:57",
        "Msg Processed": "16/10/2019 21:40:57",
        "XML ID": "35828",
        "Total Lag": "1.3784175",
        "Create Lag": "1.0034144",
        "Process Lag": "0.3750031"
      }
    ]
  },
  {
    "stopID": "57",
    "stopQueryTime": 1571258460851,
    "count": 2,
    "results": [
      {
        "Direction": "Outbound",
        "Destination": "Tallaght",
        "Time": "00:00:54",
        "AVLS": "00:01:34",
        "Tram": "3009",
        "Action": "d",
        "Msg Sent": "16/10/2019 21:40:56",
        "Msg Received": "16/10/2019 21:40:57",
        "Msg Processed": "16/10/2019 21:40:57",
        "XML ID": "35828",
        "Total Lag": "1.0346672",
        "Create Lag": "1.0034144",
        "Process Lag": "0.0312528"
      },
      {
        "Direction": "Outbound",
        "Destination": "Tallaght",
        "Time": "00:12:54",
        "AVLS": "00:13:34",
        "Tram": "4006",
        "Action": "d",
        "Msg Sent": "16/10/2019 21:40:56",
        "Msg Received": "16/10/2019 21:40:57",
        "Msg Processed": "16/10/2019 21:40:57",
        "XML ID": "35828",
        "Total Lag": "1.3315415",
        "Create Lag": "1.0034144",
        "Process Lag": "0.3281271"
      }
    ]
  },
  {
    "stopID": "6",
    "stopQueryTime": 1571258460853,
    "count": 4,
    "results": [
      {
        "Direction": "Inbound",
        "Destination": "The Point",
        "Time": "00:02:25",
        "AVLS": "00:03:05",
        "Tram": "3025",
        "Action": "a",
        "Msg Sent": "16/10/2019 21:40:56",
        "Msg Received": "16/10/2019 21:40:57",
        "Msg Processed": "16/10/2019 21:40:57",
        "XML ID": "35828",
        "Total Lag": "1.2690417",
        "Create Lag": "1.0034144",
        "Process Lag": "0.2656273"
      },
      {
        "Direction": "Inbound",
        "Destination": "The Point",
        "Time": "00:16:21",
        "AVLS": "00:17:01",
        "Tram": "3012",
        "Action": "a",
        "Msg Sent": "16/10/2019 21:40:56",
        "Msg Received": "16/10/2019 21:40:57",
        "Msg Processed": "16/10/2019 21:40:57",
        "XML ID": "35828",
        "Total Lag": "1.1284182",
        "Create Lag": "1.0034144",
        "Process Lag": "0.1250038"
      },
      {
        "Direction": "Outbound",
        "Destination": "Tallaght",
        "Time": "00:06:43",
        "AVLS": "00:07:23",
        "Tram": "3014",
        "Action": "a",
        "Msg Sent": "16/10/2019 21:40:56",
        "Msg Received": "16/10/2019 21:40:57",
        "Msg Processed": "16/10/2019 21:40:57",
        "XML ID": "35828",
        "Total Lag": "1.1440413",
        "Create Lag": "1.0034144",
        "Process Lag": "0.1406269"
      },
      {
        "Direction": "Outbound",
        "Destination": "Tallaght",
        "Time": "00:16:13",
        "AVLS": "00:16:53",
        "Tram": "3017",
        "Action": "a",
        "Msg Sent": "16/10/2019 21:40:56",
        "Msg Received": "16/10/2019 21:40:57",
        "Msg Processed": "16/10/2019 21:40:57",
        "XML ID": "35828",
        "Total Lag": "1.2534161",
        "Create Lag": "1.0034144",
        "Process Lag": "0.2500017"
      }
    ]
  },
  {
    "stopID": "2",
    "stopQueryTime": 1571258460859,
    "count": 4,
    "results": [
      {
        "Direction": "Inbound",
        "Destination": "The Point",
        "Time": "00:06:35",
        "AVLS": "00:07:15",
        "Tram": "3012",
        "Action": "a",
        "Msg Sent": "16/10/2019 21:40:56",
        "Msg Received": "16/10/2019 21:40:57",
        "Msg Processed": "16/10/2019 21:40:57",
        "XML ID": "35828",
        "Total Lag": "1.1127926",
        "Create Lag": "1.0034144",
        "Process Lag": "0.1093782"
      },
      {
        "Direction": "Outbound",
        "Destination": "Tallaght",
        "Time": "00:00:00",
        "AVLS": "00:00:00",
        "Tram": "3012",
        "Action": "a",
        "Msg Sent": "16/10/2019 21:40:52",
        "Msg Received": "16/10/2019 21:40:52",
        "Msg Processed": "16/10/2019 21:40:52",
        "XML ID": "35826",
        "Total Lag": "0.534671",
        "Create Lag": "0.534671",
        "Process Lag": "0"
      },
      {
        "Direction": "Outbound",
        "Destination": "Tallaght",
        "Time": "00:06:46",
        "AVLS": "00:07:26",
        "Tram": "3016",
        "Action": "a",
        "Msg Sent": "16/10/2019 21:40:56",
        "Msg Received": "16/10/2019 21:40:57",
        "Msg Processed": "16/10/2019 21:40:57",
        "XML ID": "35828",
        "Total Lag": "1.1909259",
        "Create Lag": "1.0034144",
        "Process Lag": "0.1875115"
      },
      {
        "Direction": "Outbound",
        "Destination": "Tallaght",
        "Time": "00:15:37",
        "AVLS": "00:16:17",
        "Tram": "3014",
        "Action": "a",
        "Msg Sent": "16/10/2019 21:40:56",
        "Msg Received": "16/10/2019 21:40:57",
        "Msg Processed": "16/10/2019 21:40:57",
        "XML ID": "35828",
        "Total Lag": "1.1596644",
        "Create Lag": "1.0034144",
        "Process Lag": "0.15625"
      }
    ]
  },
  {
    "stopID": "48",
    "stopQueryTime": 1571258460869,
    "count": 2,
    "results": [
      {
        "Direction": "Inbound",
        "Destination": "Broombridge",
        "Time": "00:03:22",
        "AVLS": "00:04:02",
        "Tram": "5010",
        "Action": "d",
        "Msg Sent": "16/10/2019 21:40:59",
        "Msg Received": "16/10/2019 21:40:59",
        "Msg Processed": "16/10/2019 21:40:59",
        "XML ID": "35830",
        "Total Lag": "0.7853069",
        "Create Lag": "0.6134335",
        "Process Lag": "0.1718734"
      },
      {
        "Direction": "Inbound",
        "Destination": "Broombridge",
        "Time": "00:18:24",
        "AVLS": "00:19:04",
        "Tram": "5003",
        "Action": "d",
        "Msg Sent": "16/10/2019 21:40:56",
        "Msg Received": "16/10/2019 21:40:57",
        "Msg Processed": "16/10/2019 21:40:57",
        "XML ID": "35829",
        "Total Lag": "1.4565509",
        "Create Lag": "1.3315415",
        "Process Lag": "0.1250094"
      }
    ]
  },
  {
    "stopID": "15",
    "stopQueryTime": 1571258460880,
    "count": 4,
    "results": [
      {
        "Direction": "Inbound",
        "Destination": "The Point",
        "Time": "00:00:44",
        "AVLS": "00:01:24",
        "Tram": "3002",
        "Action": "a",
        "Msg Sent": "16/10/2019 21:40:56",
        "Msg Received": "16/10/2019 21:40:57",
        "Msg Processed": "16/10/2019 21:40:57",
        "XML ID": "35828",
        "Total Lag": "1.0034144",
        "Create Lag": "1.0034144",
        "Process Lag": "0"
      },
      {
        "Direction": "Inbound",
        "Destination": "The Point",
        "Time": "00:17:50",
        "AVLS": "00:18:30",
        "Tram": "3025",
        "Action": "a",
        "Msg Sent": "16/10/2019 21:40:56",
        "Msg Received": "16/10/2019 21:40:57",
        "Msg Processed": "16/10/2019 21:40:57",
        "XML ID": "35828",
        "Total Lag": "1.3159377",
        "Create Lag": "1.0034144",
        "Process Lag": "0.3125233"
      },
      {
        "Direction": "Outbound",
        "Destination": "Tallaght",
        "Time": "00:00:24",
        "AVLS": "00:01:04",
        "Tram": "3017",
        "Action": "a",
        "Msg Sent": "16/10/2019 21:40:56",
        "Msg Received": "16/10/2019 21:40:57",
        "Msg Processed": "16/10/2019 21:40:57",
        "XML ID": "35828",
        "Total Lag": "1.2065413",
        "Create Lag": "1.0034144",
        "Process Lag": "0.2031269"
      },
      {
        "Direction": "Outbound",
        "Destination": "Tallaght",
        "Time": "00:10:57",
        "AVLS": "00:11:37",
        "Tram": "4009",
        "Action": "a",
        "Msg Sent": "16/10/2019 21:40:56",
        "Msg Received": "16/10/2019 21:40:57",
        "Msg Processed": "16/10/2019 21:40:57",
        "XML ID": "35828",
        "Total Lag": "1.3784175",
        "Create Lag": "1.0034144",
        "Process Lag": "0.3750031"
      }
    ]
  },
  {
    "stopID": "5",
    "stopQueryTime": 1571258460884,
    "count": 4,
    "results": [
      {
        "Direction": "Inbound",
        "Destination": "The Point",
        "Time": "00:00:00",
        "AVLS": "00:00:00",
        "Tram": "3025",
        "Action": "a",
        "Msg Sent": "16/10/2019 21:40:55",
        "Msg Received": "16/10/2019 21:40:55",
        "Msg Processed": "16/10/2019 21:40:55",
        "XML ID": "35827",
        "Total Lag": "0.6127982",
        "Create Lag": "0.5346671",
        "Process Lag": "0.0781311"
      },
      {
        "Direction": "Inbound",
        "Destination": "The Point",
        "Time": "00:13:14",
        "AVLS": "00:13:54",
        "Tram": "3012",
        "Action": "a",
        "Msg Sent": "16/10/2019 21:40:56",
        "Msg Received": "16/10/2019 21:40:57",
        "Msg Processed": "16/10/2019 21:40:57",
        "XML ID": "35828",
        "Total Lag": "1.1284182",
        "Create Lag": "1.0034144",
        "Process Lag": "0.1250038"
      },
      {
        "Direction": "Outbound",
        "Destination": "Tallaght",
        "Time": "00:01:07",
        "AVLS": "00:01:47",
        "Tram": "3016",
        "Action": "a",
        "Msg Sent": "16/10/2019 21:40:56",
        "Msg Received": "16/10/2019 21:40:57",
        "Msg Processed": "16/10/2019 21:40:57",
        "XML ID": "35828",
        "Total Lag": "1.1909259",
        "Create Lag": "1.0034144",
        "Process Lag": "0.1875115"
      },
      {
        "Direction": "Outbound",
        "Destination": "Tallaght",
        "Time": "00:09:58",
        "AVLS": "00:10:38",
        "Tram": "3014",
        "Action": "a",
        "Msg Sent": "16/10/2019 21:40:56",
        "Msg Received": "16/10/2019 21:40:57",
        "Msg Processed": "16/10/2019 21:40:57",
        "XML ID": "35828",
        "Total Lag": "1.1440413",
        "Create Lag": "1.0034144",
        "Process Lag": "0.1406269"
      }
    ]
  },
  {
    "stopID": "38",
    "stopQueryTime": 1571258460886,
    "count": 3,
    "results": [
      {
        "Direction": "Inbound",
        "Destination": "Broombridge",
        "Time": "00:01:56",
        "AVLS": "00:02:36",
        "Tram": "5013",
        "Action": "a",
        "Msg Sent": "16/10/2019 21:40:56",
        "Msg Received": "16/10/2019 21:40:57",
        "Msg Processed": "16/10/2019 21:40:57",
        "XML ID": "35829",
        "Total Lag": "1.5815505",
        "Create Lag": "1.3315415",
        "Process Lag": "0.250009"
      },
      {
        "Direction": "Inbound",
        "Destination": "Broombridge",
        "Time": "00:17:28",
        "AVLS": "00:18:08",
        "Tram": "5010",
        "Action": "a",
        "Msg Sent": "16/10/2019 21:40:59",
        "Msg Received": "16/10/2019 21:40:59",
        "Msg Processed": "16/10/2019 21:40:59",
        "XML ID": "35830",
        "Total Lag": "0.8165632",
        "Create Lag": "0.6134335",
        "Process Lag": "0.2031297"
      },
      {
        "Direction": "Outbound",
        "Destination": "Bride's Glen",
        "Time": "00:06:29",
        "AVLS": "00:07:09",
        "Tram": "5030",
        "Action": "a",
        "Msg Sent": "16/10/2019 21:40:59",
        "Msg Received": "16/10/2019 21:40:59",
        "Msg Processed": "16/10/2019 21:40:59",
        "XML ID": "35830",
        "Total Lag": "0.722816",
        "Create Lag": "0.6134335",
        "Process Lag": "0.1093825"
      }
    ]
  },
  {
    "stopID": "17",
    "stopQueryTime": 1571258460890,
    "count": 3,
    "results": [
      {
        "Direction": "Inbound",
        "Destination": "The Point",
        "Time": "00:05:43",
        "AVLS": "00:06:23",
        "Tram": "3002",
        "Action": "a",
        "Msg Sent": "16/10/2019 21:40:56",
        "Msg Received": "16/10/2019 21:40:57",
        "Msg Processed": "16/10/2019 21:40:57",
        "XML ID": "35828",
        "Total Lag": "1.0034144",
        "Create Lag": "1.0034144",
        "Process Lag": "0"
      },
      {
        "Direction": "Outbound",
        "Destination": "Tallaght",
        "Time": "00:05:47",
        "AVLS": "00:06:27",
        "Tram": "4009",
        "Action": "a",
        "Msg Sent": "16/10/2019 21:40:56",
        "Msg Received": "16/10/2019 21:40:57",
        "Msg Processed": "16/10/2019 21:40:57",
        "XML ID": "35828",
        "Total Lag": "1.3627888",
        "Create Lag": "1.0034144",
        "Process Lag": "0.3593744"
      },
      {
        "Direction": "Outbound",
        "Destination": "Tallaght",
        "Time": "00:18:25",
        "AVLS": "00:19:05",
        "Tram": "3009",
        "Action": "a",
        "Msg Sent": "16/10/2019 21:40:56",
        "Msg Received": "16/10/2019 21:40:57",
        "Msg Processed": "16/10/2019 21:40:57",
        "XML ID": "35828",
        "Total Lag": "1.0815413",
        "Create Lag": "1.0034144",
        "Process Lag": "0.0781269"
      }
    ]
  },
  {
    "stopID": "47",
    "stopQueryTime": 1571258460900,
    "count": 3,
    "results": [
      {
        "Direction": "Inbound",
        "Destination": "Broombridge",
        "Time": "00:04:30",
        "AVLS": "00:05:10",
        "Tram": "5010",
        "Action": "a",
        "Msg Sent": "16/10/2019 21:40:59",
        "Msg Received": "16/10/2019 21:40:59",
        "Msg Processed": "16/10/2019 21:40:59",
        "XML ID": "35830",
        "Total Lag": "0.7853069",
        "Create Lag": "0.6134335",
        "Process Lag": "0.1718734"
      },
      {
        "Direction": "Outbound",
        "Destination": "Bride's Glen",
        "Time": "00:11:02",
        "AVLS": "00:11:42",
        "Tram": "5003",
        "Action": "a",
        "Msg Sent": "16/10/2019 21:40:56",
        "Msg Received": "16/10/2019 21:40:57",
        "Msg Processed": "16/10/2019 21:40:57",
        "XML ID": "35829",
        "Total Lag": "1.4565509",
        "Create Lag": "1.3315415",
        "Process Lag": "0.1250094"
      },
      {
        "Direction": "Outbound",
        "Destination": "Bride's Glen",
        "Time": "00:19:16",
        "AVLS": "00:19:56",
        "Tram": "5030",
        "Action": "a",
        "Msg Sent": "16/10/2019 21:40:59",
        "Msg Received": "16/10/2019 21:40:59",
        "Msg Processed": "16/10/2019 21:40:59",
        "XML ID": "35830",
        "Total Lag": "0.7540583",
        "Create Lag": "0.6134335",
        "Process Lag": "0.1406248"
      }
    ]
  },
  {
    "stopID": "37",
    "stopQueryTime": 1571258460902,
    "count": 3,
    "results": [
      {
        "Direction": "Inbound",
        "Destination": "Broombridge",
        "Time": "00:03:26",
        "AVLS": "00:04:06",
        "Tram": "5013",
        "Action": "a",
        "Msg Sent": "16/10/2019 21:40:56",
        "Msg Received": "16/10/2019 21:40:57",
        "Msg Processed": "16/10/2019 21:40:57",
        "XML ID": "35829",
        "Total Lag": "1.5971714",
        "Create Lag": "1.3315415",
        "Process Lag": "0.2656299"
      },
      {
        "Direction": "Inbound",
        "Destination": "Broombridge",
        "Time": "00:18:58",
        "AVLS": "00:19:38",
        "Tram": "5010",
        "Action": "a",
        "Msg Sent": "16/10/2019 21:40:59",
        "Msg Received": "16/10/2019 21:40:59",
        "Msg Processed": "16/10/2019 21:40:59",
        "XML ID": "35830",
        "Total Lag": "0.8321819",
        "Create Lag": "0.6134335",
        "Process Lag": "0.2187484"
      },
      {
        "Direction": "Outbound",
        "Destination": "Bride's Glen",
        "Time": "00:05:01",
        "AVLS": "00:05:41",
        "Tram": "5030",
        "Action": "a",
        "Msg Sent": "16/10/2019 21:40:59",
        "Msg Received": "16/10/2019 21:40:59",
        "Msg Processed": "16/10/2019 21:40:59",
        "XML ID": "35830",
        "Total Lag": "0.7071909",
        "Create Lag": "0.6134335",
        "Process Lag": "0.0937574"
      }
    ]
  },
  {
    "stopID": "18",
    "stopQueryTime": 1571258460905,
    "count": 3,
    "results": [
      {
        "Direction": "Inbound",
        "Destination": "The Point",
        "Time": "00:07:59",
        "AVLS": "00:08:39",
        "Tram": "3002",
        "Action": "a",
        "Msg Sent": "16/10/2019 21:40:56",
        "Msg Received": "16/10/2019 21:40:57",
        "Msg Processed": "16/10/2019 21:40:57",
        "XML ID": "35828",
        "Total Lag": "1.0190424",
        "Create Lag": "1.0034144",
        "Process Lag": "0.015628"
      },
      {
        "Direction": "Outbound",
        "Destination": "Tallaght",
        "Time": "00:03:34",
        "AVLS": "00:04:14",
        "Tram": "4009",
        "Action": "a",
        "Msg Sent": "16/10/2019 21:40:56",
        "Msg Received": "16/10/2019 21:40:57",
        "Msg Processed": "16/10/2019 21:40:57",
        "XML ID": "35828",
        "Total Lag": "1.3627888",
        "Create Lag": "1.0034144",
        "Process Lag": "0.3593744"
      },
      {
        "Direction": "Outbound",
        "Destination": "Tallaght",
        "Time": "00:16:12",
        "AVLS": "00:16:52",
        "Tram": "3009",
        "Action": "a",
        "Msg Sent": "16/10/2019 21:40:56",
        "Msg Received": "16/10/2019 21:40:57",
        "Msg Processed": "16/10/2019 21:40:57",
        "XML ID": "35828",
        "Total Lag": "1.0815413",
        "Create Lag": "1.0034144",
        "Process Lag": "0.0781269"
      }
    ]
  },
  {
    "stopID": "1",
    "stopQueryTime": 1571258460909,
    "count": 5,
    "results": [
      {
        "Direction": "Inbound",
        "Destination": "The Point",
        "Time": "00:05:21",
        "AVLS": "00:06:01",
        "Tram": "3012",
        "Action": "d",
        "Msg Sent": "16/10/2019 21:40:56",
        "Msg Received": "16/10/2019 21:40:57",
        "Msg Processed": "16/10/2019 21:40:57",
        "XML ID": "35828",
        "Total Lag": "1.1127926",
        "Create Lag": "1.0034144",
        "Process Lag": "0.1093782"
      },
      {
        "Direction": "Inbound",
        "Destination": "The Point",
        "Time": "00:18:24",
        "AVLS": "00:19:04",
        "Tram": "3016",
        "Action": "d",
        "Msg Sent": "16/10/2019 21:40:56",
        "Msg Received": "16/10/2019 21:40:57",
        "Msg Processed": "16/10/2019 21:40:57",
        "XML ID": "35828",
        "Total Lag": "1.2065413",
        "Create Lag": "1.0034144",
        "Process Lag": "0.2031269"
      },
      {
        "Direction": "Terminating",
        "Destination": "Tallaght",
        "Time": "00:01:21",
        "AVLS": "00:02:01",
        "Tram": "3012",
        "Action": "a",
        "Msg Sent": "16/10/2019 21:40:56",
        "Msg Received": "16/10/2019 21:40:57",
        "Msg Processed": "16/10/2019 21:40:57",
        "XML ID": "35828",
        "Total Lag": "1.1127926",
        "Create Lag": "1.0034144",
        "Process Lag": "0.1093782"
      },
      {
        "Direction": "Terminating",
        "Destination": "Tallaght",
        "Time": "00:08:52",
        "AVLS": "00:09:32",
        "Tram": "3016",
        "Action": "a",
        "Msg Sent": "16/10/2019 21:40:56",
        "Msg Received": "16/10/2019 21:40:57",
        "Msg Processed": "16/10/2019 21:40:57",
        "XML ID": "35828",
        "Total Lag": "1.2065413",
        "Create Lag": "1.0034144",
        "Process Lag": "0.2031269"
      },
      {
        "Direction": "Terminating",
        "Destination": "Tallaght",
        "Time": "00:17:43",
        "AVLS": "00:18:23",
        "Tram": "3014",
        "Action": "a",
        "Msg Sent": "16/10/2019 21:40:56",
        "Msg Received": "16/10/2019 21:40:57",
        "Msg Processed": "16/10/2019 21:40:57",
        "XML ID": "35828",
        "Total Lag": "1.1596644",
        "Create Lag": "1.0034144",
        "Process Lag": "0.15625"
      }
    ]
  },
  {
    "stopID": "45",
    "stopQueryTime": 1571258460911,
    "count": 3,
    "results": [
      {
        "Direction": "Inbound",
        "Destination": "Broombridge",
        "Time": "00:07:53",
        "AVLS": "00:08:33",
        "Tram": "5010",
        "Action": "a",
        "Msg Sent": "16/10/2019 21:40:59",
        "Msg Received": "16/10/2019 21:40:59",
        "Msg Processed": "16/10/2019 21:40:59",
        "XML ID": "35830",
        "Total Lag": "0.8009324",
        "Create Lag": "0.6134335",
        "Process Lag": "0.1874989"
      },
      {
        "Direction": "Outbound",
        "Destination": "Bride's Glen",
        "Time": "00:07:42",
        "AVLS": "00:08:22",
        "Tram": "5003",
        "Action": "a",
        "Msg Sent": "16/10/2019 21:40:56",
        "Msg Received": "16/10/2019 21:40:57",
        "Msg Processed": "16/10/2019 21:40:57",
        "XML ID": "35829",
        "Total Lag": "1.4409172",
        "Create Lag": "1.3315415",
        "Process Lag": "0.1093757"
      },
      {
        "Direction": "Outbound",
        "Destination": "Bride's Glen",
        "Time": "00:15:56",
        "AVLS": "00:16:36",
        "Tram": "5030",
        "Action": "a",
        "Msg Sent": "16/10/2019 21:40:59",
        "Msg Received": "16/10/2019 21:40:59",
        "Msg Processed": "16/10/2019 21:40:59",
        "XML ID": "35830",
        "Total Lag": "0.7384407",
        "Create Lag": "0.6134335",
        "Process Lag": "0.1250072"
      }
    ]
  },
  {
    "stopID": "43",
    "stopQueryTime": 1571258460919,
    "count": 3,
    "results": [
      {
        "Direction": "Inbound",
        "Destination": "Broombridge",
        "Time": "00:10:26",
        "AVLS": "00:11:06",
        "Tram": "5010",
        "Action": "a",
        "Msg Sent": "16/10/2019 21:40:59",
        "Msg Received": "16/10/2019 21:40:59",
        "Msg Processed": "16/10/2019 21:40:59",
        "XML ID": "35830",
        "Total Lag": "0.8009324",
        "Create Lag": "0.6134335",
        "Process Lag": "0.1874989"
      },
      {
        "Direction": "Outbound",
        "Destination": "Bride's Glen",
        "Time": "00:05:09",
        "AVLS": "00:05:49",
        "Tram": "5003",
        "Action": "a",
        "Msg Sent": "16/10/2019 21:40:56",
        "Msg Received": "16/10/2019 21:40:57",
        "Msg Processed": "16/10/2019 21:40:57",
        "XML ID": "35829",
        "Total Lag": "1.4409172",
        "Create Lag": "1.3315415",
        "Process Lag": "0.1093757"
      },
      {
        "Direction": "Outbound",
        "Destination": "Bride's Glen",
        "Time": "00:13:23",
        "AVLS": "00:14:03",
        "Tram": "5030",
        "Action": "a",
        "Msg Sent": "16/10/2019 21:40:59",
        "Msg Received": "16/10/2019 21:40:59",
        "Msg Processed": "16/10/2019 21:40:59",
        "XML ID": "35830",
        "Total Lag": "0.7384407",
        "Create Lag": "0.6134335",
        "Process Lag": "0.1250072"
      }
    ]
  },
  {
    "stopID": "52",
    "stopQueryTime": 1571258460926,
    "count": 3,
    "results": [
      {
        "Direction": "Inbound",
        "Destination": "Belgard",
        "Time": "00:13:26",
        "AVLS": "00:14:06",
        "Tram": "3011",
        "Action": "a",
        "Msg Sent": "16/10/2019 21:40:56",
        "Msg Received": "16/10/2019 21:40:57",
        "Msg Processed": "16/10/2019 21:40:57",
        "XML ID": "35828",
        "Total Lag": "1.097165",
        "Create Lag": "1.0034144",
        "Process Lag": "0.0937506"
      },
      {
        "Direction": "Outbound",
        "Destination": "Saggart",
        "Time": "00:04:58",
        "AVLS": "00:05:38",
        "Tram": "3011",
        "Action": "a",
        "Msg Sent": "16/10/2019 21:40:56",
        "Msg Received": "16/10/2019 21:40:57",
        "Msg Processed": "16/10/2019 21:40:57",
        "XML ID": "35828",
        "Total Lag": "1.097165",
        "Create Lag": "1.0034144",
        "Process Lag": "0.0937506"
      },
      {
        "Direction": "Outbound",
        "Destination": "Saggart",
        "Time": "00:14:11",
        "AVLS": "00:14:51",
        "Tram": "3015",
        "Action": "a",
        "Msg Sent": "16/10/2019 21:40:56",
        "Msg Received": "16/10/2019 21:40:57",
        "Msg Processed": "16/10/2019 21:40:57",
        "XML ID": "35828",
        "Total Lag": "1.1752912",
        "Create Lag": "1.0034144",
        "Process Lag": "0.1718768"
      }
    ]
  },
  {
    "stopID": "56",
    "stopQueryTime": 1571258460928,
    "count": 3,
    "results": [
      {
        "Direction": "Inbound",
        "Destination": "The Point",
        "Time": "00:08:39",
        "AVLS": "00:09:19",
        "Tram": "4002",
        "Action": "a",
        "Msg Sent": "16/10/2019 21:40:56",
        "Msg Received": "16/10/2019 21:40:57",
        "Msg Processed": "16/10/2019 21:40:57",
        "XML ID": "35828",
        "Total Lag": "1.3315415",
        "Create Lag": "1.0034144",
        "Process Lag": "0.3281271"
      },
      {
        "Direction": "Outbound",
        "Destination": "Tallaght",
        "Time": "00:01:33",
        "AVLS": "00:02:13",
        "Tram": "3009",
        "Action": "a",
        "Msg Sent": "16/10/2019 21:40:56",
        "Msg Received": "16/10/2019 21:40:57",
        "Msg Processed": "16/10/2019 21:40:57",
        "XML ID": "35828",
        "Total Lag": "1.0502986",
        "Create Lag": "1.0034144",
        "Process Lag": "0.0468842"
      },
      {
        "Direction": "Outbound",
        "Destination": "Tallaght",
        "Time": "00:13:33",
        "AVLS": "00:14:13",
        "Tram": "4006",
        "Action": "a",
        "Msg Sent": "16/10/2019 21:40:56",
        "Msg Received": "16/10/2019 21:40:57",
        "Msg Processed": "16/10/2019 21:40:57",
        "XML ID": "35828",
        "Total Lag": "1.3471678",
        "Create Lag": "1.0034144",
        "Process Lag": "0.3437534"
      }
    ]
  },
  {
    "stopID": "40",
    "stopQueryTime": 1571258460930,
    "count": 3,
    "results": [
      {
        "Direction": "Inbound",
        "Destination": "Broombridge",
        "Time": "00:14:13",
        "AVLS": "00:14:53",
        "Tram": "5010",
        "Action": "a",
        "Msg Sent": "16/10/2019 21:40:59",
        "Msg Received": "16/10/2019 21:40:59",
        "Msg Processed": "16/10/2019 21:40:59",
        "XML ID": "35830",
        "Total Lag": "0.8165632",
        "Create Lag": "0.6134335",
        "Process Lag": "0.2031297"
      },
      {
        "Direction": "Outbound",
        "Destination": "Bride's Glen",
        "Time": "00:01:28",
        "AVLS": "00:02:08",
        "Tram": "5003",
        "Action": "a",
        "Msg Sent": "16/10/2019 21:40:56",
        "Msg Received": "16/10/2019 21:40:57",
        "Msg Processed": "16/10/2019 21:40:57",
        "XML ID": "35829",
        "Total Lag": "1.4252926",
        "Create Lag": "1.3315415",
        "Process Lag": "0.0937511"
      },
      {
        "Direction": "Outbound",
        "Destination": "Bride's Glen",
        "Time": "00:09:42",
        "AVLS": "00:10:22",
        "Tram": "5030",
        "Action": "a",
        "Msg Sent": "16/10/2019 21:40:59",
        "Msg Received": "16/10/2019 21:40:59",
        "Msg Processed": "16/10/2019 21:40:59",
        "XML ID": "35830",
        "Total Lag": "0.722816",
        "Create Lag": "0.6134335",
        "Process Lag": "0.1093825"
      }
    ]
  },
  {
    "stopID": "44",
    "stopQueryTime": 1571258460935,
    "count": 3,
    "results": [
      {
        "Direction": "Inbound",
        "Destination": "Broombridge",
        "Time": "00:09:22",
        "AVLS": "00:10:02",
        "Tram": "5010",
        "Action": "a",
        "Msg Sent": "16/10/2019 21:40:59",
        "Msg Received": "16/10/2019 21:40:59",
        "Msg Processed": "16/10/2019 21:40:59",
        "XML ID": "35830",
        "Total Lag": "0.8009324",
        "Create Lag": "0.6134335",
        "Process Lag": "0.1874989"
      },
      {
        "Direction": "Outbound",
        "Destination": "Bride's Glen",
        "Time": "00:06:14",
        "AVLS": "00:06:54",
        "Tram": "5003",
        "Action": "a",
        "Msg Sent": "16/10/2019 21:40:56",
        "Msg Received": "16/10/2019 21:40:57",
        "Msg Processed": "16/10/2019 21:40:57",
        "XML ID": "35829",
        "Total Lag": "1.4409172",
        "Create Lag": "1.3315415",
        "Process Lag": "0.1093757"
      },
      {
        "Direction": "Outbound",
        "Destination": "Bride's Glen",
        "Time": "00:14:28",
        "AVLS": "00:15:08",
        "Tram": "5030",
        "Action": "a",
        "Msg Sent": "16/10/2019 21:40:59",
        "Msg Received": "16/10/2019 21:40:59",
        "Msg Processed": "16/10/2019 21:40:59",
        "XML ID": "35830",
        "Total Lag": "0.7384407",
        "Create Lag": "0.6134335",
        "Process Lag": "0.1250072"
      }
    ]
  },
  {
    "stopID": "4",
    "stopQueryTime": 1571258460938,
    "count": 5,
    "results": [
      {
        "Direction": "Inbound",
        "Destination": "The Point",
        "Time": "00:11:21",
        "AVLS": "00:12:01",
        "Tram": "3012",
        "Action": "a",
        "Msg Sent": "16/10/2019 21:40:56",
        "Msg Received": "16/10/2019 21:40:57",
        "Msg Processed": "16/10/2019 21:40:57",
        "XML ID": "35828",
        "Total Lag": "1.1284182",
        "Create Lag": "1.0034144",
        "Process Lag": "0.1250038"
      },
      {
        "Direction": "Outbound",
        "Destination": "Tallaght",
        "Time": "00:02:52",
        "AVLS": "00:03:32",
        "Tram": "3016",
        "Action": "a",
        "Msg Sent": "16/10/2019 21:40:56",
        "Msg Received": "16/10/2019 21:40:57",
        "Msg Processed": "16/10/2019 21:40:57",
        "XML ID": "35828",
        "Total Lag": "1.1909259",
        "Create Lag": "1.0034144",
        "Process Lag": "0.1875115"
      },
      {
        "Direction": "Outbound",
        "Destination": "Saggart",
        "Time": "00:05:54",
        "AVLS": "00:06:34",
        "Tram": "3015",
        "Action": "a",
        "Msg Sent": "16/10/2019 21:40:56",
        "Msg Received": "16/10/2019 21:40:57",
        "Msg Processed": "16/10/2019 21:40:57",
        "XML ID": "35828",
        "Total Lag": "1.1596644",
        "Create Lag": "1.0034144",
        "Process Lag": "0.15625"
      },
      {
        "Direction": "Outbound",
        "Destination": "Tallaght",
        "Time": "00:11:43",
        "AVLS": "00:12:23",
        "Tram": "3014",
        "Action": "a",
        "Msg Sent": "16/10/2019 21:40:56",
        "Msg Received": "16/10/2019 21:40:57",
        "Msg Processed": "16/10/2019 21:40:57",
        "XML ID": "35828",
        "Total Lag": "1.1596644",
        "Create Lag": "1.0034144",
        "Process Lag": "0.15625"
      },
      {
        "Direction": "Outbound",
        "Destination": "Saggart",
        "Time": "00:14:54",
        "AVLS": "00:15:34",
        "Tram": "3018",
        "Action": "a",
        "Msg Sent": "16/10/2019 21:40:56",
        "Msg Received": "16/10/2019 21:40:57",
        "Msg Processed": "16/10/2019 21:40:57",
        "XML ID": "35828",
        "Total Lag": "1.2690417",
        "Create Lag": "1.0034144",
        "Process Lag": "0.2656273"
      }
    ]
  },
  {
    "stopID": "42",
    "stopQueryTime": 1571258460942,
    "count": 3,
    "results": [
      {
        "Direction": "Inbound",
        "Destination": "Broombridge",
        "Time": "00:12:02",
        "AVLS": "00:12:42",
        "Tram": "5010",
        "Action": "a",
        "Msg Sent": "16/10/2019 21:40:59",
        "Msg Received": "16/10/2019 21:40:59",
        "Msg Processed": "16/10/2019 21:40:59",
        "XML ID": "35830",
        "Total Lag": "0.8165632",
        "Create Lag": "0.6134335",
        "Process Lag": "0.2031297"
      },
      {
        "Direction": "Outbound",
        "Destination": "Bride's Glen",
        "Time": "00:03:36",
        "AVLS": "00:04:16",
        "Tram": "5003",
        "Action": "a",
        "Msg Sent": "16/10/2019 21:40:56",
        "Msg Received": "16/10/2019 21:40:57",
        "Msg Processed": "16/10/2019 21:40:57",
        "XML ID": "35829",
        "Total Lag": "1.4409172",
        "Create Lag": "1.3315415",
        "Process Lag": "0.1093757"
      },
      {
        "Direction": "Outbound",
        "Destination": "Bride's Glen",
        "Time": "00:11:50",
        "AVLS": "00:12:30",
        "Tram": "5030",
        "Action": "a",
        "Msg Sent": "16/10/2019 21:40:59",
        "Msg Received": "16/10/2019 21:40:59",
        "Msg Processed": "16/10/2019 21:40:59",
        "XML ID": "35830",
        "Total Lag": "0.722816",
        "Create Lag": "0.6134335",
        "Process Lag": "0.1093825"
      }
    ]
  },
  {
    "stopID": "33",
    "stopQueryTime": 1571258460954,
    "count": 4,
    "results": [
      {
        "Direction": "Inbound",
        "Destination": "Broombridge",
        "Time": "00:11:08",
        "AVLS": "00:11:48",
        "Tram": "5013",
        "Action": "a",
        "Msg Sent": "16/10/2019 21:40:56",
        "Msg Received": "16/10/2019 21:40:57",
        "Msg Processed": "16/10/2019 21:40:57",
        "XML ID": "35829",
        "Total Lag": "1.6127889",
        "Create Lag": "1.3315415",
        "Process Lag": "0.2812474"
      },
      {
        "Direction": "Outbound",
        "Destination": "Sandyford",
        "Time": "00:05:48",
        "AVLS": "00:06:28",
        "Tram": "5006",
        "Action": "a",
        "Msg Sent": "16/10/2019 21:40:56",
        "Msg Received": "16/10/2019 21:40:57",
        "Msg Processed": "16/10/2019 21:40:57",
        "XML ID": "35829",
        "Total Lag": "1.4721662",
        "Create Lag": "1.3315415",
        "Process Lag": "0.1406247"
      },
      {
        "Direction": "Outbound",
        "Destination": "Sandyford",
        "Time": "00:08:41",
        "AVLS": "00:09:21",
        "Tram": "5027",
        "Action": "a",
        "Msg Sent": "16/10/2019 21:40:59",
        "Msg Received": "16/10/2019 21:40:59",
        "Msg Processed": "16/10/2019 21:40:59",
        "XML ID": "35830",
        "Total Lag": "0.6290567",
        "Create Lag": "0.6134335",
        "Process Lag": "0.0156232"
      },
      {
        "Direction": "Outbound",
        "Destination": "Bride's Glen",
        "Time": "00:15:14",
        "AVLS": "00:15:54",
        "Tram": "5002",
        "Action": "a",
        "Msg Sent": "16/10/2019 21:40:56",
        "Msg Received": "16/10/2019 21:40:57",
        "Msg Processed": "16/10/2019 21:40:57",
        "XML ID": "35829",
        "Total Lag": "1.4252926",
        "Create Lag": "1.3315415",
        "Process Lag": "0.0937511"
      }
    ]
  },
  {
    "stopID": "55",
    "stopQueryTime": 1571258460958,
    "count": 3,
    "results": [
      {
        "Direction": "Inbound",
        "Destination": "The Point",
        "Time": "00:07:00",
        "AVLS": "00:07:40",
        "Tram": "4002",
        "Action": "a",
        "Msg Sent": "16/10/2019 21:40:56",
        "Msg Received": "16/10/2019 21:40:57",
        "Msg Processed": "16/10/2019 21:40:57",
        "XML ID": "35828",
        "Total Lag": "1.3315415",
        "Create Lag": "1.0034144",
        "Process Lag": "0.3281271"
      },
      {
        "Direction": "Outbound",
        "Destination": "Tallaght",
        "Time": "00:03:32",
        "AVLS": "00:04:12",
        "Tram": "3009",
        "Action": "a",
        "Msg Sent": "16/10/2019 21:40:56",
        "Msg Received": "16/10/2019 21:40:57",
        "Msg Processed": "16/10/2019 21:40:57",
        "XML ID": "35828",
        "Total Lag": "1.0502986",
        "Create Lag": "1.0034144",
        "Process Lag": "0.0468842"
      },
      {
        "Direction": "Outbound",
        "Destination": "Tallaght",
        "Time": "00:15:32",
        "AVLS": "00:16:12",
        "Tram": "4006",
        "Action": "a",
        "Msg Sent": "16/10/2019 21:40:56",
        "Msg Received": "16/10/2019 21:40:57",
        "Msg Processed": "16/10/2019 21:40:57",
        "XML ID": "35828",
        "Total Lag": "1.3471678",
        "Create Lag": "1.0034144",
        "Process Lag": "0.3437534"
      }
    ]
  },
  {
    "stopID": "39",
    "stopQueryTime": 1571258460961,
    "count": 4,
    "results": [
      {
        "Direction": "Inbound",
        "Destination": "Broombridge",
        "Time": "00:00:11",
        "AVLS": "00:00:51",
        "Tram": "5013",
        "Action": "a",
        "Msg Sent": "16/10/2019 21:40:56",
        "Msg Received": "16/10/2019 21:40:57",
        "Msg Processed": "16/10/2019 21:40:57",
        "XML ID": "35829",
        "Total Lag": "1.5815505",
        "Create Lag": "1.3315415",
        "Process Lag": "0.250009"
      },
      {
        "Direction": "Inbound",
        "Destination": "Broombridge",
        "Time": "00:15:43",
        "AVLS": "00:16:23",
        "Tram": "5010",
        "Action": "a",
        "Msg Sent": "16/10/2019 21:40:59",
        "Msg Received": "16/10/2019 21:40:59",
        "Msg Processed": "16/10/2019 21:40:59",
        "XML ID": "35830",
        "Total Lag": "0.8165632",
        "Create Lag": "0.6134335",
        "Process Lag": "0.2031297"
      },
      {
        "Direction": "Outbound",
        "Destination": "Bride's Glen",
        "Time": "00:00:00",
        "AVLS": "00:00:40",
        "Tram": "5003",
        "Action": "a",
        "Msg Sent": "16/10/2019 21:40:56",
        "Msg Received": "16/10/2019 21:40:57",
        "Msg Processed": "16/10/2019 21:40:57",
        "XML ID": "35829",
        "Total Lag": "1.4252926",
        "Create Lag": "1.3315415",
        "Process Lag": "0.0937511"
      },
      {
        "Direction": "Outbound",
        "Destination": "Bride's Glen",
        "Time": "00:08:14",
        "AVLS": "00:08:54",
        "Tram": "5030",
        "Action": "a",
        "Msg Sent": "16/10/2019 21:40:59",
        "Msg Received": "16/10/2019 21:40:59",
        "Msg Processed": "16/10/2019 21:40:59",
        "XML ID": "35830",
        "Total Lag": "0.722816",
        "Create Lag": "0.6134335",
        "Process Lag": "0.1093825"
      }
    ]
  },
  {
    "stopID": "14",
    "stopQueryTime": 1571258460965,
    "count": 4,
    "results": [
      {
        "Direction": "Inbound",
        "Destination": "The Point",
        "Time": "00:00:00",
        "AVLS": "00:00:00",
        "Tram": "3002",
        "Action": "a",
        "Msg Sent": "16/10/2019 21:40:39",
        "Msg Received": "16/10/2019 21:40:39",
        "Msg Processed": "16/10/2019 21:40:39",
        "XML ID": "35822",
        "Total Lag": "0.8577471",
        "Create Lag": "0.7171253",
        "Process Lag": "0.1406218"
      },
      {
        "Direction": "Inbound",
        "Destination": "The Point",
        "Time": "00:16:06",
        "AVLS": "00:16:46",
        "Tram": "3025",
        "Action": "a",
        "Msg Sent": "16/10/2019 21:40:56",
        "Msg Received": "16/10/2019 21:40:57",
        "Msg Processed": "16/10/2019 21:40:57",
        "XML ID": "35828",
        "Total Lag": "1.3159377",
        "Create Lag": "1.0034144",
        "Process Lag": "0.3125233"
      },
      {
        "Direction": "Outbound",
        "Destination": "Tallaght",
        "Time": "00:02:23",
        "AVLS": "00:03:03",
        "Tram": "3017",
        "Action": "a",
        "Msg Sent": "16/10/2019 21:40:56",
        "Msg Received": "16/10/2019 21:40:57",
        "Msg Processed": "16/10/2019 21:40:57",
        "XML ID": "35828",
        "Total Lag": "1.2065413",
        "Create Lag": "1.0034144",
        "Process Lag": "0.2031269"
      },
      {
        "Direction": "Outbound",
        "Destination": "Tallaght",
        "Time": "00:12:56",
        "AVLS": "00:13:36",
        "Tram": "4009",
        "Action": "a",
        "Msg Sent": "16/10/2019 21:40:56",
        "Msg Received": "16/10/2019 21:40:57",
        "Msg Processed": "16/10/2019 21:40:57",
        "XML ID": "35828",
        "Total Lag": "1.3784175",
        "Create Lag": "1.0034144",
        "Process Lag": "0.3750031"
      }
    ]
  },
  {
    "stopID": "28",
    "stopQueryTime": 1571258460967,
    "count": 4,
    "results": [
      {
        "Direction": "Inbound",
        "Destination": "Broombridge",
        "Time": "00:03:55",
        "AVLS": "00:04:35",
        "Tram": "5008",
        "Action": "a",
        "Msg Sent": "16/10/2019 21:40:56",
        "Msg Received": "16/10/2019 21:40:57",
        "Msg Processed": "16/10/2019 21:40:57",
        "XML ID": "35829",
        "Total Lag": "1.4877992",
        "Create Lag": "1.3315415",
        "Process Lag": "0.1562577"
      },
      {
        "Direction": "Outbound",
        "Destination": "Sandyford",
        "Time": "00:00:15",
        "AVLS": "00:00:55",
        "Tram": "5027",
        "Action": "a",
        "Msg Sent": "16/10/2019 21:40:59",
        "Msg Received": "16/10/2019 21:40:59",
        "Msg Processed": "16/10/2019 21:40:59",
        "XML ID": "35830",
        "Total Lag": "0.6134335",
        "Create Lag": "0.6134335",
        "Process Lag": "0"
      },
      {
        "Direction": "Outbound",
        "Destination": "Bride's Glen",
        "Time": "00:06:48",
        "AVLS": "00:07:28",
        "Tram": "5002",
        "Action": "a",
        "Msg Sent": "16/10/2019 21:40:56",
        "Msg Received": "16/10/2019 21:40:57",
        "Msg Processed": "16/10/2019 21:40:57",
        "XML ID": "35829",
        "Total Lag": "1.4096796",
        "Create Lag": "1.3315415",
        "Process Lag": "0.0781381"
      },
      {
        "Direction": "Outbound",
        "Destination": "Sandyford",
        "Time": "00:13:54",
        "AVLS": "00:14:34",
        "Tram": "5023",
        "Action": "a",
        "Msg Sent": "16/10/2019 21:40:56",
        "Msg Received": "16/10/2019 21:40:57",
        "Msg Processed": "16/10/2019 21:40:57",
        "XML ID": "35829",
        "Total Lag": "1.7384318",
        "Create Lag": "1.3315415",
        "Process Lag": "0.4068903"
      }
    ]
  },
  {
    "stopID": "26",
    "stopQueryTime": 1571258460971,
    "count": 5,
    "results": [
      {
        "Direction": "Inbound",
        "Destination": "Broombridge",
        "Time": "00:01:13",
        "AVLS": "00:01:53",
        "Tram": "5015",
        "Action": "a",
        "Msg Sent": "16/10/2019 21:40:56",
        "Msg Received": "16/10/2019 21:40:57",
        "Msg Processed": "16/10/2019 21:40:57",
        "XML ID": "35829",
        "Total Lag": "1.6284239",
        "Create Lag": "1.3315415",
        "Process Lag": "0.2968824"
      },
      {
        "Direction": "Inbound",
        "Destination": "Broombridge",
        "Time": "00:06:47",
        "AVLS": "00:07:27",
        "Tram": "5008",
        "Action": "a",
        "Msg Sent": "16/10/2019 21:40:56",
        "Msg Received": "16/10/2019 21:40:57",
        "Msg Processed": "16/10/2019 21:40:57",
        "XML ID": "35829",
        "Total Lag": "1.4877992",
        "Create Lag": "1.3315415",
        "Process Lag": "0.1562577"
      },
      {
        "Direction": "Outbound",
        "Destination": "Bride's Glen",
        "Time": "00:03:26",
        "AVLS": "00:04:06",
        "Tram": "5002",
        "Action": "a",
        "Msg Sent": "16/10/2019 21:40:56",
        "Msg Received": "16/10/2019 21:40:57",
        "Msg Processed": "16/10/2019 21:40:57",
        "XML ID": "35829",
        "Total Lag": "1.3940413",
        "Create Lag": "1.3315415",
        "Process Lag": "0.0624998"
      },
      {
        "Direction": "Outbound",
        "Destination": "Sandyford",
        "Time": "00:10:32",
        "AVLS": "00:11:12",
        "Tram": "5023",
        "Action": "a",
        "Msg Sent": "16/10/2019 21:40:56",
        "Msg Received": "16/10/2019 21:40:57",
        "Msg Processed": "16/10/2019 21:40:57",
        "XML ID": "35829",
        "Total Lag": "1.7227991",
        "Create Lag": "1.3315415",
        "Process Lag": "0.3912576"
      },
      {
        "Direction": "Outbound",
        "Destination": "Bride's Glen",
        "Time": "00:17:17",
        "AVLS": "00:17:57",
        "Tram": "5028",
        "Action": "a",
        "Msg Sent": "16/10/2019 21:40:59",
        "Msg Received": "16/10/2019 21:40:59",
        "Msg Processed": "16/10/2019 21:40:59",
        "XML ID": "35830",
        "Total Lag": "0.7853069",
        "Create Lag": "0.6134335",
        "Process Lag": "0.1718734"
      }
    ]
  },
  {
    "stopID": "54",
    "stopQueryTime": 1571258460977,
    "count": 4,
    "results": [
      {
        "Direction": "Inbound",
        "Destination": "The Point",
        "Time": "00:05:44",
        "AVLS": "00:06:24",
        "Tram": "4002",
        "Action": "a",
        "Msg Sent": "16/10/2019 21:40:56",
        "Msg Received": "16/10/2019 21:40:57",
        "Msg Processed": "16/10/2019 21:40:57",
        "XML ID": "35828",
        "Total Lag": "1.3315415",
        "Create Lag": "1.0034144",
        "Process Lag": "0.3281271"
      },
      {
        "Direction": "Inbound",
        "Destination": "The Point",
        "Time": "00:19:17",
        "AVLS": "00:19:57",
        "Tram": "3002",
        "Action": "a",
        "Msg Sent": "16/10/2019 21:40:56",
        "Msg Received": "16/10/2019 21:40:57",
        "Msg Processed": "16/10/2019 21:40:57",
        "XML ID": "35828",
        "Total Lag": "1.0346672",
        "Create Lag": "1.0034144",
        "Process Lag": "0.0312528"
      },
      {
        "Direction": "Outbound",
        "Destination": "Tallaght",
        "Time": "00:05:00",
        "AVLS": "00:05:40",
        "Tram": "3009",
        "Action": "a",
        "Msg Sent": "16/10/2019 21:40:56",
        "Msg Received": "16/10/2019 21:40:57",
        "Msg Processed": "16/10/2019 21:40:57",
        "XML ID": "35828",
        "Total Lag": "1.0502986",
        "Create Lag": "1.0034144",
        "Process Lag": "0.0468842"
      },
      {
        "Direction": "Outbound",
        "Destination": "Tallaght",
        "Time": "00:17:00",
        "AVLS": "00:17:40",
        "Tram": "4006",
        "Action": "a",
        "Msg Sent": "16/10/2019 21:40:56",
        "Msg Received": "16/10/2019 21:40:57",
        "Msg Processed": "16/10/2019 21:40:57",
        "XML ID": "35828",
        "Total Lag": "1.3471678",
        "Create Lag": "1.0034144",
        "Process Lag": "0.3437534"
      }
    ]
  },
  {
    "stopID": "53",
    "stopQueryTime": 1571258460980,
    "count": 3,
    "results": [
      {
        "Direction": "Inbound",
        "Destination": "Belgard",
        "Time": "00:11:11",
        "AVLS": "00:11:51",
        "Tram": "3011",
        "Action": "d",
        "Msg Sent": "16/10/2019 21:40:56",
        "Msg Received": "16/10/2019 21:40:57",
        "Msg Processed": "16/10/2019 21:40:57",
        "XML ID": "35828",
        "Total Lag": "1.097165",
        "Create Lag": "1.0034144",
        "Process Lag": "0.0937506"
      },
      {
        "Direction": "Terminating",
        "Destination": "Saggart",
        "Time": "00:07:11",
        "AVLS": "00:07:51",
        "Tram": "3011",
        "Action": "a",
        "Msg Sent": "16/10/2019 21:40:56",
        "Msg Received": "16/10/2019 21:40:57",
        "Msg Processed": "16/10/2019 21:40:57",
        "XML ID": "35828",
        "Total Lag": "1.097165",
        "Create Lag": "1.0034144",
        "Process Lag": "0.0937506"
      },
      {
        "Direction": "Terminating",
        "Destination": "Saggart",
        "Time": "00:16:24",
        "AVLS": "00:17:04",
        "Tram": "3015",
        "Action": "a",
        "Msg Sent": "16/10/2019 21:40:56",
        "Msg Received": "16/10/2019 21:40:57",
        "Msg Processed": "16/10/2019 21:40:57",
        "XML ID": "35828",
        "Total Lag": "1.1752912",
        "Create Lag": "1.0034144",
        "Process Lag": "0.1718768"
      }
    ]
  },
  {
    "stopID": "24",
    "stopQueryTime": 1571258460985,
    "count": 4,
    "results": [
      {
        "Direction": "Inbound",
        "Destination": "Broombridge",
        "Time": "00:06:21",
        "AVLS": "00:07:01",
        "Tram": "5015",
        "Action": "a",
        "Msg Sent": "16/10/2019 21:40:56",
        "Msg Received": "16/10/2019 21:40:57",
        "Msg Processed": "16/10/2019 21:40:57",
        "XML ID": "35829",
        "Total Lag": "1.6284239",
        "Create Lag": "1.3315415",
        "Process Lag": "0.2968824"
      },
      {
        "Direction": "Inbound",
        "Destination": "Broombridge",
        "Time": "00:11:55",
        "AVLS": "00:12:35",
        "Tram": "5008",
        "Action": "a",
        "Msg Sent": "16/10/2019 21:40:56",
        "Msg Received": "16/10/2019 21:40:57",
        "Msg Processed": "16/10/2019 21:40:57",
        "XML ID": "35829",
        "Total Lag": "1.5034168",
        "Create Lag": "1.3315415",
        "Process Lag": "0.1718753"
      },
      {
        "Direction": "Outbound",
        "Destination": "Sandyford",
        "Time": "00:05:54",
        "AVLS": "00:06:34",
        "Tram": "5023",
        "Action": "a",
        "Msg Sent": "16/10/2019 21:40:56",
        "Msg Received": "16/10/2019 21:40:57",
        "Msg Processed": "16/10/2019 21:40:57",
        "XML ID": "35829",
        "Total Lag": "1.7227991",
        "Create Lag": "1.3315415",
        "Process Lag": "0.3912576"
      },
      {
        "Direction": "Outbound",
        "Destination": "Bride's Glen",
        "Time": "00:12:39",
        "AVLS": "00:13:19",
        "Tram": "5028",
        "Action": "a",
        "Msg Sent": "16/10/2019 21:40:59",
        "Msg Received": "16/10/2019 21:40:59",
        "Msg Processed": "16/10/2019 21:40:59",
        "XML ID": "35830",
        "Total Lag": "0.7696829",
        "Create Lag": "0.6134335",
        "Process Lag": "0.1562494"
      }
    ]
  },
  {
    "stopID": "22",
    "stopQueryTime": 1571258460986,
    "count": 4,
    "results": [
      {
        "Direction": "Inbound",
        "Destination": "The Point",
        "Time": "00:03:50",
        "AVLS": "00:04:30",
        "Tram": "4002",
        "Action": "a",
        "Msg Sent": "16/10/2019 21:40:56",
        "Msg Received": "16/10/2019 21:40:57",
        "Msg Processed": "16/10/2019 21:40:57",
        "XML ID": "35828",
        "Total Lag": "1.3315415",
        "Create Lag": "1.0034144",
        "Process Lag": "0.3281271"
      },
      {
        "Direction": "Inbound",
        "Destination": "The Point",
        "Time": "00:17:23",
        "AVLS": "00:18:03",
        "Tram": "3002",
        "Action": "a",
        "Msg Sent": "16/10/2019 21:40:56",
        "Msg Received": "16/10/2019 21:40:57",
        "Msg Processed": "16/10/2019 21:40:57",
        "XML ID": "35828",
        "Total Lag": "1.0346672",
        "Create Lag": "1.0034144",
        "Process Lag": "0.0312528"
      },
      {
        "Direction": "Outbound",
        "Destination": "Tallaght",
        "Time": "00:06:56",
        "AVLS": "00:07:36",
        "Tram": "3009",
        "Action": "a",
        "Msg Sent": "16/10/2019 21:40:56",
        "Msg Received": "16/10/2019 21:40:57",
        "Msg Processed": "16/10/2019 21:40:57",
        "XML ID": "35828",
        "Total Lag": "1.0659185",
        "Create Lag": "1.0034144",
        "Process Lag": "0.0625041"
      },
      {
        "Direction": "Outbound",
        "Destination": "Tallaght",
        "Time": "00:18:56",
        "AVLS": "00:19:36",
        "Tram": "4006",
        "Action": "a",
        "Msg Sent": "16/10/2019 21:40:56",
        "Msg Received": "16/10/2019 21:40:57",
        "Msg Processed": "16/10/2019 21:40:57",
        "XML ID": "35828",
        "Total Lag": "1.3471678",
        "Create Lag": "1.0034144",
        "Process Lag": "0.3437534"
      }
    ]
  },
  {
    "stopID": "46",
    "stopQueryTime": 1571258460998,
    "count": 3,
    "results": [
      {
        "Direction": "Inbound",
        "Destination": "Broombridge",
        "Time": "00:06:31",
        "AVLS": "00:07:11",
        "Tram": "5010",
        "Action": "a",
        "Msg Sent": "16/10/2019 21:40:59",
        "Msg Received": "16/10/2019 21:40:59",
        "Msg Processed": "16/10/2019 21:40:59",
        "XML ID": "35830",
        "Total Lag": "0.8009324",
        "Create Lag": "0.6134335",
        "Process Lag": "0.1874989"
      },
      {
        "Direction": "Outbound",
        "Destination": "Bride's Glen",
        "Time": "00:09:05",
        "AVLS": "00:09:45",
        "Tram": "5003",
        "Action": "a",
        "Msg Sent": "16/10/2019 21:40:56",
        "Msg Received": "16/10/2019 21:40:57",
        "Msg Processed": "16/10/2019 21:40:57",
        "XML ID": "35829",
        "Total Lag": "1.4565509",
        "Create Lag": "1.3315415",
        "Process Lag": "0.1250094"
      },
      {
        "Direction": "Outbound",
        "Destination": "Bride's Glen",
        "Time": "00:17:19",
        "AVLS": "00:17:59",
        "Tram": "5030",
        "Action": "a",
        "Msg Sent": "16/10/2019 21:40:59",
        "Msg Received": "16/10/2019 21:40:59",
        "Msg Processed": "16/10/2019 21:40:59",
        "XML ID": "35830",
        "Total Lag": "0.7540583",
        "Create Lag": "0.6134335",
        "Process Lag": "0.1406248"
      }
    ]
  },
  {
    "stopID": "21",
    "stopQueryTime": 1571258461001,
    "count": 3,
    "results": [
      {
        "Direction": "Inbound",
        "Destination": "The Point",
        "Time": "00:00:46",
        "AVLS": "00:01:26",
        "Tram": "4002",
        "Action": "a",
        "Msg Sent": "16/10/2019 21:40:56",
        "Msg Received": "16/10/2019 21:40:57",
        "Msg Processed": "16/10/2019 21:40:57",
        "XML ID": "35828",
        "Total Lag": "1.3159377",
        "Create Lag": "1.0034144",
        "Process Lag": "0.3125233"
      },
      {
        "Direction": "Inbound",
        "Destination": "The Point",
        "Time": "00:14:19",
        "AVLS": "00:14:59",
        "Tram": "3002",
        "Action": "a",
        "Msg Sent": "16/10/2019 21:40:56",
        "Msg Received": "16/10/2019 21:40:57",
        "Msg Processed": "16/10/2019 21:40:57",
        "XML ID": "35828",
        "Total Lag": "1.0346672",
        "Create Lag": "1.0034144",
        "Process Lag": "0.0312528"
      },
      {
        "Direction": "Outbound",
        "Destination": "Tallaght",
        "Time": "00:10:24",
        "AVLS": "00:11:04",
        "Tram": "3009",
        "Action": "a",
        "Msg Sent": "16/10/2019 21:40:56",
        "Msg Received": "16/10/2019 21:40:57",
        "Msg Processed": "16/10/2019 21:40:57",
        "XML ID": "35828",
        "Total Lag": "1.0659185",
        "Create Lag": "1.0034144",
        "Process Lag": "0.0625041"
      }
    ]
  },
  {
    "stopID": "51",
    "stopQueryTime": 1571258461011,
    "count": 4,
    "results": [
      {
        "Direction": "Inbound",
        "Destination": "Belgard",
        "Time": "00:00:00",
        "AVLS": "00:00:11",
        "Tram": "3018",
        "Action": "a",
        "Msg Sent": "16/10/2019 21:40:56",
        "Msg Received": "16/10/2019 21:40:57",
        "Msg Processed": "16/10/2019 21:40:57",
        "XML ID": "35828",
        "Total Lag": "1.2534161",
        "Create Lag": "1.0034144",
        "Process Lag": "0.2500017"
      },
      {
        "Direction": "Inbound",
        "Destination": "Belgard",
        "Time": "00:14:42",
        "AVLS": "00:15:22",
        "Tram": "3011",
        "Action": "a",
        "Msg Sent": "16/10/2019 21:40:56",
        "Msg Received": "16/10/2019 21:40:57",
        "Msg Processed": "16/10/2019 21:40:57",
        "XML ID": "35828",
        "Total Lag": "1.097165",
        "Create Lag": "1.0034144",
        "Process Lag": "0.0937506"
      },
      {
        "Direction": "Outbound",
        "Destination": "Saggart",
        "Time": "00:03:41",
        "AVLS": "00:04:21",
        "Tram": "3011",
        "Action": "a",
        "Msg Sent": "16/10/2019 21:40:56",
        "Msg Received": "16/10/2019 21:40:57",
        "Msg Processed": "16/10/2019 21:40:57",
        "XML ID": "35828",
        "Total Lag": "1.0815413",
        "Create Lag": "1.0034144",
        "Process Lag": "0.0781269"
      },
      {
        "Direction": "Outbound",
        "Destination": "Saggart",
        "Time": "00:12:54",
        "AVLS": "00:13:34",
        "Tram": "3015",
        "Action": "a",
        "Msg Sent": "16/10/2019 21:40:56",
        "Msg Received": "16/10/2019 21:40:57",
        "Msg Processed": "16/10/2019 21:40:57",
        "XML ID": "35828",
        "Total Lag": "1.1752912",
        "Create Lag": "1.0034144",
        "Process Lag": "0.1718768"
      }
    ]
  },
  {
    "stopID": "34",
    "stopQueryTime": 1571258461016,
    "count": 5,
    "results": [
      {
        "Direction": "Inbound",
        "Destination": "Broombridge",
        "Time": "00:09:25",
        "AVLS": "00:10:05",
        "Tram": "5013",
        "Action": "a",
        "Msg Sent": "16/10/2019 21:40:56",
        "Msg Received": "16/10/2019 21:40:57",
        "Msg Processed": "16/10/2019 21:40:57",
        "XML ID": "35829",
        "Total Lag": "1.5971714",
        "Create Lag": "1.3315415",
        "Process Lag": "0.2656299"
      },
      {
        "Direction": "Outbound",
        "Destination": "Bride's Glen",
        "Time": "00:00:00",
        "AVLS": "00:00:08",
        "Tram": "5030",
        "Action": "a",
        "Msg Sent": "16/10/2019 21:40:59",
        "Msg Received": "16/10/2019 21:40:59",
        "Msg Processed": "16/10/2019 21:40:59",
        "XML ID": "35830",
        "Total Lag": "0.7071909",
        "Create Lag": "0.6134335",
        "Process Lag": "0.0937574"
      },
      {
        "Direction": "Outbound",
        "Destination": "Sandyford",
        "Time": "00:07:22",
        "AVLS": "00:08:02",
        "Tram": "5006",
        "Action": "a",
        "Msg Sent": "16/10/2019 21:40:56",
        "Msg Received": "16/10/2019 21:40:57",
        "Msg Processed": "16/10/2019 21:40:57",
        "XML ID": "35829",
        "Total Lag": "1.4721662",
        "Create Lag": "1.3315415",
        "Process Lag": "0.1406247"
      },
      {
        "Direction": "Outbound",
        "Destination": "Sandyford",
        "Time": "00:10:15",
        "AVLS": "00:10:55",
        "Tram": "5027",
        "Action": "a",
        "Msg Sent": "16/10/2019 21:40:59",
        "Msg Received": "16/10/2019 21:40:59",
        "Msg Processed": "16/10/2019 21:40:59",
        "XML ID": "35830",
        "Total Lag": "0.6446831",
        "Create Lag": "0.6134335",
        "Process Lag": "0.0312496"
      },
      {
        "Direction": "Outbound",
        "Destination": "Bride's Glen",
        "Time": "00:16:48",
        "AVLS": "00:17:28",
        "Tram": "5002",
        "Action": "a",
        "Msg Sent": "16/10/2019 21:40:56",
        "Msg Received": "16/10/2019 21:40:57",
        "Msg Processed": "16/10/2019 21:40:57",
        "XML ID": "35829",
        "Total Lag": "1.4252926",
        "Create Lag": "1.3315415",
        "Process Lag": "0.0937511"
      }
    ]
  },
  {
    "stopID": "32",
    "stopQueryTime": 1571258461018,
    "count": 4,
    "results": [
      {
        "Direction": "Inbound",
        "Destination": "Broombridge",
        "Time": "00:12:50",
        "AVLS": "00:13:30",
        "Tram": "5013",
        "Action": "a",
        "Msg Sent": "16/10/2019 21:40:56",
        "Msg Received": "16/10/2019 21:40:57",
        "Msg Processed": "16/10/2019 21:40:57",
        "XML ID": "35829",
        "Total Lag": "1.6127889",
        "Create Lag": "1.3315415",
        "Process Lag": "0.2812474"
      },
      {
        "Direction": "Outbound",
        "Destination": "Sandyford",
        "Time": "00:04:22",
        "AVLS": "00:05:02",
        "Tram": "5006",
        "Action": "a",
        "Msg Sent": "16/10/2019 21:40:56",
        "Msg Received": "16/10/2019 21:40:57",
        "Msg Processed": "16/10/2019 21:40:57",
        "XML ID": "35829",
        "Total Lag": "1.4721662",
        "Create Lag": "1.3315415",
        "Process Lag": "0.1406247"
      },
      {
        "Direction": "Outbound",
        "Destination": "Sandyford",
        "Time": "00:07:15",
        "AVLS": "00:07:55",
        "Tram": "5027",
        "Action": "a",
        "Msg Sent": "16/10/2019 21:40:59",
        "Msg Received": "16/10/2019 21:40:59",
        "Msg Processed": "16/10/2019 21:40:59",
        "XML ID": "35830",
        "Total Lag": "0.6290567",
        "Create Lag": "0.6134335",
        "Process Lag": "0.0156232"
      },
      {
        "Direction": "Outbound",
        "Destination": "Bride's Glen",
        "Time": "00:13:48",
        "AVLS": "00:14:28",
        "Tram": "5002",
        "Action": "a",
        "Msg Sent": "16/10/2019 21:40:56",
        "Msg Received": "16/10/2019 21:40:57",
        "Msg Processed": "16/10/2019 21:40:57",
        "XML ID": "35829",
        "Total Lag": "1.4096796",
        "Create Lag": "1.3315415",
        "Process Lag": "0.0781381"
      }
    ]
  },
  {
    "stopID": "35",
    "stopQueryTime": 1571258461023,
    "count": 5,
    "results": [
      {
        "Direction": "Inbound",
        "Destination": "Broombridge",
        "Time": "00:07:25",
        "AVLS": "00:08:05",
        "Tram": "5013",
        "Action": "a",
        "Msg Sent": "16/10/2019 21:40:56",
        "Msg Received": "16/10/2019 21:40:57",
        "Msg Processed": "16/10/2019 21:40:57",
        "XML ID": "35829",
        "Total Lag": "1.5971714",
        "Create Lag": "1.3315415",
        "Process Lag": "0.2656299"
      },
      {
        "Direction": "Outbound",
        "Destination": "Bride's Glen",
        "Time": "00:01:07",
        "AVLS": "00:01:47",
        "Tram": "5030",
        "Action": "a",
        "Msg Sent": "16/10/2019 21:40:59",
        "Msg Received": "16/10/2019 21:40:59",
        "Msg Processed": "16/10/2019 21:40:59",
        "XML ID": "35830",
        "Total Lag": "0.7071909",
        "Create Lag": "0.6134335",
        "Process Lag": "0.0937574"
      },
      {
        "Direction": "Outbound",
        "Destination": "Sandyford",
        "Time": "00:09:01",
        "AVLS": "00:09:41",
        "Tram": "5006",
        "Action": "a",
        "Msg Sent": "16/10/2019 21:40:56",
        "Msg Received": "16/10/2019 21:40:57",
        "Msg Processed": "16/10/2019 21:40:57",
        "XML ID": "35829",
        "Total Lag": "1.4721662",
        "Create Lag": "1.3315415",
        "Process Lag": "0.1406247"
      },
      {
        "Direction": "Outbound",
        "Destination": "Sandyford",
        "Time": "00:11:54",
        "AVLS": "00:12:34",
        "Tram": "5027",
        "Action": "a",
        "Msg Sent": "16/10/2019 21:40:59",
        "Msg Received": "16/10/2019 21:40:59",
        "Msg Processed": "16/10/2019 21:40:59",
        "XML ID": "35830",
        "Total Lag": "0.6446831",
        "Create Lag": "0.6134335",
        "Process Lag": "0.0312496"
      },
      {
        "Direction": "Outbound",
        "Destination": "Bride's Glen",
        "Time": "00:18:27",
        "AVLS": "00:19:07",
        "Tram": "5002",
        "Action": "a",
        "Msg Sent": "16/10/2019 21:40:56",
        "Msg Received": "16/10/2019 21:40:57",
        "Msg Processed": "16/10/2019 21:40:57",
        "XML ID": "35829",
        "Total Lag": "1.4252926",
        "Create Lag": "1.3315415",
        "Process Lag": "0.0937511"
      }
    ]
  },
  {
    "stopID": "31",
    "stopQueryTime": 1571258461028,
    "count": 6,
    "results": [
      {
        "Direction": "Inbound",
        "Destination": "Broombridge",
        "Time": "00:00:00",
        "AVLS": "00:00:00",
        "Tram": "5008",
        "Action": "a",
        "Msg Sent": "16/10/2019 21:40:32",
        "Msg Received": "16/10/2019 21:40:32",
        "Msg Processed": "16/10/2019 21:40:32",
        "XML ID": "35819",
        "Total Lag": "0.5293259",
        "Create Lag": "0.513699",
        "Process Lag": "0.0156269"
      },
      {
        "Direction": "Inbound",
        "Destination": "Broombridge",
        "Time": "00:14:49",
        "AVLS": "00:15:29",
        "Tram": "5013",
        "Action": "a",
        "Msg Sent": "16/10/2019 21:40:56",
        "Msg Received": "16/10/2019 21:40:57",
        "Msg Processed": "16/10/2019 21:40:57",
        "XML ID": "35829",
        "Total Lag": "1.6127889",
        "Create Lag": "1.3315415",
        "Process Lag": "0.2812474"
      },
      {
        "Direction": "Outbound",
        "Destination": "Sandyford",
        "Time": "00:02:24",
        "AVLS": "00:03:04",
        "Tram": "5006",
        "Action": "a",
        "Msg Sent": "16/10/2019 21:40:56",
        "Msg Received": "16/10/2019 21:40:57",
        "Msg Processed": "16/10/2019 21:40:57",
        "XML ID": "35829",
        "Total Lag": "1.4565509",
        "Create Lag": "1.3315415",
        "Process Lag": "0.1250094"
      },
      {
        "Direction": "Outbound",
        "Destination": "Sandyford",
        "Time": "00:05:17",
        "AVLS": "00:05:57",
        "Tram": "5027",
        "Action": "a",
        "Msg Sent": "16/10/2019 21:40:59",
        "Msg Received": "16/10/2019 21:40:59",
        "Msg Processed": "16/10/2019 21:40:59",
        "XML ID": "35830",
        "Total Lag": "0.6290567",
        "Create Lag": "0.6134335",
        "Process Lag": "0.0156232"
      },
      {
        "Direction": "Outbound",
        "Destination": "Bride's Glen",
        "Time": "00:11:50",
        "AVLS": "00:12:30",
        "Tram": "5002",
        "Action": "a",
        "Msg Sent": "16/10/2019 21:40:56",
        "Msg Received": "16/10/2019 21:40:57",
        "Msg Processed": "16/10/2019 21:40:57",
        "XML ID": "35829",
        "Total Lag": "1.4096796",
        "Create Lag": "1.3315415",
        "Process Lag": "0.0781381"
      },
      {
        "Direction": "Outbound",
        "Destination": "Sandyford",
        "Time": "00:18:56",
        "AVLS": "00:19:36",
        "Tram": "5023",
        "Action": "a",
        "Msg Sent": "16/10/2019 21:40:56",
        "Msg Received": "16/10/2019 21:40:57",
        "Msg Processed": "16/10/2019 21:40:57",
        "XML ID": "35829",
        "Total Lag": "1.7540576",
        "Create Lag": "1.3315415",
        "Process Lag": "0.4225161"
      }
    ]
  },
  {
    "stopID": "50",
    "stopQueryTime": 1571258461032,
    "count": 4,
    "results": [
      {
        "Direction": "Inbound",
        "Destination": "Belgard",
        "Time": "00:01:18",
        "AVLS": "00:01:58",
        "Tram": "3018",
        "Action": "a",
        "Msg Sent": "16/10/2019 21:40:56",
        "Msg Received": "16/10/2019 21:40:57",
        "Msg Processed": "16/10/2019 21:40:57",
        "XML ID": "35828",
        "Total Lag": "1.2534161",
        "Create Lag": "1.0034144",
        "Process Lag": "0.2500017"
      },
      {
        "Direction": "Inbound",
        "Destination": "Belgard",
        "Time": "00:16:29",
        "AVLS": "00:17:09",
        "Tram": "3011",
        "Action": "a",
        "Msg Sent": "16/10/2019 21:40:56",
        "Msg Received": "16/10/2019 21:40:57",
        "Msg Processed": "16/10/2019 21:40:57",
        "XML ID": "35828",
        "Total Lag": "1.1127926",
        "Create Lag": "1.0034144",
        "Process Lag": "0.1093782"
      },
      {
        "Direction": "Outbound",
        "Destination": "Saggart",
        "Time": "00:01:54",
        "AVLS": "00:02:34",
        "Tram": "3011",
        "Action": "a",
        "Msg Sent": "16/10/2019 21:40:56",
        "Msg Received": "16/10/2019 21:40:57",
        "Msg Processed": "16/10/2019 21:40:57",
        "XML ID": "35828",
        "Total Lag": "1.0815413",
        "Create Lag": "1.0034144",
        "Process Lag": "0.0781269"
      },
      {
        "Direction": "Outbound",
        "Destination": "Saggart",
        "Time": "00:11:07",
        "AVLS": "00:11:47",
        "Tram": "3015",
        "Action": "a",
        "Msg Sent": "16/10/2019 21:40:56",
        "Msg Received": "16/10/2019 21:40:57",
        "Msg Processed": "16/10/2019 21:40:57",
        "XML ID": "35828",
        "Total Lag": "1.1752912",
        "Create Lag": "1.0034144",
        "Process Lag": "0.1718768"
      }
    ]
  },
  {
    "stopID": "49",
    "stopQueryTime": 1571258461036,
    "count": 5,
    "results": [
      {
        "Direction": "Inbound",
        "Destination": "Belgard",
        "Time": "00:03:06",
        "AVLS": "00:03:46",
        "Tram": "3018",
        "Action": "a",
        "Msg Sent": "16/10/2019 21:40:56",
        "Msg Received": "16/10/2019 21:40:57",
        "Msg Processed": "16/10/2019 21:40:57",
        "XML ID": "35828",
        "Total Lag": "1.2690417",
        "Create Lag": "1.0034144",
        "Process Lag": "0.2656273"
      },
      {
        "Direction": "Inbound",
        "Destination": "Belgard",
        "Time": "00:18:17",
        "AVLS": "00:18:57",
        "Tram": "3011",
        "Action": "a",
        "Msg Sent": "16/10/2019 21:40:56",
        "Msg Received": "16/10/2019 21:40:57",
        "Msg Processed": "16/10/2019 21:40:57",
        "XML ID": "35828",
        "Total Lag": "1.1127926",
        "Create Lag": "1.0034144",
        "Process Lag": "0.1093782"
      },
      {
        "Direction": "Outbound",
        "Destination": "Saggart",
        "Time": "00:00:08",
        "AVLS": "00:00:48",
        "Tram": "3011",
        "Action": "a",
        "Msg Sent": "16/10/2019 21:40:56",
        "Msg Received": "16/10/2019 21:40:57",
        "Msg Processed": "16/10/2019 21:40:57",
        "XML ID": "35828",
        "Total Lag": "1.0815413",
        "Create Lag": "1.0034144",
        "Process Lag": "0.0781269"
      },
      {
        "Direction": "Outbound",
        "Destination": "Saggart",
        "Time": "00:09:21",
        "AVLS": "00:10:01",
        "Tram": "3015",
        "Action": "a",
        "Msg Sent": "16/10/2019 21:40:56",
        "Msg Received": "16/10/2019 21:40:57",
        "Msg Processed": "16/10/2019 21:40:57",
        "XML ID": "35828",
        "Total Lag": "1.1752912",
        "Create Lag": "1.0034144",
        "Process Lag": "0.1718768"
      },
      {
        "Direction": "Outbound",
        "Destination": "Saggart",
        "Time": "00:18:21",
        "AVLS": "00:19:01",
        "Tram": "3018",
        "Action": "a",
        "Msg Sent": "16/10/2019 21:40:56",
        "Msg Received": "16/10/2019 21:40:57",
        "Msg Processed": "16/10/2019 21:40:57",
        "XML ID": "35828",
        "Total Lag": "1.2690417",
        "Create Lag": "1.0034144",
        "Process Lag": "0.2656273"
      }
    ]
  },
  {
    "stopID": "25",
    "stopQueryTime": 1571258461038,
    "count": 5,
    "results": [
      {
        "Direction": "Inbound",
        "Destination": "Broombridge",
        "Time": "00:03:23",
        "AVLS": "00:04:03",
        "Tram": "5015",
        "Action": "a",
        "Msg Sent": "16/10/2019 21:40:56",
        "Msg Received": "16/10/2019 21:40:57",
        "Msg Processed": "16/10/2019 21:40:57",
        "XML ID": "35829",
        "Total Lag": "1.6284239",
        "Create Lag": "1.3315415",
        "Process Lag": "0.2968824"
      },
      {
        "Direction": "Inbound",
        "Destination": "Broombridge",
        "Time": "00:08:57",
        "AVLS": "00:09:37",
        "Tram": "5008",
        "Action": "a",
        "Msg Sent": "16/10/2019 21:40:56",
        "Msg Received": "16/10/2019 21:40:57",
        "Msg Processed": "16/10/2019 21:40:57",
        "XML ID": "35829",
        "Total Lag": "1.4877992",
        "Create Lag": "1.3315415",
        "Process Lag": "0.1562577"
      },
      {
        "Direction": "Outbound",
        "Destination": "Bride's Glen",
        "Time": "00:00:46",
        "AVLS": "00:01:26",
        "Tram": "5002",
        "Action": "a",
        "Msg Sent": "16/10/2019 21:40:56",
        "Msg Received": "16/10/2019 21:40:57",
        "Msg Processed": "16/10/2019 21:40:57",
        "XML ID": "35829",
        "Total Lag": "1.3940413",
        "Create Lag": "1.3315415",
        "Process Lag": "0.0624998"
      },
      {
        "Direction": "Outbound",
        "Destination": "Sandyford",
        "Time": "00:07:52",
        "AVLS": "00:08:32",
        "Tram": "5023",
        "Action": "a",
        "Msg Sent": "16/10/2019 21:40:56",
        "Msg Received": "16/10/2019 21:40:57",
        "Msg Processed": "16/10/2019 21:40:57",
        "XML ID": "35829",
        "Total Lag": "1.7227991",
        "Create Lag": "1.3315415",
        "Process Lag": "0.3912576"
      },
      {
        "Direction": "Outbound",
        "Destination": "Bride's Glen",
        "Time": "00:14:37",
        "AVLS": "00:15:17",
        "Tram": "5028",
        "Action": "a",
        "Msg Sent": "16/10/2019 21:40:59",
        "Msg Received": "16/10/2019 21:40:59",
        "Msg Processed": "16/10/2019 21:40:59",
        "XML ID": "35830",
        "Total Lag": "0.7853069",
        "Create Lag": "0.6134335",
        "Process Lag": "0.1718734"
      }
    ]
  },
  {
    "stopID": "27",
    "stopQueryTime": 1571258461041,
    "count": 5,
    "results": [
      {
        "Direction": "Inbound",
        "Destination": "Broombridge",
        "Time": "00:00:00",
        "AVLS": "00:00:32",
        "Tram": "5015",
        "Action": "a",
        "Msg Sent": "16/10/2019 21:40:56",
        "Msg Received": "16/10/2019 21:40:57",
        "Msg Processed": "16/10/2019 21:40:57",
        "XML ID": "35829",
        "Total Lag": "1.6284239",
        "Create Lag": "1.3315415",
        "Process Lag": "0.2968824"
      },
      {
        "Direction": "Inbound",
        "Destination": "Broombridge",
        "Time": "00:05:26",
        "AVLS": "00:06:06",
        "Tram": "5008",
        "Action": "a",
        "Msg Sent": "16/10/2019 21:40:56",
        "Msg Received": "16/10/2019 21:40:57",
        "Msg Processed": "16/10/2019 21:40:57",
        "XML ID": "35829",
        "Total Lag": "1.4877992",
        "Create Lag": "1.3315415",
        "Process Lag": "0.1562577"
      },
      {
        "Direction": "Outbound",
        "Destination": "Bride's Glen",
        "Time": "00:04:54",
        "AVLS": "00:05:34",
        "Tram": "5002",
        "Action": "a",
        "Msg Sent": "16/10/2019 21:40:56",
        "Msg Received": "16/10/2019 21:40:57",
        "Msg Processed": "16/10/2019 21:40:57",
        "XML ID": "35829",
        "Total Lag": "1.3940413",
        "Create Lag": "1.3315415",
        "Process Lag": "0.0624998"
      },
      {
        "Direction": "Outbound",
        "Destination": "Sandyford",
        "Time": "00:12:00",
        "AVLS": "00:12:40",
        "Tram": "5023",
        "Action": "a",
        "Msg Sent": "16/10/2019 21:40:56",
        "Msg Received": "16/10/2019 21:40:57",
        "Msg Processed": "16/10/2019 21:40:57",
        "XML ID": "35829",
        "Total Lag": "1.7384318",
        "Create Lag": "1.3315415",
        "Process Lag": "0.4068903"
      },
      {
        "Direction": "Outbound",
        "Destination": "Bride's Glen",
        "Time": "00:18:45",
        "AVLS": "00:19:25",
        "Tram": "5028",
        "Action": "a",
        "Msg Sent": "16/10/2019 21:40:59",
        "Msg Received": "16/10/2019 21:40:59",
        "Msg Processed": "16/10/2019 21:40:59",
        "XML ID": "35830",
        "Total Lag": "0.7853069",
        "Create Lag": "0.6134335",
        "Process Lag": "0.1718734"
      }
    ]
  },
  {
    "stopID": "29",
    "stopQueryTime": 1571258461044,
    "count": 5,
    "results": [
      {
        "Direction": "Inbound",
        "Destination": "Broombridge",
        "Time": "00:02:26",
        "AVLS": "00:03:06",
        "Tram": "5008",
        "Action": "a",
        "Msg Sent": "16/10/2019 21:40:56",
        "Msg Received": "16/10/2019 21:40:57",
        "Msg Processed": "16/10/2019 21:40:57",
        "XML ID": "35829",
        "Total Lag": "1.4877992",
        "Create Lag": "1.3315415",
        "Process Lag": "0.1562577"
      },
      {
        "Direction": "Inbound",
        "Destination": "Broombridge",
        "Time": "00:18:21",
        "AVLS": "00:19:01",
        "Tram": "5013",
        "Action": "a",
        "Msg Sent": "16/10/2019 21:40:56",
        "Msg Received": "16/10/2019 21:40:57",
        "Msg Processed": "16/10/2019 21:40:57",
        "XML ID": "35829",
        "Total Lag": "1.6127889",
        "Create Lag": "1.3315415",
        "Process Lag": "0.2812474"
      },
      {
        "Direction": "Outbound",
        "Destination": "Sandyford",
        "Time": "00:01:43",
        "AVLS": "00:02:23",
        "Tram": "5027",
        "Action": "a",
        "Msg Sent": "16/10/2019 21:40:59",
        "Msg Received": "16/10/2019 21:40:59",
        "Msg Processed": "16/10/2019 21:40:59",
        "XML ID": "35830",
        "Total Lag": "0.6134335",
        "Create Lag": "0.6134335",
        "Process Lag": "0"
      },
      {
        "Direction": "Outbound",
        "Destination": "Bride's Glen",
        "Time": "00:08:16",
        "AVLS": "00:08:56",
        "Tram": "5002",
        "Action": "a",
        "Msg Sent": "16/10/2019 21:40:56",
        "Msg Received": "16/10/2019 21:40:57",
        "Msg Processed": "16/10/2019 21:40:57",
        "XML ID": "35829",
        "Total Lag": "1.4096796",
        "Create Lag": "1.3315415",
        "Process Lag": "0.0781381"
      },
      {
        "Direction": "Outbound",
        "Destination": "Sandyford",
        "Time": "00:15:22",
        "AVLS": "00:16:02",
        "Tram": "5023",
        "Action": "a",
        "Msg Sent": "16/10/2019 21:40:56",
        "Msg Received": "16/10/2019 21:40:57",
        "Msg Processed": "16/10/2019 21:40:57",
        "XML ID": "35829",
        "Total Lag": "1.7384318",
        "Create Lag": "1.3315415",
        "Process Lag": "0.4068903"
      }
    ]
  },
  {
    "stopID": "30",
    "stopQueryTime": 1571258461055,
    "count": 6,
    "results": [
      {
        "Direction": "Inbound",
        "Destination": "Broombridge",
        "Time": "00:00:41",
        "AVLS": "00:01:21",
        "Tram": "5008",
        "Action": "a",
        "Msg Sent": "16/10/2019 21:40:56",
        "Msg Received": "16/10/2019 21:40:57",
        "Msg Processed": "16/10/2019 21:40:57",
        "XML ID": "35829",
        "Total Lag": "1.4721662",
        "Create Lag": "1.3315415",
        "Process Lag": "0.1406247"
      },
      {
        "Direction": "Inbound",
        "Destination": "Broombridge",
        "Time": "00:16:36",
        "AVLS": "00:17:16",
        "Tram": "5013",
        "Action": "a",
        "Msg Sent": "16/10/2019 21:40:56",
        "Msg Received": "16/10/2019 21:40:57",
        "Msg Processed": "16/10/2019 21:40:57",
        "XML ID": "35829",
        "Total Lag": "1.6127889",
        "Create Lag": "1.3315415",
        "Process Lag": "0.2812474"
      },
      {
        "Direction": "Outbound",
        "Destination": "Sandyford",
        "Time": "00:00:36",
        "AVLS": "00:01:16",
        "Tram": "5006",
        "Action": "a",
        "Msg Sent": "16/10/2019 21:40:56",
        "Msg Received": "16/10/2019 21:40:57",
        "Msg Processed": "16/10/2019 21:40:57",
        "XML ID": "35829",
        "Total Lag": "1.4565509",
        "Create Lag": "1.3315415",
        "Process Lag": "0.1250094"
      },
      {
        "Direction": "Outbound",
        "Destination": "Sandyford",
        "Time": "00:03:29",
        "AVLS": "00:04:09",
        "Tram": "5027",
        "Action": "a",
        "Msg Sent": "16/10/2019 21:40:59",
        "Msg Received": "16/10/2019 21:40:59",
        "Msg Processed": "16/10/2019 21:40:59",
        "XML ID": "35830",
        "Total Lag": "0.6134335",
        "Create Lag": "0.6134335",
        "Process Lag": "0"
      },
      {
        "Direction": "Outbound",
        "Destination": "Bride's Glen",
        "Time": "00:10:02",
        "AVLS": "00:10:42",
        "Tram": "5002",
        "Action": "a",
        "Msg Sent": "16/10/2019 21:40:56",
        "Msg Received": "16/10/2019 21:40:57",
        "Msg Processed": "16/10/2019 21:40:57",
        "XML ID": "35829",
        "Total Lag": "1.4096796",
        "Create Lag": "1.3315415",
        "Process Lag": "0.0781381"
      },
      {
        "Direction": "Outbound",
        "Destination": "Sandyford",
        "Time": "00:17:08",
        "AVLS": "00:17:48",
        "Tram": "5023",
        "Action": "a",
        "Msg Sent": "16/10/2019 21:40:56",
        "Msg Received": "16/10/2019 21:40:57",
        "Msg Processed": "16/10/2019 21:40:57",
        "XML ID": "35829",
        "Total Lag": "1.7384318",
        "Create Lag": "1.3315415",
        "Process Lag": "0.4068903"
      }
    ]
  }
]