[
  {
    "stopID": "23",
    "stopQueryTime": 1571258880731,
    "count": 0,
    "results": []
  },
  {
    "stopID": "19",
    "stopQueryTime": 1571258880772,
    "count": 2,
    "results": [
      {
        "Direction": "Inbound",
        "Destination": "The Point",
        "Time": "00:02:34",
        "AVLS": "00:03:14",
        "Tram": "3002",
        "Action": "a",
        "Msg Sent": "16/10/2019 21:47:57",
        "Msg Received": "16/10/2019 21:47:57",
        "Msg Processed": "16/10/2019 21:47:57",
        "XML ID": "36011",
        "Total Lag": "0.2918813",
        "Create Lag": "0.2450071",
        "Process Lag": "0.0468742"
      },
      {
        "Direction": "Outbound",
        "Destination": "Tallaght",
        "Time": "00:08:05",
        "AVLS": "00:08:45",
        "Tram": "3009",
        "Action": "a",
        "Msg Sent": "16/10/2019 21:47:57",
        "Msg Received": "16/10/2019 21:47:57",
        "Msg Processed": "16/10/2019 21:47:57",
        "XML ID": "36011",
        "Total Lag": "0.3231334",
        "Create Lag": "0.2450071",
        "Process Lag": "0.0781263"
      }
    ]
  },
  {
    "stopID": "40",
    "stopQueryTime": 1571258880781,
    "count": 2,
    "results": [
      {
        "Direction": "Inbound",
        "Destination": "Broombridge",
        "Time": "00:07:57",
        "AVLS": "00:08:37",
        "Tram": "5010",
        "Action": "a",
        "Msg Sent": "16/10/2019 21:47:57",
        "Msg Received": "16/10/2019 21:47:57",
        "Msg Processed": "16/10/2019 21:47:58",
        "XML ID": "36012",
        "Total Lag": "1.0418783",
        "Create Lag": "0.8701989",
        "Process Lag": "0.1716794"
      },
      {
        "Direction": "Outbound",
        "Destination": "Bride's Glen",
        "Time": "00:04:10",
        "AVLS": "00:04:50",
        "Tram": "5030",
        "Action": "a",
        "Msg Sent": "16/10/2019 21:47:59",
        "Msg Received": "16/10/2019 21:47:59",
        "Msg Processed": "16/10/2019 21:47:59",
        "XML ID": "36013",
        "Total Lag": "0.6981158",
        "Create Lag": "0.5731192",
        "Process Lag": "0.1249966"
      }
    ]
  },
  {
    "stopID": "18",
    "stopQueryTime": 1571258880784,
    "count": 3,
    "results": [
      {
        "Direction": "Inbound",
        "Destination": "The Point",
        "Time": "00:01:10",
        "AVLS": "00:01:50",
        "Tram": "3002",
        "Action": "a",
        "Msg Sent": "16/10/2019 21:47:57",
        "Msg Received": "16/10/2019 21:47:57",
        "Msg Processed": "16/10/2019 21:47:57",
        "XML ID": "36011",
        "Total Lag": "0.2918813",
        "Create Lag": "0.2450071",
        "Process Lag": "0.0468742"
      },
      {
        "Direction": "Inbound",
        "Destination": "The Point",
        "Time": "00:19:14",
        "AVLS": "00:19:54",
        "Tram": "3025",
        "Action": "a",
        "Msg Sent": "16/10/2019 21:47:57",
        "Msg Received": "16/10/2019 21:47:57",
        "Msg Processed": "16/10/2019 21:47:57",
        "XML ID": "36011",
        "Total Lag": "0.5887659",
        "Create Lag": "0.2450071",
        "Process Lag": "0.3437588"
      },
      {
        "Direction": "Outbound",
        "Destination": "Tallaght",
        "Time": "00:09:17",
        "AVLS": "00:09:57",
        "Tram": "3009",
        "Action": "a",
        "Msg Sent": "16/10/2019 21:47:57",
        "Msg Received": "16/10/2019 21:47:57",
        "Msg Processed": "16/10/2019 21:47:57",
        "XML ID": "36011",
        "Total Lag": "0.3231334",
        "Create Lag": "0.2450071",
        "Process Lag": "0.0781263"
      }
    ]
  },
  {
    "stopID": "13",
    "stopQueryTime": 1571258880803,
    "count": 2,
    "results": [
      {
        "Direction": "Inbound",
        "Destination": "The Point",
        "Time": "00:09:19",
        "AVLS": "00:09:59",
        "Tram": "3025",
        "Action": "a",
        "Msg Sent": "16/10/2019 21:47:57",
        "Msg Received": "16/10/2019 21:47:57",
        "Msg Processed": "16/10/2019 21:47:57",
        "XML ID": "36011",
        "Total Lag": "0.5575212",
        "Create Lag": "0.2450071",
        "Process Lag": "0.3125141"
      },
      {
        "Direction": "Outbound",
        "Destination": "Tallaght",
        "Time": "00:07:00",
        "AVLS": "00:07:40",
        "Tram": "4009",
        "Action": "a",
        "Msg Sent": "16/10/2019 21:47:57",
        "Msg Received": "16/10/2019 21:47:57",
        "Msg Processed": "16/10/2019 21:47:57",
        "XML ID": "36012",
        "Total Lag": "0.8856293",
        "Create Lag": "0.8543795",
        "Process Lag": "0.0312498"
      }
    ]
  },
  {
    "stopID": "6",
    "stopQueryTime": 1571258880807,
    "count": 3,
    "results": [
      {
        "Direction": "Inbound",
        "Destination": "The Point",
        "Time": "00:09:00",
        "AVLS": "00:09:40",
        "Tram": "3012",
        "Action": "a",
        "Msg Sent": "16/10/2019 21:47:57",
        "Msg Received": "16/10/2019 21:47:57",
        "Msg Processed": "16/10/2019 21:47:57",
        "XML ID": "36011",
        "Total Lag": "0.3700063",
        "Create Lag": "0.2450071",
        "Process Lag": "0.1249992"
      },
      {
        "Direction": "Outbound",
        "Destination": "Tallaght",
        "Time": "00:00:00",
        "AVLS": "00:00:23",
        "Tram": "3014",
        "Action": "a",
        "Msg Sent": "16/10/2019 21:47:57",
        "Msg Received": "16/10/2019 21:47:57",
        "Msg Processed": "16/10/2019 21:47:57",
        "XML ID": "36011",
        "Total Lag": "0.4012553",
        "Create Lag": "0.2450071",
        "Process Lag": "0.1562482"
      },
      {
        "Direction": "Outbound",
        "Destination": "Tallaght",
        "Time": "00:08:47",
        "AVLS": "00:09:27",
        "Tram": "3017",
        "Action": "a",
        "Msg Sent": "16/10/2019 21:47:57",
        "Msg Received": "16/10/2019 21:47:57",
        "Msg Processed": "16/10/2019 21:47:57",
        "XML ID": "36011",
        "Total Lag": "0.4950079",
        "Create Lag": "0.2450071",
        "Process Lag": "0.2500008"
      }
    ]
  },
  {
    "stopID": "20",
    "stopQueryTime": 1571258880812,
    "count": 3,
    "results": [
      {
        "Direction": "Inbound",
        "Destination": "The Point",
        "Time": "00:04:44",
        "AVLS": "00:05:24",
        "Tram": "3002",
        "Action": "a",
        "Msg Sent": "16/10/2019 21:47:57",
        "Msg Received": "16/10/2019 21:47:57",
        "Msg Processed": "16/10/2019 21:47:57",
        "XML ID": "36011",
        "Total Lag": "0.2918813",
        "Create Lag": "0.2450071",
        "Process Lag": "0.0468742"
      },
      {
        "Direction": "Outbound",
        "Destination": "Tallaght",
        "Time": "00:05:56",
        "AVLS": "00:06:36",
        "Tram": "3009",
        "Action": "a",
        "Msg Sent": "16/10/2019 21:47:57",
        "Msg Received": "16/10/2019 21:47:57",
        "Msg Processed": "16/10/2019 21:47:57",
        "XML ID": "36011",
        "Total Lag": "0.3231334",
        "Create Lag": "0.2450071",
        "Process Lag": "0.0781263"
      },
      {
        "Direction": "Outbound",
        "Destination": "Tallaght",
        "Time": "00:17:51",
        "AVLS": "00:18:31",
        "Tram": "4006",
        "Action": "a",
        "Msg Sent": "16/10/2019 21:47:57",
        "Msg Received": "16/10/2019 21:47:57",
        "Msg Processed": "16/10/2019 21:47:57",
        "XML ID": "36012",
        "Total Lag": "0.8701989",
        "Create Lag": "0.8543795",
        "Process Lag": "0.0158194"
      }
    ]
  },
  {
    "stopID": "48",
    "stopQueryTime": 1571258880816,
    "count": 1,
    "results": [
      {
        "Direction": "Inbound",
        "Destination": "Broombridge",
        "Time": "00:11:24",
        "AVLS": "00:12:04",
        "Tram": "5003",
        "Action": "d",
        "Msg Sent": "16/10/2019 21:47:57",
        "Msg Received": "16/10/2019 21:47:57",
        "Msg Processed": "16/10/2019 21:47:57",
        "XML ID": "36012",
        "Total Lag": "0.9637495",
        "Create Lag": "0.8543795",
        "Process Lag": "0.10937"
      }
    ]
  },
  {
    "stopID": "58",
    "stopQueryTime": 1571258880818,
    "count": 0,
    "results": []
  },
  {
    "stopID": "15",
    "stopQueryTime": 1571258880821,
    "count": 3,
    "results": [
      {
        "Direction": "Inbound",
        "Destination": "The Point",
        "Time": "00:11:59",
        "AVLS": "00:12:39",
        "Tram": "3025",
        "Action": "a",
        "Msg Sent": "16/10/2019 21:47:57",
        "Msg Received": "16/10/2019 21:47:57",
        "Msg Processed": "16/10/2019 21:47:57",
        "XML ID": "36011",
        "Total Lag": "0.5731386",
        "Create Lag": "0.2450071",
        "Process Lag": "0.3281315"
      },
      {
        "Direction": "Outbound",
        "Destination": "Tallaght",
        "Time": "00:04:01",
        "AVLS": "00:04:41",
        "Tram": "4009",
        "Action": "a",
        "Msg Sent": "16/10/2019 21:47:57",
        "Msg Received": "16/10/2019 21:47:57",
        "Msg Processed": "16/10/2019 21:47:57",
        "XML ID": "36012",
        "Total Lag": "0.8701989",
        "Create Lag": "0.8543795",
        "Process Lag": "0.0158194"
      },
      {
        "Direction": "Outbound",
        "Destination": "Tallaght",
        "Time": "00:16:40",
        "AVLS": "00:17:20",
        "Tram": "3009",
        "Action": "a",
        "Msg Sent": "16/10/2019 21:47:57",
        "Msg Received": "16/10/2019 21:47:57",
        "Msg Processed": "16/10/2019 21:47:57",
        "XML ID": "36011",
        "Total Lag": "0.3387583",
        "Create Lag": "0.2450071",
        "Process Lag": "0.0937512"
      }
    ]
  },
  {
    "stopID": "11",
    "stopQueryTime": 1571258880827,
    "count": 3,
    "results": [
      {
        "Direction": "Inbound",
        "Destination": "The Point",
        "Time": "00:06:39",
        "AVLS": "00:07:19",
        "Tram": "3025",
        "Action": "a",
        "Msg Sent": "16/10/2019 21:47:57",
        "Msg Received": "16/10/2019 21:47:57",
        "Msg Processed": "16/10/2019 21:47:57",
        "XML ID": "36011",
        "Total Lag": "0.5575212",
        "Create Lag": "0.2450071",
        "Process Lag": "0.3125141"
      },
      {
        "Direction": "Inbound",
        "Destination": "The Point",
        "Time": "00:19:05",
        "AVLS": "00:19:45",
        "Tram": "3012",
        "Action": "a",
        "Msg Sent": "16/10/2019 21:47:57",
        "Msg Received": "16/10/2019 21:47:57",
        "Msg Processed": "16/10/2019 21:47:57",
        "XML ID": "36011",
        "Total Lag": "0.3856305",
        "Create Lag": "0.2450071",
        "Process Lag": "0.1406234"
      },
      {
        "Direction": "Outbound",
        "Destination": "Tallaght",
        "Time": "00:09:46",
        "AVLS": "00:10:26",
        "Tram": "4009",
        "Action": "a",
        "Msg Sent": "16/10/2019 21:47:57",
        "Msg Received": "16/10/2019 21:47:57",
        "Msg Processed": "16/10/2019 21:47:57",
        "XML ID": "36012",
        "Total Lag": "0.8856293",
        "Create Lag": "0.8543795",
        "Process Lag": "0.0312498"
      }
    ]
  },
  {
    "stopID": "12",
    "stopQueryTime": 1571258880837,
    "count": 2,
    "results": [
      {
        "Direction": "Inbound",
        "Destination": "The Point",
        "Time": "00:07:41",
        "AVLS": "00:08:21",
        "Tram": "3025",
        "Action": "a",
        "Msg Sent": "16/10/2019 21:47:57",
        "Msg Received": "16/10/2019 21:47:57",
        "Msg Processed": "16/10/2019 21:47:57",
        "XML ID": "36011",
        "Total Lag": "0.5575212",
        "Create Lag": "0.2450071",
        "Process Lag": "0.3125141"
      },
      {
        "Direction": "Outbound",
        "Destination": "Tallaght",
        "Time": "00:08:41",
        "AVLS": "00:09:21",
        "Tram": "4009",
        "Action": "a",
        "Msg Sent": "16/10/2019 21:47:57",
        "Msg Received": "16/10/2019 21:47:57",
        "Msg Processed": "16/10/2019 21:47:57",
        "XML ID": "36012",
        "Total Lag": "0.8856293",
        "Create Lag": "0.8543795",
        "Process Lag": "0.0312498"
      }
    ]
  },
  {
    "stopID": "39",
    "stopQueryTime": 1571258880844,
    "count": 3,
    "results": [
      {
        "Direction": "Inbound",
        "Destination": "Broombridge",
        "Time": "00:09:27",
        "AVLS": "00:10:07",
        "Tram": "5010",
        "Action": "a",
        "Msg Sent": "16/10/2019 21:47:57",
        "Msg Received": "16/10/2019 21:47:57",
        "Msg Processed": "16/10/2019 21:47:58",
        "XML ID": "36012",
        "Total Lag": "1.0418783",
        "Create Lag": "0.8701989",
        "Process Lag": "0.1716794"
      },
      {
        "Direction": "Outbound",
        "Destination": "Bride's Glen",
        "Time": "00:02:42",
        "AVLS": "00:03:22",
        "Tram": "5030",
        "Action": "a",
        "Msg Sent": "16/10/2019 21:47:59",
        "Msg Received": "16/10/2019 21:47:59",
        "Msg Processed": "16/10/2019 21:47:59",
        "XML ID": "36013",
        "Total Lag": "0.6981158",
        "Create Lag": "0.5731192",
        "Process Lag": "0.1249966"
      },
      {
        "Direction": "Outbound",
        "Destination": "Bride's Glen",
        "Time": "00:18:58",
        "AVLS": "00:19:38",
        "Tram": "5002",
        "Action": "a",
        "Msg Sent": "16/10/2019 21:47:57",
        "Msg Received": "16/10/2019 21:47:57",
        "Msg Processed": "16/10/2019 21:47:57",
        "XML ID": "36012",
        "Total Lag": "0.948125",
        "Create Lag": "0.8543795",
        "Process Lag": "0.0937455"
      }
    ]
  },
  {
    "stopID": "21",
    "stopQueryTime": 1571258880850,
    "count": 3,
    "results": [
      {
        "Direction": "Inbound",
        "Destination": "The Point",
        "Time": "00:07:30",
        "AVLS": "00:08:10",
        "Tram": "3002",
        "Action": "a",
        "Msg Sent": "16/10/2019 21:47:57",
        "Msg Received": "16/10/2019 21:47:57",
        "Msg Processed": "16/10/2019 21:47:57",
        "XML ID": "36011",
        "Total Lag": "0.2918813",
        "Create Lag": "0.2450071",
        "Process Lag": "0.0468742"
      },
      {
        "Direction": "Outbound",
        "Destination": "Tallaght",
        "Time": "00:03:29",
        "AVLS": "00:04:09",
        "Tram": "3009",
        "Action": "a",
        "Msg Sent": "16/10/2019 21:47:57",
        "Msg Received": "16/10/2019 21:47:57",
        "Msg Processed": "16/10/2019 21:47:57",
        "XML ID": "36011",
        "Total Lag": "0.3075047",
        "Create Lag": "0.2450071",
        "Process Lag": "0.0624976"
      },
      {
        "Direction": "Outbound",
        "Destination": "Tallaght",
        "Time": "00:15:24",
        "AVLS": "00:16:04",
        "Tram": "4006",
        "Action": "a",
        "Msg Sent": "16/10/2019 21:47:57",
        "Msg Received": "16/10/2019 21:47:57",
        "Msg Processed": "16/10/2019 21:47:57",
        "XML ID": "36011",
        "Total Lag": "0.6200148",
        "Create Lag": "0.2450071",
        "Process Lag": "0.3750077"
      }
    ]
  },
  {
    "stopID": "42",
    "stopQueryTime": 1571258880853,
    "count": 2,
    "results": [
      {
        "Direction": "Inbound",
        "Destination": "Broombridge",
        "Time": "00:05:46",
        "AVLS": "00:06:26",
        "Tram": "5010",
        "Action": "a",
        "Msg Sent": "16/10/2019 21:47:57",
        "Msg Received": "16/10/2019 21:47:57",
        "Msg Processed": "16/10/2019 21:47:58",
        "XML ID": "36012",
        "Total Lag": "1.0418783",
        "Create Lag": "0.8701989",
        "Process Lag": "0.1716794"
      },
      {
        "Direction": "Outbound",
        "Destination": "Bride's Glen",
        "Time": "00:06:18",
        "AVLS": "00:06:58",
        "Tram": "5030",
        "Action": "a",
        "Msg Sent": "16/10/2019 21:47:59",
        "Msg Received": "16/10/2019 21:47:59",
        "Msg Processed": "16/10/2019 21:47:59",
        "XML ID": "36013",
        "Total Lag": "0.7137414",
        "Create Lag": "0.5731192",
        "Process Lag": "0.1406222"
      }
    ]
  },
  {
    "stopID": "22",
    "stopQueryTime": 1571258880856,
    "count": 3,
    "results": [
      {
        "Direction": "Inbound",
        "Destination": "The Point",
        "Time": "00:10:34",
        "AVLS": "00:11:14",
        "Tram": "3002",
        "Action": "a",
        "Msg Sent": "16/10/2019 21:47:57",
        "Msg Received": "16/10/2019 21:47:57",
        "Msg Processed": "16/10/2019 21:47:57",
        "XML ID": "36011",
        "Total Lag": "0.2918813",
        "Create Lag": "0.2450071",
        "Process Lag": "0.0468742"
      },
      {
        "Direction": "Outbound",
        "Destination": "Tallaght",
        "Time": "00:00:01",
        "AVLS": "00:00:41",
        "Tram": "3009",
        "Action": "a",
        "Msg Sent": "16/10/2019 21:47:57",
        "Msg Received": "16/10/2019 21:47:57",
        "Msg Processed": "16/10/2019 21:47:57",
        "XML ID": "36011",
        "Total Lag": "0.3075047",
        "Create Lag": "0.2450071",
        "Process Lag": "0.0624976"
      },
      {
        "Direction": "Outbound",
        "Destination": "Tallaght",
        "Time": "00:11:56",
        "AVLS": "00:12:36",
        "Tram": "4006",
        "Action": "a",
        "Msg Sent": "16/10/2019 21:47:57",
        "Msg Received": "16/10/2019 21:47:57",
        "Msg Processed": "16/10/2019 21:47:57",
        "XML ID": "36011",
        "Total Lag": "0.6200148",
        "Create Lag": "0.2450071",
        "Process Lag": "0.3750077"
      }
    ]
  },
  {
    "stopID": "3",
    "stopQueryTime": 1571258880865,
    "count": 4,
    "results": [
      {
        "Direction": "Inbound",
        "Destination": "The Point",
        "Time": "00:00:55",
        "AVLS": "00:01:35",
        "Tram": "3012",
        "Action": "a",
        "Msg Sent": "16/10/2019 21:47:57",
        "Msg Received": "16/10/2019 21:47:57",
        "Msg Processed": "16/10/2019 21:47:57",
        "XML ID": "36011",
        "Total Lag": "0.3700063",
        "Create Lag": "0.2450071",
        "Process Lag": "0.1249992"
      },
      {
        "Direction": "Inbound",
        "Destination": "The Point",
        "Time": "00:14:19",
        "AVLS": "00:14:59",
        "Tram": "3016",
        "Action": "a",
        "Msg Sent": "16/10/2019 21:47:57",
        "Msg Received": "16/10/2019 21:47:57",
        "Msg Processed": "16/10/2019 21:47:57",
        "XML ID": "36011",
        "Total Lag": "0.4481304",
        "Create Lag": "0.2450071",
        "Process Lag": "0.2031233"
      },
      {
        "Direction": "Outbound",
        "Destination": "Tallaght",
        "Time": "00:07:02",
        "AVLS": "00:07:42",
        "Tram": "3014",
        "Action": "a",
        "Msg Sent": "16/10/2019 21:47:57",
        "Msg Received": "16/10/2019 21:47:57",
        "Msg Processed": "16/10/2019 21:47:57",
        "XML ID": "36011",
        "Total Lag": "0.4012553",
        "Create Lag": "0.2450071",
        "Process Lag": "0.1562482"
      },
      {
        "Direction": "Outbound",
        "Destination": "Tallaght",
        "Time": "00:16:06",
        "AVLS": "00:16:46",
        "Tram": "3017",
        "Action": "a",
        "Msg Sent": "16/10/2019 21:47:57",
        "Msg Received": "16/10/2019 21:47:57",
        "Msg Processed": "16/10/2019 21:47:57",
        "XML ID": "36011",
        "Total Lag": "0.510638",
        "Create Lag": "0.2450071",
        "Process Lag": "0.2656309"
      }
    ]
  },
  {
    "stopID": "32",
    "stopQueryTime": 1571258880876,
    "count": 3,
    "results": [
      {
        "Direction": "Inbound",
        "Destination": "Broombridge",
        "Time": "00:06:20",
        "AVLS": "00:07:00",
        "Tram": "5013",
        "Action": "a",
        "Msg Sent": "16/10/2019 21:47:57",
        "Msg Received": "16/10/2019 21:47:57",
        "Msg Processed": "16/10/2019 21:47:58",
        "XML ID": "36012",
        "Total Lag": "1.1356351",
        "Create Lag": "0.8701989",
        "Process Lag": "0.2654362"
      },
      {
        "Direction": "Outbound",
        "Destination": "Bride's Glen",
        "Time": "00:07:12",
        "AVLS": "00:07:52",
        "Tram": "5002",
        "Action": "a",
        "Msg Sent": "16/10/2019 21:47:57",
        "Msg Received": "16/10/2019 21:47:57",
        "Msg Processed": "16/10/2019 21:47:57",
        "XML ID": "36012",
        "Total Lag": "0.9168782",
        "Create Lag": "0.8543795",
        "Process Lag": "0.0624987"
      },
      {
        "Direction": "Outbound",
        "Destination": "Sandyford",
        "Time": "00:14:47",
        "AVLS": "00:15:27",
        "Tram": "5023",
        "Action": "a",
        "Msg Sent": "16/10/2019 21:47:59",
        "Msg Received": "16/10/2019 21:47:59",
        "Msg Processed": "16/10/2019 21:47:59",
        "XML ID": "36013",
        "Total Lag": "0.6356248",
        "Create Lag": "0.5731192",
        "Process Lag": "0.0625056"
      }
    ]
  },
  {
    "stopID": "5",
    "stopQueryTime": 1571258880880,
    "count": 4,
    "results": [
      {
        "Direction": "Inbound",
        "Destination": "The Point",
        "Time": "00:05:53",
        "AVLS": "00:06:33",
        "Tram": "3012",
        "Action": "a",
        "Msg Sent": "16/10/2019 21:47:57",
        "Msg Received": "16/10/2019 21:47:57",
        "Msg Processed": "16/10/2019 21:47:57",
        "XML ID": "36011",
        "Total Lag": "0.3700063",
        "Create Lag": "0.2450071",
        "Process Lag": "0.1249992"
      },
      {
        "Direction": "Inbound",
        "Destination": "The Point",
        "Time": "00:19:17",
        "AVLS": "00:19:57",
        "Tram": "3016",
        "Action": "a",
        "Msg Sent": "16/10/2019 21:47:57",
        "Msg Received": "16/10/2019 21:47:57",
        "Msg Processed": "16/10/2019 21:47:57",
        "XML ID": "36011",
        "Total Lag": "0.4637549",
        "Create Lag": "0.2450071",
        "Process Lag": "0.2187478"
      },
      {
        "Direction": "Outbound",
        "Destination": "Tallaght",
        "Time": "00:02:58",
        "AVLS": "00:03:38",
        "Tram": "3014",
        "Action": "a",
        "Msg Sent": "16/10/2019 21:47:57",
        "Msg Received": "16/10/2019 21:47:57",
        "Msg Processed": "16/10/2019 21:47:57",
        "XML ID": "36011",
        "Total Lag": "0.4012553",
        "Create Lag": "0.2450071",
        "Process Lag": "0.1562482"
      },
      {
        "Direction": "Outbound",
        "Destination": "Tallaght",
        "Time": "00:12:02",
        "AVLS": "00:12:42",
        "Tram": "3017",
        "Action": "a",
        "Msg Sent": "16/10/2019 21:47:57",
        "Msg Received": "16/10/2019 21:47:57",
        "Msg Processed": "16/10/2019 21:47:57",
        "XML ID": "36011",
        "Total Lag": "0.4950079",
        "Create Lag": "0.2450071",
        "Process Lag": "0.2500008"
      }
    ]
  },
  {
    "stopID": "8",
    "stopQueryTime": 1571258880883,
    "count": 4,
    "results": [
      {
        "Direction": "Inbound",
        "Destination": "The Point",
        "Time": "00:02:21",
        "AVLS": "00:03:01",
        "Tram": "3025",
        "Action": "a",
        "Msg Sent": "16/10/2019 21:47:57",
        "Msg Received": "16/10/2019 21:47:57",
        "Msg Processed": "16/10/2019 21:47:57",
        "XML ID": "36011",
        "Total Lag": "0.5418805",
        "Create Lag": "0.2450071",
        "Process Lag": "0.2968734"
      },
      {
        "Direction": "Inbound",
        "Destination": "The Point",
        "Time": "00:14:47",
        "AVLS": "00:15:27",
        "Tram": "3012",
        "Action": "a",
        "Msg Sent": "16/10/2019 21:47:57",
        "Msg Received": "16/10/2019 21:47:57",
        "Msg Processed": "16/10/2019 21:47:57",
        "XML ID": "36011",
        "Total Lag": "0.3856305",
        "Create Lag": "0.2450071",
        "Process Lag": "0.1406234"
      },
      {
        "Direction": "Outbound",
        "Destination": "Tallaght",
        "Time": "00:03:10",
        "AVLS": "00:03:50",
        "Tram": "3017",
        "Action": "a",
        "Msg Sent": "16/10/2019 21:47:57",
        "Msg Received": "16/10/2019 21:47:57",
        "Msg Processed": "16/10/2019 21:47:57",
        "XML ID": "36011",
        "Total Lag": "0.4793868",
        "Create Lag": "0.2450071",
        "Process Lag": "0.2343797"
      },
      {
        "Direction": "Outbound",
        "Destination": "Tallaght",
        "Time": "00:14:13",
        "AVLS": "00:14:53",
        "Tram": "4009",
        "Action": "a",
        "Msg Sent": "16/10/2019 21:47:57",
        "Msg Received": "16/10/2019 21:47:57",
        "Msg Processed": "16/10/2019 21:47:57",
        "XML ID": "36012",
        "Total Lag": "0.9012519",
        "Create Lag": "0.8543795",
        "Process Lag": "0.0468724"
      }
    ]
  },
  {
    "stopID": "24",
    "stopQueryTime": 1571258880885,
    "count": 3,
    "results": [
      {
        "Direction": "Inbound",
        "Destination": "Broombridge",
        "Time": "00:03:59",
        "AVLS": "00:04:39",
        "Tram": "5008",
        "Action": "a",
        "Msg Sent": "16/10/2019 21:47:57",
        "Msg Received": "16/10/2019 21:47:57",
        "Msg Processed": "16/10/2019 21:47:57",
        "XML ID": "36012",
        "Total Lag": "0.995011",
        "Create Lag": "0.8543795",
        "Process Lag": "0.1406315"
      },
      {
        "Direction": "Outbound",
        "Destination": "Sandyford",
        "Time": "00:00:00",
        "AVLS": "00:00:27",
        "Tram": "5023",
        "Action": "a",
        "Msg Sent": "16/10/2019 21:47:59",
        "Msg Received": "16/10/2019 21:47:59",
        "Msg Processed": "16/10/2019 21:47:59",
        "XML ID": "36013",
        "Total Lag": "0.5887508",
        "Create Lag": "0.5731192",
        "Process Lag": "0.0156316"
      },
      {
        "Direction": "Outbound",
        "Destination": "Bride's Glen",
        "Time": "00:06:16",
        "AVLS": "00:06:56",
        "Tram": "5028",
        "Action": "a",
        "Msg Sent": "16/10/2019 21:47:59",
        "Msg Received": "16/10/2019 21:47:59",
        "Msg Processed": "16/10/2019 21:47:59",
        "XML ID": "36013",
        "Total Lag": "0.6512382",
        "Create Lag": "0.5731192",
        "Process Lag": "0.078119"
      }
    ]
  },
  {
    "stopID": "1",
    "stopQueryTime": 1571258880889,
    "count": 3,
    "results": [
      {
        "Direction": "Inbound",
        "Destination": "The Point",
        "Time": "00:11:24",
        "AVLS": "00:12:04",
        "Tram": "3016",
        "Action": "d",
        "Msg Sent": "16/10/2019 21:47:57",
        "Msg Received": "16/10/2019 21:47:57",
        "Msg Processed": "16/10/2019 21:47:57",
        "XML ID": "36011",
        "Total Lag": "0.4481304",
        "Create Lag": "0.2450071",
        "Process Lag": "0.2031233"
      },
      {
        "Direction": "Terminating",
        "Destination": "Tallaght",
        "Time": "00:02:23",
        "AVLS": "00:03:03",
        "Tram": "3016",
        "Action": "a",
        "Msg Sent": "16/10/2019 21:47:57",
        "Msg Received": "16/10/2019 21:47:57",
        "Msg Processed": "16/10/2019 21:47:57",
        "XML ID": "36011",
        "Total Lag": "0.4481304",
        "Create Lag": "0.2450071",
        "Process Lag": "0.2031233"
      },
      {
        "Direction": "Terminating",
        "Destination": "Tallaght",
        "Time": "00:10:43",
        "AVLS": "00:11:23",
        "Tram": "3014",
        "Action": "a",
        "Msg Sent": "16/10/2019 21:47:57",
        "Msg Received": "16/10/2019 21:47:57",
        "Msg Processed": "16/10/2019 21:47:57",
        "XML ID": "36011",
        "Total Lag": "0.41688",
        "Create Lag": "0.2450071",
        "Process Lag": "0.1718729"
      }
    ]
  },
  {
    "stopID": "16",
    "stopQueryTime": 1571258880891,
    "count": 3,
    "results": [
      {
        "Direction": "Inbound",
        "Destination": "The Point",
        "Time": "00:14:34",
        "AVLS": "00:15:14",
        "Tram": "3025",
        "Action": "a",
        "Msg Sent": "16/10/2019 21:47:57",
        "Msg Received": "16/10/2019 21:47:57",
        "Msg Processed": "16/10/2019 21:47:57",
        "XML ID": "36011",
        "Total Lag": "0.5731386",
        "Create Lag": "0.2450071",
        "Process Lag": "0.3281315"
      },
      {
        "Direction": "Outbound",
        "Destination": "Tallaght",
        "Time": "00:00:50",
        "AVLS": "00:01:30",
        "Tram": "4009",
        "Action": "a",
        "Msg Sent": "16/10/2019 21:47:57",
        "Msg Received": "16/10/2019 21:47:57",
        "Msg Processed": "16/10/2019 21:47:57",
        "XML ID": "36012",
        "Total Lag": "0.8701989",
        "Create Lag": "0.8543795",
        "Process Lag": "0.0158194"
      },
      {
        "Direction": "Outbound",
        "Destination": "Tallaght",
        "Time": "00:13:29",
        "AVLS": "00:14:09",
        "Tram": "3009",
        "Action": "a",
        "Msg Sent": "16/10/2019 21:47:57",
        "Msg Received": "16/10/2019 21:47:57",
        "Msg Processed": "16/10/2019 21:47:57",
        "XML ID": "36011",
        "Total Lag": "0.3231334",
        "Create Lag": "0.2450071",
        "Process Lag": "0.0781263"
      }
    ]
  },
  {
    "stopID": "29",
    "stopQueryTime": 1571258880894,
    "count": 4,
    "results": [
      {
        "Direction": "Inbound",
        "Destination": "Broombridge",
        "Time": "00:11:51",
        "AVLS": "00:12:31",
        "Tram": "5013",
        "Action": "a",
        "Msg Sent": "16/10/2019 21:47:57",
        "Msg Received": "16/10/2019 21:47:57",
        "Msg Processed": "16/10/2019 21:47:58",
        "XML ID": "36012",
        "Total Lag": "1.151258",
        "Create Lag": "0.8701989",
        "Process Lag": "0.2810591"
      },
      {
        "Direction": "Outbound",
        "Destination": "Bride's Glen",
        "Time": "00:01:40",
        "AVLS": "00:02:20",
        "Tram": "5002",
        "Action": "a",
        "Msg Sent": "16/10/2019 21:47:57",
        "Msg Received": "16/10/2019 21:47:57",
        "Msg Processed": "16/10/2019 21:47:57",
        "XML ID": "36012",
        "Total Lag": "0.9168782",
        "Create Lag": "0.8543795",
        "Process Lag": "0.0624987"
      },
      {
        "Direction": "Outbound",
        "Destination": "Sandyford",
        "Time": "00:09:15",
        "AVLS": "00:09:55",
        "Tram": "5023",
        "Action": "a",
        "Msg Sent": "16/10/2019 21:47:59",
        "Msg Received": "16/10/2019 21:47:59",
        "Msg Processed": "16/10/2019 21:47:59",
        "XML ID": "36013",
        "Total Lag": "0.6199999",
        "Create Lag": "0.5731192",
        "Process Lag": "0.0468807"
      },
      {
        "Direction": "Outbound",
        "Destination": "Bride's Glen",
        "Time": "00:15:44",
        "AVLS": "00:16:24",
        "Tram": "5028",
        "Action": "a",
        "Msg Sent": "16/10/2019 21:47:59",
        "Msg Received": "16/10/2019 21:47:59",
        "Msg Processed": "16/10/2019 21:47:59",
        "XML ID": "36013",
        "Total Lag": "0.6668757",
        "Create Lag": "0.5731192",
        "Process Lag": "0.0937565"
      }
    ]
  },
  {
    "stopID": "25",
    "stopQueryTime": 1571258880898,
    "count": 4,
    "results": [
      {
        "Direction": "Inbound",
        "Destination": "Broombridge",
        "Time": "00:01:01",
        "AVLS": "00:01:41",
        "Tram": "5008",
        "Action": "a",
        "Msg Sent": "16/10/2019 21:47:57",
        "Msg Received": "16/10/2019 21:47:57",
        "Msg Processed": "16/10/2019 21:47:57",
        "XML ID": "36012",
        "Total Lag": "0.995011",
        "Create Lag": "0.8543795",
        "Process Lag": "0.1406315"
      },
      {
        "Direction": "Inbound",
        "Destination": "Broombridge",
        "Time": "00:18:22",
        "AVLS": "00:19:02",
        "Tram": "5013",
        "Action": "a",
        "Msg Sent": "16/10/2019 21:47:57",
        "Msg Received": "16/10/2019 21:47:57",
        "Msg Processed": "16/10/2019 21:47:58",
        "XML ID": "36012",
        "Total Lag": "1.1668915",
        "Create Lag": "0.8701989",
        "Process Lag": "0.2966926"
      },
      {
        "Direction": "Outbound",
        "Destination": "Sandyford",
        "Time": "00:01:45",
        "AVLS": "00:02:25",
        "Tram": "5023",
        "Action": "a",
        "Msg Sent": "16/10/2019 21:47:59",
        "Msg Received": "16/10/2019 21:47:59",
        "Msg Processed": "16/10/2019 21:47:59",
        "XML ID": "36013",
        "Total Lag": "0.6043663",
        "Create Lag": "0.5731192",
        "Process Lag": "0.0312471"
      },
      {
        "Direction": "Outbound",
        "Destination": "Bride's Glen",
        "Time": "00:08:14",
        "AVLS": "00:08:54",
        "Tram": "5028",
        "Action": "a",
        "Msg Sent": "16/10/2019 21:47:59",
        "Msg Received": "16/10/2019 21:47:59",
        "Msg Processed": "16/10/2019 21:47:59",
        "XML ID": "36013",
        "Total Lag": "0.6512382",
        "Create Lag": "0.5731192",
        "Process Lag": "0.078119"
      }
    ]
  },
  {
    "stopID": "14",
    "stopQueryTime": 1571258880900,
    "count": 3,
    "results": [
      {
        "Direction": "Inbound",
        "Destination": "The Point",
        "Time": "00:10:15",
        "AVLS": "00:10:55",
        "Tram": "3025",
        "Action": "a",
        "Msg Sent": "16/10/2019 21:47:57",
        "Msg Received": "16/10/2019 21:47:57",
        "Msg Processed": "16/10/2019 21:47:57",
        "XML ID": "36011",
        "Total Lag": "0.5731386",
        "Create Lag": "0.2450071",
        "Process Lag": "0.3281315"
      },
      {
        "Direction": "Outbound",
        "Destination": "Tallaght",
        "Time": "00:06:00",
        "AVLS": "00:06:40",
        "Tram": "4009",
        "Action": "a",
        "Msg Sent": "16/10/2019 21:47:57",
        "Msg Received": "16/10/2019 21:47:57",
        "Msg Processed": "16/10/2019 21:47:57",
        "XML ID": "36012",
        "Total Lag": "0.8701989",
        "Create Lag": "0.8543795",
        "Process Lag": "0.0158194"
      },
      {
        "Direction": "Outbound",
        "Destination": "Tallaght",
        "Time": "00:18:39",
        "AVLS": "00:19:19",
        "Tram": "3009",
        "Action": "a",
        "Msg Sent": "16/10/2019 21:47:57",
        "Msg Received": "16/10/2019 21:47:57",
        "Msg Processed": "16/10/2019 21:47:57",
        "XML ID": "36011",
        "Total Lag": "0.3387583",
        "Create Lag": "0.2450071",
        "Process Lag": "0.0937512"
      }
    ]
  },
  {
    "stopID": "26",
    "stopQueryTime": 1571258880905,
    "count": 3,
    "results": [
      {
        "Direction": "Inbound",
        "Destination": "Broombridge",
        "Time": "00:16:12",
        "AVLS": "00:16:52",
        "Tram": "5013",
        "Action": "a",
        "Msg Sent": "16/10/2019 21:47:57",
        "Msg Received": "16/10/2019 21:47:57",
        "Msg Processed": "16/10/2019 21:47:58",
        "XML ID": "36012",
        "Total Lag": "1.151258",
        "Create Lag": "0.8701989",
        "Process Lag": "0.2810591"
      },
      {
        "Direction": "Outbound",
        "Destination": "Sandyford",
        "Time": "00:04:25",
        "AVLS": "00:05:05",
        "Tram": "5023",
        "Action": "a",
        "Msg Sent": "16/10/2019 21:47:59",
        "Msg Received": "16/10/2019 21:47:59",
        "Msg Processed": "16/10/2019 21:47:59",
        "XML ID": "36013",
        "Total Lag": "0.6043663",
        "Create Lag": "0.5731192",
        "Process Lag": "0.0312471"
      },
      {
        "Direction": "Outbound",
        "Destination": "Bride's Glen",
        "Time": "00:10:54",
        "AVLS": "00:11:34",
        "Tram": "5028",
        "Action": "a",
        "Msg Sent": "16/10/2019 21:47:59",
        "Msg Received": "16/10/2019 21:47:59",
        "Msg Processed": "16/10/2019 21:47:59",
        "XML ID": "36013",
        "Total Lag": "0.6668757",
        "Create Lag": "0.5731192",
        "Process Lag": "0.0937565"
      }
    ]
  },
  {
    "stopID": "43",
    "stopQueryTime": 1571258880909,
    "count": 3,
    "results": [
      {
        "Direction": "Inbound",
        "Destination": "Broombridge",
        "Time": "00:04:10",
        "AVLS": "00:04:50",
        "Tram": "5010",
        "Action": "a",
        "Msg Sent": "16/10/2019 21:47:57",
        "Msg Received": "16/10/2019 21:47:57",
        "Msg Processed": "16/10/2019 21:47:58",
        "XML ID": "36012",
        "Total Lag": "1.0262585",
        "Create Lag": "0.8701989",
        "Process Lag": "0.1560596"
      },
      {
        "Direction": "Inbound",
        "Destination": "Broombridge",
        "Time": "00:18:28",
        "AVLS": "00:19:08",
        "Tram": "5003",
        "Action": "a",
        "Msg Sent": "16/10/2019 21:47:57",
        "Msg Received": "16/10/2019 21:47:57",
        "Msg Processed": "16/10/2019 21:47:57",
        "XML ID": "36012",
        "Total Lag": "0.9793769",
        "Create Lag": "0.8543795",
        "Process Lag": "0.1249974"
      },
      {
        "Direction": "Outbound",
        "Destination": "Bride's Glen",
        "Time": "00:07:51",
        "AVLS": "00:08:31",
        "Tram": "5030",
        "Action": "a",
        "Msg Sent": "16/10/2019 21:47:59",
        "Msg Received": "16/10/2019 21:47:59",
        "Msg Processed": "16/10/2019 21:47:59",
        "XML ID": "36013",
        "Total Lag": "0.7137414",
        "Create Lag": "0.5731192",
        "Process Lag": "0.1406222"
      }
    ]
  },
  {
    "stopID": "17",
    "stopQueryTime": 1571258880914,
    "count": 3,
    "results": [
      {
        "Direction": "Inbound",
        "Destination": "The Point",
        "Time": "00:00:00",
        "AVLS": "00:00:00",
        "Tram": "3002",
        "Action": "a",
        "Msg Sent": "16/10/2019 21:47:32",
        "Msg Received": "16/10/2019 21:47:32",
        "Msg Processed": "16/10/2019 21:47:32",
        "XML ID": "36002",
        "Total Lag": "0.7094398",
        "Create Lag": "0.6625598",
        "Process Lag": "0.04688"
      },
      {
        "Direction": "Inbound",
        "Destination": "The Point",
        "Time": "00:16:58",
        "AVLS": "00:17:38",
        "Tram": "3025",
        "Action": "a",
        "Msg Sent": "16/10/2019 21:47:57",
        "Msg Received": "16/10/2019 21:47:57",
        "Msg Processed": "16/10/2019 21:47:57",
        "XML ID": "36011",
        "Total Lag": "0.5887659",
        "Create Lag": "0.2450071",
        "Process Lag": "0.3437588"
      },
      {
        "Direction": "Outbound",
        "Destination": "Tallaght",
        "Time": "00:11:30",
        "AVLS": "00:12:10",
        "Tram": "3009",
        "Action": "a",
        "Msg Sent": "16/10/2019 21:47:57",
        "Msg Received": "16/10/2019 21:47:57",
        "Msg Processed": "16/10/2019 21:47:57",
        "XML ID": "36011",
        "Total Lag": "0.3231334",
        "Create Lag": "0.2450071",
        "Process Lag": "0.0781263"
      }
    ]
  },
  {
    "stopID": "27",
    "stopQueryTime": 1571258880916,
    "count": 3,
    "results": [
      {
        "Direction": "Inbound",
        "Destination": "Broombridge",
        "Time": "00:14:51",
        "AVLS": "00:15:31",
        "Tram": "5013",
        "Action": "a",
        "Msg Sent": "16/10/2019 21:47:57",
        "Msg Received": "16/10/2019 21:47:57",
        "Msg Processed": "16/10/2019 21:47:58",
        "XML ID": "36012",
        "Total Lag": "1.151258",
        "Create Lag": "0.8701989",
        "Process Lag": "0.2810591"
      },
      {
        "Direction": "Outbound",
        "Destination": "Sandyford",
        "Time": "00:05:53",
        "AVLS": "00:06:33",
        "Tram": "5023",
        "Action": "a",
        "Msg Sent": "16/10/2019 21:47:59",
        "Msg Received": "16/10/2019 21:47:59",
        "Msg Processed": "16/10/2019 21:47:59",
        "XML ID": "36013",
        "Total Lag": "0.6199999",
        "Create Lag": "0.5731192",
        "Process Lag": "0.0468807"
      },
      {
        "Direction": "Outbound",
        "Destination": "Bride's Glen",
        "Time": "00:12:22",
        "AVLS": "00:13:02",
        "Tram": "5028",
        "Action": "a",
        "Msg Sent": "16/10/2019 21:47:59",
        "Msg Received": "16/10/2019 21:47:59",
        "Msg Processed": "16/10/2019 21:47:59",
        "XML ID": "36013",
        "Total Lag": "0.6668757",
        "Create Lag": "0.5731192",
        "Process Lag": "0.0937565"
      }
    ]
  },
  {
    "stopID": "37",
    "stopQueryTime": 1571258880919,
    "count": 3,
    "results": [
      {
        "Direction": "Inbound",
        "Destination": "Broombridge",
        "Time": "00:12:42",
        "AVLS": "00:13:22",
        "Tram": "5010",
        "Action": "a",
        "Msg Sent": "16/10/2019 21:47:57",
        "Msg Received": "16/10/2019 21:47:57",
        "Msg Processed": "16/10/2019 21:47:58",
        "XML ID": "36012",
        "Total Lag": "1.0418783",
        "Create Lag": "0.8701989",
        "Process Lag": "0.1716794"
      },
      {
        "Direction": "Outbound",
        "Destination": "Bride's Glen",
        "Time": "00:00:00",
        "AVLS": "00:00:09",
        "Tram": "5030",
        "Action": "a",
        "Msg Sent": "16/10/2019 21:47:59",
        "Msg Received": "16/10/2019 21:47:59",
        "Msg Processed": "16/10/2019 21:47:59",
        "XML ID": "36013",
        "Total Lag": "0.6981158",
        "Create Lag": "0.5731192",
        "Process Lag": "0.1249966"
      },
      {
        "Direction": "Outbound",
        "Destination": "Bride's Glen",
        "Time": "00:15:45",
        "AVLS": "00:16:25",
        "Tram": "5002",
        "Action": "a",
        "Msg Sent": "16/10/2019 21:47:57",
        "Msg Received": "16/10/2019 21:47:57",
        "Msg Processed": "16/10/2019 21:47:57",
        "XML ID": "36012",
        "Total Lag": "0.9325057",
        "Create Lag": "0.8543795",
        "Process Lag": "0.0781262"
      }
    ]
  },
  {
    "stopID": "38",
    "stopQueryTime": 1571258880921,
    "count": 3,
    "results": [
      {
        "Direction": "Inbound",
        "Destination": "Broombridge",
        "Time": "00:11:12",
        "AVLS": "00:11:52",
        "Tram": "5010",
        "Action": "a",
        "Msg Sent": "16/10/2019 21:47:57",
        "Msg Received": "16/10/2019 21:47:57",
        "Msg Processed": "16/10/2019 21:47:58",
        "XML ID": "36012",
        "Total Lag": "1.0418783",
        "Create Lag": "0.8701989",
        "Process Lag": "0.1716794"
      },
      {
        "Direction": "Outbound",
        "Destination": "Bride's Glen",
        "Time": "00:00:57",
        "AVLS": "00:01:37",
        "Tram": "5030",
        "Action": "a",
        "Msg Sent": "16/10/2019 21:47:59",
        "Msg Received": "16/10/2019 21:47:59",
        "Msg Processed": "16/10/2019 21:47:59",
        "XML ID": "36013",
        "Total Lag": "0.6981158",
        "Create Lag": "0.5731192",
        "Process Lag": "0.1249966"
      },
      {
        "Direction": "Outbound",
        "Destination": "Bride's Glen",
        "Time": "00:17:13",
        "AVLS": "00:17:53",
        "Tram": "5002",
        "Action": "a",
        "Msg Sent": "16/10/2019 21:47:57",
        "Msg Received": "16/10/2019 21:47:57",
        "Msg Processed": "16/10/2019 21:47:57",
        "XML ID": "36012",
        "Total Lag": "0.9325057",
        "Create Lag": "0.8543795",
        "Process Lag": "0.0781262"
      }
    ]
  },
  {
    "stopID": "44",
    "stopQueryTime": 1571258880926,
    "count": 3,
    "results": [
      {
        "Direction": "Inbound",
        "Destination": "Broombridge",
        "Time": "00:03:06",
        "AVLS": "00:03:46",
        "Tram": "5010",
        "Action": "a",
        "Msg Sent": "16/10/2019 21:47:57",
        "Msg Received": "16/10/2019 21:47:57",
        "Msg Processed": "16/10/2019 21:47:58",
        "XML ID": "36012",
        "Total Lag": "1.0262585",
        "Create Lag": "0.8701989",
        "Process Lag": "0.1560596"
      },
      {
        "Direction": "Inbound",
        "Destination": "Broombridge",
        "Time": "00:17:24",
        "AVLS": "00:18:04",
        "Tram": "5003",
        "Action": "a",
        "Msg Sent": "16/10/2019 21:47:57",
        "Msg Received": "16/10/2019 21:47:57",
        "Msg Processed": "16/10/2019 21:47:57",
        "XML ID": "36012",
        "Total Lag": "0.9793769",
        "Create Lag": "0.8543795",
        "Process Lag": "0.1249974"
      },
      {
        "Direction": "Outbound",
        "Destination": "Bride's Glen",
        "Time": "00:08:56",
        "AVLS": "00:09:36",
        "Tram": "5030",
        "Action": "a",
        "Msg Sent": "16/10/2019 21:47:59",
        "Msg Received": "16/10/2019 21:47:59",
        "Msg Processed": "16/10/2019 21:47:59",
        "XML ID": "36013",
        "Total Lag": "0.7137414",
        "Create Lag": "0.5731192",
        "Process Lag": "0.1406222"
      }
    ]
  },
  {
    "stopID": "57",
    "stopQueryTime": 1571258880929,
    "count": 2,
    "results": [
      {
        "Direction": "Outbound",
        "Destination": "Tallaght",
        "Time": "00:05:54",
        "AVLS": "00:06:34",
        "Tram": "4006",
        "Action": "d",
        "Msg Sent": "16/10/2019 21:47:57",
        "Msg Received": "16/10/2019 21:47:57",
        "Msg Processed": "16/10/2019 21:47:57",
        "XML ID": "36011",
        "Total Lag": "0.6200148",
        "Create Lag": "0.2450071",
        "Process Lag": "0.3750077"
      },
      {
        "Direction": "Outbound",
        "Destination": "Tallaght",
        "Time": "00:17:54",
        "AVLS": "00:18:34",
        "Tram": "4002",
        "Action": "d",
        "Msg Sent": "16/10/2019 21:47:57",
        "Msg Received": "16/10/2019 21:47:57",
        "Msg Processed": "16/10/2019 21:47:57",
        "XML ID": "36011",
        "Total Lag": "0.6043809",
        "Create Lag": "0.2450071",
        "Process Lag": "0.3593738"
      }
    ]
  },
  {
    "stopID": "7",
    "stopQueryTime": 1571258880931,
    "count": 4,
    "results": [
      {
        "Direction": "Inbound",
        "Destination": "The Point",
        "Time": "00:00:50",
        "AVLS": "00:01:30",
        "Tram": "3025",
        "Action": "a",
        "Msg Sent": "16/10/2019 21:47:57",
        "Msg Received": "16/10/2019 21:47:57",
        "Msg Processed": "16/10/2019 21:47:57",
        "XML ID": "36011",
        "Total Lag": "0.5418805",
        "Create Lag": "0.2450071",
        "Process Lag": "0.2968734"
      },
      {
        "Direction": "Inbound",
        "Destination": "The Point",
        "Time": "00:13:16",
        "AVLS": "00:13:56",
        "Tram": "3012",
        "Action": "a",
        "Msg Sent": "16/10/2019 21:47:57",
        "Msg Received": "16/10/2019 21:47:57",
        "Msg Processed": "16/10/2019 21:47:57",
        "XML ID": "36011",
        "Total Lag": "0.3700063",
        "Create Lag": "0.2450071",
        "Process Lag": "0.1249992"
      },
      {
        "Direction": "Outbound",
        "Destination": "Tallaght",
        "Time": "00:04:44",
        "AVLS": "00:05:24",
        "Tram": "3017",
        "Action": "a",
        "Msg Sent": "16/10/2019 21:47:57",
        "Msg Received": "16/10/2019 21:47:57",
        "Msg Processed": "16/10/2019 21:47:57",
        "XML ID": "36011",
        "Total Lag": "0.4793868",
        "Create Lag": "0.2450071",
        "Process Lag": "0.2343797"
      },
      {
        "Direction": "Outbound",
        "Destination": "Tallaght",
        "Time": "00:15:47",
        "AVLS": "00:16:27",
        "Tram": "4009",
        "Action": "a",
        "Msg Sent": "16/10/2019 21:47:57",
        "Msg Received": "16/10/2019 21:47:57",
        "Msg Processed": "16/10/2019 21:47:57",
        "XML ID": "36012",
        "Total Lag": "0.9012519",
        "Create Lag": "0.8543795",
        "Process Lag": "0.0468724"
      }
    ]
  },
  {
    "stopID": "50",
    "stopQueryTime": 1571258880937,
    "count": 3,
    "results": [
      {
        "Direction": "Inbound",
        "Destination": "Belgard",
        "Time": "00:09:34",
        "AVLS": "00:10:14",
        "Tram": "3011",
        "Action": "a",
        "Msg Sent": "16/10/2019 21:47:57",
        "Msg Received": "16/10/2019 21:47:57",
        "Msg Processed": "16/10/2019 21:47:57",
        "XML ID": "36011",
        "Total Lag": "0.354391",
        "Create Lag": "0.2450071",
        "Process Lag": "0.1093839"
      },
      {
        "Direction": "Outbound",
        "Destination": "Saggart",
        "Time": "00:04:15",
        "AVLS": "00:04:55",
        "Tram": "3015",
        "Action": "a",
        "Msg Sent": "16/10/2019 21:47:57",
        "Msg Received": "16/10/2019 21:47:57",
        "Msg Processed": "16/10/2019 21:47:57",
        "XML ID": "36011",
        "Total Lag": "0.4325067",
        "Create Lag": "0.2450071",
        "Process Lag": "0.1874996"
      },
      {
        "Direction": "Outbound",
        "Destination": "Saggart",
        "Time": "00:13:07",
        "AVLS": "00:13:47",
        "Tram": "3018",
        "Action": "a",
        "Msg Sent": "16/10/2019 21:47:57",
        "Msg Received": "16/10/2019 21:47:57",
        "Msg Processed": "16/10/2019 21:47:57",
        "XML ID": "36011",
        "Total Lag": "0.5262638",
        "Create Lag": "0.2450071",
        "Process Lag": "0.2812567"
      }
    ]
  },
  {
    "stopID": "51",
    "stopQueryTime": 1571258880940,
    "count": 3,
    "results": [
      {
        "Direction": "Inbound",
        "Destination": "Belgard",
        "Time": "00:07:47",
        "AVLS": "00:08:27",
        "Tram": "3011",
        "Action": "a",
        "Msg Sent": "16/10/2019 21:47:57",
        "Msg Received": "16/10/2019 21:47:57",
        "Msg Processed": "16/10/2019 21:47:57",
        "XML ID": "36011",
        "Total Lag": "0.354391",
        "Create Lag": "0.2450071",
        "Process Lag": "0.1093839"
      },
      {
        "Direction": "Outbound",
        "Destination": "Saggart",
        "Time": "00:06:02",
        "AVLS": "00:06:42",
        "Tram": "3015",
        "Action": "a",
        "Msg Sent": "16/10/2019 21:47:57",
        "Msg Received": "16/10/2019 21:47:57",
        "Msg Processed": "16/10/2019 21:47:57",
        "XML ID": "36011",
        "Total Lag": "0.4325067",
        "Create Lag": "0.2450071",
        "Process Lag": "0.1874996"
      },
      {
        "Direction": "Outbound",
        "Destination": "Saggart",
        "Time": "00:14:54",
        "AVLS": "00:15:34",
        "Tram": "3018",
        "Action": "a",
        "Msg Sent": "16/10/2019 21:47:57",
        "Msg Received": "16/10/2019 21:47:57",
        "Msg Processed": "16/10/2019 21:47:57",
        "XML ID": "36011",
        "Total Lag": "0.5262638",
        "Create Lag": "0.2450071",
        "Process Lag": "0.2812567"
      }
    ]
  },
  {
    "stopID": "31",
    "stopQueryTime": 1571258880945,
    "count": 4,
    "results": [
      {
        "Direction": "Inbound",
        "Destination": "Broombridge",
        "Time": "00:08:19",
        "AVLS": "00:08:59",
        "Tram": "5013",
        "Action": "a",
        "Msg Sent": "16/10/2019 21:47:57",
        "Msg Received": "16/10/2019 21:47:57",
        "Msg Processed": "16/10/2019 21:47:58",
        "XML ID": "36012",
        "Total Lag": "1.1356351",
        "Create Lag": "0.8701989",
        "Process Lag": "0.2654362"
      },
      {
        "Direction": "Outbound",
        "Destination": "Bride's Glen",
        "Time": "00:05:14",
        "AVLS": "00:05:54",
        "Tram": "5002",
        "Action": "a",
        "Msg Sent": "16/10/2019 21:47:57",
        "Msg Received": "16/10/2019 21:47:57",
        "Msg Processed": "16/10/2019 21:47:57",
        "XML ID": "36012",
        "Total Lag": "0.9168782",
        "Create Lag": "0.8543795",
        "Process Lag": "0.0624987"
      },
      {
        "Direction": "Outbound",
        "Destination": "Sandyford",
        "Time": "00:12:49",
        "AVLS": "00:13:29",
        "Tram": "5023",
        "Action": "a",
        "Msg Sent": "16/10/2019 21:47:59",
        "Msg Received": "16/10/2019 21:47:59",
        "Msg Processed": "16/10/2019 21:47:59",
        "XML ID": "36013",
        "Total Lag": "0.6356248",
        "Create Lag": "0.5731192",
        "Process Lag": "0.0625056"
      },
      {
        "Direction": "Outbound",
        "Destination": "Bride's Glen",
        "Time": "00:19:18",
        "AVLS": "00:19:58",
        "Tram": "5028",
        "Action": "a",
        "Msg Sent": "16/10/2019 21:47:59",
        "Msg Received": "16/10/2019 21:47:59",
        "Msg Processed": "16/10/2019 21:47:59",
        "XML ID": "36013",
        "Total Lag": "0.6824937",
        "Create Lag": "0.5731192",
        "Process Lag": "0.1093745"
      }
    ]
  },
  {
    "stopID": "10",
    "stopQueryTime": 1571258880955,
    "count": 4,
    "results": [
      {
        "Direction": "Inbound",
        "Destination": "The Point",
        "Time": "00:05:44",
        "AVLS": "00:06:24",
        "Tram": "3025",
        "Action": "a",
        "Msg Sent": "16/10/2019 21:47:57",
        "Msg Received": "16/10/2019 21:47:57",
        "Msg Processed": "16/10/2019 21:47:57",
        "XML ID": "36011",
        "Total Lag": "0.5575212",
        "Create Lag": "0.2450071",
        "Process Lag": "0.3125141"
      },
      {
        "Direction": "Inbound",
        "Destination": "The Point",
        "Time": "00:18:10",
        "AVLS": "00:18:50",
        "Tram": "3012",
        "Action": "a",
        "Msg Sent": "16/10/2019 21:47:57",
        "Msg Received": "16/10/2019 21:47:57",
        "Msg Processed": "16/10/2019 21:47:57",
        "XML ID": "36011",
        "Total Lag": "0.3856305",
        "Create Lag": "0.2450071",
        "Process Lag": "0.1406234"
      },
      {
        "Direction": "Outbound",
        "Destination": "Tallaght",
        "Time": "00:00:00",
        "AVLS": "00:00:19",
        "Tram": "3017",
        "Action": "a",
        "Msg Sent": "16/10/2019 21:47:57",
        "Msg Received": "16/10/2019 21:47:57",
        "Msg Processed": "16/10/2019 21:47:57",
        "XML ID": "36011",
        "Total Lag": "0.4637549",
        "Create Lag": "0.2450071",
        "Process Lag": "0.2187478"
      },
      {
        "Direction": "Outbound",
        "Destination": "Tallaght",
        "Time": "00:10:42",
        "AVLS": "00:11:22",
        "Tram": "4009",
        "Action": "a",
        "Msg Sent": "16/10/2019 21:47:57",
        "Msg Received": "16/10/2019 21:47:57",
        "Msg Processed": "16/10/2019 21:47:57",
        "XML ID": "36012",
        "Total Lag": "0.8856293",
        "Create Lag": "0.8543795",
        "Process Lag": "0.0312498"
      }
    ]
  },
  {
    "stopID": "54",
    "stopQueryTime": 1571258880959,
    "count": 3,
    "results": [
      {
        "Direction": "Inbound",
        "Destination": "The Point",
        "Time": "00:00:44",
        "AVLS": "00:01:24",
        "Tram": "4002",
        "Action": "a",
        "Msg Sent": "16/10/2019 21:47:57",
        "Msg Received": "16/10/2019 21:47:57",
        "Msg Processed": "16/10/2019 21:47:57",
        "XML ID": "36011",
        "Total Lag": "0.5887659",
        "Create Lag": "0.2450071",
        "Process Lag": "0.3437588"
      },
      {
        "Direction": "Inbound",
        "Destination": "The Point",
        "Time": "00:12:28",
        "AVLS": "00:13:08",
        "Tram": "3002",
        "Action": "a",
        "Msg Sent": "16/10/2019 21:47:57",
        "Msg Received": "16/10/2019 21:47:57",
        "Msg Processed": "16/10/2019 21:47:57",
        "XML ID": "36011",
        "Total Lag": "0.3075047",
        "Create Lag": "0.2450071",
        "Process Lag": "0.0624976"
      },
      {
        "Direction": "Outbound",
        "Destination": "Tallaght",
        "Time": "00:10:00",
        "AVLS": "00:10:40",
        "Tram": "4006",
        "Action": "a",
        "Msg Sent": "16/10/2019 21:47:57",
        "Msg Received": "16/10/2019 21:47:57",
        "Msg Processed": "16/10/2019 21:47:57",
        "XML ID": "36011",
        "Total Lag": "0.6200148",
        "Create Lag": "0.2450071",
        "Process Lag": "0.3750077"
      }
    ]
  },
  {
    "stopID": "28",
    "stopQueryTime": 1571258880961,
    "count": 4,
    "results": [
      {
        "Direction": "Inbound",
        "Destination": "Broombridge",
        "Time": "00:13:20",
        "AVLS": "00:14:00",
        "Tram": "5013",
        "Action": "a",
        "Msg Sent": "16/10/2019 21:47:57",
        "Msg Received": "16/10/2019 21:47:57",
        "Msg Processed": "16/10/2019 21:47:58",
        "XML ID": "36012",
        "Total Lag": "1.151258",
        "Create Lag": "0.8701989",
        "Process Lag": "0.2810591"
      },
      {
        "Direction": "Outbound",
        "Destination": "Bride's Glen",
        "Time": "00:00:12",
        "AVLS": "00:00:52",
        "Tram": "5002",
        "Action": "a",
        "Msg Sent": "16/10/2019 21:47:57",
        "Msg Received": "16/10/2019 21:47:57",
        "Msg Processed": "16/10/2019 21:47:57",
        "XML ID": "36012",
        "Total Lag": "0.9012519",
        "Create Lag": "0.8543795",
        "Process Lag": "0.0468724"
      },
      {
        "Direction": "Outbound",
        "Destination": "Sandyford",
        "Time": "00:07:47",
        "AVLS": "00:08:27",
        "Tram": "5023",
        "Action": "a",
        "Msg Sent": "16/10/2019 21:47:59",
        "Msg Received": "16/10/2019 21:47:59",
        "Msg Processed": "16/10/2019 21:47:59",
        "XML ID": "36013",
        "Total Lag": "0.6199999",
        "Create Lag": "0.5731192",
        "Process Lag": "0.0468807"
      },
      {
        "Direction": "Outbound",
        "Destination": "Bride's Glen",
        "Time": "00:14:16",
        "AVLS": "00:14:56",
        "Tram": "5028",
        "Action": "a",
        "Msg Sent": "16/10/2019 21:47:59",
        "Msg Received": "16/10/2019 21:47:59",
        "Msg Processed": "16/10/2019 21:47:59",
        "XML ID": "36013",
        "Total Lag": "0.6668757",
        "Create Lag": "0.5731192",
        "Process Lag": "0.0937565"
      }
    ]
  },
  {
    "stopID": "2",
    "stopQueryTime": 1571258880966,
    "count": 5,
    "results": [
      {
        "Direction": "Inbound",
        "Destination": "The Point",
        "Time": "00:00:00",
        "AVLS": "00:00:00",
        "Tram": "3012",
        "Action": "a",
        "Msg Sent": "16/10/2019 21:47:52",
        "Msg Received": "16/10/2019 21:47:52",
        "Msg Processed": "16/10/2019 21:47:52",
        "XML ID": "36010",
        "Total Lag": "0.6825367",
        "Create Lag": "0.6825367",
        "Process Lag": "0"
      },
      {
        "Direction": "Inbound",
        "Destination": "The Point",
        "Time": "00:12:38",
        "AVLS": "00:13:18",
        "Tram": "3016",
        "Action": "a",
        "Msg Sent": "16/10/2019 21:47:57",
        "Msg Received": "16/10/2019 21:47:57",
        "Msg Processed": "16/10/2019 21:47:57",
        "XML ID": "36011",
        "Total Lag": "0.4481304",
        "Create Lag": "0.2450071",
        "Process Lag": "0.2031233"
      },
      {
        "Direction": "Outbound",
        "Destination": "Tallaght",
        "Time": "00:00:17",
        "AVLS": "00:00:57",
        "Tram": "3016",
        "Action": "a",
        "Msg Sent": "16/10/2019 21:47:57",
        "Msg Received": "16/10/2019 21:47:57",
        "Msg Processed": "16/10/2019 21:47:57",
        "XML ID": "36011",
        "Total Lag": "0.4325067",
        "Create Lag": "0.2450071",
        "Process Lag": "0.1874996"
      },
      {
        "Direction": "Outbound",
        "Destination": "Tallaght",
        "Time": "00:08:37",
        "AVLS": "00:09:17",
        "Tram": "3014",
        "Action": "a",
        "Msg Sent": "16/10/2019 21:47:57",
        "Msg Received": "16/10/2019 21:47:57",
        "Msg Processed": "16/10/2019 21:47:57",
        "XML ID": "36011",
        "Total Lag": "0.41688",
        "Create Lag": "0.2450071",
        "Process Lag": "0.1718729"
      },
      {
        "Direction": "Outbound",
        "Destination": "Tallaght",
        "Time": "00:17:41",
        "AVLS": "00:18:21",
        "Tram": "3017",
        "Action": "a",
        "Msg Sent": "16/10/2019 21:47:57",
        "Msg Received": "16/10/2019 21:47:57",
        "Msg Processed": "16/10/2019 21:47:57",
        "XML ID": "36011",
        "Total Lag": "0.510638",
        "Create Lag": "0.2450071",
        "Process Lag": "0.2656309"
      }
    ]
  },
  {
    "stopID": "36",
    "stopQueryTime": 1571258880971,
    "count": 3,
    "results": [
      {
        "Direction": "Inbound",
        "Destination": "Broombridge",
        "Time": "00:00:00",
        "AVLS": "00:00:00",
        "Tram": "5013",
        "Action": "a",
        "Msg Sent": "16/10/2019 21:47:57",
        "Msg Received": "16/10/2019 21:47:57",
        "Msg Processed": "16/10/2019 21:47:58",
        "XML ID": "36012",
        "Total Lag": "1.1200089",
        "Create Lag": "0.8701989",
        "Process Lag": "0.24981"
      },
      {
        "Direction": "Inbound",
        "Destination": "Broombridge",
        "Time": "00:15:06",
        "AVLS": "00:15:46",
        "Tram": "5010",
        "Action": "a",
        "Msg Sent": "16/10/2019 21:47:57",
        "Msg Received": "16/10/2019 21:47:57",
        "Msg Processed": "16/10/2019 21:47:58",
        "XML ID": "36012",
        "Total Lag": "1.0575064",
        "Create Lag": "0.8701989",
        "Process Lag": "0.1873075"
      },
      {
        "Direction": "Outbound",
        "Destination": "Bride's Glen",
        "Time": "00:13:12",
        "AVLS": "00:13:52",
        "Tram": "5002",
        "Action": "a",
        "Msg Sent": "16/10/2019 21:47:57",
        "Msg Received": "16/10/2019 21:47:57",
        "Msg Processed": "16/10/2019 21:47:57",
        "XML ID": "36012",
        "Total Lag": "0.9325057",
        "Create Lag": "0.8543795",
        "Process Lag": "0.0781262"
      }
    ]
  },
  {
    "stopID": "9",
    "stopQueryTime": 1571258880974,
    "count": 4,
    "results": [
      {
        "Direction": "Inbound",
        "Destination": "The Point",
        "Time": "00:04:30",
        "AVLS": "00:05:10",
        "Tram": "3025",
        "Action": "a",
        "Msg Sent": "16/10/2019 21:47:57",
        "Msg Received": "16/10/2019 21:47:57",
        "Msg Processed": "16/10/2019 21:47:57",
        "XML ID": "36011",
        "Total Lag": "0.5418805",
        "Create Lag": "0.2450071",
        "Process Lag": "0.2968734"
      },
      {
        "Direction": "Inbound",
        "Destination": "The Point",
        "Time": "00:16:56",
        "AVLS": "00:17:36",
        "Tram": "3012",
        "Action": "a",
        "Msg Sent": "16/10/2019 21:47:57",
        "Msg Received": "16/10/2019 21:47:57",
        "Msg Processed": "16/10/2019 21:47:57",
        "XML ID": "36011",
        "Total Lag": "0.3856305",
        "Create Lag": "0.2450071",
        "Process Lag": "0.1406234"
      },
      {
        "Direction": "Outbound",
        "Destination": "Tallaght",
        "Time": "00:00:55",
        "AVLS": "00:01:35",
        "Tram": "3017",
        "Action": "a",
        "Msg Sent": "16/10/2019 21:47:57",
        "Msg Received": "16/10/2019 21:47:57",
        "Msg Processed": "16/10/2019 21:47:57",
        "XML ID": "36011",
        "Total Lag": "0.4793868",
        "Create Lag": "0.2450071",
        "Process Lag": "0.2343797"
      },
      {
        "Direction": "Outbound",
        "Destination": "Tallaght",
        "Time": "00:11:58",
        "AVLS": "00:12:38",
        "Tram": "4009",
        "Action": "a",
        "Msg Sent": "16/10/2019 21:47:57",
        "Msg Received": "16/10/2019 21:47:57",
        "Msg Processed": "16/10/2019 21:47:57",
        "XML ID": "36012",
        "Total Lag": "0.8856293",
        "Create Lag": "0.8543795",
        "Process Lag": "0.0312498"
      }
    ]
  },
  {
    "stopID": "45",
    "stopQueryTime": 1571258880980,
    "count": 4,
    "results": [
      {
        "Direction": "Inbound",
        "Destination": "Broombridge",
        "Time": "00:01:37",
        "AVLS": "00:02:17",
        "Tram": "5010",
        "Action": "a",
        "Msg Sent": "16/10/2019 21:47:57",
        "Msg Received": "16/10/2019 21:47:57",
        "Msg Processed": "16/10/2019 21:47:58",
        "XML ID": "36012",
        "Total Lag": "1.0262585",
        "Create Lag": "0.8701989",
        "Process Lag": "0.1560596"
      },
      {
        "Direction": "Inbound",
        "Destination": "Broombridge",
        "Time": "00:15:55",
        "AVLS": "00:16:35",
        "Tram": "5003",
        "Action": "a",
        "Msg Sent": "16/10/2019 21:47:57",
        "Msg Received": "16/10/2019 21:47:57",
        "Msg Processed": "16/10/2019 21:47:57",
        "XML ID": "36012",
        "Total Lag": "0.9637495",
        "Create Lag": "0.8543795",
        "Process Lag": "0.10937"
      },
      {
        "Direction": "Outbound",
        "Destination": "Bride's Glen",
        "Time": "00:00:00",
        "AVLS": "00:00:33",
        "Tram": "5003",
        "Action": "a",
        "Msg Sent": "16/10/2019 21:47:57",
        "Msg Received": "16/10/2019 21:47:57",
        "Msg Processed": "16/10/2019 21:47:57",
        "XML ID": "36012",
        "Total Lag": "0.948125",
        "Create Lag": "0.8543795",
        "Process Lag": "0.0937455"
      },
      {
        "Direction": "Outbound",
        "Destination": "Bride's Glen",
        "Time": "00:10:24",
        "AVLS": "00:11:04",
        "Tram": "5030",
        "Action": "a",
        "Msg Sent": "16/10/2019 21:47:59",
        "Msg Received": "16/10/2019 21:47:59",
        "Msg Processed": "16/10/2019 21:47:59",
        "XML ID": "36013",
        "Total Lag": "0.7137414",
        "Create Lag": "0.5731192",
        "Process Lag": "0.1406222"
      }
    ]
  },
  {
    "stopID": "46",
    "stopQueryTime": 1571258880982,
    "count": 4,
    "results": [
      {
        "Direction": "Inbound",
        "Destination": "Broombridge",
        "Time": "00:00:15",
        "AVLS": "00:00:55",
        "Tram": "5010",
        "Action": "a",
        "Msg Sent": "16/10/2019 21:47:57",
        "Msg Received": "16/10/2019 21:47:57",
        "Msg Processed": "16/10/2019 21:47:58",
        "XML ID": "36012",
        "Total Lag": "1.0262585",
        "Create Lag": "0.8543795",
        "Process Lag": "0.171879"
      },
      {
        "Direction": "Inbound",
        "Destination": "Broombridge",
        "Time": "00:14:33",
        "AVLS": "00:15:13",
        "Tram": "5003",
        "Action": "a",
        "Msg Sent": "16/10/2019 21:47:57",
        "Msg Received": "16/10/2019 21:47:57",
        "Msg Processed": "16/10/2019 21:47:57",
        "XML ID": "36012",
        "Total Lag": "0.9637495",
        "Create Lag": "0.8543795",
        "Process Lag": "0.10937"
      },
      {
        "Direction": "Outbound",
        "Destination": "Bride's Glen",
        "Time": "00:01:16",
        "AVLS": "00:01:56",
        "Tram": "5003",
        "Action": "a",
        "Msg Sent": "16/10/2019 21:47:57",
        "Msg Received": "16/10/2019 21:47:57",
        "Msg Processed": "16/10/2019 21:47:57",
        "XML ID": "36012",
        "Total Lag": "0.948125",
        "Create Lag": "0.8543795",
        "Process Lag": "0.0937455"
      },
      {
        "Direction": "Outbound",
        "Destination": "Bride's Glen",
        "Time": "00:11:47",
        "AVLS": "00:12:27",
        "Tram": "5030",
        "Action": "a",
        "Msg Sent": "16/10/2019 21:47:59",
        "Msg Received": "16/10/2019 21:47:59",
        "Msg Processed": "16/10/2019 21:47:59",
        "XML ID": "36013",
        "Total Lag": "0.7137414",
        "Create Lag": "0.5731192",
        "Process Lag": "0.1406222"
      }
    ]
  },
  {
    "stopID": "49",
    "stopQueryTime": 1571258880984,
    "count": 3,
    "results": [
      {
        "Direction": "Inbound",
        "Destination": "Belgard",
        "Time": "00:11:22",
        "AVLS": "00:12:02",
        "Tram": "3011",
        "Action": "a",
        "Msg Sent": "16/10/2019 21:47:57",
        "Msg Received": "16/10/2019 21:47:57",
        "Msg Processed": "16/10/2019 21:47:57",
        "XML ID": "36011",
        "Total Lag": "0.354391",
        "Create Lag": "0.2450071",
        "Process Lag": "0.1093839"
      },
      {
        "Direction": "Outbound",
        "Destination": "Saggart",
        "Time": "00:02:29",
        "AVLS": "00:03:09",
        "Tram": "3015",
        "Action": "a",
        "Msg Sent": "16/10/2019 21:47:57",
        "Msg Received": "16/10/2019 21:47:57",
        "Msg Processed": "16/10/2019 21:47:57",
        "XML ID": "36011",
        "Total Lag": "0.41688",
        "Create Lag": "0.2450071",
        "Process Lag": "0.1718729"
      },
      {
        "Direction": "Outbound",
        "Destination": "Saggart",
        "Time": "00:11:21",
        "AVLS": "00:12:01",
        "Tram": "3018",
        "Action": "a",
        "Msg Sent": "16/10/2019 21:47:57",
        "Msg Received": "16/10/2019 21:47:57",
        "Msg Processed": "16/10/2019 21:47:57",
        "XML ID": "36011",
        "Total Lag": "0.510638",
        "Create Lag": "0.2450071",
        "Process Lag": "0.2656309"
      }
    ]
  },
  {
    "stopID": "30",
    "stopQueryTime": 1571258880988,
    "count": 4,
    "results": [
      {
        "Direction": "Inbound",
        "Destination": "Broombridge",
        "Time": "00:10:06",
        "AVLS": "00:10:46",
        "Tram": "5013",
        "Action": "a",
        "Msg Sent": "16/10/2019 21:47:57",
        "Msg Received": "16/10/2019 21:47:57",
        "Msg Processed": "16/10/2019 21:47:58",
        "XML ID": "36012",
        "Total Lag": "1.1356351",
        "Create Lag": "0.8701989",
        "Process Lag": "0.2654362"
      },
      {
        "Direction": "Outbound",
        "Destination": "Bride's Glen",
        "Time": "00:03:26",
        "AVLS": "00:04:06",
        "Tram": "5002",
        "Action": "a",
        "Msg Sent": "16/10/2019 21:47:57",
        "Msg Received": "16/10/2019 21:47:57",
        "Msg Processed": "16/10/2019 21:47:57",
        "XML ID": "36012",
        "Total Lag": "0.9168782",
        "Create Lag": "0.8543795",
        "Process Lag": "0.0624987"
      },
      {
        "Direction": "Outbound",
        "Destination": "Sandyford",
        "Time": "00:11:01",
        "AVLS": "00:11:41",
        "Tram": "5023",
        "Action": "a",
        "Msg Sent": "16/10/2019 21:47:59",
        "Msg Received": "16/10/2019 21:47:59",
        "Msg Processed": "16/10/2019 21:47:59",
        "XML ID": "36013",
        "Total Lag": "0.6199999",
        "Create Lag": "0.5731192",
        "Process Lag": "0.0468807"
      },
      {
        "Direction": "Outbound",
        "Destination": "Bride's Glen",
        "Time": "00:17:30",
        "AVLS": "00:18:10",
        "Tram": "5028",
        "Action": "a",
        "Msg Sent": "16/10/2019 21:47:59",
        "Msg Received": "16/10/2019 21:47:59",
        "Msg Processed": "16/10/2019 21:47:59",
        "XML ID": "36013",
        "Total Lag": "0.6824937",
        "Create Lag": "0.5731192",
        "Process Lag": "0.1093745"
      }
    ]
  },
  {
    "stopID": "55",
    "stopQueryTime": 1571258880992,
    "count": 3,
    "results": [
      {
        "Direction": "Inbound",
        "Destination": "The Point",
        "Time": "00:02:00",
        "AVLS": "00:02:40",
        "Tram": "4002",
        "Action": "a",
        "Msg Sent": "16/10/2019 21:47:57",
        "Msg Received": "16/10/2019 21:47:57",
        "Msg Processed": "16/10/2019 21:47:57",
        "XML ID": "36011",
        "Total Lag": "0.6043809",
        "Create Lag": "0.2450071",
        "Process Lag": "0.3593738"
      },
      {
        "Direction": "Inbound",
        "Destination": "The Point",
        "Time": "00:13:44",
        "AVLS": "00:14:24",
        "Tram": "3002",
        "Action": "a",
        "Msg Sent": "16/10/2019 21:47:57",
        "Msg Received": "16/10/2019 21:47:57",
        "Msg Processed": "16/10/2019 21:47:57",
        "XML ID": "36011",
        "Total Lag": "0.3075047",
        "Create Lag": "0.2450071",
        "Process Lag": "0.0624976"
      },
      {
        "Direction": "Outbound",
        "Destination": "Tallaght",
        "Time": "00:08:32",
        "AVLS": "00:09:12",
        "Tram": "4006",
        "Action": "a",
        "Msg Sent": "16/10/2019 21:47:57",
        "Msg Received": "16/10/2019 21:47:57",
        "Msg Processed": "16/10/2019 21:47:57",
        "XML ID": "36011",
        "Total Lag": "0.6200148",
        "Create Lag": "0.2450071",
        "Process Lag": "0.3750077"
      }
    ]
  },
  {
    "stopID": "52",
    "stopQueryTime": 1571258880996,
    "count": 3,
    "results": [
      {
        "Direction": "Inbound",
        "Destination": "Belgard",
        "Time": "00:06:31",
        "AVLS": "00:07:11",
        "Tram": "3011",
        "Action": "a",
        "Msg Sent": "16/10/2019 21:47:57",
        "Msg Received": "16/10/2019 21:47:57",
        "Msg Processed": "16/10/2019 21:47:57",
        "XML ID": "36011",
        "Total Lag": "0.3387583",
        "Create Lag": "0.2450071",
        "Process Lag": "0.0937512"
      },
      {
        "Direction": "Outbound",
        "Destination": "Saggart",
        "Time": "00:07:19",
        "AVLS": "00:07:59",
        "Tram": "3015",
        "Action": "a",
        "Msg Sent": "16/10/2019 21:47:57",
        "Msg Received": "16/10/2019 21:47:57",
        "Msg Processed": "16/10/2019 21:47:57",
        "XML ID": "36011",
        "Total Lag": "0.4325067",
        "Create Lag": "0.2450071",
        "Process Lag": "0.1874996"
      },
      {
        "Direction": "Outbound",
        "Destination": "Saggart",
        "Time": "00:16:11",
        "AVLS": "00:16:51",
        "Tram": "3018",
        "Action": "a",
        "Msg Sent": "16/10/2019 21:47:57",
        "Msg Received": "16/10/2019 21:47:57",
        "Msg Processed": "16/10/2019 21:47:57",
        "XML ID": "36011",
        "Total Lag": "0.5262638",
        "Create Lag": "0.2450071",
        "Process Lag": "0.2812567"
      }
    ]
  },
  {
    "stopID": "47",
    "stopQueryTime": 1571258880997,
    "count": 3,
    "results": [
      {
        "Direction": "Inbound",
        "Destination": "Broombridge",
        "Time": "00:12:32",
        "AVLS": "00:13:12",
        "Tram": "5003",
        "Action": "a",
        "Msg Sent": "16/10/2019 21:47:57",
        "Msg Received": "16/10/2019 21:47:57",
        "Msg Processed": "16/10/2019 21:47:57",
        "XML ID": "36012",
        "Total Lag": "0.9637495",
        "Create Lag": "0.8543795",
        "Process Lag": "0.10937"
      },
      {
        "Direction": "Outbound",
        "Destination": "Bride's Glen",
        "Time": "00:03:13",
        "AVLS": "00:03:53",
        "Tram": "5003",
        "Action": "a",
        "Msg Sent": "16/10/2019 21:47:57",
        "Msg Received": "16/10/2019 21:47:57",
        "Msg Processed": "16/10/2019 21:47:57",
        "XML ID": "36012",
        "Total Lag": "0.948125",
        "Create Lag": "0.8543795",
        "Process Lag": "0.0937455"
      },
      {
        "Direction": "Outbound",
        "Destination": "Bride's Glen",
        "Time": "00:13:44",
        "AVLS": "00:14:24",
        "Tram": "5030",
        "Action": "a",
        "Msg Sent": "16/10/2019 21:47:59",
        "Msg Received": "16/10/2019 21:47:59",
        "Msg Processed": "16/10/2019 21:47:59",
        "XML ID": "36013",
        "Total Lag": "0.7137414",
        "Create Lag": "0.5731192",
        "Process Lag": "0.1406222"
      }
    ]
  },
  {
    "stopID": "35",
    "stopQueryTime": 1571258881000,
    "count": 5,
    "results": [
      {
        "Direction": "Inbound",
        "Destination": "Broombridge",
        "Time": "00:00:55",
        "AVLS": "00:01:35",
        "Tram": "5013",
        "Action": "a",
        "Msg Sent": "16/10/2019 21:47:57",
        "Msg Received": "16/10/2019 21:47:57",
        "Msg Processed": "16/10/2019 21:47:58",
        "XML ID": "36012",
        "Total Lag": "1.1200089",
        "Create Lag": "0.8701989",
        "Process Lag": "0.24981"
      },
      {
        "Direction": "Inbound",
        "Destination": "Broombridge",
        "Time": "00:16:41",
        "AVLS": "00:17:21",
        "Tram": "5010",
        "Action": "a",
        "Msg Sent": "16/10/2019 21:47:57",
        "Msg Received": "16/10/2019 21:47:57",
        "Msg Processed": "16/10/2019 21:47:58",
        "XML ID": "36012",
        "Total Lag": "1.0575064",
        "Create Lag": "0.8701989",
        "Process Lag": "0.1873075"
      },
      {
        "Direction": "Outbound",
        "Destination": "Sandyford",
        "Time": "00:01:23",
        "AVLS": "00:02:03",
        "Tram": "5006",
        "Action": "a",
        "Msg Sent": "16/10/2019 21:47:57",
        "Msg Received": "16/10/2019 21:47:57",
        "Msg Processed": "16/10/2019 21:47:57",
        "XML ID": "36012",
        "Total Lag": "0.9793769",
        "Create Lag": "0.8543795",
        "Process Lag": "0.1249974"
      },
      {
        "Direction": "Outbound",
        "Destination": "Sandyford",
        "Time": "00:03:13",
        "AVLS": "00:03:53",
        "Tram": "5027",
        "Action": "a",
        "Msg Sent": "16/10/2019 21:47:59",
        "Msg Received": "16/10/2019 21:47:59",
        "Msg Processed": "16/10/2019 21:47:59",
        "XML ID": "36013",
        "Total Lag": "0.6512382",
        "Create Lag": "0.5731192",
        "Process Lag": "0.078119"
      },
      {
        "Direction": "Outbound",
        "Destination": "Bride's Glen",
        "Time": "00:11:51",
        "AVLS": "00:12:31",
        "Tram": "5002",
        "Action": "a",
        "Msg Sent": "16/10/2019 21:47:57",
        "Msg Received": "16/10/2019 21:47:57",
        "Msg Processed": "16/10/2019 21:47:57",
        "XML ID": "36012",
        "Total Lag": "0.9325057",
        "Create Lag": "0.8543795",
        "Process Lag": "0.0781262"
      }
    ]
  },
  {
    "stopID": "56",
    "stopQueryTime": 1571258881005,
    "count": 4,
    "results": [
      {
        "Direction": "Inbound",
        "Destination": "The Point",
        "Time": "00:03:39",
        "AVLS": "00:04:19",
        "Tram": "4002",
        "Action": "a",
        "Msg Sent": "16/10/2019 21:47:57",
        "Msg Received": "16/10/2019 21:47:57",
        "Msg Processed": "16/10/2019 21:47:57",
        "XML ID": "36011",
        "Total Lag": "0.6043809",
        "Create Lag": "0.2450071",
        "Process Lag": "0.3593738"
      },
      {
        "Direction": "Inbound",
        "Destination": "The Point",
        "Time": "00:15:23",
        "AVLS": "00:16:03",
        "Tram": "3002",
        "Action": "a",
        "Msg Sent": "16/10/2019 21:47:57",
        "Msg Received": "16/10/2019 21:47:57",
        "Msg Processed": "16/10/2019 21:47:57",
        "XML ID": "36011",
        "Total Lag": "0.3075047",
        "Create Lag": "0.2450071",
        "Process Lag": "0.0624976"
      },
      {
        "Direction": "Outbound",
        "Destination": "Tallaght",
        "Time": "00:06:33",
        "AVLS": "00:07:13",
        "Tram": "4006",
        "Action": "a",
        "Msg Sent": "16/10/2019 21:47:57",
        "Msg Received": "16/10/2019 21:47:57",
        "Msg Processed": "16/10/2019 21:47:57",
        "XML ID": "36011",
        "Total Lag": "0.6200148",
        "Create Lag": "0.2450071",
        "Process Lag": "0.3750077"
      },
      {
        "Direction": "Outbound",
        "Destination": "Tallaght",
        "Time": "00:18:33",
        "AVLS": "00:19:13",
        "Tram": "4002",
        "Action": "a",
        "Msg Sent": "16/10/2019 21:47:57",
        "Msg Received": "16/10/2019 21:47:57",
        "Msg Processed": "16/10/2019 21:47:57",
        "XML ID": "36011",
        "Total Lag": "0.6043809",
        "Create Lag": "0.2450071",
        "Process Lag": "0.3593738"
      }
    ]
  },
  {
    "stopID": "33",
    "stopQueryTime": 1571258881008,
    "count": 4,
    "results": [
      {
        "Direction": "Inbound",
        "Destination": "Broombridge",
        "Time": "00:04:38",
        "AVLS": "00:05:18",
        "Tram": "5013",
        "Action": "a",
        "Msg Sent": "16/10/2019 21:47:57",
        "Msg Received": "16/10/2019 21:47:57",
        "Msg Processed": "16/10/2019 21:47:58",
        "XML ID": "36012",
        "Total Lag": "1.1356351",
        "Create Lag": "0.8701989",
        "Process Lag": "0.2654362"
      },
      {
        "Direction": "Outbound",
        "Destination": "Sandyford",
        "Time": "00:00:00",
        "AVLS": "00:00:40",
        "Tram": "5027",
        "Action": "a",
        "Msg Sent": "16/10/2019 21:47:59",
        "Msg Received": "16/10/2019 21:47:59",
        "Msg Processed": "16/10/2019 21:47:59",
        "XML ID": "36013",
        "Total Lag": "0.6356248",
        "Create Lag": "0.5731192",
        "Process Lag": "0.0625056"
      },
      {
        "Direction": "Outbound",
        "Destination": "Bride's Glen",
        "Time": "00:08:38",
        "AVLS": "00:09:18",
        "Tram": "5002",
        "Action": "a",
        "Msg Sent": "16/10/2019 21:47:57",
        "Msg Received": "16/10/2019 21:47:57",
        "Msg Processed": "16/10/2019 21:47:57",
        "XML ID": "36012",
        "Total Lag": "0.9168782",
        "Create Lag": "0.8543795",
        "Process Lag": "0.0624987"
      },
      {
        "Direction": "Outbound",
        "Destination": "Sandyford",
        "Time": "00:16:13",
        "AVLS": "00:16:53",
        "Tram": "5023",
        "Action": "a",
        "Msg Sent": "16/10/2019 21:47:59",
        "Msg Received": "16/10/2019 21:47:59",
        "Msg Processed": "16/10/2019 21:47:59",
        "XML ID": "36013",
        "Total Lag": "0.6356248",
        "Create Lag": "0.5731192",
        "Process Lag": "0.0625056"
      }
    ]
  },
  {
    "stopID": "53",
    "stopQueryTime": 1571258881015,
    "count": 4,
    "results": [
      {
        "Direction": "Inbound",
        "Destination": "Belgard",
        "Time": "00:04:16",
        "AVLS": "00:04:56",
        "Tram": "3011",
        "Action": "d",
        "Msg Sent": "16/10/2019 21:47:57",
        "Msg Received": "16/10/2019 21:47:57",
        "Msg Processed": "16/10/2019 21:47:57",
        "XML ID": "36011",
        "Total Lag": "0.3387583",
        "Create Lag": "0.2450071",
        "Process Lag": "0.0937512"
      },
      {
        "Direction": "Terminating",
        "Destination": "Saggart",
        "Time": "00:00:16",
        "AVLS": "00:00:56",
        "Tram": "3011",
        "Action": "a",
        "Msg Sent": "16/10/2019 21:47:57",
        "Msg Received": "16/10/2019 21:47:57",
        "Msg Processed": "16/10/2019 21:47:57",
        "XML ID": "36011",
        "Total Lag": "0.3387583",
        "Create Lag": "0.2450071",
        "Process Lag": "0.0937512"
      },
      {
        "Direction": "Terminating",
        "Destination": "Saggart",
        "Time": "00:09:32",
        "AVLS": "00:10:12",
        "Tram": "3015",
        "Action": "a",
        "Msg Sent": "16/10/2019 21:47:57",
        "Msg Received": "16/10/2019 21:47:57",
        "Msg Processed": "16/10/2019 21:47:57",
        "XML ID": "36011",
        "Total Lag": "0.4325067",
        "Create Lag": "0.2450071",
        "Process Lag": "0.1874996"
      },
      {
        "Direction": "Terminating",
        "Destination": "Saggart",
        "Time": "00:18:24",
        "AVLS": "00:19:04",
        "Tram": "3018",
        "Action": "a",
        "Msg Sent": "16/10/2019 21:47:57",
        "Msg Received": "16/10/2019 21:47:57",
        "Msg Processed": "16/10/2019 21:47:57",
        "XML ID": "36011",
        "Total Lag": "0.5418805",
        "Create Lag": "0.2450071",
        "Process Lag": "0.2968734"
      }
    ]
  },
  {
    "stopID": "34",
    "stopQueryTime": 1571258881027,
    "count": 6,
    "results": [
      {
        "Direction": "Inbound",
        "Destination": "Broombridge",
        "Time": "00:02:55",
        "AVLS": "00:03:35",
        "Tram": "5013",
        "Action": "a",
        "Msg Sent": "16/10/2019 21:47:57",
        "Msg Received": "16/10/2019 21:47:57",
        "Msg Processed": "16/10/2019 21:47:58",
        "XML ID": "36012",
        "Total Lag": "1.1200089",
        "Create Lag": "0.8701989",
        "Process Lag": "0.24981"
      },
      {
        "Direction": "Inbound",
        "Destination": "Broombridge",
        "Time": "00:18:41",
        "AVLS": "00:19:21",
        "Tram": "5010",
        "Action": "a",
        "Msg Sent": "16/10/2019 21:47:57",
        "Msg Received": "16/10/2019 21:47:57",
        "Msg Processed": "16/10/2019 21:47:58",
        "XML ID": "36012",
        "Total Lag": "1.0575064",
        "Create Lag": "0.8701989",
        "Process Lag": "0.1873075"
      },
      {
        "Direction": "Outbound",
        "Destination": "Sandyford",
        "Time": "00:00:00",
        "AVLS": "00:00:24",
        "Tram": "5006",
        "Action": "a",
        "Msg Sent": "16/10/2019 21:47:57",
        "Msg Received": "16/10/2019 21:47:57",
        "Msg Processed": "16/10/2019 21:47:57",
        "XML ID": "36012",
        "Total Lag": "0.9793769",
        "Create Lag": "0.8543795",
        "Process Lag": "0.1249974"
      },
      {
        "Direction": "Outbound",
        "Destination": "Sandyford",
        "Time": "00:01:34",
        "AVLS": "00:02:14",
        "Tram": "5027",
        "Action": "a",
        "Msg Sent": "16/10/2019 21:47:59",
        "Msg Received": "16/10/2019 21:47:59",
        "Msg Processed": "16/10/2019 21:47:59",
        "XML ID": "36013",
        "Total Lag": "0.6356248",
        "Create Lag": "0.5731192",
        "Process Lag": "0.0625056"
      },
      {
        "Direction": "Outbound",
        "Destination": "Bride's Glen",
        "Time": "00:10:12",
        "AVLS": "00:10:52",
        "Tram": "5002",
        "Action": "a",
        "Msg Sent": "16/10/2019 21:47:57",
        "Msg Received": "16/10/2019 21:47:57",
        "Msg Processed": "16/10/2019 21:47:57",
        "XML ID": "36012",
        "Total Lag": "0.9325057",
        "Create Lag": "0.8543795",
        "Process Lag": "0.0781262"
      },
      {
        "Direction": "Outbound",
        "Destination": "Sandyford",
        "Time": "00:17:47",
        "AVLS": "00:18:27",
        "Tram": "5023",
        "Action": "a",
        "Msg Sent": "16/10/2019 21:47:59",
        "Msg Received": "16/10/2019 21:47:59",
        "Msg Processed": "16/10/2019 21:47:59",
        "XML ID": "36013",
        "Total Lag": "0.6356248",
        "Create Lag": "0.5731192",
        "Process Lag": "0.0625056"
      }
    ]
  },
  {
    "stopID": "4",
    "stopQueryTime": 1571258881036,
    "count": 6,
    "results": [
      {
        "Direction": "Inbound",
        "Destination": "The Point",
        "Time": "00:04:00",
        "AVLS": "00:04:40",
        "Tram": "3012",
        "Action": "a",
        "Msg Sent": "16/10/2019 21:47:57",
        "Msg Received": "16/10/2019 21:47:57",
        "Msg Processed": "16/10/2019 21:47:57",
        "XML ID": "36011",
        "Total Lag": "0.3700063",
        "Create Lag": "0.2450071",
        "Process Lag": "0.1249992"
      },
      {
        "Direction": "Inbound",
        "Destination": "The Point",
        "Time": "00:17:24",
        "AVLS": "00:18:04",
        "Tram": "3016",
        "Action": "a",
        "Msg Sent": "16/10/2019 21:47:57",
        "Msg Received": "16/10/2019 21:47:57",
        "Msg Processed": "16/10/2019 21:47:57",
        "XML ID": "36011",
        "Total Lag": "0.4637549",
        "Create Lag": "0.2450071",
        "Process Lag": "0.2187478"
      },
      {
        "Direction": "Outbound",
        "Destination": "Tallaght",
        "Time": "00:04:43",
        "AVLS": "00:05:23",
        "Tram": "3014",
        "Action": "a",
        "Msg Sent": "16/10/2019 21:47:57",
        "Msg Received": "16/10/2019 21:47:57",
        "Msg Processed": "16/10/2019 21:47:57",
        "XML ID": "36011",
        "Total Lag": "0.4012553",
        "Create Lag": "0.2450071",
        "Process Lag": "0.1562482"
      },
      {
        "Direction": "Outbound",
        "Destination": "Saggart",
        "Time": "00:07:54",
        "AVLS": "00:08:34",
        "Tram": "3018",
        "Action": "a",
        "Msg Sent": "16/10/2019 21:47:57",
        "Msg Received": "16/10/2019 21:47:57",
        "Msg Processed": "16/10/2019 21:47:57",
        "XML ID": "36011",
        "Total Lag": "0.510638",
        "Create Lag": "0.2450071",
        "Process Lag": "0.2656309"
      },
      {
        "Direction": "Outbound",
        "Destination": "Tallaght",
        "Time": "00:13:47",
        "AVLS": "00:14:27",
        "Tram": "3017",
        "Action": "a",
        "Msg Sent": "16/10/2019 21:47:57",
        "Msg Received": "16/10/2019 21:47:57",
        "Msg Processed": "16/10/2019 21:47:57",
        "XML ID": "36011",
        "Total Lag": "0.4950079",
        "Create Lag": "0.2450071",
        "Process Lag": "0.2500008"
      },
      {
        "Direction": "Outbound",
        "Destination": "Saggart",
        "Time": "00:18:54",
        "AVLS": "00:19:34",
        "Tram": "3011",
        "Action": "a",
        "Msg Sent": "16/10/2019 21:47:57",
        "Msg Received": "16/10/2019 21:47:57",
        "Msg Processed": "16/10/2019 21:47:57",
        "XML ID": "36011",
        "Total Lag": "0.354391",
        "Create Lag": "0.2450071",
        "Process Lag": "0.1093839"
      }
    ]
  }
]