[
  {
    "stopID": "17",
    "stopQueryTime": 1571258340802,
    "count": 2,
    "results": [
      {
        "Direction": "Inbound",
        "Destination": "The Point",
        "Time": "00:07:49",
        "AVLS": "00:08:29",
        "Tram": "3002",
        "Action": "a",
        "Msg Sent": "16/10/2019 21:38:56",
        "Msg Received": "16/10/2019 21:38:56",
        "Msg Processed": "16/10/2019 21:38:56",
        "XML ID": "35775",
        "Total Lag": "0.7346019",
        "Create Lag": "0.718978",
        "Process Lag": "0.0156239"
      },
      {
        "Direction": "Outbound",
        "Destination": "Tallaght",
        "Time": "00:07:18",
        "AVLS": "00:07:58",
        "Tram": "4009",
        "Action": "a",
        "Msg Sent": "16/10/2019 21:38:56",
        "Msg Received": "16/10/2019 21:38:56",
        "Msg Processed": "16/10/2019 21:38:57",
        "XML ID": "35775",
        "Total Lag": "1.0787153",
        "Create Lag": "0.718978",
        "Process Lag": "0.3597373"
      }
    ]
  },
  {
    "stopID": "23",
    "stopQueryTime": 1571258340824,
    "count": 0,
    "results": []
  },
  {
    "stopID": "12",
    "stopQueryTime": 1571258340835,
    "count": 3,
    "results": [
      {
        "Direction": "Inbound",
        "Destination": "The Point",
        "Time": "00:14:58",
        "AVLS": "00:15:38",
        "Tram": "3025",
        "Action": "a",
        "Msg Sent": "16/10/2019 21:38:56",
        "Msg Received": "16/10/2019 21:38:56",
        "Msg Processed": "16/10/2019 21:38:56",
        "XML ID": "35775",
        "Total Lag": "0.9846004",
        "Create Lag": "0.718978",
        "Process Lag": "0.2656224"
      },
      {
        "Direction": "Outbound",
        "Destination": "Tallaght",
        "Time": "00:06:42",
        "AVLS": "00:07:22",
        "Tram": "3017",
        "Action": "a",
        "Msg Sent": "16/10/2019 21:38:56",
        "Msg Received": "16/10/2019 21:38:56",
        "Msg Processed": "16/10/2019 21:38:56",
        "XML ID": "35775",
        "Total Lag": "0.9064777",
        "Create Lag": "0.718978",
        "Process Lag": "0.1874997"
      },
      {
        "Direction": "Outbound",
        "Destination": "Tallaght",
        "Time": "00:17:08",
        "AVLS": "00:17:48",
        "Tram": "4009",
        "Action": "a",
        "Msg Sent": "16/10/2019 21:38:56",
        "Msg Received": "16/10/2019 21:38:57",
        "Msg Processed": "16/10/2019 21:38:57",
        "XML ID": "35776",
        "Total Lag": "1.111225",
        "Create Lag": "1.0158592",
        "Process Lag": "0.0953658"
      }
    ]
  },
  {
    "stopID": "58",
    "stopQueryTime": 1571258340838,
    "count": 0,
    "results": []
  },
  {
    "stopID": "48",
    "stopQueryTime": 1571258340840,
    "count": 1,
    "results": [
      {
        "Direction": "Inbound",
        "Destination": "Broombridge",
        "Time": "00:05:24",
        "AVLS": "00:06:04",
        "Tram": "5010",
        "Action": "d",
        "Msg Sent": "16/10/2019 21:38:56",
        "Msg Received": "16/10/2019 21:38:57",
        "Msg Processed": "16/10/2019 21:38:57",
        "XML ID": "35776",
        "Total Lag": "1.3147655",
        "Create Lag": "1.0158592",
        "Process Lag": "0.2989063"
      }
    ]
  },
  {
    "stopID": "36",
    "stopQueryTime": 1571258340842,
    "count": 2,
    "results": [
      {
        "Direction": "Inbound",
        "Destination": "Broombridge",
        "Time": "00:08:01",
        "AVLS": "00:08:41",
        "Tram": "5013",
        "Action": "a",
        "Msg Sent": "16/10/2019 21:38:56",
        "Msg Received": "16/10/2019 21:38:57",
        "Msg Processed": "16/10/2019 21:38:57",
        "XML ID": "35776",
        "Total Lag": "1.39339",
        "Create Lag": "1.0158592",
        "Process Lag": "0.3775308"
      },
      {
        "Direction": "Outbound",
        "Destination": "Bride's Glen",
        "Time": "00:04:14",
        "AVLS": "00:04:54",
        "Tram": "5030",
        "Action": "a",
        "Msg Sent": "16/10/2019 21:38:59",
        "Msg Received": "16/10/2019 21:38:59",
        "Msg Processed": "16/10/2019 21:38:59",
        "XML ID": "35777",
        "Total Lag": "0.6278121",
        "Create Lag": "0.5027603",
        "Process Lag": "0.1250518"
      }
    ]
  },
  {
    "stopID": "9",
    "stopQueryTime": 1571258340848,
    "count": 3,
    "results": [
      {
        "Direction": "Inbound",
        "Destination": "The Point",
        "Time": "00:11:47",
        "AVLS": "00:12:27",
        "Tram": "3025",
        "Action": "a",
        "Msg Sent": "16/10/2019 21:38:56",
        "Msg Received": "16/10/2019 21:38:56",
        "Msg Processed": "16/10/2019 21:38:56",
        "XML ID": "35775",
        "Total Lag": "0.9690022",
        "Create Lag": "0.718978",
        "Process Lag": "0.2500242"
      },
      {
        "Direction": "Outbound",
        "Destination": "Tallaght",
        "Time": "00:00:42",
        "AVLS": "00:01:22",
        "Tram": "3014",
        "Action": "a",
        "Msg Sent": "16/10/2019 21:38:56",
        "Msg Received": "16/10/2019 21:38:56",
        "Msg Processed": "16/10/2019 21:38:56",
        "XML ID": "35775",
        "Total Lag": "0.8439807",
        "Create Lag": "0.718978",
        "Process Lag": "0.1250027"
      },
      {
        "Direction": "Outbound",
        "Destination": "Tallaght",
        "Time": "00:09:59",
        "AVLS": "00:10:39",
        "Tram": "3017",
        "Action": "a",
        "Msg Sent": "16/10/2019 21:38:56",
        "Msg Received": "16/10/2019 21:38:56",
        "Msg Processed": "16/10/2019 21:38:56",
        "XML ID": "35775",
        "Total Lag": "0.9221001",
        "Create Lag": "0.718978",
        "Process Lag": "0.2031221"
      }
    ]
  },
  {
    "stopID": "8",
    "stopQueryTime": 1571258340852,
    "count": 3,
    "results": [
      {
        "Direction": "Inbound",
        "Destination": "The Point",
        "Time": "00:09:38",
        "AVLS": "00:10:18",
        "Tram": "3025",
        "Action": "a",
        "Msg Sent": "16/10/2019 21:38:56",
        "Msg Received": "16/10/2019 21:38:56",
        "Msg Processed": "16/10/2019 21:38:56",
        "XML ID": "35775",
        "Total Lag": "0.9690022",
        "Create Lag": "0.718978",
        "Process Lag": "0.2500242"
      },
      {
        "Direction": "Outbound",
        "Destination": "Tallaght",
        "Time": "00:02:57",
        "AVLS": "00:03:37",
        "Tram": "3014",
        "Action": "a",
        "Msg Sent": "16/10/2019 21:38:56",
        "Msg Received": "16/10/2019 21:38:56",
        "Msg Processed": "16/10/2019 21:38:56",
        "XML ID": "35775",
        "Total Lag": "0.8439807",
        "Create Lag": "0.718978",
        "Process Lag": "0.1250027"
      },
      {
        "Direction": "Outbound",
        "Destination": "Tallaght",
        "Time": "00:12:14",
        "AVLS": "00:12:54",
        "Tram": "3017",
        "Action": "a",
        "Msg Sent": "16/10/2019 21:38:56",
        "Msg Received": "16/10/2019 21:38:56",
        "Msg Processed": "16/10/2019 21:38:56",
        "XML ID": "35775",
        "Total Lag": "0.9221001",
        "Create Lag": "0.718978",
        "Process Lag": "0.2031221"
      }
    ]
  },
  {
    "stopID": "37",
    "stopQueryTime": 1571258340867,
    "count": 2,
    "results": [
      {
        "Direction": "Inbound",
        "Destination": "Broombridge",
        "Time": "00:05:37",
        "AVLS": "00:06:17",
        "Tram": "5013",
        "Action": "a",
        "Msg Sent": "16/10/2019 21:38:56",
        "Msg Received": "16/10/2019 21:38:57",
        "Msg Processed": "16/10/2019 21:38:57",
        "XML ID": "35776",
        "Total Lag": "1.39339",
        "Create Lag": "1.0158592",
        "Process Lag": "0.3775308"
      },
      {
        "Direction": "Outbound",
        "Destination": "Bride's Glen",
        "Time": "00:06:47",
        "AVLS": "00:07:27",
        "Tram": "5030",
        "Action": "a",
        "Msg Sent": "16/10/2019 21:38:59",
        "Msg Received": "16/10/2019 21:38:59",
        "Msg Processed": "16/10/2019 21:38:59",
        "XML ID": "35777",
        "Total Lag": "0.6278121",
        "Create Lag": "0.5027603",
        "Process Lag": "0.1250518"
      }
    ]
  },
  {
    "stopID": "10",
    "stopQueryTime": 1571258340874,
    "count": 4,
    "results": [
      {
        "Direction": "Inbound",
        "Destination": "The Point",
        "Time": "00:13:01",
        "AVLS": "00:13:41",
        "Tram": "3025",
        "Action": "a",
        "Msg Sent": "16/10/2019 21:38:56",
        "Msg Received": "16/10/2019 21:38:56",
        "Msg Processed": "16/10/2019 21:38:56",
        "XML ID": "35775",
        "Total Lag": "0.9690022",
        "Create Lag": "0.718978",
        "Process Lag": "0.2500242"
      },
      {
        "Direction": "Outbound",
        "Destination": "Tallaght",
        "Time": "00:00:00",
        "AVLS": "00:00:06",
        "Tram": "3014",
        "Action": "a",
        "Msg Sent": "16/10/2019 21:38:56",
        "Msg Received": "16/10/2019 21:38:56",
        "Msg Processed": "16/10/2019 21:38:56",
        "XML ID": "35775",
        "Total Lag": "0.8439807",
        "Create Lag": "0.718978",
        "Process Lag": "0.1250027"
      },
      {
        "Direction": "Outbound",
        "Destination": "Tallaght",
        "Time": "00:08:43",
        "AVLS": "00:09:23",
        "Tram": "3017",
        "Action": "a",
        "Msg Sent": "16/10/2019 21:38:56",
        "Msg Received": "16/10/2019 21:38:56",
        "Msg Processed": "16/10/2019 21:38:56",
        "XML ID": "35775",
        "Total Lag": "0.9221001",
        "Create Lag": "0.718978",
        "Process Lag": "0.2031221"
      },
      {
        "Direction": "Outbound",
        "Destination": "Tallaght",
        "Time": "00:19:09",
        "AVLS": "00:19:49",
        "Tram": "4009",
        "Action": "a",
        "Msg Sent": "16/10/2019 21:38:56",
        "Msg Received": "16/10/2019 21:38:57",
        "Msg Processed": "16/10/2019 21:38:57",
        "XML ID": "35776",
        "Total Lag": "1.1262106",
        "Create Lag": "1.0158592",
        "Process Lag": "0.1103514"
      }
    ]
  },
  {
    "stopID": "14",
    "stopQueryTime": 1571258340879,
    "count": 4,
    "results": [
      {
        "Direction": "Inbound",
        "Destination": "The Point",
        "Time": "00:01:06",
        "AVLS": "00:01:46",
        "Tram": "3002",
        "Action": "a",
        "Msg Sent": "16/10/2019 21:38:56",
        "Msg Received": "16/10/2019 21:38:56",
        "Msg Processed": "16/10/2019 21:38:56",
        "XML ID": "35775",
        "Total Lag": "0.718978",
        "Create Lag": "0.718978",
        "Process Lag": "0"
      },
      {
        "Direction": "Inbound",
        "Destination": "The Point",
        "Time": "00:17:32",
        "AVLS": "00:18:12",
        "Tram": "3025",
        "Action": "a",
        "Msg Sent": "16/10/2019 21:38:56",
        "Msg Received": "16/10/2019 21:38:56",
        "Msg Processed": "16/10/2019 21:38:57",
        "XML ID": "35775",
        "Total Lag": "1.0002351",
        "Create Lag": "0.718978",
        "Process Lag": "0.2812571"
      },
      {
        "Direction": "Outbound",
        "Destination": "Tallaght",
        "Time": "00:04:01",
        "AVLS": "00:04:41",
        "Tram": "3017",
        "Action": "a",
        "Msg Sent": "16/10/2019 21:38:56",
        "Msg Received": "16/10/2019 21:38:56",
        "Msg Processed": "16/10/2019 21:38:56",
        "XML ID": "35775",
        "Total Lag": "0.9064777",
        "Create Lag": "0.718978",
        "Process Lag": "0.1874997"
      },
      {
        "Direction": "Outbound",
        "Destination": "Tallaght",
        "Time": "00:14:27",
        "AVLS": "00:15:07",
        "Tram": "4009",
        "Action": "a",
        "Msg Sent": "16/10/2019 21:38:56",
        "Msg Received": "16/10/2019 21:38:57",
        "Msg Processed": "16/10/2019 21:38:57",
        "XML ID": "35776",
        "Total Lag": "1.0943496",
        "Create Lag": "1.0158592",
        "Process Lag": "0.0784904"
      }
    ]
  },
  {
    "stopID": "1",
    "stopQueryTime": 1571258340883,
    "count": 3,
    "results": [
      {
        "Direction": "Inbound",
        "Destination": "The Point",
        "Time": "00:07:26",
        "AVLS": "00:08:06",
        "Tram": "3012",
        "Action": "d",
        "Msg Sent": "16/10/2019 21:38:56",
        "Msg Received": "16/10/2019 21:38:56",
        "Msg Processed": "16/10/2019 21:38:56",
        "XML ID": "35775",
        "Total Lag": "0.8283628",
        "Create Lag": "0.718978",
        "Process Lag": "0.1093848"
      },
      {
        "Direction": "Terminating",
        "Destination": "Tallaght",
        "Time": "00:03:26",
        "AVLS": "00:04:06",
        "Tram": "3012",
        "Action": "a",
        "Msg Sent": "16/10/2019 21:38:56",
        "Msg Received": "16/10/2019 21:38:56",
        "Msg Processed": "16/10/2019 21:38:56",
        "XML ID": "35775",
        "Total Lag": "0.8283628",
        "Create Lag": "0.718978",
        "Process Lag": "0.1093848"
      },
      {
        "Direction": "Terminating",
        "Destination": "Tallaght",
        "Time": "00:09:51",
        "AVLS": "00:10:31",
        "Tram": "3016",
        "Action": "a",
        "Msg Sent": "16/10/2019 21:38:56",
        "Msg Received": "16/10/2019 21:38:56",
        "Msg Processed": "16/10/2019 21:38:56",
        "XML ID": "35775",
        "Total Lag": "0.8908537",
        "Create Lag": "0.718978",
        "Process Lag": "0.1718757"
      }
    ]
  },
  {
    "stopID": "44",
    "stopQueryTime": 1571258340897,
    "count": 3,
    "results": [
      {
        "Direction": "Inbound",
        "Destination": "Broombridge",
        "Time": "00:11:24",
        "AVLS": "00:12:04",
        "Tram": "5010",
        "Action": "a",
        "Msg Sent": "16/10/2019 21:38:56",
        "Msg Received": "16/10/2019 21:38:57",
        "Msg Processed": "16/10/2019 21:38:57",
        "XML ID": "35776",
        "Total Lag": "1.3303993",
        "Create Lag": "1.0158592",
        "Process Lag": "0.3145401"
      },
      {
        "Direction": "Outbound",
        "Destination": "Bride's Glen",
        "Time": "00:08:02",
        "AVLS": "00:08:42",
        "Tram": "5003",
        "Action": "a",
        "Msg Sent": "16/10/2019 21:38:56",
        "Msg Received": "16/10/2019 21:38:57",
        "Msg Processed": "16/10/2019 21:38:57",
        "XML ID": "35776",
        "Total Lag": "1.1893347",
        "Create Lag": "1.0158592",
        "Process Lag": "0.1734755"
      },
      {
        "Direction": "Outbound",
        "Destination": "Bride's Glen",
        "Time": "00:16:14",
        "AVLS": "00:16:54",
        "Tram": "5030",
        "Action": "a",
        "Msg Sent": "16/10/2019 21:38:59",
        "Msg Received": "16/10/2019 21:38:59",
        "Msg Processed": "16/10/2019 21:38:59",
        "XML ID": "35777",
        "Total Lag": "0.6590158",
        "Create Lag": "0.5027603",
        "Process Lag": "0.1562555"
      }
    ]
  },
  {
    "stopID": "22",
    "stopQueryTime": 1571258340902,
    "count": 2,
    "results": [
      {
        "Direction": "Inbound",
        "Destination": "The Point",
        "Time": "00:06:11",
        "AVLS": "00:06:51",
        "Tram": "4002",
        "Action": "a",
        "Msg Sent": "16/10/2019 21:38:56",
        "Msg Received": "16/10/2019 21:38:56",
        "Msg Processed": "16/10/2019 21:38:57",
        "XML ID": "35775",
        "Total Lag": "1.0158592",
        "Create Lag": "0.718978",
        "Process Lag": "0.2968812"
      },
      {
        "Direction": "Outbound",
        "Destination": "Tallaght",
        "Time": "00:08:56",
        "AVLS": "00:09:36",
        "Tram": "3009",
        "Action": "a",
        "Msg Sent": "16/10/2019 21:38:56",
        "Msg Received": "16/10/2019 21:38:56",
        "Msg Processed": "16/10/2019 21:38:56",
        "XML ID": "35775",
        "Total Lag": "0.765855",
        "Create Lag": "0.718978",
        "Process Lag": "0.046877"
      }
    ]
  },
  {
    "stopID": "7",
    "stopQueryTime": 1571258340905,
    "count": 3,
    "results": [
      {
        "Direction": "Inbound",
        "Destination": "The Point",
        "Time": "00:08:07",
        "AVLS": "00:08:47",
        "Tram": "3025",
        "Action": "a",
        "Msg Sent": "16/10/2019 21:38:56",
        "Msg Received": "16/10/2019 21:38:56",
        "Msg Processed": "16/10/2019 21:38:56",
        "XML ID": "35775",
        "Total Lag": "0.9690022",
        "Create Lag": "0.718978",
        "Process Lag": "0.2500242"
      },
      {
        "Direction": "Outbound",
        "Destination": "Tallaght",
        "Time": "00:04:31",
        "AVLS": "00:05:11",
        "Tram": "3014",
        "Action": "a",
        "Msg Sent": "16/10/2019 21:38:56",
        "Msg Received": "16/10/2019 21:38:56",
        "Msg Processed": "16/10/2019 21:38:56",
        "XML ID": "35775",
        "Total Lag": "0.8439807",
        "Create Lag": "0.718978",
        "Process Lag": "0.1250027"
      },
      {
        "Direction": "Outbound",
        "Destination": "Tallaght",
        "Time": "00:13:48",
        "AVLS": "00:14:28",
        "Tram": "3017",
        "Action": "a",
        "Msg Sent": "16/10/2019 21:38:56",
        "Msg Received": "16/10/2019 21:38:56",
        "Msg Processed": "16/10/2019 21:38:56",
        "XML ID": "35775",
        "Total Lag": "0.9221001",
        "Create Lag": "0.718978",
        "Process Lag": "0.2031221"
      }
    ]
  },
  {
    "stopID": "13",
    "stopQueryTime": 1571258340956,
    "count": 4,
    "results": [
      {
        "Direction": "Inbound",
        "Destination": "The Point",
        "Time": "00:00:10",
        "AVLS": "00:00:50",
        "Tram": "3002",
        "Action": "a",
        "Msg Sent": "16/10/2019 21:38:56",
        "Msg Received": "16/10/2019 21:38:56",
        "Msg Processed": "16/10/2019 21:38:56",
        "XML ID": "35775",
        "Total Lag": "0.718978",
        "Create Lag": "0.718978",
        "Process Lag": "0"
      },
      {
        "Direction": "Inbound",
        "Destination": "The Point",
        "Time": "00:16:36",
        "AVLS": "00:17:16",
        "Tram": "3025",
        "Action": "a",
        "Msg Sent": "16/10/2019 21:38:56",
        "Msg Received": "16/10/2019 21:38:56",
        "Msg Processed": "16/10/2019 21:38:57",
        "XML ID": "35775",
        "Total Lag": "1.0002351",
        "Create Lag": "0.718978",
        "Process Lag": "0.2812571"
      },
      {
        "Direction": "Outbound",
        "Destination": "Tallaght",
        "Time": "00:05:01",
        "AVLS": "00:05:41",
        "Tram": "3017",
        "Action": "a",
        "Msg Sent": "16/10/2019 21:38:56",
        "Msg Received": "16/10/2019 21:38:56",
        "Msg Processed": "16/10/2019 21:38:56",
        "XML ID": "35775",
        "Total Lag": "0.9064777",
        "Create Lag": "0.718978",
        "Process Lag": "0.1874997"
      },
      {
        "Direction": "Outbound",
        "Destination": "Tallaght",
        "Time": "00:15:27",
        "AVLS": "00:16:07",
        "Tram": "4009",
        "Action": "a",
        "Msg Sent": "16/10/2019 21:38:56",
        "Msg Received": "16/10/2019 21:38:57",
        "Msg Processed": "16/10/2019 21:38:57",
        "XML ID": "35776",
        "Total Lag": "1.111225",
        "Create Lag": "1.0158592",
        "Process Lag": "0.0953658"
      }
    ]
  },
  {
    "stopID": "46",
    "stopQueryTime": 1571258340965,
    "count": 3,
    "results": [
      {
        "Direction": "Inbound",
        "Destination": "Broombridge",
        "Time": "00:08:33",
        "AVLS": "00:09:13",
        "Tram": "5010",
        "Action": "a",
        "Msg Sent": "16/10/2019 21:38:56",
        "Msg Received": "16/10/2019 21:38:57",
        "Msg Processed": "16/10/2019 21:38:57",
        "XML ID": "35776",
        "Total Lag": "1.3147655",
        "Create Lag": "1.0158592",
        "Process Lag": "0.2989063"
      },
      {
        "Direction": "Outbound",
        "Destination": "Bride's Glen",
        "Time": "00:10:53",
        "AVLS": "00:11:33",
        "Tram": "5003",
        "Action": "a",
        "Msg Sent": "16/10/2019 21:38:56",
        "Msg Received": "16/10/2019 21:38:57",
        "Msg Processed": "16/10/2019 21:38:57",
        "XML ID": "35776",
        "Total Lag": "1.2048434",
        "Create Lag": "1.0158592",
        "Process Lag": "0.1889842"
      },
      {
        "Direction": "Outbound",
        "Destination": "Bride's Glen",
        "Time": "00:19:05",
        "AVLS": "00:19:45",
        "Tram": "5030",
        "Action": "a",
        "Msg Sent": "16/10/2019 21:38:59",
        "Msg Received": "16/10/2019 21:38:59",
        "Msg Processed": "16/10/2019 21:38:59",
        "XML ID": "35777",
        "Total Lag": "0.6590158",
        "Create Lag": "0.5027603",
        "Process Lag": "0.1562555"
      }
    ]
  },
  {
    "stopID": "47",
    "stopQueryTime": 1571258340968,
    "count": 3,
    "results": [
      {
        "Direction": "Inbound",
        "Destination": "Broombridge",
        "Time": "00:06:32",
        "AVLS": "00:07:12",
        "Tram": "5010",
        "Action": "a",
        "Msg Sent": "16/10/2019 21:38:56",
        "Msg Received": "16/10/2019 21:38:57",
        "Msg Processed": "16/10/2019 21:38:57",
        "XML ID": "35776",
        "Total Lag": "1.3147655",
        "Create Lag": "1.0158592",
        "Process Lag": "0.2989063"
      },
      {
        "Direction": "Outbound",
        "Destination": "Bride's Glen",
        "Time": "00:00:11",
        "AVLS": "00:00:51",
        "Tram": "5010",
        "Action": "a",
        "Msg Sent": "16/10/2019 21:38:56",
        "Msg Received": "16/10/2019 21:38:57",
        "Msg Processed": "16/10/2019 21:38:57",
        "XML ID": "35776",
        "Total Lag": "1.3147655",
        "Create Lag": "1.0158592",
        "Process Lag": "0.2989063"
      },
      {
        "Direction": "Outbound",
        "Destination": "Bride's Glen",
        "Time": "00:12:50",
        "AVLS": "00:13:30",
        "Tram": "5003",
        "Action": "a",
        "Msg Sent": "16/10/2019 21:38:56",
        "Msg Received": "16/10/2019 21:38:57",
        "Msg Processed": "16/10/2019 21:38:57",
        "XML ID": "35776",
        "Total Lag": "1.2048434",
        "Create Lag": "1.0158592",
        "Process Lag": "0.1889842"
      }
    ]
  },
  {
    "stopID": "6",
    "stopQueryTime": 1571258340974,
    "count": 4,
    "results": [
      {
        "Direction": "Inbound",
        "Destination": "The Point",
        "Time": "00:03:51",
        "AVLS": "00:04:31",
        "Tram": "3025",
        "Action": "a",
        "Msg Sent": "16/10/2019 21:38:56",
        "Msg Received": "16/10/2019 21:38:56",
        "Msg Processed": "16/10/2019 21:38:56",
        "XML ID": "35775",
        "Total Lag": "0.9690022",
        "Create Lag": "0.718978",
        "Process Lag": "0.2500242"
      },
      {
        "Direction": "Inbound",
        "Destination": "The Point",
        "Time": "00:18:26",
        "AVLS": "00:19:06",
        "Tram": "3012",
        "Action": "a",
        "Msg Sent": "16/10/2019 21:38:56",
        "Msg Received": "16/10/2019 21:38:56",
        "Msg Processed": "16/10/2019 21:38:56",
        "XML ID": "35775",
        "Total Lag": "0.8439807",
        "Create Lag": "0.718978",
        "Process Lag": "0.1250027"
      },
      {
        "Direction": "Outbound",
        "Destination": "Tallaght",
        "Time": "00:08:34",
        "AVLS": "00:09:14",
        "Tram": "3014",
        "Action": "a",
        "Msg Sent": "16/10/2019 21:38:56",
        "Msg Received": "16/10/2019 21:38:56",
        "Msg Processed": "16/10/2019 21:38:56",
        "XML ID": "35775",
        "Total Lag": "0.8596171",
        "Create Lag": "0.718978",
        "Process Lag": "0.1406391"
      },
      {
        "Direction": "Outbound",
        "Destination": "Tallaght",
        "Time": "00:17:51",
        "AVLS": "00:18:31",
        "Tram": "3017",
        "Action": "a",
        "Msg Sent": "16/10/2019 21:38:56",
        "Msg Received": "16/10/2019 21:38:56",
        "Msg Processed": "16/10/2019 21:38:56",
        "XML ID": "35775",
        "Total Lag": "0.9221001",
        "Create Lag": "0.718978",
        "Process Lag": "0.2031221"
      }
    ]
  },
  {
    "stopID": "16",
    "stopQueryTime": 1571258340979,
    "count": 2,
    "results": [
      {
        "Direction": "Inbound",
        "Destination": "The Point",
        "Time": "00:05:25",
        "AVLS": "00:06:05",
        "Tram": "3002",
        "Action": "a",
        "Msg Sent": "16/10/2019 21:38:56",
        "Msg Received": "16/10/2019 21:38:56",
        "Msg Processed": "16/10/2019 21:38:56",
        "XML ID": "35775",
        "Total Lag": "0.7346019",
        "Create Lag": "0.718978",
        "Process Lag": "0.0156239"
      },
      {
        "Direction": "Outbound",
        "Destination": "Tallaght",
        "Time": "00:09:17",
        "AVLS": "00:09:57",
        "Tram": "4009",
        "Action": "a",
        "Msg Sent": "16/10/2019 21:38:56",
        "Msg Received": "16/10/2019 21:38:56",
        "Msg Processed": "16/10/2019 21:38:57",
        "XML ID": "35775",
        "Total Lag": "1.0787153",
        "Create Lag": "0.718978",
        "Process Lag": "0.3597373"
      }
    ]
  },
  {
    "stopID": "57",
    "stopQueryTime": 1571258340980,
    "count": 2,
    "results": [
      {
        "Direction": "Outbound",
        "Destination": "Tallaght",
        "Time": "00:02:54",
        "AVLS": "00:03:34",
        "Tram": "3009",
        "Action": "d",
        "Msg Sent": "16/10/2019 21:38:56",
        "Msg Received": "16/10/2019 21:38:56",
        "Msg Processed": "16/10/2019 21:38:56",
        "XML ID": "35775",
        "Total Lag": "0.7502254",
        "Create Lag": "0.718978",
        "Process Lag": "0.0312474"
      },
      {
        "Direction": "Outbound",
        "Destination": "Tallaght",
        "Time": "00:14:54",
        "AVLS": "00:15:34",
        "Tram": "4006",
        "Action": "d",
        "Msg Sent": "16/10/2019 21:38:56",
        "Msg Received": "16/10/2019 21:38:56",
        "Msg Processed": "16/10/2019 21:38:57",
        "XML ID": "35775",
        "Total Lag": "1.0318336",
        "Create Lag": "0.718978",
        "Process Lag": "0.3128556"
      }
    ]
  },
  {
    "stopID": "3",
    "stopQueryTime": 1571258340987,
    "count": 4,
    "results": [
      {
        "Direction": "Inbound",
        "Destination": "The Point",
        "Time": "00:10:21",
        "AVLS": "00:11:01",
        "Tram": "3012",
        "Action": "a",
        "Msg Sent": "16/10/2019 21:38:56",
        "Msg Received": "16/10/2019 21:38:56",
        "Msg Processed": "16/10/2019 21:38:56",
        "XML ID": "35775",
        "Total Lag": "0.8283628",
        "Create Lag": "0.718978",
        "Process Lag": "0.1093848"
      },
      {
        "Direction": "Outbound",
        "Destination": "Tallaght",
        "Time": "00:00:00",
        "AVLS": "00:00:25",
        "Tram": "3012",
        "Action": "a",
        "Msg Sent": "16/10/2019 21:38:56",
        "Msg Received": "16/10/2019 21:38:56",
        "Msg Processed": "16/10/2019 21:38:56",
        "XML ID": "35775",
        "Total Lag": "0.8127275",
        "Create Lag": "0.718978",
        "Process Lag": "0.0937495"
      },
      {
        "Direction": "Outbound",
        "Destination": "Tallaght",
        "Time": "00:06:10",
        "AVLS": "00:06:50",
        "Tram": "3016",
        "Action": "a",
        "Msg Sent": "16/10/2019 21:38:56",
        "Msg Received": "16/10/2019 21:38:56",
        "Msg Processed": "16/10/2019 21:38:56",
        "XML ID": "35775",
        "Total Lag": "0.8908537",
        "Create Lag": "0.718978",
        "Process Lag": "0.1718757"
      },
      {
        "Direction": "Outbound",
        "Destination": "Tallaght",
        "Time": "00:15:53",
        "AVLS": "00:16:33",
        "Tram": "3014",
        "Action": "a",
        "Msg Sent": "16/10/2019 21:38:56",
        "Msg Received": "16/10/2019 21:38:56",
        "Msg Processed": "16/10/2019 21:38:56",
        "XML ID": "35775",
        "Total Lag": "0.8596171",
        "Create Lag": "0.718978",
        "Process Lag": "0.1406391"
      }
    ]
  },
  {
    "stopID": "49",
    "stopQueryTime": 1571258340995,
    "count": 3,
    "results": [
      {
        "Direction": "Inbound",
        "Destination": "Belgard",
        "Time": "00:05:10",
        "AVLS": "00:05:50",
        "Tram": "3018",
        "Action": "a",
        "Msg Sent": "16/10/2019 21:38:56",
        "Msg Received": "16/10/2019 21:38:56",
        "Msg Processed": "16/10/2019 21:38:56",
        "XML ID": "35775",
        "Total Lag": "0.9377279",
        "Create Lag": "0.718978",
        "Process Lag": "0.2187499"
      },
      {
        "Direction": "Outbound",
        "Destination": "Saggart",
        "Time": "00:02:08",
        "AVLS": "00:02:48",
        "Tram": "3011",
        "Action": "a",
        "Msg Sent": "16/10/2019 21:38:56",
        "Msg Received": "16/10/2019 21:38:56",
        "Msg Processed": "16/10/2019 21:38:56",
        "XML ID": "35775",
        "Total Lag": "0.7814769",
        "Create Lag": "0.718978",
        "Process Lag": "0.0624989"
      },
      {
        "Direction": "Outbound",
        "Destination": "Saggart",
        "Time": "00:11:21",
        "AVLS": "00:12:01",
        "Tram": "3015",
        "Action": "a",
        "Msg Sent": "16/10/2019 21:38:56",
        "Msg Received": "16/10/2019 21:38:56",
        "Msg Processed": "16/10/2019 21:38:56",
        "XML ID": "35775",
        "Total Lag": "0.8752341",
        "Create Lag": "0.718978",
        "Process Lag": "0.1562561"
      }
    ]
  },
  {
    "stopID": "4",
    "stopQueryTime": 1571258341038,
    "count": 5,
    "results": [
      {
        "Direction": "Inbound",
        "Destination": "The Point",
        "Time": "00:13:26",
        "AVLS": "00:14:06",
        "Tram": "3012",
        "Action": "a",
        "Msg Sent": "16/10/2019 21:38:56",
        "Msg Received": "16/10/2019 21:38:56",
        "Msg Processed": "16/10/2019 21:38:56",
        "XML ID": "35775",
        "Total Lag": "0.8283628",
        "Create Lag": "0.718978",
        "Process Lag": "0.1093848"
      },
      {
        "Direction": "Outbound",
        "Destination": "Tallaght",
        "Time": "00:03:51",
        "AVLS": "00:04:31",
        "Tram": "3016",
        "Action": "a",
        "Msg Sent": "16/10/2019 21:38:56",
        "Msg Received": "16/10/2019 21:38:56",
        "Msg Processed": "16/10/2019 21:38:56",
        "XML ID": "35775",
        "Total Lag": "0.8908537",
        "Create Lag": "0.718978",
        "Process Lag": "0.1718757"
      },
      {
        "Direction": "Outbound",
        "Destination": "Saggart",
        "Time": "00:07:54",
        "AVLS": "00:08:34",
        "Tram": "3015",
        "Action": "a",
        "Msg Sent": "16/10/2019 21:38:56",
        "Msg Received": "16/10/2019 21:38:56",
        "Msg Processed": "16/10/2019 21:38:56",
        "XML ID": "35775",
        "Total Lag": "0.8596171",
        "Create Lag": "0.718978",
        "Process Lag": "0.1406391"
      },
      {
        "Direction": "Outbound",
        "Destination": "Tallaght",
        "Time": "00:13:34",
        "AVLS": "00:14:14",
        "Tram": "3014",
        "Action": "a",
        "Msg Sent": "16/10/2019 21:38:56",
        "Msg Received": "16/10/2019 21:38:56",
        "Msg Processed": "16/10/2019 21:38:56",
        "XML ID": "35775",
        "Total Lag": "0.8596171",
        "Create Lag": "0.718978",
        "Process Lag": "0.1406391"
      },
      {
        "Direction": "Outbound",
        "Destination": "Saggart",
        "Time": "00:16:54",
        "AVLS": "00:17:34",
        "Tram": "3018",
        "Action": "a",
        "Msg Sent": "16/10/2019 21:38:56",
        "Msg Received": "16/10/2019 21:38:56",
        "Msg Processed": "16/10/2019 21:38:56",
        "XML ID": "35775",
        "Total Lag": "0.9533616",
        "Create Lag": "0.718978",
        "Process Lag": "0.2343836"
      }
    ]
  },
  {
    "stopID": "42",
    "stopQueryTime": 1571258341052,
    "count": 3,
    "results": [
      {
        "Direction": "Inbound",
        "Destination": "Broombridge",
        "Time": "00:14:04",
        "AVLS": "00:14:44",
        "Tram": "5010",
        "Action": "a",
        "Msg Sent": "16/10/2019 21:38:56",
        "Msg Received": "16/10/2019 21:38:57",
        "Msg Processed": "16/10/2019 21:38:57",
        "XML ID": "35776",
        "Total Lag": "1.3303993",
        "Create Lag": "1.0158592",
        "Process Lag": "0.3145401"
      },
      {
        "Direction": "Outbound",
        "Destination": "Bride's Glen",
        "Time": "00:05:24",
        "AVLS": "00:06:04",
        "Tram": "5003",
        "Action": "a",
        "Msg Sent": "16/10/2019 21:38:56",
        "Msg Received": "16/10/2019 21:38:57",
        "Msg Processed": "16/10/2019 21:38:57",
        "XML ID": "35776",
        "Total Lag": "1.1893347",
        "Create Lag": "1.0158592",
        "Process Lag": "0.1734755"
      },
      {
        "Direction": "Outbound",
        "Destination": "Bride's Glen",
        "Time": "00:13:36",
        "AVLS": "00:14:16",
        "Tram": "5030",
        "Action": "a",
        "Msg Sent": "16/10/2019 21:38:59",
        "Msg Received": "16/10/2019 21:38:59",
        "Msg Processed": "16/10/2019 21:38:59",
        "XML ID": "35777",
        "Total Lag": "0.6434006",
        "Create Lag": "0.5027603",
        "Process Lag": "0.1406403"
      }
    ]
  },
  {
    "stopID": "35",
    "stopQueryTime": 1571258341060,
    "count": 4,
    "results": [
      {
        "Direction": "Inbound",
        "Destination": "Broombridge",
        "Time": "00:09:36",
        "AVLS": "00:10:16",
        "Tram": "5013",
        "Action": "a",
        "Msg Sent": "16/10/2019 21:38:56",
        "Msg Received": "16/10/2019 21:38:57",
        "Msg Processed": "16/10/2019 21:38:57",
        "XML ID": "35776",
        "Total Lag": "1.39339",
        "Create Lag": "1.0158592",
        "Process Lag": "0.3775308"
      },
      {
        "Direction": "Outbound",
        "Destination": "Bride's Glen",
        "Time": "00:02:53",
        "AVLS": "00:03:33",
        "Tram": "5030",
        "Action": "a",
        "Msg Sent": "16/10/2019 21:38:59",
        "Msg Received": "16/10/2019 21:38:59",
        "Msg Processed": "16/10/2019 21:38:59",
        "XML ID": "35777",
        "Total Lag": "0.612142",
        "Create Lag": "0.5027603",
        "Process Lag": "0.1093817"
      },
      {
        "Direction": "Outbound",
        "Destination": "Sandyford",
        "Time": "00:10:51",
        "AVLS": "00:11:31",
        "Tram": "5006",
        "Action": "a",
        "Msg Sent": "16/10/2019 21:38:56",
        "Msg Received": "16/10/2019 21:38:57",
        "Msg Processed": "16/10/2019 21:38:57",
        "XML ID": "35776",
        "Total Lag": "1.2517387",
        "Create Lag": "1.0158592",
        "Process Lag": "0.2358795"
      },
      {
        "Direction": "Outbound",
        "Destination": "Sandyford",
        "Time": "00:13:59",
        "AVLS": "00:14:39",
        "Tram": "5027",
        "Action": "a",
        "Msg Sent": "16/10/2019 21:38:59",
        "Msg Received": "16/10/2019 21:38:59",
        "Msg Processed": "16/10/2019 21:38:59",
        "XML ID": "35777",
        "Total Lag": "0.5496475",
        "Create Lag": "0.5027603",
        "Process Lag": "0.0468872"
      }
    ]
  },
  {
    "stopID": "11",
    "stopQueryTime": 1571258341069,
    "count": 3,
    "results": [
      {
        "Direction": "Inbound",
        "Destination": "The Point",
        "Time": "00:13:56",
        "AVLS": "00:14:36",
        "Tram": "3025",
        "Action": "a",
        "Msg Sent": "16/10/2019 21:38:56",
        "Msg Received": "16/10/2019 21:38:56",
        "Msg Processed": "16/10/2019 21:38:56",
        "XML ID": "35775",
        "Total Lag": "0.9846004",
        "Create Lag": "0.718978",
        "Process Lag": "0.2656224"
      },
      {
        "Direction": "Outbound",
        "Destination": "Tallaght",
        "Time": "00:07:47",
        "AVLS": "00:08:27",
        "Tram": "3017",
        "Action": "a",
        "Msg Sent": "16/10/2019 21:38:56",
        "Msg Received": "16/10/2019 21:38:56",
        "Msg Processed": "16/10/2019 21:38:56",
        "XML ID": "35775",
        "Total Lag": "0.9064777",
        "Create Lag": "0.718978",
        "Process Lag": "0.1874997"
      },
      {
        "Direction": "Outbound",
        "Destination": "Tallaght",
        "Time": "00:18:13",
        "AVLS": "00:18:53",
        "Tram": "4009",
        "Action": "a",
        "Msg Sent": "16/10/2019 21:38:56",
        "Msg Received": "16/10/2019 21:38:57",
        "Msg Processed": "16/10/2019 21:38:57",
        "XML ID": "35776",
        "Total Lag": "1.111225",
        "Create Lag": "1.0158592",
        "Process Lag": "0.0953658"
      }
    ]
  },
  {
    "stopID": "43",
    "stopQueryTime": 1571258341071,
    "count": 3,
    "results": [
      {
        "Direction": "Inbound",
        "Destination": "Broombridge",
        "Time": "00:12:28",
        "AVLS": "00:13:08",
        "Tram": "5010",
        "Action": "a",
        "Msg Sent": "16/10/2019 21:38:56",
        "Msg Received": "16/10/2019 21:38:57",
        "Msg Processed": "16/10/2019 21:38:57",
        "XML ID": "35776",
        "Total Lag": "1.3303993",
        "Create Lag": "1.0158592",
        "Process Lag": "0.3145401"
      },
      {
        "Direction": "Outbound",
        "Destination": "Bride's Glen",
        "Time": "00:06:57",
        "AVLS": "00:07:37",
        "Tram": "5003",
        "Action": "a",
        "Msg Sent": "16/10/2019 21:38:56",
        "Msg Received": "16/10/2019 21:38:57",
        "Msg Processed": "16/10/2019 21:38:57",
        "XML ID": "35776",
        "Total Lag": "1.1893347",
        "Create Lag": "1.0158592",
        "Process Lag": "0.1734755"
      },
      {
        "Direction": "Outbound",
        "Destination": "Bride's Glen",
        "Time": "00:15:09",
        "AVLS": "00:15:49",
        "Tram": "5030",
        "Action": "a",
        "Msg Sent": "16/10/2019 21:38:59",
        "Msg Received": "16/10/2019 21:38:59",
        "Msg Processed": "16/10/2019 21:38:59",
        "XML ID": "35777",
        "Total Lag": "0.6434006",
        "Create Lag": "0.5027603",
        "Process Lag": "0.1406403"
      }
    ]
  },
  {
    "stopID": "38",
    "stopQueryTime": 1571258341075,
    "count": 3,
    "results": [
      {
        "Direction": "Inbound",
        "Destination": "Broombridge",
        "Time": "00:04:07",
        "AVLS": "00:04:47",
        "Tram": "5013",
        "Action": "a",
        "Msg Sent": "16/10/2019 21:38:56",
        "Msg Received": "16/10/2019 21:38:57",
        "Msg Processed": "16/10/2019 21:38:57",
        "XML ID": "35776",
        "Total Lag": "1.3777959",
        "Create Lag": "1.0158592",
        "Process Lag": "0.3619367"
      },
      {
        "Direction": "Outbound",
        "Destination": "Bride's Glen",
        "Time": "00:00:03",
        "AVLS": "00:00:43",
        "Tram": "5003",
        "Action": "a",
        "Msg Sent": "16/10/2019 21:38:56",
        "Msg Received": "16/10/2019 21:38:57",
        "Msg Processed": "16/10/2019 21:38:57",
        "XML ID": "35776",
        "Total Lag": "1.1730993",
        "Create Lag": "1.0158592",
        "Process Lag": "0.1572401"
      },
      {
        "Direction": "Outbound",
        "Destination": "Bride's Glen",
        "Time": "00:08:15",
        "AVLS": "00:08:55",
        "Tram": "5030",
        "Action": "a",
        "Msg Sent": "16/10/2019 21:38:59",
        "Msg Received": "16/10/2019 21:38:59",
        "Msg Processed": "16/10/2019 21:38:59",
        "XML ID": "35777",
        "Total Lag": "0.6278121",
        "Create Lag": "0.5027603",
        "Process Lag": "0.1250518"
      }
    ]
  },
  {
    "stopID": "18",
    "stopQueryTime": 1571258341077,
    "count": 3,
    "results": [
      {
        "Direction": "Inbound",
        "Destination": "The Point",
        "Time": "00:10:05",
        "AVLS": "00:10:45",
        "Tram": "3002",
        "Action": "a",
        "Msg Sent": "16/10/2019 21:38:56",
        "Msg Received": "16/10/2019 21:38:56",
        "Msg Processed": "16/10/2019 21:38:56",
        "XML ID": "35775",
        "Total Lag": "0.7346019",
        "Create Lag": "0.718978",
        "Process Lag": "0.0156239"
      },
      {
        "Direction": "Outbound",
        "Destination": "Tallaght",
        "Time": "00:05:05",
        "AVLS": "00:05:45",
        "Tram": "4009",
        "Action": "a",
        "Msg Sent": "16/10/2019 21:38:56",
        "Msg Received": "16/10/2019 21:38:56",
        "Msg Processed": "16/10/2019 21:38:57",
        "XML ID": "35775",
        "Total Lag": "1.0631005",
        "Create Lag": "0.718978",
        "Process Lag": "0.3441225"
      },
      {
        "Direction": "Outbound",
        "Destination": "Tallaght",
        "Time": "00:18:12",
        "AVLS": "00:18:52",
        "Tram": "3009",
        "Action": "a",
        "Msg Sent": "16/10/2019 21:38:56",
        "Msg Received": "16/10/2019 21:38:56",
        "Msg Processed": "16/10/2019 21:38:56",
        "XML ID": "35775",
        "Total Lag": "0.7814769",
        "Create Lag": "0.718978",
        "Process Lag": "0.0624989"
      }
    ]
  },
  {
    "stopID": "19",
    "stopQueryTime": 1571258341082,
    "count": 3,
    "results": [
      {
        "Direction": "Inbound",
        "Destination": "The Point",
        "Time": "00:11:29",
        "AVLS": "00:12:09",
        "Tram": "3002",
        "Action": "a",
        "Msg Sent": "16/10/2019 21:38:56",
        "Msg Received": "16/10/2019 21:38:56",
        "Msg Processed": "16/10/2019 21:38:56",
        "XML ID": "35775",
        "Total Lag": "0.7346019",
        "Create Lag": "0.718978",
        "Process Lag": "0.0156239"
      },
      {
        "Direction": "Outbound",
        "Destination": "Tallaght",
        "Time": "00:03:53",
        "AVLS": "00:04:33",
        "Tram": "4009",
        "Action": "a",
        "Msg Sent": "16/10/2019 21:38:56",
        "Msg Received": "16/10/2019 21:38:56",
        "Msg Processed": "16/10/2019 21:38:57",
        "XML ID": "35775",
        "Total Lag": "1.0631005",
        "Create Lag": "0.718978",
        "Process Lag": "0.3441225"
      },
      {
        "Direction": "Outbound",
        "Destination": "Tallaght",
        "Time": "00:17:00",
        "AVLS": "00:17:40",
        "Tram": "3009",
        "Action": "a",
        "Msg Sent": "16/10/2019 21:38:56",
        "Msg Received": "16/10/2019 21:38:56",
        "Msg Processed": "16/10/2019 21:38:56",
        "XML ID": "35775",
        "Total Lag": "0.7814769",
        "Create Lag": "0.718978",
        "Process Lag": "0.0624989"
      }
    ]
  },
  {
    "stopID": "39",
    "stopQueryTime": 1571258341087,
    "count": 4,
    "results": [
      {
        "Direction": "Inbound",
        "Destination": "Broombridge",
        "Time": "00:02:22",
        "AVLS": "00:03:02",
        "Tram": "5013",
        "Action": "a",
        "Msg Sent": "16/10/2019 21:38:56",
        "Msg Received": "16/10/2019 21:38:57",
        "Msg Processed": "16/10/2019 21:38:57",
        "XML ID": "35776",
        "Total Lag": "1.3777959",
        "Create Lag": "1.0158592",
        "Process Lag": "0.3619367"
      },
      {
        "Direction": "Inbound",
        "Destination": "Broombridge",
        "Time": "00:17:45",
        "AVLS": "00:18:25",
        "Tram": "5010",
        "Action": "a",
        "Msg Sent": "16/10/2019 21:38:56",
        "Msg Received": "16/10/2019 21:38:57",
        "Msg Processed": "16/10/2019 21:38:57",
        "XML ID": "35776",
        "Total Lag": "1.3477465",
        "Create Lag": "1.0158592",
        "Process Lag": "0.3318873"
      },
      {
        "Direction": "Outbound",
        "Destination": "Bride's Glen",
        "Time": "00:01:48",
        "AVLS": "00:02:28",
        "Tram": "5003",
        "Action": "a",
        "Msg Sent": "16/10/2019 21:38:56",
        "Msg Received": "16/10/2019 21:38:57",
        "Msg Processed": "16/10/2019 21:38:57",
        "XML ID": "35776",
        "Total Lag": "1.1730993",
        "Create Lag": "1.0158592",
        "Process Lag": "0.1572401"
      },
      {
        "Direction": "Outbound",
        "Destination": "Bride's Glen",
        "Time": "00:10:00",
        "AVLS": "00:10:40",
        "Tram": "5030",
        "Action": "a",
        "Msg Sent": "16/10/2019 21:38:59",
        "Msg Received": "16/10/2019 21:38:59",
        "Msg Processed": "16/10/2019 21:38:59",
        "XML ID": "35777",
        "Total Lag": "0.6434006",
        "Create Lag": "0.5027603",
        "Process Lag": "0.1406403"
      }
    ]
  },
  {
    "stopID": "53",
    "stopQueryTime": 1571258341092,
    "count": 3,
    "results": [
      {
        "Direction": "Inbound",
        "Destination": "Belgard",
        "Time": "00:13:11",
        "AVLS": "00:13:51",
        "Tram": "3011",
        "Action": "d",
        "Msg Sent": "16/10/2019 21:38:56",
        "Msg Received": "16/10/2019 21:38:56",
        "Msg Processed": "16/10/2019 21:38:56",
        "XML ID": "35775",
        "Total Lag": "0.7971026",
        "Create Lag": "0.718978",
        "Process Lag": "0.0781246"
      },
      {
        "Direction": "Terminating",
        "Destination": "Saggart",
        "Time": "00:09:11",
        "AVLS": "00:09:51",
        "Tram": "3011",
        "Action": "a",
        "Msg Sent": "16/10/2019 21:38:56",
        "Msg Received": "16/10/2019 21:38:56",
        "Msg Processed": "16/10/2019 21:38:56",
        "XML ID": "35775",
        "Total Lag": "0.7971026",
        "Create Lag": "0.718978",
        "Process Lag": "0.0781246"
      },
      {
        "Direction": "Terminating",
        "Destination": "Saggart",
        "Time": "00:18:24",
        "AVLS": "00:19:04",
        "Tram": "3015",
        "Action": "a",
        "Msg Sent": "16/10/2019 21:38:56",
        "Msg Received": "16/10/2019 21:38:56",
        "Msg Processed": "16/10/2019 21:38:56",
        "XML ID": "35775",
        "Total Lag": "0.8908537",
        "Create Lag": "0.718978",
        "Process Lag": "0.1718757"
      }
    ]
  },
  {
    "stopID": "27",
    "stopQueryTime": 1571258341102,
    "count": 5,
    "results": [
      {
        "Direction": "Inbound",
        "Destination": "Broombridge",
        "Time": "00:01:51",
        "AVLS": "00:02:31",
        "Tram": "5015",
        "Action": "a",
        "Msg Sent": "16/10/2019 21:38:59",
        "Msg Received": "16/10/2019 21:38:59",
        "Msg Processed": "16/10/2019 21:38:59",
        "XML ID": "35777",
        "Total Lag": "0.6746421",
        "Create Lag": "0.5027603",
        "Process Lag": "0.1718818"
      },
      {
        "Direction": "Inbound",
        "Destination": "Broombridge",
        "Time": "00:07:38",
        "AVLS": "00:08:18",
        "Tram": "5008",
        "Action": "a",
        "Msg Sent": "16/10/2019 21:38:56",
        "Msg Received": "16/10/2019 21:38:57",
        "Msg Processed": "16/10/2019 21:38:57",
        "XML ID": "35776",
        "Total Lag": "1.2834926",
        "Create Lag": "1.0158592",
        "Process Lag": "0.2676334"
      },
      {
        "Direction": "Outbound",
        "Destination": "Sandyford",
        "Time": "00:00:26",
        "AVLS": "00:01:06",
        "Tram": "5027",
        "Action": "a",
        "Msg Sent": "16/10/2019 21:38:59",
        "Msg Received": "16/10/2019 21:38:59",
        "Msg Processed": "16/10/2019 21:38:59",
        "XML ID": "35777",
        "Total Lag": "0.518398",
        "Create Lag": "0.5027603",
        "Process Lag": "0.0156377"
      },
      {
        "Direction": "Outbound",
        "Destination": "Bride's Glen",
        "Time": "00:06:35",
        "AVLS": "00:07:15",
        "Tram": "5002",
        "Action": "a",
        "Msg Sent": "16/10/2019 21:38:56",
        "Msg Received": "16/10/2019 21:38:57",
        "Msg Processed": "16/10/2019 21:38:57",
        "XML ID": "35776",
        "Total Lag": "1.1418526",
        "Create Lag": "1.0158592",
        "Process Lag": "0.1259934"
      },
      {
        "Direction": "Outbound",
        "Destination": "Sandyford",
        "Time": "00:13:15",
        "AVLS": "00:13:55",
        "Tram": "5023",
        "Action": "a",
        "Msg Sent": "16/10/2019 21:38:59",
        "Msg Received": "16/10/2019 21:38:59",
        "Msg Processed": "16/10/2019 21:38:59",
        "XML ID": "35777",
        "Total Lag": "0.5027603",
        "Create Lag": "0.5027603",
        "Process Lag": "0"
      }
    ]
  },
  {
    "stopID": "54",
    "stopQueryTime": 1571258341104,
    "count": 3,
    "results": [
      {
        "Direction": "Inbound",
        "Destination": "The Point",
        "Time": "00:08:05",
        "AVLS": "00:08:45",
        "Tram": "4002",
        "Action": "a",
        "Msg Sent": "16/10/2019 21:38:56",
        "Msg Received": "16/10/2019 21:38:56",
        "Msg Processed": "16/10/2019 21:38:57",
        "XML ID": "35775",
        "Total Lag": "1.0158592",
        "Create Lag": "0.718978",
        "Process Lag": "0.2968812"
      },
      {
        "Direction": "Outbound",
        "Destination": "Tallaght",
        "Time": "00:07:00",
        "AVLS": "00:07:40",
        "Tram": "3009",
        "Action": "a",
        "Msg Sent": "16/10/2019 21:38:56",
        "Msg Received": "16/10/2019 21:38:56",
        "Msg Processed": "16/10/2019 21:38:56",
        "XML ID": "35775",
        "Total Lag": "0.765855",
        "Create Lag": "0.718978",
        "Process Lag": "0.046877"
      },
      {
        "Direction": "Outbound",
        "Destination": "Tallaght",
        "Time": "00:19:00",
        "AVLS": "00:19:40",
        "Tram": "4006",
        "Action": "a",
        "Msg Sent": "16/10/2019 21:38:56",
        "Msg Received": "16/10/2019 21:38:56",
        "Msg Processed": "16/10/2019 21:38:57",
        "XML ID": "35775",
        "Total Lag": "1.0474665",
        "Create Lag": "0.718978",
        "Process Lag": "0.3284885"
      }
    ]
  },
  {
    "stopID": "21",
    "stopQueryTime": 1571258341107,
    "count": 4,
    "results": [
      {
        "Direction": "Inbound",
        "Destination": "The Point",
        "Time": "00:03:07",
        "AVLS": "00:03:47",
        "Tram": "4002",
        "Action": "a",
        "Msg Sent": "16/10/2019 21:38:56",
        "Msg Received": "16/10/2019 21:38:56",
        "Msg Processed": "16/10/2019 21:38:57",
        "XML ID": "35775",
        "Total Lag": "1.0158592",
        "Create Lag": "0.718978",
        "Process Lag": "0.2968812"
      },
      {
        "Direction": "Inbound",
        "Destination": "The Point",
        "Time": "00:16:25",
        "AVLS": "00:17:05",
        "Tram": "3002",
        "Action": "a",
        "Msg Sent": "16/10/2019 21:38:56",
        "Msg Received": "16/10/2019 21:38:56",
        "Msg Processed": "16/10/2019 21:38:56",
        "XML ID": "35775",
        "Total Lag": "0.7502254",
        "Create Lag": "0.718978",
        "Process Lag": "0.0312474"
      },
      {
        "Direction": "Outbound",
        "Destination": "Tallaght",
        "Time": "00:00:00",
        "AVLS": "00:00:00",
        "Tram": "4009",
        "Action": "a",
        "Msg Sent": "16/10/2019 21:38:55",
        "Msg Received": "16/10/2019 21:38:55",
        "Msg Processed": "16/10/2019 21:38:55",
        "XML ID": "35774",
        "Total Lag": "0.5783651",
        "Create Lag": "0.5598772",
        "Process Lag": "0.0184879"
      },
      {
        "Direction": "Outbound",
        "Destination": "Tallaght",
        "Time": "00:12:24",
        "AVLS": "00:13:04",
        "Tram": "3009",
        "Action": "a",
        "Msg Sent": "16/10/2019 21:38:56",
        "Msg Received": "16/10/2019 21:38:56",
        "Msg Processed": "16/10/2019 21:38:56",
        "XML ID": "35775",
        "Total Lag": "0.765855",
        "Create Lag": "0.718978",
        "Process Lag": "0.046877"
      }
    ]
  },
  {
    "stopID": "15",
    "stopQueryTime": 1571258341116,
    "count": 4,
    "results": [
      {
        "Direction": "Inbound",
        "Destination": "The Point",
        "Time": "00:02:50",
        "AVLS": "00:03:30",
        "Tram": "3002",
        "Action": "a",
        "Msg Sent": "16/10/2019 21:38:56",
        "Msg Received": "16/10/2019 21:38:56",
        "Msg Processed": "16/10/2019 21:38:56",
        "XML ID": "35775",
        "Total Lag": "0.7346019",
        "Create Lag": "0.718978",
        "Process Lag": "0.0156239"
      },
      {
        "Direction": "Inbound",
        "Destination": "The Point",
        "Time": "00:19:16",
        "AVLS": "00:19:56",
        "Tram": "3025",
        "Action": "a",
        "Msg Sent": "16/10/2019 21:38:56",
        "Msg Received": "16/10/2019 21:38:56",
        "Msg Processed": "16/10/2019 21:38:57",
        "XML ID": "35775",
        "Total Lag": "1.0002351",
        "Create Lag": "0.718978",
        "Process Lag": "0.2812571"
      },
      {
        "Direction": "Outbound",
        "Destination": "Tallaght",
        "Time": "00:02:02",
        "AVLS": "00:02:42",
        "Tram": "3017",
        "Action": "a",
        "Msg Sent": "16/10/2019 21:38:56",
        "Msg Received": "16/10/2019 21:38:56",
        "Msg Processed": "16/10/2019 21:38:56",
        "XML ID": "35775",
        "Total Lag": "0.9064777",
        "Create Lag": "0.718978",
        "Process Lag": "0.1874997"
      },
      {
        "Direction": "Outbound",
        "Destination": "Tallaght",
        "Time": "00:12:28",
        "AVLS": "00:13:08",
        "Tram": "4009",
        "Action": "a",
        "Msg Sent": "16/10/2019 21:38:56",
        "Msg Received": "16/10/2019 21:38:56",
        "Msg Processed": "16/10/2019 21:38:57",
        "XML ID": "35775",
        "Total Lag": "1.0943496",
        "Create Lag": "0.718978",
        "Process Lag": "0.3753716"
      }
    ]
  },
  {
    "stopID": "5",
    "stopQueryTime": 1571258341118,
    "count": 4,
    "results": [
      {
        "Direction": "Inbound",
        "Destination": "The Point",
        "Time": "00:00:44",
        "AVLS": "00:01:24",
        "Tram": "3025",
        "Action": "a",
        "Msg Sent": "16/10/2019 21:38:56",
        "Msg Received": "16/10/2019 21:38:56",
        "Msg Processed": "16/10/2019 21:38:56",
        "XML ID": "35775",
        "Total Lag": "0.9533616",
        "Create Lag": "0.718978",
        "Process Lag": "0.2343836"
      },
      {
        "Direction": "Inbound",
        "Destination": "The Point",
        "Time": "00:15:19",
        "AVLS": "00:15:59",
        "Tram": "3012",
        "Action": "a",
        "Msg Sent": "16/10/2019 21:38:56",
        "Msg Received": "16/10/2019 21:38:56",
        "Msg Processed": "16/10/2019 21:38:56",
        "XML ID": "35775",
        "Total Lag": "0.8283628",
        "Create Lag": "0.718978",
        "Process Lag": "0.1093848"
      },
      {
        "Direction": "Outbound",
        "Destination": "Tallaght",
        "Time": "00:02:06",
        "AVLS": "00:02:46",
        "Tram": "3016",
        "Action": "a",
        "Msg Sent": "16/10/2019 21:38:56",
        "Msg Received": "16/10/2019 21:38:56",
        "Msg Processed": "16/10/2019 21:38:56",
        "XML ID": "35775",
        "Total Lag": "0.8908537",
        "Create Lag": "0.718978",
        "Process Lag": "0.1718757"
      },
      {
        "Direction": "Outbound",
        "Destination": "Tallaght",
        "Time": "00:11:49",
        "AVLS": "00:12:29",
        "Tram": "3014",
        "Action": "a",
        "Msg Sent": "16/10/2019 21:38:56",
        "Msg Received": "16/10/2019 21:38:56",
        "Msg Processed": "16/10/2019 21:38:56",
        "XML ID": "35775",
        "Total Lag": "0.8596171",
        "Create Lag": "0.718978",
        "Process Lag": "0.1406391"
      }
    ]
  },
  {
    "stopID": "31",
    "stopQueryTime": 1571258341122,
    "count": 5,
    "results": [
      {
        "Direction": "Inbound",
        "Destination": "Broombridge",
        "Time": "00:01:06",
        "AVLS": "00:01:46",
        "Tram": "5008",
        "Action": "a",
        "Msg Sent": "16/10/2019 21:38:56",
        "Msg Received": "16/10/2019 21:38:57",
        "Msg Processed": "16/10/2019 21:38:57",
        "XML ID": "35776",
        "Total Lag": "1.2688006",
        "Create Lag": "1.0158592",
        "Process Lag": "0.2529414"
      },
      {
        "Direction": "Inbound",
        "Destination": "Broombridge",
        "Time": "00:17:00",
        "AVLS": "00:17:40",
        "Tram": "5013",
        "Action": "a",
        "Msg Sent": "16/10/2019 21:38:56",
        "Msg Received": "16/10/2019 21:38:57",
        "Msg Processed": "16/10/2019 21:38:57",
        "XML ID": "35776",
        "Total Lag": "1.4090161",
        "Create Lag": "1.0158592",
        "Process Lag": "0.3931569"
      },
      {
        "Direction": "Outbound",
        "Destination": "Sandyford",
        "Time": "00:04:14",
        "AVLS": "00:04:54",
        "Tram": "5006",
        "Action": "a",
        "Msg Sent": "16/10/2019 21:38:56",
        "Msg Received": "16/10/2019 21:38:57",
        "Msg Processed": "16/10/2019 21:38:57",
        "XML ID": "35776",
        "Total Lag": "1.2361148",
        "Create Lag": "1.0158592",
        "Process Lag": "0.2202556"
      },
      {
        "Direction": "Outbound",
        "Destination": "Sandyford",
        "Time": "00:07:22",
        "AVLS": "00:08:02",
        "Tram": "5027",
        "Action": "a",
        "Msg Sent": "16/10/2019 21:38:59",
        "Msg Received": "16/10/2019 21:38:59",
        "Msg Processed": "16/10/2019 21:38:59",
        "XML ID": "35777",
        "Total Lag": "0.5340204",
        "Create Lag": "0.5027603",
        "Process Lag": "0.0312601"
      },
      {
        "Direction": "Outbound",
        "Destination": "Bride's Glen",
        "Time": "00:13:31",
        "AVLS": "00:14:11",
        "Tram": "5002",
        "Action": "a",
        "Msg Sent": "16/10/2019 21:38:56",
        "Msg Received": "16/10/2019 21:38:57",
        "Msg Processed": "16/10/2019 21:38:57",
        "XML ID": "35776",
        "Total Lag": "1.1574871",
        "Create Lag": "1.0158592",
        "Process Lag": "0.1416279"
      }
    ]
  },
  {
    "stopID": "40",
    "stopQueryTime": 1571258341129,
    "count": 4,
    "results": [
      {
        "Direction": "Inbound",
        "Destination": "Broombridge",
        "Time": "00:00:52",
        "AVLS": "00:01:32",
        "Tram": "5013",
        "Action": "a",
        "Msg Sent": "16/10/2019 21:38:56",
        "Msg Received": "16/10/2019 21:38:57",
        "Msg Processed": "16/10/2019 21:38:57",
        "XML ID": "35776",
        "Total Lag": "1.3777959",
        "Create Lag": "1.0158592",
        "Process Lag": "0.3619367"
      },
      {
        "Direction": "Inbound",
        "Destination": "Broombridge",
        "Time": "00:16:15",
        "AVLS": "00:16:55",
        "Tram": "5010",
        "Action": "a",
        "Msg Sent": "16/10/2019 21:38:56",
        "Msg Received": "16/10/2019 21:38:57",
        "Msg Processed": "16/10/2019 21:38:57",
        "XML ID": "35776",
        "Total Lag": "1.3303993",
        "Create Lag": "1.0158592",
        "Process Lag": "0.3145401"
      },
      {
        "Direction": "Outbound",
        "Destination": "Bride's Glen",
        "Time": "00:03:16",
        "AVLS": "00:03:56",
        "Tram": "5003",
        "Action": "a",
        "Msg Sent": "16/10/2019 21:38:56",
        "Msg Received": "16/10/2019 21:38:57",
        "Msg Processed": "16/10/2019 21:38:57",
        "XML ID": "35776",
        "Total Lag": "1.1893347",
        "Create Lag": "1.0158592",
        "Process Lag": "0.1734755"
      },
      {
        "Direction": "Outbound",
        "Destination": "Bride's Glen",
        "Time": "00:11:28",
        "AVLS": "00:12:08",
        "Tram": "5030",
        "Action": "a",
        "Msg Sent": "16/10/2019 21:38:59",
        "Msg Received": "16/10/2019 21:38:59",
        "Msg Processed": "16/10/2019 21:38:59",
        "XML ID": "35777",
        "Total Lag": "0.6434006",
        "Create Lag": "0.5027603",
        "Process Lag": "0.1406403"
      }
    ]
  },
  {
    "stopID": "20",
    "stopQueryTime": 1571258341131,
    "count": 4,
    "results": [
      {
        "Direction": "Inbound",
        "Destination": "The Point",
        "Time": "00:00:21",
        "AVLS": "00:01:01",
        "Tram": "4002",
        "Action": "a",
        "Msg Sent": "16/10/2019 21:38:56",
        "Msg Received": "16/10/2019 21:38:56",
        "Msg Processed": "16/10/2019 21:38:57",
        "XML ID": "35775",
        "Total Lag": "1.0002351",
        "Create Lag": "0.718978",
        "Process Lag": "0.2812571"
      },
      {
        "Direction": "Inbound",
        "Destination": "The Point",
        "Time": "00:13:39",
        "AVLS": "00:14:19",
        "Tram": "3002",
        "Action": "a",
        "Msg Sent": "16/10/2019 21:38:56",
        "Msg Received": "16/10/2019 21:38:56",
        "Msg Processed": "16/10/2019 21:38:56",
        "XML ID": "35775",
        "Total Lag": "0.7502254",
        "Create Lag": "0.718978",
        "Process Lag": "0.0312474"
      },
      {
        "Direction": "Outbound",
        "Destination": "Tallaght",
        "Time": "00:01:44",
        "AVLS": "00:02:24",
        "Tram": "4009",
        "Action": "a",
        "Msg Sent": "16/10/2019 21:38:56",
        "Msg Received": "16/10/2019 21:38:56",
        "Msg Processed": "16/10/2019 21:38:57",
        "XML ID": "35775",
        "Total Lag": "1.0631005",
        "Create Lag": "0.718978",
        "Process Lag": "0.3441225"
      },
      {
        "Direction": "Outbound",
        "Destination": "Tallaght",
        "Time": "00:14:51",
        "AVLS": "00:15:31",
        "Tram": "3009",
        "Action": "a",
        "Msg Sent": "16/10/2019 21:38:56",
        "Msg Received": "16/10/2019 21:38:56",
        "Msg Processed": "16/10/2019 21:38:56",
        "XML ID": "35775",
        "Total Lag": "0.765855",
        "Create Lag": "0.718978",
        "Process Lag": "0.046877"
      }
    ]
  },
  {
    "stopID": "33",
    "stopQueryTime": 1571258341134,
    "count": 5,
    "results": [
      {
        "Direction": "Inbound",
        "Destination": "Broombridge",
        "Time": "00:13:19",
        "AVLS": "00:13:59",
        "Tram": "5013",
        "Action": "a",
        "Msg Sent": "16/10/2019 21:38:56",
        "Msg Received": "16/10/2019 21:38:57",
        "Msg Processed": "16/10/2019 21:38:57",
        "XML ID": "35776",
        "Total Lag": "1.4090161",
        "Create Lag": "1.0158592",
        "Process Lag": "0.3931569"
      },
      {
        "Direction": "Outbound",
        "Destination": "Bride's Glen",
        "Time": "00:00:00",
        "AVLS": "00:00:20",
        "Tram": "5030",
        "Action": "a",
        "Msg Sent": "16/10/2019 21:38:59",
        "Msg Received": "16/10/2019 21:38:59",
        "Msg Processed": "16/10/2019 21:38:59",
        "XML ID": "35777",
        "Total Lag": "0.612142",
        "Create Lag": "0.5027603",
        "Process Lag": "0.1093817"
      },
      {
        "Direction": "Outbound",
        "Destination": "Sandyford",
        "Time": "00:07:38",
        "AVLS": "00:08:18",
        "Tram": "5006",
        "Action": "a",
        "Msg Sent": "16/10/2019 21:38:56",
        "Msg Received": "16/10/2019 21:38:57",
        "Msg Processed": "16/10/2019 21:38:57",
        "XML ID": "35776",
        "Total Lag": "1.2517387",
        "Create Lag": "1.0158592",
        "Process Lag": "0.2358795"
      },
      {
        "Direction": "Outbound",
        "Destination": "Sandyford",
        "Time": "00:10:46",
        "AVLS": "00:11:26",
        "Tram": "5027",
        "Action": "a",
        "Msg Sent": "16/10/2019 21:38:59",
        "Msg Received": "16/10/2019 21:38:59",
        "Msg Processed": "16/10/2019 21:38:59",
        "XML ID": "35777",
        "Total Lag": "0.5340204",
        "Create Lag": "0.5027603",
        "Process Lag": "0.0312601"
      },
      {
        "Direction": "Outbound",
        "Destination": "Bride's Glen",
        "Time": "00:16:55",
        "AVLS": "00:17:35",
        "Tram": "5002",
        "Action": "a",
        "Msg Sent": "16/10/2019 21:38:56",
        "Msg Received": "16/10/2019 21:38:57",
        "Msg Processed": "16/10/2019 21:38:57",
        "XML ID": "35776",
        "Total Lag": "1.1730993",
        "Create Lag": "1.0158592",
        "Process Lag": "0.1572401"
      }
    ]
  },
  {
    "stopID": "50",
    "stopQueryTime": 1571258341137,
    "count": 4,
    "results": [
      {
        "Direction": "Inbound",
        "Destination": "Belgard",
        "Time": "00:03:22",
        "AVLS": "00:04:02",
        "Tram": "3018",
        "Action": "a",
        "Msg Sent": "16/10/2019 21:38:56",
        "Msg Received": "16/10/2019 21:38:56",
        "Msg Processed": "16/10/2019 21:38:56",
        "XML ID": "35775",
        "Total Lag": "0.9377279",
        "Create Lag": "0.718978",
        "Process Lag": "0.2187499"
      },
      {
        "Direction": "Inbound",
        "Destination": "Belgard",
        "Time": "00:18:29",
        "AVLS": "00:19:09",
        "Tram": "3011",
        "Action": "a",
        "Msg Sent": "16/10/2019 21:38:56",
        "Msg Received": "16/10/2019 21:38:56",
        "Msg Processed": "16/10/2019 21:38:56",
        "XML ID": "35775",
        "Total Lag": "0.8127275",
        "Create Lag": "0.718978",
        "Process Lag": "0.0937495"
      },
      {
        "Direction": "Outbound",
        "Destination": "Saggart",
        "Time": "00:03:54",
        "AVLS": "00:04:34",
        "Tram": "3011",
        "Action": "a",
        "Msg Sent": "16/10/2019 21:38:56",
        "Msg Received": "16/10/2019 21:38:56",
        "Msg Processed": "16/10/2019 21:38:56",
        "XML ID": "35775",
        "Total Lag": "0.7814769",
        "Create Lag": "0.718978",
        "Process Lag": "0.0624989"
      },
      {
        "Direction": "Outbound",
        "Destination": "Saggart",
        "Time": "00:13:07",
        "AVLS": "00:13:47",
        "Tram": "3015",
        "Action": "a",
        "Msg Sent": "16/10/2019 21:38:56",
        "Msg Received": "16/10/2019 21:38:56",
        "Msg Processed": "16/10/2019 21:38:56",
        "XML ID": "35775",
        "Total Lag": "0.8752341",
        "Create Lag": "0.718978",
        "Process Lag": "0.1562561"
      }
    ]
  },
  {
    "stopID": "2",
    "stopQueryTime": 1571258341140,
    "count": 4,
    "results": [
      {
        "Direction": "Inbound",
        "Destination": "The Point",
        "Time": "00:08:40",
        "AVLS": "00:09:20",
        "Tram": "3012",
        "Action": "a",
        "Msg Sent": "16/10/2019 21:38:56",
        "Msg Received": "16/10/2019 21:38:56",
        "Msg Processed": "16/10/2019 21:38:56",
        "XML ID": "35775",
        "Total Lag": "0.8283628",
        "Create Lag": "0.718978",
        "Process Lag": "0.1093848"
      },
      {
        "Direction": "Outbound",
        "Destination": "Tallaght",
        "Time": "00:01:20",
        "AVLS": "00:02:00",
        "Tram": "3012",
        "Action": "a",
        "Msg Sent": "16/10/2019 21:38:56",
        "Msg Received": "16/10/2019 21:38:56",
        "Msg Processed": "16/10/2019 21:38:56",
        "XML ID": "35775",
        "Total Lag": "0.8127275",
        "Create Lag": "0.718978",
        "Process Lag": "0.0937495"
      },
      {
        "Direction": "Outbound",
        "Destination": "Tallaght",
        "Time": "00:07:45",
        "AVLS": "00:08:25",
        "Tram": "3016",
        "Action": "a",
        "Msg Sent": "16/10/2019 21:38:56",
        "Msg Received": "16/10/2019 21:38:56",
        "Msg Processed": "16/10/2019 21:38:56",
        "XML ID": "35775",
        "Total Lag": "0.8908537",
        "Create Lag": "0.718978",
        "Process Lag": "0.1718757"
      },
      {
        "Direction": "Outbound",
        "Destination": "Tallaght",
        "Time": "00:17:28",
        "AVLS": "00:18:08",
        "Tram": "3014",
        "Action": "a",
        "Msg Sent": "16/10/2019 21:38:56",
        "Msg Received": "16/10/2019 21:38:56",
        "Msg Processed": "16/10/2019 21:38:56",
        "XML ID": "35775",
        "Total Lag": "0.8596171",
        "Create Lag": "0.718978",
        "Process Lag": "0.1406391"
      }
    ]
  },
  {
    "stopID": "56",
    "stopQueryTime": 1571258341143,
    "count": 4,
    "results": [
      {
        "Direction": "Inbound",
        "Destination": "The Point",
        "Time": "00:00:55",
        "AVLS": "00:01:35",
        "Tram": "4006",
        "Action": "a",
        "Msg Sent": "16/10/2019 21:38:56",
        "Msg Received": "16/10/2019 21:38:56",
        "Msg Processed": "16/10/2019 21:38:57",
        "XML ID": "35775",
        "Total Lag": "1.0318336",
        "Create Lag": "0.718978",
        "Process Lag": "0.3128556"
      },
      {
        "Direction": "Inbound",
        "Destination": "The Point",
        "Time": "00:11:00",
        "AVLS": "00:11:40",
        "Tram": "4002",
        "Action": "a",
        "Msg Sent": "16/10/2019 21:38:56",
        "Msg Received": "16/10/2019 21:38:56",
        "Msg Processed": "16/10/2019 21:38:57",
        "XML ID": "35775",
        "Total Lag": "1.0318336",
        "Create Lag": "0.718978",
        "Process Lag": "0.3128556"
      },
      {
        "Direction": "Outbound",
        "Destination": "Tallaght",
        "Time": "00:03:33",
        "AVLS": "00:04:13",
        "Tram": "3009",
        "Action": "a",
        "Msg Sent": "16/10/2019 21:38:56",
        "Msg Received": "16/10/2019 21:38:56",
        "Msg Processed": "16/10/2019 21:38:56",
        "XML ID": "35775",
        "Total Lag": "0.765855",
        "Create Lag": "0.718978",
        "Process Lag": "0.046877"
      },
      {
        "Direction": "Outbound",
        "Destination": "Tallaght",
        "Time": "00:15:33",
        "AVLS": "00:16:13",
        "Tram": "4006",
        "Action": "a",
        "Msg Sent": "16/10/2019 21:38:56",
        "Msg Received": "16/10/2019 21:38:56",
        "Msg Processed": "16/10/2019 21:38:57",
        "XML ID": "35775",
        "Total Lag": "1.0474665",
        "Create Lag": "0.718978",
        "Process Lag": "0.3284885"
      }
    ]
  },
  {
    "stopID": "55",
    "stopQueryTime": 1571258341145,
    "count": 4,
    "results": [
      {
        "Direction": "Inbound",
        "Destination": "The Point",
        "Time": "00:00:00",
        "AVLS": "00:00:00",
        "Tram": "4006",
        "Action": "a",
        "Msg Sent": "16/10/2019 21:38:55",
        "Msg Received": "16/10/2019 21:38:55",
        "Msg Processed": "16/10/2019 21:38:55",
        "XML ID": "35774",
        "Total Lag": "0.5627185",
        "Create Lag": "0.5598772",
        "Process Lag": "0.0028413"
      },
      {
        "Direction": "Inbound",
        "Destination": "The Point",
        "Time": "00:09:21",
        "AVLS": "00:10:01",
        "Tram": "4002",
        "Action": "a",
        "Msg Sent": "16/10/2019 21:38:56",
        "Msg Received": "16/10/2019 21:38:56",
        "Msg Processed": "16/10/2019 21:38:57",
        "XML ID": "35775",
        "Total Lag": "1.0158592",
        "Create Lag": "0.718978",
        "Process Lag": "0.2968812"
      },
      {
        "Direction": "Outbound",
        "Destination": "Tallaght",
        "Time": "00:05:32",
        "AVLS": "00:06:12",
        "Tram": "3009",
        "Action": "a",
        "Msg Sent": "16/10/2019 21:38:56",
        "Msg Received": "16/10/2019 21:38:56",
        "Msg Processed": "16/10/2019 21:38:56",
        "XML ID": "35775",
        "Total Lag": "0.765855",
        "Create Lag": "0.718978",
        "Process Lag": "0.046877"
      },
      {
        "Direction": "Outbound",
        "Destination": "Tallaght",
        "Time": "00:17:32",
        "AVLS": "00:18:12",
        "Tram": "4006",
        "Action": "a",
        "Msg Sent": "16/10/2019 21:38:56",
        "Msg Received": "16/10/2019 21:38:56",
        "Msg Processed": "16/10/2019 21:38:57",
        "XML ID": "35775",
        "Total Lag": "1.0474665",
        "Create Lag": "0.718978",
        "Process Lag": "0.3284885"
      }
    ]
  },
  {
    "stopID": "45",
    "stopQueryTime": 1571258341148,
    "count": 3,
    "results": [
      {
        "Direction": "Inbound",
        "Destination": "Broombridge",
        "Time": "00:09:55",
        "AVLS": "00:10:35",
        "Tram": "5010",
        "Action": "a",
        "Msg Sent": "16/10/2019 21:38:56",
        "Msg Received": "16/10/2019 21:38:57",
        "Msg Processed": "16/10/2019 21:38:57",
        "XML ID": "35776",
        "Total Lag": "1.3147655",
        "Create Lag": "1.0158592",
        "Process Lag": "0.2989063"
      },
      {
        "Direction": "Outbound",
        "Destination": "Bride's Glen",
        "Time": "00:09:30",
        "AVLS": "00:10:10",
        "Tram": "5003",
        "Action": "a",
        "Msg Sent": "16/10/2019 21:38:56",
        "Msg Received": "16/10/2019 21:38:57",
        "Msg Processed": "16/10/2019 21:38:57",
        "XML ID": "35776",
        "Total Lag": "1.2048434",
        "Create Lag": "1.0158592",
        "Process Lag": "0.1889842"
      },
      {
        "Direction": "Outbound",
        "Destination": "Bride's Glen",
        "Time": "00:17:42",
        "AVLS": "00:18:22",
        "Tram": "5030",
        "Action": "a",
        "Msg Sent": "16/10/2019 21:38:59",
        "Msg Received": "16/10/2019 21:38:59",
        "Msg Processed": "16/10/2019 21:38:59",
        "XML ID": "35777",
        "Total Lag": "0.6590158",
        "Create Lag": "0.5027603",
        "Process Lag": "0.1562555"
      }
    ]
  },
  {
    "stopID": "24",
    "stopQueryTime": 1571258341150,
    "count": 6,
    "results": [
      {
        "Direction": "Inbound",
        "Destination": "Broombridge",
        "Time": "00:01:19",
        "AVLS": "00:01:59",
        "Tram": "5016",
        "Action": "a",
        "Msg Sent": "16/10/2019 21:38:56",
        "Msg Received": "16/10/2019 21:38:57",
        "Msg Processed": "16/10/2019 21:38:57",
        "XML ID": "35776",
        "Total Lag": "1.4715143",
        "Create Lag": "1.0158592",
        "Process Lag": "0.4556551"
      },
      {
        "Direction": "Inbound",
        "Destination": "Broombridge",
        "Time": "00:08:20",
        "AVLS": "00:09:00",
        "Tram": "5015",
        "Action": "a",
        "Msg Sent": "16/10/2019 21:38:59",
        "Msg Received": "16/10/2019 21:38:59",
        "Msg Processed": "16/10/2019 21:38:59",
        "XML ID": "35777",
        "Total Lag": "0.6902749",
        "Create Lag": "0.5027603",
        "Process Lag": "0.1875146"
      },
      {
        "Direction": "Inbound",
        "Destination": "Broombridge",
        "Time": "00:14:07",
        "AVLS": "00:14:47",
        "Tram": "5008",
        "Action": "a",
        "Msg Sent": "16/10/2019 21:38:56",
        "Msg Received": "16/10/2019 21:38:57",
        "Msg Processed": "16/10/2019 21:38:57",
        "XML ID": "35776",
        "Total Lag": "1.2991342",
        "Create Lag": "1.0158592",
        "Process Lag": "0.283275"
      },
      {
        "Direction": "Outbound",
        "Destination": "Bride's Glen",
        "Time": "00:00:29",
        "AVLS": "00:01:09",
        "Tram": "5002",
        "Action": "a",
        "Msg Sent": "16/10/2019 21:38:56",
        "Msg Received": "16/10/2019 21:38:57",
        "Msg Processed": "16/10/2019 21:38:57",
        "XML ID": "35776",
        "Total Lag": "1.1262106",
        "Create Lag": "1.0158592",
        "Process Lag": "0.1103514"
      },
      {
        "Direction": "Outbound",
        "Destination": "Sandyford",
        "Time": "00:07:09",
        "AVLS": "00:07:49",
        "Tram": "5023",
        "Action": "a",
        "Msg Sent": "16/10/2019 21:38:56",
        "Msg Received": "16/10/2019 21:38:57",
        "Msg Processed": "16/10/2019 21:38:57",
        "XML ID": "35776",
        "Total Lag": "1.580891",
        "Create Lag": "1.0158592",
        "Process Lag": "0.5650318"
      },
      {
        "Direction": "Outbound",
        "Destination": "Bride's Glen",
        "Time": "00:15:51",
        "AVLS": "00:16:31",
        "Tram": "5028",
        "Action": "a",
        "Msg Sent": "16/10/2019 21:38:59",
        "Msg Received": "16/10/2019 21:38:59",
        "Msg Processed": "16/10/2019 21:38:59",
        "XML ID": "35777",
        "Total Lag": "0.5652846",
        "Create Lag": "0.5027603",
        "Process Lag": "0.0625243"
      }
    ]
  },
  {
    "stopID": "34",
    "stopQueryTime": 1571258341154,
    "count": 5,
    "results": [
      {
        "Direction": "Inbound",
        "Destination": "Broombridge",
        "Time": "00:11:36",
        "AVLS": "00:12:16",
        "Tram": "5013",
        "Action": "a",
        "Msg Sent": "16/10/2019 21:38:56",
        "Msg Received": "16/10/2019 21:38:57",
        "Msg Processed": "16/10/2019 21:38:57",
        "XML ID": "35776",
        "Total Lag": "1.39339",
        "Create Lag": "1.0158592",
        "Process Lag": "0.3775308"
      },
      {
        "Direction": "Outbound",
        "Destination": "Bride's Glen",
        "Time": "00:01:14",
        "AVLS": "00:01:54",
        "Tram": "5030",
        "Action": "a",
        "Msg Sent": "16/10/2019 21:38:59",
        "Msg Received": "16/10/2019 21:38:59",
        "Msg Processed": "16/10/2019 21:38:59",
        "XML ID": "35777",
        "Total Lag": "0.612142",
        "Create Lag": "0.5027603",
        "Process Lag": "0.1093817"
      },
      {
        "Direction": "Outbound",
        "Destination": "Sandyford",
        "Time": "00:09:12",
        "AVLS": "00:09:52",
        "Tram": "5006",
        "Action": "a",
        "Msg Sent": "16/10/2019 21:38:56",
        "Msg Received": "16/10/2019 21:38:57",
        "Msg Processed": "16/10/2019 21:38:57",
        "XML ID": "35776",
        "Total Lag": "1.2517387",
        "Create Lag": "1.0158592",
        "Process Lag": "0.2358795"
      },
      {
        "Direction": "Outbound",
        "Destination": "Sandyford",
        "Time": "00:12:20",
        "AVLS": "00:13:00",
        "Tram": "5027",
        "Action": "a",
        "Msg Sent": "16/10/2019 21:38:59",
        "Msg Received": "16/10/2019 21:38:59",
        "Msg Processed": "16/10/2019 21:38:59",
        "XML ID": "35777",
        "Total Lag": "0.5496475",
        "Create Lag": "0.5027603",
        "Process Lag": "0.0468872"
      },
      {
        "Direction": "Outbound",
        "Destination": "Bride's Glen",
        "Time": "00:18:29",
        "AVLS": "00:19:09",
        "Tram": "5002",
        "Action": "a",
        "Msg Sent": "16/10/2019 21:38:56",
        "Msg Received": "16/10/2019 21:38:57",
        "Msg Processed": "16/10/2019 21:38:57",
        "XML ID": "35776",
        "Total Lag": "1.1730993",
        "Create Lag": "1.0158592",
        "Process Lag": "0.1572401"
      }
    ]
  },
  {
    "stopID": "25",
    "stopQueryTime": 1571258341158,
    "count": 5,
    "results": [
      {
        "Direction": "Inbound",
        "Destination": "Broombridge",
        "Time": "00:05:22",
        "AVLS": "00:06:02",
        "Tram": "5015",
        "Action": "a",
        "Msg Sent": "16/10/2019 21:38:59",
        "Msg Received": "16/10/2019 21:38:59",
        "Msg Processed": "16/10/2019 21:38:59",
        "XML ID": "35777",
        "Total Lag": "0.6902749",
        "Create Lag": "0.5027603",
        "Process Lag": "0.1875146"
      },
      {
        "Direction": "Inbound",
        "Destination": "Broombridge",
        "Time": "00:11:09",
        "AVLS": "00:11:49",
        "Tram": "5008",
        "Action": "a",
        "Msg Sent": "16/10/2019 21:38:56",
        "Msg Received": "16/10/2019 21:38:57",
        "Msg Processed": "16/10/2019 21:38:57",
        "XML ID": "35776",
        "Total Lag": "1.2991342",
        "Create Lag": "1.0158592",
        "Process Lag": "0.283275"
      },
      {
        "Direction": "Outbound",
        "Destination": "Bride's Glen",
        "Time": "00:02:27",
        "AVLS": "00:03:07",
        "Tram": "5002",
        "Action": "a",
        "Msg Sent": "16/10/2019 21:38:56",
        "Msg Received": "16/10/2019 21:38:57",
        "Msg Processed": "16/10/2019 21:38:57",
        "XML ID": "35776",
        "Total Lag": "1.1262106",
        "Create Lag": "1.0158592",
        "Process Lag": "0.1103514"
      },
      {
        "Direction": "Outbound",
        "Destination": "Sandyford",
        "Time": "00:09:07",
        "AVLS": "00:09:47",
        "Tram": "5023",
        "Action": "a",
        "Msg Sent": "16/10/2019 21:38:56",
        "Msg Received": "16/10/2019 21:38:57",
        "Msg Processed": "16/10/2019 21:38:57",
        "XML ID": "35776",
        "Total Lag": "1.580891",
        "Create Lag": "1.0158592",
        "Process Lag": "0.5650318"
      },
      {
        "Direction": "Outbound",
        "Destination": "Bride's Glen",
        "Time": "00:17:49",
        "AVLS": "00:18:29",
        "Tram": "5028",
        "Action": "a",
        "Msg Sent": "16/10/2019 21:38:59",
        "Msg Received": "16/10/2019 21:38:59",
        "Msg Processed": "16/10/2019 21:38:59",
        "XML ID": "35777",
        "Total Lag": "0.5652846",
        "Create Lag": "0.5027603",
        "Process Lag": "0.0625243"
      }
    ]
  },
  {
    "stopID": "51",
    "stopQueryTime": 1571258341160,
    "count": 4,
    "results": [
      {
        "Direction": "Inbound",
        "Destination": "Belgard",
        "Time": "00:01:35",
        "AVLS": "00:02:15",
        "Tram": "3018",
        "Action": "a",
        "Msg Sent": "16/10/2019 21:38:56",
        "Msg Received": "16/10/2019 21:38:56",
        "Msg Processed": "16/10/2019 21:38:56",
        "XML ID": "35775",
        "Total Lag": "0.9377279",
        "Create Lag": "0.718978",
        "Process Lag": "0.2187499"
      },
      {
        "Direction": "Inbound",
        "Destination": "Belgard",
        "Time": "00:16:42",
        "AVLS": "00:17:22",
        "Tram": "3011",
        "Action": "a",
        "Msg Sent": "16/10/2019 21:38:56",
        "Msg Received": "16/10/2019 21:38:56",
        "Msg Processed": "16/10/2019 21:38:56",
        "XML ID": "35775",
        "Total Lag": "0.7971026",
        "Create Lag": "0.718978",
        "Process Lag": "0.0781246"
      },
      {
        "Direction": "Outbound",
        "Destination": "Saggart",
        "Time": "00:05:41",
        "AVLS": "00:06:21",
        "Tram": "3011",
        "Action": "a",
        "Msg Sent": "16/10/2019 21:38:56",
        "Msg Received": "16/10/2019 21:38:56",
        "Msg Processed": "16/10/2019 21:38:56",
        "XML ID": "35775",
        "Total Lag": "0.7814769",
        "Create Lag": "0.718978",
        "Process Lag": "0.0624989"
      },
      {
        "Direction": "Outbound",
        "Destination": "Saggart",
        "Time": "00:14:54",
        "AVLS": "00:15:34",
        "Tram": "3015",
        "Action": "a",
        "Msg Sent": "16/10/2019 21:38:56",
        "Msg Received": "16/10/2019 21:38:56",
        "Msg Processed": "16/10/2019 21:38:56",
        "XML ID": "35775",
        "Total Lag": "0.8752341",
        "Create Lag": "0.718978",
        "Process Lag": "0.1562561"
      }
    ]
  },
  {
    "stopID": "32",
    "stopQueryTime": 1571258341162,
    "count": 5,
    "results": [
      {
        "Direction": "Inbound",
        "Destination": "Broombridge",
        "Time": "00:00:00",
        "AVLS": "00:00:00",
        "Tram": "5008",
        "Action": "a",
        "Msg Sent": "16/10/2019 21:38:46",
        "Msg Received": "16/10/2019 21:38:46",
        "Msg Processed": "16/10/2019 21:38:46",
        "XML ID": "35769",
        "Total Lag": "0.5588049",
        "Create Lag": "0.5588049",
        "Process Lag": "0"
      },
      {
        "Direction": "Inbound",
        "Destination": "Broombridge",
        "Time": "00:15:01",
        "AVLS": "00:15:41",
        "Tram": "5013",
        "Action": "a",
        "Msg Sent": "16/10/2019 21:38:56",
        "Msg Received": "16/10/2019 21:38:57",
        "Msg Processed": "16/10/2019 21:38:57",
        "XML ID": "35776",
        "Total Lag": "1.4090161",
        "Create Lag": "1.0158592",
        "Process Lag": "0.3931569"
      },
      {
        "Direction": "Outbound",
        "Destination": "Sandyford",
        "Time": "00:06:12",
        "AVLS": "00:06:52",
        "Tram": "5006",
        "Action": "a",
        "Msg Sent": "16/10/2019 21:38:56",
        "Msg Received": "16/10/2019 21:38:57",
        "Msg Processed": "16/10/2019 21:38:57",
        "XML ID": "35776",
        "Total Lag": "1.2361148",
        "Create Lag": "1.0158592",
        "Process Lag": "0.2202556"
      },
      {
        "Direction": "Outbound",
        "Destination": "Sandyford",
        "Time": "00:09:20",
        "AVLS": "00:10:00",
        "Tram": "5027",
        "Action": "a",
        "Msg Sent": "16/10/2019 21:38:59",
        "Msg Received": "16/10/2019 21:38:59",
        "Msg Processed": "16/10/2019 21:38:59",
        "XML ID": "35777",
        "Total Lag": "0.5340204",
        "Create Lag": "0.5027603",
        "Process Lag": "0.0312601"
      },
      {
        "Direction": "Outbound",
        "Destination": "Bride's Glen",
        "Time": "00:15:29",
        "AVLS": "00:16:09",
        "Tram": "5002",
        "Action": "a",
        "Msg Sent": "16/10/2019 21:38:56",
        "Msg Received": "16/10/2019 21:38:57",
        "Msg Processed": "16/10/2019 21:38:57",
        "XML ID": "35776",
        "Total Lag": "1.1574871",
        "Create Lag": "1.0158592",
        "Process Lag": "0.1416279"
      }
    ]
  },
  {
    "stopID": "29",
    "stopQueryTime": 1571258341165,
    "count": 5,
    "results": [
      {
        "Direction": "Inbound",
        "Destination": "Broombridge",
        "Time": "00:04:38",
        "AVLS": "00:05:18",
        "Tram": "5008",
        "Action": "a",
        "Msg Sent": "16/10/2019 21:38:56",
        "Msg Received": "16/10/2019 21:38:57",
        "Msg Processed": "16/10/2019 21:38:57",
        "XML ID": "35776",
        "Total Lag": "1.2688006",
        "Create Lag": "1.0158592",
        "Process Lag": "0.2529414"
      },
      {
        "Direction": "Outbound",
        "Destination": "Sandyford",
        "Time": "00:00:40",
        "AVLS": "00:01:20",
        "Tram": "5006",
        "Action": "a",
        "Msg Sent": "16/10/2019 21:38:56",
        "Msg Received": "16/10/2019 21:38:57",
        "Msg Processed": "16/10/2019 21:38:57",
        "XML ID": "35776",
        "Total Lag": "1.2204893",
        "Create Lag": "1.0158592",
        "Process Lag": "0.2046301"
      },
      {
        "Direction": "Outbound",
        "Destination": "Sandyford",
        "Time": "00:03:48",
        "AVLS": "00:04:28",
        "Tram": "5027",
        "Action": "a",
        "Msg Sent": "16/10/2019 21:38:59",
        "Msg Received": "16/10/2019 21:38:59",
        "Msg Processed": "16/10/2019 21:38:59",
        "XML ID": "35777",
        "Total Lag": "0.5340204",
        "Create Lag": "0.5027603",
        "Process Lag": "0.0312601"
      },
      {
        "Direction": "Outbound",
        "Destination": "Bride's Glen",
        "Time": "00:09:57",
        "AVLS": "00:10:37",
        "Tram": "5002",
        "Action": "a",
        "Msg Sent": "16/10/2019 21:38:56",
        "Msg Received": "16/10/2019 21:38:57",
        "Msg Processed": "16/10/2019 21:38:57",
        "XML ID": "35776",
        "Total Lag": "1.1418526",
        "Create Lag": "1.0158592",
        "Process Lag": "0.1259934"
      },
      {
        "Direction": "Outbound",
        "Destination": "Sandyford",
        "Time": "00:16:37",
        "AVLS": "00:17:17",
        "Tram": "5023",
        "Action": "a",
        "Msg Sent": "16/10/2019 21:38:59",
        "Msg Received": "16/10/2019 21:38:59",
        "Msg Processed": "16/10/2019 21:38:59",
        "XML ID": "35777",
        "Total Lag": "0.518398",
        "Create Lag": "0.5027603",
        "Process Lag": "0.0156377"
      }
    ]
  },
  {
    "stopID": "26",
    "stopQueryTime": 1571258341175,
    "count": 5,
    "results": [
      {
        "Direction": "Inbound",
        "Destination": "Broombridge",
        "Time": "00:03:12",
        "AVLS": "00:03:52",
        "Tram": "5015",
        "Action": "a",
        "Msg Sent": "16/10/2019 21:38:59",
        "Msg Received": "16/10/2019 21:38:59",
        "Msg Processed": "16/10/2019 21:38:59",
        "XML ID": "35777",
        "Total Lag": "0.6902749",
        "Create Lag": "0.5027603",
        "Process Lag": "0.1875146"
      },
      {
        "Direction": "Inbound",
        "Destination": "Broombridge",
        "Time": "00:08:59",
        "AVLS": "00:09:39",
        "Tram": "5008",
        "Action": "a",
        "Msg Sent": "16/10/2019 21:38:56",
        "Msg Received": "16/10/2019 21:38:57",
        "Msg Processed": "16/10/2019 21:38:57",
        "XML ID": "35776",
        "Total Lag": "1.2834926",
        "Create Lag": "1.0158592",
        "Process Lag": "0.2676334"
      },
      {
        "Direction": "Outbound",
        "Destination": "Sandyford",
        "Time": "00:00:00",
        "AVLS": "00:00:00",
        "Tram": "5027",
        "Action": "a",
        "Msg Sent": "16/10/2019 21:38:36",
        "Msg Received": "16/10/2019 21:38:36",
        "Msg Processed": "16/10/2019 21:38:36",
        "XML ID": "35764",
        "Total Lag": "0.5587764",
        "Create Lag": "0.5587764",
        "Process Lag": "0"
      },
      {
        "Direction": "Outbound",
        "Destination": "Bride's Glen",
        "Time": "00:05:07",
        "AVLS": "00:05:47",
        "Tram": "5002",
        "Action": "a",
        "Msg Sent": "16/10/2019 21:38:56",
        "Msg Received": "16/10/2019 21:38:57",
        "Msg Processed": "16/10/2019 21:38:57",
        "XML ID": "35776",
        "Total Lag": "1.1418526",
        "Create Lag": "1.0158592",
        "Process Lag": "0.1259934"
      },
      {
        "Direction": "Outbound",
        "Destination": "Sandyford",
        "Time": "00:11:47",
        "AVLS": "00:12:27",
        "Tram": "5023",
        "Action": "a",
        "Msg Sent": "16/10/2019 21:38:56",
        "Msg Received": "16/10/2019 21:38:57",
        "Msg Processed": "16/10/2019 21:38:57",
        "XML ID": "35776",
        "Total Lag": "1.580891",
        "Create Lag": "1.0158592",
        "Process Lag": "0.5650318"
      }
    ]
  },
  {
    "stopID": "30",
    "stopQueryTime": 1571258341179,
    "count": 6,
    "results": [
      {
        "Direction": "Inbound",
        "Destination": "Broombridge",
        "Time": "00:02:53",
        "AVLS": "00:03:33",
        "Tram": "5008",
        "Action": "a",
        "Msg Sent": "16/10/2019 21:38:56",
        "Msg Received": "16/10/2019 21:38:57",
        "Msg Processed": "16/10/2019 21:38:57",
        "XML ID": "35776",
        "Total Lag": "1.2688006",
        "Create Lag": "1.0158592",
        "Process Lag": "0.2529414"
      },
      {
        "Direction": "Inbound",
        "Destination": "Broombridge",
        "Time": "00:18:47",
        "AVLS": "00:19:27",
        "Tram": "5013",
        "Action": "a",
        "Msg Sent": "16/10/2019 21:38:56",
        "Msg Received": "16/10/2019 21:38:57",
        "Msg Processed": "16/10/2019 21:38:57",
        "XML ID": "35776",
        "Total Lag": "1.4090161",
        "Create Lag": "1.0158592",
        "Process Lag": "0.3931569"
      },
      {
        "Direction": "Outbound",
        "Destination": "Sandyford",
        "Time": "00:02:26",
        "AVLS": "00:03:06",
        "Tram": "5006",
        "Action": "a",
        "Msg Sent": "16/10/2019 21:38:56",
        "Msg Received": "16/10/2019 21:38:57",
        "Msg Processed": "16/10/2019 21:38:57",
        "XML ID": "35776",
        "Total Lag": "1.2204893",
        "Create Lag": "1.0158592",
        "Process Lag": "0.2046301"
      },
      {
        "Direction": "Outbound",
        "Destination": "Sandyford",
        "Time": "00:05:34",
        "AVLS": "00:06:14",
        "Tram": "5027",
        "Action": "a",
        "Msg Sent": "16/10/2019 21:38:59",
        "Msg Received": "16/10/2019 21:38:59",
        "Msg Processed": "16/10/2019 21:38:59",
        "XML ID": "35777",
        "Total Lag": "0.5340204",
        "Create Lag": "0.5027603",
        "Process Lag": "0.0312601"
      },
      {
        "Direction": "Outbound",
        "Destination": "Bride's Glen",
        "Time": "00:11:43",
        "AVLS": "00:12:23",
        "Tram": "5002",
        "Action": "a",
        "Msg Sent": "16/10/2019 21:38:56",
        "Msg Received": "16/10/2019 21:38:57",
        "Msg Processed": "16/10/2019 21:38:57",
        "XML ID": "35776",
        "Total Lag": "1.1418526",
        "Create Lag": "1.0158592",
        "Process Lag": "0.1259934"
      },
      {
        "Direction": "Outbound",
        "Destination": "Sandyford",
        "Time": "00:18:23",
        "AVLS": "00:19:03",
        "Tram": "5023",
        "Action": "a",
        "Msg Sent": "16/10/2019 21:38:59",
        "Msg Received": "16/10/2019 21:38:59",
        "Msg Processed": "16/10/2019 21:38:59",
        "XML ID": "35777",
        "Total Lag": "0.518398",
        "Create Lag": "0.5027603",
        "Process Lag": "0.0156377"
      }
    ]
  },
  {
    "stopID": "52",
    "stopQueryTime": 1571258341186,
    "count": 4,
    "results": [
      {
        "Direction": "Inbound",
        "Destination": "Belgard",
        "Time": "00:00:19",
        "AVLS": "00:00:59",
        "Tram": "3018",
        "Action": "a",
        "Msg Sent": "16/10/2019 21:38:56",
        "Msg Received": "16/10/2019 21:38:56",
        "Msg Processed": "16/10/2019 21:38:56",
        "XML ID": "35775",
        "Total Lag": "0.9377279",
        "Create Lag": "0.718978",
        "Process Lag": "0.2187499"
      },
      {
        "Direction": "Inbound",
        "Destination": "Belgard",
        "Time": "00:15:26",
        "AVLS": "00:16:06",
        "Tram": "3011",
        "Action": "a",
        "Msg Sent": "16/10/2019 21:38:56",
        "Msg Received": "16/10/2019 21:38:56",
        "Msg Processed": "16/10/2019 21:38:56",
        "XML ID": "35775",
        "Total Lag": "0.7971026",
        "Create Lag": "0.718978",
        "Process Lag": "0.0781246"
      },
      {
        "Direction": "Outbound",
        "Destination": "Saggart",
        "Time": "00:06:58",
        "AVLS": "00:07:38",
        "Tram": "3011",
        "Action": "a",
        "Msg Sent": "16/10/2019 21:38:56",
        "Msg Received": "16/10/2019 21:38:56",
        "Msg Processed": "16/10/2019 21:38:56",
        "XML ID": "35775",
        "Total Lag": "0.7971026",
        "Create Lag": "0.718978",
        "Process Lag": "0.0781246"
      },
      {
        "Direction": "Outbound",
        "Destination": "Saggart",
        "Time": "00:16:11",
        "AVLS": "00:16:51",
        "Tram": "3015",
        "Action": "a",
        "Msg Sent": "16/10/2019 21:38:56",
        "Msg Received": "16/10/2019 21:38:56",
        "Msg Processed": "16/10/2019 21:38:56",
        "XML ID": "35775",
        "Total Lag": "0.8752341",
        "Create Lag": "0.718978",
        "Process Lag": "0.1562561"
      }
    ]
  },
  {
    "stopID": "28",
    "stopQueryTime": 1571258341207,
    "count": 6,
    "results": [
      {
        "Direction": "Inbound",
        "Destination": "Broombridge",
        "Time": "00:00:20",
        "AVLS": "00:01:00",
        "Tram": "5015",
        "Action": "a",
        "Msg Sent": "16/10/2019 21:38:59",
        "Msg Received": "16/10/2019 21:38:59",
        "Msg Processed": "16/10/2019 21:38:59",
        "XML ID": "35777",
        "Total Lag": "0.6746421",
        "Create Lag": "0.5027603",
        "Process Lag": "0.1718818"
      },
      {
        "Direction": "Inbound",
        "Destination": "Broombridge",
        "Time": "00:06:07",
        "AVLS": "00:06:47",
        "Tram": "5008",
        "Action": "a",
        "Msg Sent": "16/10/2019 21:38:56",
        "Msg Received": "16/10/2019 21:38:57",
        "Msg Processed": "16/10/2019 21:38:57",
        "XML ID": "35776",
        "Total Lag": "1.2834926",
        "Create Lag": "1.0158592",
        "Process Lag": "0.2676334"
      },
      {
        "Direction": "Outbound",
        "Destination": "Sandyford",
        "Time": "00:00:00",
        "AVLS": "00:00:00",
        "Tram": "5006",
        "Action": "a",
        "Msg Sent": "16/10/2019 21:38:49",
        "Msg Received": "16/10/2019 21:38:49",
        "Msg Processed": "16/10/2019 21:38:49",
        "XML ID": "35772",
        "Total Lag": "0.8099005",
        "Create Lag": "0.5755172",
        "Process Lag": "0.2343833"
      },
      {
        "Direction": "Outbound",
        "Destination": "Sandyford",
        "Time": "00:02:20",
        "AVLS": "00:03:00",
        "Tram": "5027",
        "Action": "a",
        "Msg Sent": "16/10/2019 21:38:59",
        "Msg Received": "16/10/2019 21:38:59",
        "Msg Processed": "16/10/2019 21:38:59",
        "XML ID": "35777",
        "Total Lag": "0.518398",
        "Create Lag": "0.5027603",
        "Process Lag": "0.0156377"
      },
      {
        "Direction": "Outbound",
        "Destination": "Bride's Glen",
        "Time": "00:08:29",
        "AVLS": "00:09:09",
        "Tram": "5002",
        "Action": "a",
        "Msg Sent": "16/10/2019 21:38:56",
        "Msg Received": "16/10/2019 21:38:57",
        "Msg Processed": "16/10/2019 21:38:57",
        "XML ID": "35776",
        "Total Lag": "1.1418526",
        "Create Lag": "1.0158592",
        "Process Lag": "0.1259934"
      },
      {
        "Direction": "Outbound",
        "Destination": "Sandyford",
        "Time": "00:15:09",
        "AVLS": "00:15:49",
        "Tram": "5023",
        "Action": "a",
        "Msg Sent": "16/10/2019 21:38:59",
        "Msg Received": "16/10/2019 21:38:59",
        "Msg Processed": "16/10/2019 21:38:59",
        "XML ID": "35777",
        "Total Lag": "0.5027603",
        "Create Lag": "0.5027603",
        "Process Lag": "0"
      }
    ]
  }
]