[
  {
    "stopID": "23",
    "stopQueryTime": 1571259120740,
    "count": 0,
    "results": []
  },
  {
    "stopID": "25",
    "stopQueryTime": 1571259120755,
    "count": 2,
    "results": [
      {
        "Direction": "Inbound",
        "Destination": "Broombridge",
        "Time": "00:14:31",
        "AVLS": "00:15:11",
        "Tram": "5013",
        "Action": "a",
        "Msg Sent": "16/10/2019 21:51:57",
        "Msg Received": "16/10/2019 21:51:57",
        "Msg Processed": "16/10/2019 21:51:57",
        "XML ID": "36117",
        "Total Lag": "0.9713598",
        "Create Lag": "0.7213477",
        "Process Lag": "0.2500121"
      },
      {
        "Direction": "Outbound",
        "Destination": "Bride's Glen",
        "Time": "00:04:09",
        "AVLS": "00:04:49",
        "Tram": "5028",
        "Action": "a",
        "Msg Sent": "16/10/2019 21:51:57",
        "Msg Received": "16/10/2019 21:51:57",
        "Msg Processed": "16/10/2019 21:51:58",
        "XML ID": "36117",
        "Total Lag": "1.080741",
        "Create Lag": "0.7213477",
        "Process Lag": "0.3593933"
      }
    ]
  },
  {
    "stopID": "45",
    "stopQueryTime": 1571259120757,
    "count": 2,
    "results": [
      {
        "Direction": "Inbound",
        "Destination": "Broombridge",
        "Time": "00:11:55",
        "AVLS": "00:12:35",
        "Tram": "5003",
        "Action": "a",
        "Msg Sent": "16/10/2019 21:51:57",
        "Msg Received": "16/10/2019 21:51:57",
        "Msg Processed": "16/10/2019 21:51:57",
        "XML ID": "36117",
        "Total Lag": "0.8307295",
        "Create Lag": "0.7213477",
        "Process Lag": "0.1093818"
      },
      {
        "Direction": "Outbound",
        "Destination": "Bride's Glen",
        "Time": "00:06:54",
        "AVLS": "00:07:34",
        "Tram": "5030",
        "Action": "a",
        "Msg Sent": "16/10/2019 21:51:59",
        "Msg Received": "16/10/2019 21:51:59",
        "Msg Processed": "16/10/2019 21:51:59",
        "XML ID": "36118",
        "Total Lag": "0.4713597",
        "Create Lag": "0.4557342",
        "Process Lag": "0.0156255"
      }
    ]
  },
  {
    "stopID": "9",
    "stopQueryTime": 1571259120778,
    "count": 3,
    "results": [
      {
        "Direction": "Inbound",
        "Destination": "The Point",
        "Time": "00:00:30",
        "AVLS": "00:01:10",
        "Tram": "3025",
        "Action": "a",
        "Msg Sent": "16/10/2019 21:51:57",
        "Msg Received": "16/10/2019 21:51:57",
        "Msg Processed": "16/10/2019 21:51:57",
        "XML ID": "36116",
        "Total Lag": "0.6275899",
        "Create Lag": "0.4083475",
        "Process Lag": "0.2192424"
      },
      {
        "Direction": "Inbound",
        "Destination": "The Point",
        "Time": "00:12:00",
        "AVLS": "00:12:40",
        "Tram": "3012",
        "Action": "a",
        "Msg Sent": "16/10/2019 21:51:57",
        "Msg Received": "16/10/2019 21:51:57",
        "Msg Processed": "16/10/2019 21:51:57",
        "XML ID": "36116",
        "Total Lag": "0.4864952",
        "Create Lag": "0.4083475",
        "Process Lag": "0.0781477"
      },
      {
        "Direction": "Outbound",
        "Destination": "Tallaght",
        "Time": "00:08:09",
        "AVLS": "00:08:49",
        "Tram": "4009",
        "Action": "a",
        "Msg Sent": "16/10/2019 21:51:57",
        "Msg Received": "16/10/2019 21:51:57",
        "Msg Processed": "16/10/2019 21:51:57",
        "XML ID": "36116",
        "Total Lag": "0.7525927",
        "Create Lag": "0.4083475",
        "Process Lag": "0.3442452"
      }
    ]
  },
  {
    "stopID": "17",
    "stopQueryTime": 1571259120782,
    "count": 2,
    "results": [
      {
        "Direction": "Inbound",
        "Destination": "The Point",
        "Time": "00:12:58",
        "AVLS": "00:13:38",
        "Tram": "3025",
        "Action": "a",
        "Msg Sent": "16/10/2019 21:51:57",
        "Msg Received": "16/10/2019 21:51:57",
        "Msg Processed": "16/10/2019 21:51:57",
        "XML ID": "36116",
        "Total Lag": "0.6432132",
        "Create Lag": "0.4083475",
        "Process Lag": "0.2348657"
      },
      {
        "Direction": "Outbound",
        "Destination": "Tallaght",
        "Time": "00:06:52",
        "AVLS": "00:07:32",
        "Tram": "3009",
        "Action": "a",
        "Msg Sent": "16/10/2019 21:51:57",
        "Msg Received": "16/10/2019 21:51:57",
        "Msg Processed": "16/10/2019 21:51:57",
        "XML ID": "36116",
        "Total Lag": "0.4239774",
        "Create Lag": "0.4083475",
        "Process Lag": "0.0156299"
      }
    ]
  },
  {
    "stopID": "37",
    "stopQueryTime": 1571259120785,
    "count": 2,
    "results": [
      {
        "Direction": "Inbound",
        "Destination": "Broombridge",
        "Time": "00:07:15",
        "AVLS": "00:07:55",
        "Tram": "5010",
        "Action": "a",
        "Msg Sent": "16/10/2019 21:51:57",
        "Msg Received": "16/10/2019 21:51:57",
        "Msg Processed": "16/10/2019 21:51:57",
        "XML ID": "36117",
        "Total Lag": "0.8932335",
        "Create Lag": "0.7213477",
        "Process Lag": "0.1718858"
      },
      {
        "Direction": "Outbound",
        "Destination": "Bride's Glen",
        "Time": "00:11:10",
        "AVLS": "00:11:50",
        "Tram": "5002",
        "Action": "a",
        "Msg Sent": "16/10/2019 21:51:57",
        "Msg Received": "16/10/2019 21:51:57",
        "Msg Processed": "16/10/2019 21:51:57",
        "XML ID": "36117",
        "Total Lag": "0.7994761",
        "Create Lag": "0.7213477",
        "Process Lag": "0.0781284"
      }
    ]
  },
  {
    "stopID": "38",
    "stopQueryTime": 1571259120789,
    "count": 2,
    "results": [
      {
        "Direction": "Inbound",
        "Destination": "Broombridge",
        "Time": "00:05:45",
        "AVLS": "00:06:25",
        "Tram": "5010",
        "Action": "a",
        "Msg Sent": "16/10/2019 21:51:57",
        "Msg Received": "16/10/2019 21:51:57",
        "Msg Processed": "16/10/2019 21:51:57",
        "XML ID": "36117",
        "Total Lag": "0.8932335",
        "Create Lag": "0.7213477",
        "Process Lag": "0.1718858"
      },
      {
        "Direction": "Outbound",
        "Destination": "Bride's Glen",
        "Time": "00:12:38",
        "AVLS": "00:13:18",
        "Tram": "5002",
        "Action": "a",
        "Msg Sent": "16/10/2019 21:51:57",
        "Msg Received": "16/10/2019 21:51:57",
        "Msg Processed": "16/10/2019 21:51:57",
        "XML ID": "36117",
        "Total Lag": "0.7994761",
        "Create Lag": "0.7213477",
        "Process Lag": "0.0781284"
      }
    ]
  },
  {
    "stopID": "21",
    "stopQueryTime": 1571259120794,
    "count": 2,
    "results": [
      {
        "Direction": "Inbound",
        "Destination": "The Point",
        "Time": "00:03:47",
        "AVLS": "00:04:27",
        "Tram": "3002",
        "Action": "a",
        "Msg Sent": "16/10/2019 21:51:57",
        "Msg Received": "16/10/2019 21:51:57",
        "Msg Processed": "16/10/2019 21:51:57",
        "XML ID": "36116",
        "Total Lag": "0.4083475",
        "Create Lag": "0.4083475",
        "Process Lag": "0"
      },
      {
        "Direction": "Outbound",
        "Destination": "Tallaght",
        "Time": "00:11:24",
        "AVLS": "00:12:04",
        "Tram": "4006",
        "Action": "a",
        "Msg Sent": "16/10/2019 21:51:57",
        "Msg Received": "16/10/2019 21:51:57",
        "Msg Processed": "16/10/2019 21:51:57",
        "XML ID": "36116",
        "Total Lag": "0.7057164",
        "Create Lag": "0.4083475",
        "Process Lag": "0.2973689"
      }
    ]
  },
  {
    "stopID": "16",
    "stopQueryTime": 1571259120797,
    "count": 2,
    "results": [
      {
        "Direction": "Inbound",
        "Destination": "The Point",
        "Time": "00:10:34",
        "AVLS": "00:11:14",
        "Tram": "3025",
        "Action": "a",
        "Msg Sent": "16/10/2019 21:51:57",
        "Msg Received": "16/10/2019 21:51:57",
        "Msg Processed": "16/10/2019 21:51:57",
        "XML ID": "36116",
        "Total Lag": "0.6432132",
        "Create Lag": "0.4083475",
        "Process Lag": "0.2348657"
      },
      {
        "Direction": "Outbound",
        "Destination": "Tallaght",
        "Time": "00:08:51",
        "AVLS": "00:09:31",
        "Tram": "3009",
        "Action": "a",
        "Msg Sent": "16/10/2019 21:51:57",
        "Msg Received": "16/10/2019 21:51:57",
        "Msg Processed": "16/10/2019 21:51:57",
        "XML ID": "36116",
        "Total Lag": "0.4239774",
        "Create Lag": "0.4083475",
        "Process Lag": "0.0156299"
      }
    ]
  },
  {
    "stopID": "8",
    "stopQueryTime": 1571259120800,
    "count": 2,
    "results": [
      {
        "Direction": "Inbound",
        "Destination": "The Point",
        "Time": "00:09:51",
        "AVLS": "00:10:31",
        "Tram": "3012",
        "Action": "a",
        "Msg Sent": "16/10/2019 21:51:57",
        "Msg Received": "16/10/2019 21:51:57",
        "Msg Processed": "16/10/2019 21:51:57",
        "XML ID": "36116",
        "Total Lag": "0.4864952",
        "Create Lag": "0.4083475",
        "Process Lag": "0.0781477"
      },
      {
        "Direction": "Outbound",
        "Destination": "Tallaght",
        "Time": "00:10:24",
        "AVLS": "00:11:04",
        "Tram": "4009",
        "Action": "a",
        "Msg Sent": "16/10/2019 21:51:57",
        "Msg Received": "16/10/2019 21:51:57",
        "Msg Processed": "16/10/2019 21:51:57",
        "XML ID": "36116",
        "Total Lag": "0.7525927",
        "Create Lag": "0.4083475",
        "Process Lag": "0.3442452"
      }
    ]
  },
  {
    "stopID": "29",
    "stopQueryTime": 1571259120803,
    "count": 3,
    "results": [
      {
        "Direction": "Inbound",
        "Destination": "Broombridge",
        "Time": "00:08:00",
        "AVLS": "00:08:40",
        "Tram": "5013",
        "Action": "a",
        "Msg Sent": "16/10/2019 21:51:57",
        "Msg Received": "16/10/2019 21:51:57",
        "Msg Processed": "16/10/2019 21:51:57",
        "XML ID": "36117",
        "Total Lag": "0.9557441",
        "Create Lag": "0.7213477",
        "Process Lag": "0.2343964"
      },
      {
        "Direction": "Outbound",
        "Destination": "Sandyford",
        "Time": "00:05:49",
        "AVLS": "00:06:29",
        "Tram": "5023",
        "Action": "a",
        "Msg Sent": "16/10/2019 21:51:57",
        "Msg Received": "16/10/2019 21:51:57",
        "Msg Processed": "16/10/2019 21:51:58",
        "XML ID": "36117",
        "Total Lag": "1.0496538",
        "Create Lag": "0.7213477",
        "Process Lag": "0.3283061"
      },
      {
        "Direction": "Outbound",
        "Destination": "Bride's Glen",
        "Time": "00:11:39",
        "AVLS": "00:12:19",
        "Tram": "5028",
        "Action": "a",
        "Msg Sent": "16/10/2019 21:51:57",
        "Msg Received": "16/10/2019 21:51:57",
        "Msg Processed": "16/10/2019 21:51:58",
        "XML ID": "36117",
        "Total Lag": "1.0963593",
        "Create Lag": "0.7213477",
        "Process Lag": "0.3750116"
      }
    ]
  },
  {
    "stopID": "48",
    "stopQueryTime": 1571259120805,
    "count": 1,
    "results": [
      {
        "Direction": "Inbound",
        "Destination": "Broombridge",
        "Time": "00:07:24",
        "AVLS": "00:08:04",
        "Tram": "5003",
        "Action": "d",
        "Msg Sent": "16/10/2019 21:51:57",
        "Msg Received": "16/10/2019 21:51:57",
        "Msg Processed": "16/10/2019 21:51:57",
        "XML ID": "36117",
        "Total Lag": "0.8307295",
        "Create Lag": "0.7213477",
        "Process Lag": "0.1093818"
      }
    ]
  },
  {
    "stopID": "26",
    "stopQueryTime": 1571259120808,
    "count": 3,
    "results": [
      {
        "Direction": "Inbound",
        "Destination": "Broombridge",
        "Time": "00:12:21",
        "AVLS": "00:13:01",
        "Tram": "5013",
        "Action": "a",
        "Msg Sent": "16/10/2019 21:51:57",
        "Msg Received": "16/10/2019 21:51:57",
        "Msg Processed": "16/10/2019 21:51:57",
        "XML ID": "36117",
        "Total Lag": "0.9713598",
        "Create Lag": "0.7213477",
        "Process Lag": "0.2500121"
      },
      {
        "Direction": "Outbound",
        "Destination": "Sandyford",
        "Time": "00:00:59",
        "AVLS": "00:01:39",
        "Tram": "5023",
        "Action": "a",
        "Msg Sent": "16/10/2019 21:51:57",
        "Msg Received": "16/10/2019 21:51:57",
        "Msg Processed": "16/10/2019 21:51:58",
        "XML ID": "36117",
        "Total Lag": "1.0338698",
        "Create Lag": "0.7213477",
        "Process Lag": "0.3125221"
      },
      {
        "Direction": "Outbound",
        "Destination": "Bride's Glen",
        "Time": "00:06:49",
        "AVLS": "00:07:29",
        "Tram": "5028",
        "Action": "a",
        "Msg Sent": "16/10/2019 21:51:57",
        "Msg Received": "16/10/2019 21:51:57",
        "Msg Processed": "16/10/2019 21:51:58",
        "XML ID": "36117",
        "Total Lag": "1.080741",
        "Create Lag": "0.7213477",
        "Process Lag": "0.3593933"
      }
    ]
  },
  {
    "stopID": "2",
    "stopQueryTime": 1571259120815,
    "count": 3,
    "results": [
      {
        "Direction": "Inbound",
        "Destination": "The Point",
        "Time": "00:08:38",
        "AVLS": "00:09:18",
        "Tram": "3016",
        "Action": "a",
        "Msg Sent": "16/10/2019 21:51:57",
        "Msg Received": "16/10/2019 21:51:57",
        "Msg Processed": "16/10/2019 21:51:57",
        "XML ID": "36116",
        "Total Lag": "0.5489798",
        "Create Lag": "0.4083475",
        "Process Lag": "0.1406323"
      },
      {
        "Direction": "Outbound",
        "Destination": "Tallaght",
        "Time": "00:05:14",
        "AVLS": "00:05:54",
        "Tram": "3014",
        "Action": "a",
        "Msg Sent": "16/10/2019 21:51:57",
        "Msg Received": "16/10/2019 21:51:57",
        "Msg Processed": "16/10/2019 21:51:57",
        "XML ID": "36116",
        "Total Lag": "0.5177261",
        "Create Lag": "0.4083475",
        "Process Lag": "0.1093786"
      },
      {
        "Direction": "Outbound",
        "Destination": "Tallaght",
        "Time": "00:13:22",
        "AVLS": "00:14:02",
        "Tram": "3017",
        "Action": "a",
        "Msg Sent": "16/10/2019 21:51:57",
        "Msg Received": "16/10/2019 21:51:57",
        "Msg Processed": "16/10/2019 21:51:57",
        "XML ID": "36116",
        "Total Lag": "0.5963405",
        "Create Lag": "0.4083475",
        "Process Lag": "0.187993"
      }
    ]
  },
  {
    "stopID": "58",
    "stopQueryTime": 1571259120817,
    "count": 0,
    "results": []
  },
  {
    "stopID": "27",
    "stopQueryTime": 1571259120820,
    "count": 3,
    "results": [
      {
        "Direction": "Inbound",
        "Destination": "Broombridge",
        "Time": "00:11:00",
        "AVLS": "00:11:40",
        "Tram": "5013",
        "Action": "a",
        "Msg Sent": "16/10/2019 21:51:57",
        "Msg Received": "16/10/2019 21:51:57",
        "Msg Processed": "16/10/2019 21:51:57",
        "XML ID": "36117",
        "Total Lag": "0.9713598",
        "Create Lag": "0.7213477",
        "Process Lag": "0.2500121"
      },
      {
        "Direction": "Outbound",
        "Destination": "Sandyford",
        "Time": "00:02:27",
        "AVLS": "00:03:07",
        "Tram": "5023",
        "Action": "a",
        "Msg Sent": "16/10/2019 21:51:57",
        "Msg Received": "16/10/2019 21:51:57",
        "Msg Processed": "16/10/2019 21:51:58",
        "XML ID": "36117",
        "Total Lag": "1.0338698",
        "Create Lag": "0.7213477",
        "Process Lag": "0.3125221"
      },
      {
        "Direction": "Outbound",
        "Destination": "Bride's Glen",
        "Time": "00:08:17",
        "AVLS": "00:08:57",
        "Tram": "5028",
        "Action": "a",
        "Msg Sent": "16/10/2019 21:51:57",
        "Msg Received": "16/10/2019 21:51:57",
        "Msg Processed": "16/10/2019 21:51:58",
        "XML ID": "36117",
        "Total Lag": "1.080741",
        "Create Lag": "0.7213477",
        "Process Lag": "0.3593933"
      }
    ]
  },
  {
    "stopID": "10",
    "stopQueryTime": 1571259120823,
    "count": 4,
    "results": [
      {
        "Direction": "Inbound",
        "Destination": "The Point",
        "Time": "00:01:44",
        "AVLS": "00:02:24",
        "Tram": "3025",
        "Action": "a",
        "Msg Sent": "16/10/2019 21:51:57",
        "Msg Received": "16/10/2019 21:51:57",
        "Msg Processed": "16/10/2019 21:51:57",
        "XML ID": "36116",
        "Total Lag": "0.6275899",
        "Create Lag": "0.4083475",
        "Process Lag": "0.2192424"
      },
      {
        "Direction": "Inbound",
        "Destination": "The Point",
        "Time": "00:13:14",
        "AVLS": "00:13:54",
        "Tram": "3012",
        "Action": "a",
        "Msg Sent": "16/10/2019 21:51:57",
        "Msg Received": "16/10/2019 21:51:57",
        "Msg Processed": "16/10/2019 21:51:57",
        "XML ID": "36116",
        "Total Lag": "0.4864952",
        "Create Lag": "0.4083475",
        "Process Lag": "0.0781477"
      },
      {
        "Direction": "Outbound",
        "Destination": "Tallaght",
        "Time": "00:06:53",
        "AVLS": "00:07:33",
        "Tram": "4009",
        "Action": "a",
        "Msg Sent": "16/10/2019 21:51:57",
        "Msg Received": "16/10/2019 21:51:57",
        "Msg Processed": "16/10/2019 21:51:57",
        "XML ID": "36116",
        "Total Lag": "0.7525927",
        "Create Lag": "0.4083475",
        "Process Lag": "0.3442452"
      },
      {
        "Direction": "Outbound",
        "Destination": "Tallaght",
        "Time": "00:18:43",
        "AVLS": "00:19:23",
        "Tram": "3009",
        "Action": "a",
        "Msg Sent": "16/10/2019 21:51:57",
        "Msg Received": "16/10/2019 21:51:57",
        "Msg Processed": "16/10/2019 21:51:57",
        "XML ID": "36116",
        "Total Lag": "0.4552267",
        "Create Lag": "0.4083475",
        "Process Lag": "0.0468792"
      }
    ]
  },
  {
    "stopID": "18",
    "stopQueryTime": 1571259120825,
    "count": 3,
    "results": [
      {
        "Direction": "Inbound",
        "Destination": "The Point",
        "Time": "00:15:14",
        "AVLS": "00:15:54",
        "Tram": "3025",
        "Action": "a",
        "Msg Sent": "16/10/2019 21:51:57",
        "Msg Received": "16/10/2019 21:51:57",
        "Msg Processed": "16/10/2019 21:51:57",
        "XML ID": "36116",
        "Total Lag": "0.6588458",
        "Create Lag": "0.4083475",
        "Process Lag": "0.2504983"
      },
      {
        "Direction": "Outbound",
        "Destination": "Tallaght",
        "Time": "00:04:39",
        "AVLS": "00:05:19",
        "Tram": "3009",
        "Action": "a",
        "Msg Sent": "16/10/2019 21:51:57",
        "Msg Received": "16/10/2019 21:51:57",
        "Msg Processed": "16/10/2019 21:51:57",
        "XML ID": "36116",
        "Total Lag": "0.4239774",
        "Create Lag": "0.4083475",
        "Process Lag": "0.0156299"
      },
      {
        "Direction": "Outbound",
        "Destination": "Tallaght",
        "Time": "00:17:12",
        "AVLS": "00:17:52",
        "Tram": "4006",
        "Action": "a",
        "Msg Sent": "16/10/2019 21:51:57",
        "Msg Received": "16/10/2019 21:51:57",
        "Msg Processed": "16/10/2019 21:51:57",
        "XML ID": "36116",
        "Total Lag": "0.7213477",
        "Create Lag": "0.4083475",
        "Process Lag": "0.3130002"
      }
    ]
  },
  {
    "stopID": "7",
    "stopQueryTime": 1571259120828,
    "count": 3,
    "results": [
      {
        "Direction": "Inbound",
        "Destination": "The Point",
        "Time": "00:08:20",
        "AVLS": "00:09:00",
        "Tram": "3012",
        "Action": "a",
        "Msg Sent": "16/10/2019 21:51:57",
        "Msg Received": "16/10/2019 21:51:57",
        "Msg Processed": "16/10/2019 21:51:57",
        "XML ID": "36116",
        "Total Lag": "0.4708963",
        "Create Lag": "0.4083475",
        "Process Lag": "0.0625488"
      },
      {
        "Direction": "Outbound",
        "Destination": "Tallaght",
        "Time": "00:00:25",
        "AVLS": "00:01:05",
        "Tram": "3017",
        "Action": "a",
        "Msg Sent": "16/10/2019 21:51:57",
        "Msg Received": "16/10/2019 21:51:57",
        "Msg Processed": "16/10/2019 21:51:57",
        "XML ID": "36116",
        "Total Lag": "0.5652858",
        "Create Lag": "0.4083475",
        "Process Lag": "0.1569383"
      },
      {
        "Direction": "Outbound",
        "Destination": "Tallaght",
        "Time": "00:11:58",
        "AVLS": "00:12:38",
        "Tram": "4009",
        "Action": "a",
        "Msg Sent": "16/10/2019 21:51:57",
        "Msg Received": "16/10/2019 21:51:57",
        "Msg Processed": "16/10/2019 21:51:57",
        "XML ID": "36116",
        "Total Lag": "0.7525927",
        "Create Lag": "0.4083475",
        "Process Lag": "0.3442452"
      }
    ]
  },
  {
    "stopID": "46",
    "stopQueryTime": 1571259120830,
    "count": 2,
    "results": [
      {
        "Direction": "Inbound",
        "Destination": "Broombridge",
        "Time": "00:10:33",
        "AVLS": "00:11:13",
        "Tram": "5003",
        "Action": "a",
        "Msg Sent": "16/10/2019 21:51:57",
        "Msg Received": "16/10/2019 21:51:57",
        "Msg Processed": "16/10/2019 21:51:57",
        "XML ID": "36117",
        "Total Lag": "0.8307295",
        "Create Lag": "0.7213477",
        "Process Lag": "0.1093818"
      },
      {
        "Direction": "Outbound",
        "Destination": "Bride's Glen",
        "Time": "00:08:17",
        "AVLS": "00:08:57",
        "Tram": "5030",
        "Action": "a",
        "Msg Sent": "16/10/2019 21:51:59",
        "Msg Received": "16/10/2019 21:51:59",
        "Msg Processed": "16/10/2019 21:51:59",
        "XML ID": "36118",
        "Total Lag": "0.4713597",
        "Create Lag": "0.4557342",
        "Process Lag": "0.0156255"
      }
    ]
  },
  {
    "stopID": "47",
    "stopQueryTime": 1571259120831,
    "count": 2,
    "results": [
      {
        "Direction": "Inbound",
        "Destination": "Broombridge",
        "Time": "00:08:32",
        "AVLS": "00:09:12",
        "Tram": "5003",
        "Action": "a",
        "Msg Sent": "16/10/2019 21:51:57",
        "Msg Received": "16/10/2019 21:51:57",
        "Msg Processed": "16/10/2019 21:51:57",
        "XML ID": "36117",
        "Total Lag": "0.8307295",
        "Create Lag": "0.7213477",
        "Process Lag": "0.1093818"
      },
      {
        "Direction": "Outbound",
        "Destination": "Bride's Glen",
        "Time": "00:10:14",
        "AVLS": "00:10:54",
        "Tram": "5030",
        "Action": "a",
        "Msg Sent": "16/10/2019 21:51:59",
        "Msg Received": "16/10/2019 21:51:59",
        "Msg Processed": "16/10/2019 21:51:59",
        "XML ID": "36118",
        "Total Lag": "0.4713597",
        "Create Lag": "0.4557342",
        "Process Lag": "0.0156255"
      }
    ]
  },
  {
    "stopID": "19",
    "stopQueryTime": 1571259120833,
    "count": 3,
    "results": [
      {
        "Direction": "Inbound",
        "Destination": "The Point",
        "Time": "00:16:38",
        "AVLS": "00:17:18",
        "Tram": "3025",
        "Action": "a",
        "Msg Sent": "16/10/2019 21:51:57",
        "Msg Received": "16/10/2019 21:51:57",
        "Msg Processed": "16/10/2019 21:51:57",
        "XML ID": "36116",
        "Total Lag": "0.6588458",
        "Create Lag": "0.4083475",
        "Process Lag": "0.2504983"
      },
      {
        "Direction": "Outbound",
        "Destination": "Tallaght",
        "Time": "00:03:27",
        "AVLS": "00:04:07",
        "Tram": "3009",
        "Action": "a",
        "Msg Sent": "16/10/2019 21:51:57",
        "Msg Received": "16/10/2019 21:51:57",
        "Msg Processed": "16/10/2019 21:51:57",
        "XML ID": "36116",
        "Total Lag": "0.4239774",
        "Create Lag": "0.4083475",
        "Process Lag": "0.0156299"
      },
      {
        "Direction": "Outbound",
        "Destination": "Tallaght",
        "Time": "00:16:00",
        "AVLS": "00:16:40",
        "Tram": "4006",
        "Action": "a",
        "Msg Sent": "16/10/2019 21:51:57",
        "Msg Received": "16/10/2019 21:51:57",
        "Msg Processed": "16/10/2019 21:51:57",
        "XML ID": "36116",
        "Total Lag": "0.7057164",
        "Create Lag": "0.4083475",
        "Process Lag": "0.2973689"
      }
    ]
  },
  {
    "stopID": "22",
    "stopQueryTime": 1571259120836,
    "count": 2,
    "results": [
      {
        "Direction": "Inbound",
        "Destination": "The Point",
        "Time": "00:06:51",
        "AVLS": "00:07:31",
        "Tram": "3002",
        "Action": "a",
        "Msg Sent": "16/10/2019 21:51:57",
        "Msg Received": "16/10/2019 21:51:57",
        "Msg Processed": "16/10/2019 21:51:57",
        "XML ID": "36116",
        "Total Lag": "0.4083475",
        "Create Lag": "0.4083475",
        "Process Lag": "0"
      },
      {
        "Direction": "Outbound",
        "Destination": "Tallaght",
        "Time": "00:07:56",
        "AVLS": "00:08:36",
        "Tram": "4006",
        "Action": "a",
        "Msg Sent": "16/10/2019 21:51:57",
        "Msg Received": "16/10/2019 21:51:57",
        "Msg Processed": "16/10/2019 21:51:57",
        "XML ID": "36116",
        "Total Lag": "0.7057164",
        "Create Lag": "0.4083475",
        "Process Lag": "0.2973689"
      }
    ]
  },
  {
    "stopID": "5",
    "stopQueryTime": 1571259120845,
    "count": 5,
    "results": [
      {
        "Direction": "Inbound",
        "Destination": "The Point",
        "Time": "00:00:57",
        "AVLS": "00:01:37",
        "Tram": "3012",
        "Action": "a",
        "Msg Sent": "16/10/2019 21:51:57",
        "Msg Received": "16/10/2019 21:51:57",
        "Msg Processed": "16/10/2019 21:51:57",
        "XML ID": "36116",
        "Total Lag": "0.4708963",
        "Create Lag": "0.4083475",
        "Process Lag": "0.0625488"
      },
      {
        "Direction": "Inbound",
        "Destination": "The Point",
        "Time": "00:15:17",
        "AVLS": "00:15:57",
        "Tram": "3016",
        "Action": "a",
        "Msg Sent": "16/10/2019 21:51:57",
        "Msg Received": "16/10/2019 21:51:57",
        "Msg Processed": "16/10/2019 21:51:57",
        "XML ID": "36116",
        "Total Lag": "0.5652858",
        "Create Lag": "0.4083475",
        "Process Lag": "0.1569383"
      },
      {
        "Direction": "Outbound",
        "Destination": "Tallaght",
        "Time": "00:00:00",
        "AVLS": "00:00:15",
        "Tram": "3014",
        "Action": "a",
        "Msg Sent": "16/10/2019 21:51:57",
        "Msg Received": "16/10/2019 21:51:57",
        "Msg Processed": "16/10/2019 21:51:57",
        "XML ID": "36116",
        "Total Lag": "0.502102",
        "Create Lag": "0.4083475",
        "Process Lag": "0.0937545"
      },
      {
        "Direction": "Outbound",
        "Destination": "Tallaght",
        "Time": "00:07:43",
        "AVLS": "00:08:23",
        "Tram": "3017",
        "Action": "a",
        "Msg Sent": "16/10/2019 21:51:57",
        "Msg Received": "16/10/2019 21:51:57",
        "Msg Processed": "16/10/2019 21:51:57",
        "XML ID": "36116",
        "Total Lag": "0.5807042",
        "Create Lag": "0.4083475",
        "Process Lag": "0.1723567"
      },
      {
        "Direction": "Outbound",
        "Destination": "Tallaght",
        "Time": "00:19:16",
        "AVLS": "00:19:56",
        "Tram": "4009",
        "Action": "a",
        "Msg Sent": "16/10/2019 21:51:57",
        "Msg Received": "16/10/2019 21:51:57",
        "Msg Processed": "16/10/2019 21:51:57",
        "XML ID": "36116",
        "Total Lag": "0.7682174",
        "Create Lag": "0.4083475",
        "Process Lag": "0.3598699"
      }
    ]
  },
  {
    "stopID": "44",
    "stopQueryTime": 1571259120848,
    "count": 2,
    "results": [
      {
        "Direction": "Inbound",
        "Destination": "Broombridge",
        "Time": "00:13:24",
        "AVLS": "00:14:04",
        "Tram": "5003",
        "Action": "a",
        "Msg Sent": "16/10/2019 21:51:57",
        "Msg Received": "16/10/2019 21:51:57",
        "Msg Processed": "16/10/2019 21:51:57",
        "XML ID": "36117",
        "Total Lag": "0.8463691",
        "Create Lag": "0.7213477",
        "Process Lag": "0.1250214"
      },
      {
        "Direction": "Outbound",
        "Destination": "Bride's Glen",
        "Time": "00:05:26",
        "AVLS": "00:06:06",
        "Tram": "5030",
        "Action": "a",
        "Msg Sent": "16/10/2019 21:51:59",
        "Msg Received": "16/10/2019 21:51:59",
        "Msg Processed": "16/10/2019 21:51:59",
        "XML ID": "36118",
        "Total Lag": "0.4557342",
        "Create Lag": "0.4557342",
        "Process Lag": "0"
      }
    ]
  },
  {
    "stopID": "43",
    "stopQueryTime": 1571259120850,
    "count": 2,
    "results": [
      {
        "Direction": "Inbound",
        "Destination": "Broombridge",
        "Time": "00:14:28",
        "AVLS": "00:15:08",
        "Tram": "5003",
        "Action": "a",
        "Msg Sent": "16/10/2019 21:51:57",
        "Msg Received": "16/10/2019 21:51:57",
        "Msg Processed": "16/10/2019 21:51:57",
        "XML ID": "36117",
        "Total Lag": "0.8463691",
        "Create Lag": "0.7213477",
        "Process Lag": "0.1250214"
      },
      {
        "Direction": "Outbound",
        "Destination": "Bride's Glen",
        "Time": "00:04:21",
        "AVLS": "00:05:01",
        "Tram": "5030",
        "Action": "a",
        "Msg Sent": "16/10/2019 21:51:59",
        "Msg Received": "16/10/2019 21:51:59",
        "Msg Processed": "16/10/2019 21:51:59",
        "XML ID": "36118",
        "Total Lag": "0.4557342",
        "Create Lag": "0.4557342",
        "Process Lag": "0"
      }
    ]
  },
  {
    "stopID": "39",
    "stopQueryTime": 1571259120856,
    "count": 3,
    "results": [
      {
        "Direction": "Inbound",
        "Destination": "Broombridge",
        "Time": "00:04:00",
        "AVLS": "00:04:40",
        "Tram": "5010",
        "Action": "a",
        "Msg Sent": "16/10/2019 21:51:57",
        "Msg Received": "16/10/2019 21:51:57",
        "Msg Processed": "16/10/2019 21:51:57",
        "XML ID": "36117",
        "Total Lag": "0.8932335",
        "Create Lag": "0.7213477",
        "Process Lag": "0.1718858"
      },
      {
        "Direction": "Outbound",
        "Destination": "Bride's Glen",
        "Time": "00:00:00",
        "AVLS": "00:00:00",
        "Tram": "5030",
        "Action": "a",
        "Msg Sent": "16/10/2019 21:51:49",
        "Msg Received": "16/10/2019 21:51:49",
        "Msg Processed": "16/10/2019 21:51:49",
        "XML ID": "36114",
        "Total Lag": "0.5169814",
        "Create Lag": "0.4701057",
        "Process Lag": "0.0468757"
      },
      {
        "Direction": "Outbound",
        "Destination": "Bride's Glen",
        "Time": "00:14:23",
        "AVLS": "00:15:03",
        "Tram": "5002",
        "Action": "a",
        "Msg Sent": "16/10/2019 21:51:57",
        "Msg Received": "16/10/2019 21:51:57",
        "Msg Processed": "16/10/2019 21:51:57",
        "XML ID": "36117",
        "Total Lag": "0.7994761",
        "Create Lag": "0.7213477",
        "Process Lag": "0.0781284"
      }
    ]
  },
  {
    "stopID": "57",
    "stopQueryTime": 1571259120859,
    "count": 2,
    "results": [
      {
        "Direction": "Outbound",
        "Destination": "Tallaght",
        "Time": "00:01:54",
        "AVLS": "00:02:34",
        "Tram": "4006",
        "Action": "d",
        "Msg Sent": "16/10/2019 21:51:57",
        "Msg Received": "16/10/2019 21:51:57",
        "Msg Processed": "16/10/2019 21:51:57",
        "XML ID": "36116",
        "Total Lag": "0.6900975",
        "Create Lag": "0.4083475",
        "Process Lag": "0.28175"
      },
      {
        "Direction": "Outbound",
        "Destination": "Tallaght",
        "Time": "00:13:54",
        "AVLS": "00:14:34",
        "Tram": "4002",
        "Action": "d",
        "Msg Sent": "16/10/2019 21:51:57",
        "Msg Received": "16/10/2019 21:51:57",
        "Msg Processed": "16/10/2019 21:51:57",
        "XML ID": "36116",
        "Total Lag": "0.6744728",
        "Create Lag": "0.4083475",
        "Process Lag": "0.2661253"
      }
    ]
  },
  {
    "stopID": "13",
    "stopQueryTime": 1571259120861,
    "count": 4,
    "results": [
      {
        "Direction": "Inbound",
        "Destination": "The Point",
        "Time": "00:05:19",
        "AVLS": "00:05:59",
        "Tram": "3025",
        "Action": "a",
        "Msg Sent": "16/10/2019 21:51:57",
        "Msg Received": "16/10/2019 21:51:57",
        "Msg Processed": "16/10/2019 21:51:57",
        "XML ID": "36116",
        "Total Lag": "0.6432132",
        "Create Lag": "0.4083475",
        "Process Lag": "0.2348657"
      },
      {
        "Direction": "Inbound",
        "Destination": "The Point",
        "Time": "00:16:49",
        "AVLS": "00:17:29",
        "Tram": "3012",
        "Action": "a",
        "Msg Sent": "16/10/2019 21:51:57",
        "Msg Received": "16/10/2019 21:51:57",
        "Msg Processed": "16/10/2019 21:51:57",
        "XML ID": "36116",
        "Total Lag": "0.502102",
        "Create Lag": "0.4083475",
        "Process Lag": "0.0937545"
      },
      {
        "Direction": "Outbound",
        "Destination": "Tallaght",
        "Time": "00:03:11",
        "AVLS": "00:03:51",
        "Tram": "4009",
        "Action": "a",
        "Msg Sent": "16/10/2019 21:51:57",
        "Msg Received": "16/10/2019 21:51:57",
        "Msg Processed": "16/10/2019 21:51:57",
        "XML ID": "36116",
        "Total Lag": "0.7369669",
        "Create Lag": "0.4083475",
        "Process Lag": "0.3286194"
      },
      {
        "Direction": "Outbound",
        "Destination": "Tallaght",
        "Time": "00:15:01",
        "AVLS": "00:15:41",
        "Tram": "3009",
        "Action": "a",
        "Msg Sent": "16/10/2019 21:51:57",
        "Msg Received": "16/10/2019 21:51:57",
        "Msg Processed": "16/10/2019 21:51:57",
        "XML ID": "36116",
        "Total Lag": "0.4396",
        "Create Lag": "0.4083475",
        "Process Lag": "0.0312525"
      }
    ]
  },
  {
    "stopID": "28",
    "stopQueryTime": 1571259120865,
    "count": 3,
    "results": [
      {
        "Direction": "Inbound",
        "Destination": "Broombridge",
        "Time": "00:09:29",
        "AVLS": "00:10:09",
        "Tram": "5013",
        "Action": "a",
        "Msg Sent": "16/10/2019 21:51:57",
        "Msg Received": "16/10/2019 21:51:57",
        "Msg Processed": "16/10/2019 21:51:57",
        "XML ID": "36117",
        "Total Lag": "0.9557441",
        "Create Lag": "0.7213477",
        "Process Lag": "0.2343964"
      },
      {
        "Direction": "Outbound",
        "Destination": "Sandyford",
        "Time": "00:04:21",
        "AVLS": "00:05:01",
        "Tram": "5023",
        "Action": "a",
        "Msg Sent": "16/10/2019 21:51:57",
        "Msg Received": "16/10/2019 21:51:57",
        "Msg Processed": "16/10/2019 21:51:58",
        "XML ID": "36117",
        "Total Lag": "1.0496538",
        "Create Lag": "0.7213477",
        "Process Lag": "0.3283061"
      },
      {
        "Direction": "Outbound",
        "Destination": "Bride's Glen",
        "Time": "00:10:11",
        "AVLS": "00:10:51",
        "Tram": "5028",
        "Action": "a",
        "Msg Sent": "16/10/2019 21:51:57",
        "Msg Received": "16/10/2019 21:51:57",
        "Msg Processed": "16/10/2019 21:51:58",
        "XML ID": "36117",
        "Total Lag": "1.080741",
        "Create Lag": "0.7213477",
        "Process Lag": "0.3593933"
      }
    ]
  },
  {
    "stopID": "24",
    "stopQueryTime": 1571259120869,
    "count": 4,
    "results": [
      {
        "Direction": "Inbound",
        "Destination": "Broombridge",
        "Time": "00:00:29",
        "AVLS": "00:01:09",
        "Tram": "5008",
        "Action": "a",
        "Msg Sent": "16/10/2019 21:51:57",
        "Msg Received": "16/10/2019 21:51:57",
        "Msg Processed": "16/10/2019 21:51:57",
        "XML ID": "36117",
        "Total Lag": "0.8620035",
        "Create Lag": "0.7213477",
        "Process Lag": "0.1406558"
      },
      {
        "Direction": "Inbound",
        "Destination": "Broombridge",
        "Time": "00:17:29",
        "AVLS": "00:18:09",
        "Tram": "5013",
        "Action": "a",
        "Msg Sent": "16/10/2019 21:51:57",
        "Msg Received": "16/10/2019 21:51:57",
        "Msg Processed": "16/10/2019 21:51:57",
        "XML ID": "36117",
        "Total Lag": "0.9713598",
        "Create Lag": "0.7213477",
        "Process Lag": "0.2500121"
      },
      {
        "Direction": "Outbound",
        "Destination": "Bride's Glen",
        "Time": "00:02:11",
        "AVLS": "00:02:51",
        "Tram": "5028",
        "Action": "a",
        "Msg Sent": "16/10/2019 21:51:57",
        "Msg Received": "16/10/2019 21:51:57",
        "Msg Processed": "16/10/2019 21:51:58",
        "XML ID": "36117",
        "Total Lag": "1.080741",
        "Create Lag": "0.7213477",
        "Process Lag": "0.3593933"
      },
      {
        "Direction": "Outbound",
        "Destination": "Bride's Glen",
        "Time": "00:19:07",
        "AVLS": "00:19:47",
        "Tram": "5012",
        "Action": "a",
        "Msg Sent": "16/10/2019 21:51:57",
        "Msg Received": "16/10/2019 21:51:57",
        "Msg Processed": "16/10/2019 21:51:57",
        "XML ID": "36117",
        "Total Lag": "0.9401084",
        "Create Lag": "0.7213477",
        "Process Lag": "0.2187607"
      }
    ]
  },
  {
    "stopID": "1",
    "stopQueryTime": 1571259120871,
    "count": 3,
    "results": [
      {
        "Direction": "Inbound",
        "Destination": "The Point",
        "Time": "00:07:24",
        "AVLS": "00:08:04",
        "Tram": "3016",
        "Action": "d",
        "Msg Sent": "16/10/2019 21:51:57",
        "Msg Received": "16/10/2019 21:51:57",
        "Msg Processed": "16/10/2019 21:51:57",
        "XML ID": "36116",
        "Total Lag": "0.5489798",
        "Create Lag": "0.4083475",
        "Process Lag": "0.1406323"
      },
      {
        "Direction": "Terminating",
        "Destination": "Tallaght",
        "Time": "00:07:20",
        "AVLS": "00:08:00",
        "Tram": "3014",
        "Action": "a",
        "Msg Sent": "16/10/2019 21:51:57",
        "Msg Received": "16/10/2019 21:51:57",
        "Msg Processed": "16/10/2019 21:51:57",
        "XML ID": "36116",
        "Total Lag": "0.5177261",
        "Create Lag": "0.4083475",
        "Process Lag": "0.1093786"
      },
      {
        "Direction": "Terminating",
        "Destination": "Tallaght",
        "Time": "00:15:28",
        "AVLS": "00:16:08",
        "Tram": "3017",
        "Action": "a",
        "Msg Sent": "16/10/2019 21:51:57",
        "Msg Received": "16/10/2019 21:51:57",
        "Msg Processed": "16/10/2019 21:51:57",
        "XML ID": "36116",
        "Total Lag": "0.5963405",
        "Create Lag": "0.4083475",
        "Process Lag": "0.187993"
      }
    ]
  },
  {
    "stopID": "20",
    "stopQueryTime": 1571259120876,
    "count": 4,
    "results": [
      {
        "Direction": "Inbound",
        "Destination": "The Point",
        "Time": "00:01:01",
        "AVLS": "00:01:41",
        "Tram": "3002",
        "Action": "a",
        "Msg Sent": "16/10/2019 21:51:57",
        "Msg Received": "16/10/2019 21:51:57",
        "Msg Processed": "16/10/2019 21:51:57",
        "XML ID": "36116",
        "Total Lag": "0.4083475",
        "Create Lag": "0.4083475",
        "Process Lag": "0"
      },
      {
        "Direction": "Inbound",
        "Destination": "The Point",
        "Time": "00:18:48",
        "AVLS": "00:19:28",
        "Tram": "3025",
        "Action": "a",
        "Msg Sent": "16/10/2019 21:51:57",
        "Msg Received": "16/10/2019 21:51:57",
        "Msg Processed": "16/10/2019 21:51:57",
        "XML ID": "36116",
        "Total Lag": "0.6588458",
        "Create Lag": "0.4083475",
        "Process Lag": "0.2504983"
      },
      {
        "Direction": "Outbound",
        "Destination": "Tallaght",
        "Time": "00:01:18",
        "AVLS": "00:01:58",
        "Tram": "3009",
        "Action": "a",
        "Msg Sent": "16/10/2019 21:51:57",
        "Msg Received": "16/10/2019 21:51:57",
        "Msg Processed": "16/10/2019 21:51:57",
        "XML ID": "36116",
        "Total Lag": "0.4239774",
        "Create Lag": "0.4083475",
        "Process Lag": "0.0156299"
      },
      {
        "Direction": "Outbound",
        "Destination": "Tallaght",
        "Time": "00:13:51",
        "AVLS": "00:14:31",
        "Tram": "4006",
        "Action": "a",
        "Msg Sent": "16/10/2019 21:51:57",
        "Msg Received": "16/10/2019 21:51:57",
        "Msg Processed": "16/10/2019 21:51:57",
        "XML ID": "36116",
        "Total Lag": "0.7057164",
        "Create Lag": "0.4083475",
        "Process Lag": "0.2973689"
      }
    ]
  },
  {
    "stopID": "30",
    "stopQueryTime": 1571259120878,
    "count": 3,
    "results": [
      {
        "Direction": "Inbound",
        "Destination": "Broombridge",
        "Time": "00:06:15",
        "AVLS": "00:06:55",
        "Tram": "5013",
        "Action": "a",
        "Msg Sent": "16/10/2019 21:51:57",
        "Msg Received": "16/10/2019 21:51:57",
        "Msg Processed": "16/10/2019 21:51:57",
        "XML ID": "36117",
        "Total Lag": "0.9557441",
        "Create Lag": "0.7213477",
        "Process Lag": "0.2343964"
      },
      {
        "Direction": "Outbound",
        "Destination": "Sandyford",
        "Time": "00:07:35",
        "AVLS": "00:08:15",
        "Tram": "5023",
        "Action": "a",
        "Msg Sent": "16/10/2019 21:51:57",
        "Msg Received": "16/10/2019 21:51:57",
        "Msg Processed": "16/10/2019 21:51:58",
        "XML ID": "36117",
        "Total Lag": "1.0496538",
        "Create Lag": "0.7213477",
        "Process Lag": "0.3283061"
      },
      {
        "Direction": "Outbound",
        "Destination": "Bride's Glen",
        "Time": "00:13:25",
        "AVLS": "00:14:05",
        "Tram": "5028",
        "Action": "a",
        "Msg Sent": "16/10/2019 21:51:57",
        "Msg Received": "16/10/2019 21:51:57",
        "Msg Processed": "16/10/2019 21:51:58",
        "XML ID": "36117",
        "Total Lag": "1.0963593",
        "Create Lag": "0.7213477",
        "Process Lag": "0.3750116"
      }
    ]
  },
  {
    "stopID": "3",
    "stopQueryTime": 1571259120880,
    "count": 3,
    "results": [
      {
        "Direction": "Inbound",
        "Destination": "The Point",
        "Time": "00:10:19",
        "AVLS": "00:10:59",
        "Tram": "3016",
        "Action": "a",
        "Msg Sent": "16/10/2019 21:51:57",
        "Msg Received": "16/10/2019 21:51:57",
        "Msg Processed": "16/10/2019 21:51:57",
        "XML ID": "36116",
        "Total Lag": "0.5489798",
        "Create Lag": "0.4083475",
        "Process Lag": "0.1406323"
      },
      {
        "Direction": "Outbound",
        "Destination": "Tallaght",
        "Time": "00:03:39",
        "AVLS": "00:04:19",
        "Tram": "3014",
        "Action": "a",
        "Msg Sent": "16/10/2019 21:51:57",
        "Msg Received": "16/10/2019 21:51:57",
        "Msg Processed": "16/10/2019 21:51:57",
        "XML ID": "36116",
        "Total Lag": "0.502102",
        "Create Lag": "0.4083475",
        "Process Lag": "0.0937545"
      },
      {
        "Direction": "Outbound",
        "Destination": "Tallaght",
        "Time": "00:11:47",
        "AVLS": "00:12:27",
        "Tram": "3017",
        "Action": "a",
        "Msg Sent": "16/10/2019 21:51:57",
        "Msg Received": "16/10/2019 21:51:57",
        "Msg Processed": "16/10/2019 21:51:57",
        "XML ID": "36116",
        "Total Lag": "0.5807042",
        "Create Lag": "0.4083475",
        "Process Lag": "0.1723567"
      }
    ]
  },
  {
    "stopID": "49",
    "stopQueryTime": 1571259120883,
    "count": 2,
    "results": [
      {
        "Direction": "Inbound",
        "Destination": "Belgard",
        "Time": "00:06:30",
        "AVLS": "00:07:10",
        "Tram": "3011",
        "Action": "a",
        "Msg Sent": "16/10/2019 21:51:57",
        "Msg Received": "16/10/2019 21:51:57",
        "Msg Processed": "16/10/2019 21:51:57",
        "XML ID": "36116",
        "Total Lag": "0.4708963",
        "Create Lag": "0.4083475",
        "Process Lag": "0.0625488"
      },
      {
        "Direction": "Outbound",
        "Destination": "Saggart",
        "Time": "00:07:21",
        "AVLS": "00:08:01",
        "Tram": "3018",
        "Action": "a",
        "Msg Sent": "16/10/2019 21:51:57",
        "Msg Received": "16/10/2019 21:51:57",
        "Msg Processed": "16/10/2019 21:51:57",
        "XML ID": "36116",
        "Total Lag": "0.6119653",
        "Create Lag": "0.4083475",
        "Process Lag": "0.2036178"
      }
    ]
  },
  {
    "stopID": "15",
    "stopQueryTime": 1571259120885,
    "count": 3,
    "results": [
      {
        "Direction": "Inbound",
        "Destination": "The Point",
        "Time": "00:07:59",
        "AVLS": "00:08:39",
        "Tram": "3025",
        "Action": "a",
        "Msg Sent": "16/10/2019 21:51:57",
        "Msg Received": "16/10/2019 21:51:57",
        "Msg Processed": "16/10/2019 21:51:57",
        "XML ID": "36116",
        "Total Lag": "0.6432132",
        "Create Lag": "0.4083475",
        "Process Lag": "0.2348657"
      },
      {
        "Direction": "Outbound",
        "Destination": "Tallaght",
        "Time": "00:00:12",
        "AVLS": "00:00:52",
        "Tram": "4009",
        "Action": "a",
        "Msg Sent": "16/10/2019 21:51:57",
        "Msg Received": "16/10/2019 21:51:57",
        "Msg Processed": "16/10/2019 21:51:57",
        "XML ID": "36116",
        "Total Lag": "0.7213477",
        "Create Lag": "0.4083475",
        "Process Lag": "0.3130002"
      },
      {
        "Direction": "Outbound",
        "Destination": "Tallaght",
        "Time": "00:12:02",
        "AVLS": "00:12:42",
        "Tram": "3009",
        "Action": "a",
        "Msg Sent": "16/10/2019 21:51:57",
        "Msg Received": "16/10/2019 21:51:57",
        "Msg Processed": "16/10/2019 21:51:57",
        "XML ID": "36116",
        "Total Lag": "0.4396",
        "Create Lag": "0.4083475",
        "Process Lag": "0.0312525"
      }
    ]
  },
  {
    "stopID": "36",
    "stopQueryTime": 1571259120897,
    "count": 2,
    "results": [
      {
        "Direction": "Inbound",
        "Destination": "Broombridge",
        "Time": "00:09:39",
        "AVLS": "00:10:19",
        "Tram": "5010",
        "Action": "a",
        "Msg Sent": "16/10/2019 21:51:57",
        "Msg Received": "16/10/2019 21:51:57",
        "Msg Processed": "16/10/2019 21:51:57",
        "XML ID": "36117",
        "Total Lag": "0.8932335",
        "Create Lag": "0.7213477",
        "Process Lag": "0.1718858"
      },
      {
        "Direction": "Outbound",
        "Destination": "Bride's Glen",
        "Time": "00:08:37",
        "AVLS": "00:09:17",
        "Tram": "5002",
        "Action": "a",
        "Msg Sent": "16/10/2019 21:51:57",
        "Msg Received": "16/10/2019 21:51:57",
        "Msg Processed": "16/10/2019 21:51:57",
        "XML ID": "36117",
        "Total Lag": "0.7838422",
        "Create Lag": "0.7213477",
        "Process Lag": "0.0624945"
      }
    ]
  },
  {
    "stopID": "34",
    "stopQueryTime": 1571259120901,
    "count": 4,
    "results": [
      {
        "Direction": "Inbound",
        "Destination": "Broombridge",
        "Time": "00:00:00",
        "AVLS": "00:00:00",
        "Tram": "5013",
        "Action": "a",
        "Msg Sent": "16/10/2019 21:51:42",
        "Msg Received": "16/10/2019 21:51:42",
        "Msg Processed": "16/10/2019 21:51:42",
        "XML ID": "36110",
        "Total Lag": "0.6252864",
        "Create Lag": "0.6252864",
        "Process Lag": "0"
      },
      {
        "Direction": "Inbound",
        "Destination": "Broombridge",
        "Time": "00:13:14",
        "AVLS": "00:13:54",
        "Tram": "5010",
        "Action": "a",
        "Msg Sent": "16/10/2019 21:51:57",
        "Msg Received": "16/10/2019 21:51:57",
        "Msg Processed": "16/10/2019 21:51:57",
        "XML ID": "36117",
        "Total Lag": "0.9088673",
        "Create Lag": "0.7213477",
        "Process Lag": "0.1875196"
      },
      {
        "Direction": "Outbound",
        "Destination": "Bride's Glen",
        "Time": "00:05:37",
        "AVLS": "00:06:17",
        "Tram": "5002",
        "Action": "a",
        "Msg Sent": "16/10/2019 21:51:57",
        "Msg Received": "16/10/2019 21:51:57",
        "Msg Processed": "16/10/2019 21:51:57",
        "XML ID": "36117",
        "Total Lag": "0.7838422",
        "Create Lag": "0.7213477",
        "Process Lag": "0.0624945"
      },
      {
        "Direction": "Outbound",
        "Destination": "Sandyford",
        "Time": "00:14:21",
        "AVLS": "00:15:01",
        "Tram": "5023",
        "Action": "a",
        "Msg Sent": "16/10/2019 21:51:57",
        "Msg Received": "16/10/2019 21:51:57",
        "Msg Processed": "16/10/2019 21:51:58",
        "XML ID": "36117",
        "Total Lag": "1.0651198",
        "Create Lag": "0.7213477",
        "Process Lag": "0.3437721"
      }
    ]
  },
  {
    "stopID": "35",
    "stopQueryTime": 1571259120903,
    "count": 4,
    "results": [
      {
        "Direction": "Inbound",
        "Destination": "Broombridge",
        "Time": "00:11:14",
        "AVLS": "00:11:54",
        "Tram": "5010",
        "Action": "a",
        "Msg Sent": "16/10/2019 21:51:57",
        "Msg Received": "16/10/2019 21:51:57",
        "Msg Processed": "16/10/2019 21:51:57",
        "XML ID": "36117",
        "Total Lag": "0.9088673",
        "Create Lag": "0.7213477",
        "Process Lag": "0.1875196"
      },
      {
        "Direction": "Outbound",
        "Destination": "Sandyford",
        "Time": "00:00:00",
        "AVLS": "00:00:14",
        "Tram": "5027",
        "Action": "a",
        "Msg Sent": "16/10/2019 21:51:57",
        "Msg Received": "16/10/2019 21:51:57",
        "Msg Processed": "16/10/2019 21:51:58",
        "XML ID": "36117",
        "Total Lag": "1.0651198",
        "Create Lag": "0.7213477",
        "Process Lag": "0.3437721"
      },
      {
        "Direction": "Outbound",
        "Destination": "Bride's Glen",
        "Time": "00:07:16",
        "AVLS": "00:07:56",
        "Tram": "5002",
        "Action": "a",
        "Msg Sent": "16/10/2019 21:51:57",
        "Msg Received": "16/10/2019 21:51:57",
        "Msg Processed": "16/10/2019 21:51:57",
        "XML ID": "36117",
        "Total Lag": "0.7838422",
        "Create Lag": "0.7213477",
        "Process Lag": "0.0624945"
      },
      {
        "Direction": "Outbound",
        "Destination": "Sandyford",
        "Time": "00:16:00",
        "AVLS": "00:16:40",
        "Tram": "5023",
        "Action": "a",
        "Msg Sent": "16/10/2019 21:51:57",
        "Msg Received": "16/10/2019 21:51:57",
        "Msg Processed": "16/10/2019 21:51:58",
        "XML ID": "36117",
        "Total Lag": "1.0651198",
        "Create Lag": "0.7213477",
        "Process Lag": "0.3437721"
      }
    ]
  },
  {
    "stopID": "4",
    "stopQueryTime": 1571259120908,
    "count": 6,
    "results": [
      {
        "Direction": "Inbound",
        "Destination": "The Point",
        "Time": "00:00:00",
        "AVLS": "00:00:00",
        "Tram": "3012",
        "Action": "a",
        "Msg Sent": "16/10/2019 21:51:42",
        "Msg Received": "16/10/2019 21:51:42",
        "Msg Processed": "16/10/2019 21:51:42",
        "XML ID": "36110",
        "Total Lag": "0.7034098",
        "Create Lag": "0.6252864",
        "Process Lag": "0.0781234"
      },
      {
        "Direction": "Inbound",
        "Destination": "The Point",
        "Time": "00:13:24",
        "AVLS": "00:14:04",
        "Tram": "3016",
        "Action": "a",
        "Msg Sent": "16/10/2019 21:51:57",
        "Msg Received": "16/10/2019 21:51:57",
        "Msg Processed": "16/10/2019 21:51:57",
        "XML ID": "36116",
        "Total Lag": "0.5489798",
        "Create Lag": "0.4083475",
        "Process Lag": "0.1406323"
      },
      {
        "Direction": "Outbound",
        "Destination": "Tallaght",
        "Time": "00:01:20",
        "AVLS": "00:02:00",
        "Tram": "3014",
        "Action": "a",
        "Msg Sent": "16/10/2019 21:51:57",
        "Msg Received": "16/10/2019 21:51:57",
        "Msg Processed": "16/10/2019 21:51:57",
        "XML ID": "36116",
        "Total Lag": "0.502102",
        "Create Lag": "0.4083475",
        "Process Lag": "0.0937545"
      },
      {
        "Direction": "Outbound",
        "Destination": "Saggart",
        "Time": "00:03:54",
        "AVLS": "00:04:34",
        "Tram": "3018",
        "Action": "a",
        "Msg Sent": "16/10/2019 21:51:57",
        "Msg Received": "16/10/2019 21:51:57",
        "Msg Processed": "16/10/2019 21:51:57",
        "XML ID": "36116",
        "Total Lag": "0.5963405",
        "Create Lag": "0.4083475",
        "Process Lag": "0.187993"
      },
      {
        "Direction": "Outbound",
        "Destination": "Tallaght",
        "Time": "00:09:28",
        "AVLS": "00:10:08",
        "Tram": "3017",
        "Action": "a",
        "Msg Sent": "16/10/2019 21:51:57",
        "Msg Received": "16/10/2019 21:51:57",
        "Msg Processed": "16/10/2019 21:51:57",
        "XML ID": "36116",
        "Total Lag": "0.5807042",
        "Create Lag": "0.4083475",
        "Process Lag": "0.1723567"
      },
      {
        "Direction": "Outbound",
        "Destination": "Saggart",
        "Time": "00:14:54",
        "AVLS": "00:15:34",
        "Tram": "3011",
        "Action": "a",
        "Msg Sent": "16/10/2019 21:51:57",
        "Msg Received": "16/10/2019 21:51:57",
        "Msg Processed": "16/10/2019 21:51:57",
        "XML ID": "36116",
        "Total Lag": "0.4708963",
        "Create Lag": "0.4083475",
        "Process Lag": "0.0625488"
      }
    ]
  },
  {
    "stopID": "40",
    "stopQueryTime": 1571259120911,
    "count": 4,
    "results": [
      {
        "Direction": "Inbound",
        "Destination": "Broombridge",
        "Time": "00:02:30",
        "AVLS": "00:03:10",
        "Tram": "5010",
        "Action": "a",
        "Msg Sent": "16/10/2019 21:51:57",
        "Msg Received": "16/10/2019 21:51:57",
        "Msg Processed": "16/10/2019 21:51:57",
        "XML ID": "36117",
        "Total Lag": "0.8932335",
        "Create Lag": "0.7213477",
        "Process Lag": "0.1718858"
      },
      {
        "Direction": "Inbound",
        "Destination": "Broombridge",
        "Time": "00:18:15",
        "AVLS": "00:18:55",
        "Tram": "5003",
        "Action": "a",
        "Msg Sent": "16/10/2019 21:51:57",
        "Msg Received": "16/10/2019 21:51:57",
        "Msg Processed": "16/10/2019 21:51:57",
        "XML ID": "36117",
        "Total Lag": "0.8620035",
        "Create Lag": "0.7213477",
        "Process Lag": "0.1406558"
      },
      {
        "Direction": "Outbound",
        "Destination": "Bride's Glen",
        "Time": "00:00:40",
        "AVLS": "00:01:20",
        "Tram": "5030",
        "Action": "a",
        "Msg Sent": "16/10/2019 21:51:57",
        "Msg Received": "16/10/2019 21:51:57",
        "Msg Processed": "16/10/2019 21:51:58",
        "XML ID": "36117",
        "Total Lag": "1.1119958",
        "Create Lag": "0.7213477",
        "Process Lag": "0.3906481"
      },
      {
        "Direction": "Outbound",
        "Destination": "Bride's Glen",
        "Time": "00:15:51",
        "AVLS": "00:16:31",
        "Tram": "5002",
        "Action": "a",
        "Msg Sent": "16/10/2019 21:51:57",
        "Msg Received": "16/10/2019 21:51:57",
        "Msg Processed": "16/10/2019 21:51:57",
        "XML ID": "36117",
        "Total Lag": "0.8150924",
        "Create Lag": "0.7213477",
        "Process Lag": "0.0937447"
      }
    ]
  },
  {
    "stopID": "6",
    "stopQueryTime": 1571259120913,
    "count": 4,
    "results": [
      {
        "Direction": "Inbound",
        "Destination": "The Point",
        "Time": "00:04:04",
        "AVLS": "00:04:44",
        "Tram": "3012",
        "Action": "a",
        "Msg Sent": "16/10/2019 21:51:57",
        "Msg Received": "16/10/2019 21:51:57",
        "Msg Processed": "16/10/2019 21:51:57",
        "XML ID": "36116",
        "Total Lag": "0.4708963",
        "Create Lag": "0.4083475",
        "Process Lag": "0.0625488"
      },
      {
        "Direction": "Inbound",
        "Destination": "The Point",
        "Time": "00:18:24",
        "AVLS": "00:19:04",
        "Tram": "3016",
        "Action": "a",
        "Msg Sent": "16/10/2019 21:51:57",
        "Msg Received": "16/10/2019 21:51:57",
        "Msg Processed": "16/10/2019 21:51:57",
        "XML ID": "36116",
        "Total Lag": "0.5652858",
        "Create Lag": "0.4083475",
        "Process Lag": "0.1569383"
      },
      {
        "Direction": "Outbound",
        "Destination": "Tallaght",
        "Time": "00:04:28",
        "AVLS": "00:05:08",
        "Tram": "3017",
        "Action": "a",
        "Msg Sent": "16/10/2019 21:51:57",
        "Msg Received": "16/10/2019 21:51:57",
        "Msg Processed": "16/10/2019 21:51:57",
        "XML ID": "36116",
        "Total Lag": "0.5652858",
        "Create Lag": "0.4083475",
        "Process Lag": "0.1569383"
      },
      {
        "Direction": "Outbound",
        "Destination": "Tallaght",
        "Time": "00:16:01",
        "AVLS": "00:16:41",
        "Tram": "4009",
        "Action": "a",
        "Msg Sent": "16/10/2019 21:51:57",
        "Msg Received": "16/10/2019 21:51:57",
        "Msg Processed": "16/10/2019 21:51:57",
        "XML ID": "36116",
        "Total Lag": "0.7682174",
        "Create Lag": "0.4083475",
        "Process Lag": "0.3598699"
      }
    ]
  },
  {
    "stopID": "32",
    "stopQueryTime": 1571259120917,
    "count": 5,
    "results": [
      {
        "Direction": "Inbound",
        "Destination": "Broombridge",
        "Time": "00:02:29",
        "AVLS": "00:03:09",
        "Tram": "5013",
        "Action": "a",
        "Msg Sent": "16/10/2019 21:51:57",
        "Msg Received": "16/10/2019 21:51:57",
        "Msg Processed": "16/10/2019 21:51:57",
        "XML ID": "36117",
        "Total Lag": "0.9557441",
        "Create Lag": "0.7213477",
        "Process Lag": "0.2343964"
      },
      {
        "Direction": "Inbound",
        "Destination": "Broombridge",
        "Time": "00:16:39",
        "AVLS": "00:17:19",
        "Tram": "5010",
        "Action": "a",
        "Msg Sent": "16/10/2019 21:51:57",
        "Msg Received": "16/10/2019 21:51:57",
        "Msg Processed": "16/10/2019 21:51:57",
        "XML ID": "36117",
        "Total Lag": "0.9088673",
        "Create Lag": "0.7213477",
        "Process Lag": "0.1875196"
      },
      {
        "Direction": "Outbound",
        "Destination": "Bride's Glen",
        "Time": "00:02:37",
        "AVLS": "00:03:17",
        "Tram": "5002",
        "Action": "a",
        "Msg Sent": "16/10/2019 21:51:57",
        "Msg Received": "16/10/2019 21:51:57",
        "Msg Processed": "16/10/2019 21:51:57",
        "XML ID": "36117",
        "Total Lag": "0.7682174",
        "Create Lag": "0.7213477",
        "Process Lag": "0.0468697"
      },
      {
        "Direction": "Outbound",
        "Destination": "Sandyford",
        "Time": "00:11:21",
        "AVLS": "00:12:01",
        "Tram": "5023",
        "Action": "a",
        "Msg Sent": "16/10/2019 21:51:57",
        "Msg Received": "16/10/2019 21:51:57",
        "Msg Processed": "16/10/2019 21:51:58",
        "XML ID": "36117",
        "Total Lag": "1.0651198",
        "Create Lag": "0.7213477",
        "Process Lag": "0.3437721"
      },
      {
        "Direction": "Outbound",
        "Destination": "Bride's Glen",
        "Time": "00:17:11",
        "AVLS": "00:17:51",
        "Tram": "5028",
        "Action": "a",
        "Msg Sent": "16/10/2019 21:51:57",
        "Msg Received": "16/10/2019 21:51:57",
        "Msg Processed": "16/10/2019 21:51:58",
        "XML ID": "36117",
        "Total Lag": "1.0963593",
        "Create Lag": "0.7213477",
        "Process Lag": "0.3750116"
      }
    ]
  },
  {
    "stopID": "54",
    "stopQueryTime": 1571259120919,
    "count": 3,
    "results": [
      {
        "Direction": "Inbound",
        "Destination": "The Point",
        "Time": "00:08:45",
        "AVLS": "00:09:25",
        "Tram": "3002",
        "Action": "a",
        "Msg Sent": "16/10/2019 21:51:57",
        "Msg Received": "16/10/2019 21:51:57",
        "Msg Processed": "16/10/2019 21:51:57",
        "XML ID": "36116",
        "Total Lag": "0.4083475",
        "Create Lag": "0.4083475",
        "Process Lag": "0"
      },
      {
        "Direction": "Outbound",
        "Destination": "Tallaght",
        "Time": "00:06:00",
        "AVLS": "00:06:40",
        "Tram": "4006",
        "Action": "a",
        "Msg Sent": "16/10/2019 21:51:57",
        "Msg Received": "16/10/2019 21:51:57",
        "Msg Processed": "16/10/2019 21:51:57",
        "XML ID": "36116",
        "Total Lag": "0.7057164",
        "Create Lag": "0.4083475",
        "Process Lag": "0.2973689"
      },
      {
        "Direction": "Outbound",
        "Destination": "Tallaght",
        "Time": "00:18:00",
        "AVLS": "00:18:40",
        "Tram": "4002",
        "Action": "a",
        "Msg Sent": "16/10/2019 21:51:57",
        "Msg Received": "16/10/2019 21:51:57",
        "Msg Processed": "16/10/2019 21:51:57",
        "XML ID": "36116",
        "Total Lag": "0.6744728",
        "Create Lag": "0.4083475",
        "Process Lag": "0.2661253"
      }
    ]
  },
  {
    "stopID": "12",
    "stopQueryTime": 1571259120922,
    "count": 4,
    "results": [
      {
        "Direction": "Inbound",
        "Destination": "The Point",
        "Time": "00:03:41",
        "AVLS": "00:04:21",
        "Tram": "3025",
        "Action": "a",
        "Msg Sent": "16/10/2019 21:51:57",
        "Msg Received": "16/10/2019 21:51:57",
        "Msg Processed": "16/10/2019 21:51:57",
        "XML ID": "36116",
        "Total Lag": "0.6275899",
        "Create Lag": "0.4083475",
        "Process Lag": "0.2192424"
      },
      {
        "Direction": "Inbound",
        "Destination": "The Point",
        "Time": "00:15:11",
        "AVLS": "00:15:51",
        "Tram": "3012",
        "Action": "a",
        "Msg Sent": "16/10/2019 21:51:57",
        "Msg Received": "16/10/2019 21:51:57",
        "Msg Processed": "16/10/2019 21:51:57",
        "XML ID": "36116",
        "Total Lag": "0.4864952",
        "Create Lag": "0.4083475",
        "Process Lag": "0.0781477"
      },
      {
        "Direction": "Outbound",
        "Destination": "Tallaght",
        "Time": "00:04:52",
        "AVLS": "00:05:32",
        "Tram": "4009",
        "Action": "a",
        "Msg Sent": "16/10/2019 21:51:57",
        "Msg Received": "16/10/2019 21:51:57",
        "Msg Processed": "16/10/2019 21:51:57",
        "XML ID": "36116",
        "Total Lag": "0.7369669",
        "Create Lag": "0.4083475",
        "Process Lag": "0.3286194"
      },
      {
        "Direction": "Outbound",
        "Destination": "Tallaght",
        "Time": "00:16:42",
        "AVLS": "00:17:22",
        "Tram": "3009",
        "Action": "a",
        "Msg Sent": "16/10/2019 21:51:57",
        "Msg Received": "16/10/2019 21:51:57",
        "Msg Processed": "16/10/2019 21:51:57",
        "XML ID": "36116",
        "Total Lag": "0.4396",
        "Create Lag": "0.4083475",
        "Process Lag": "0.0312525"
      }
    ]
  },
  {
    "stopID": "14",
    "stopQueryTime": 1571259120930,
    "count": 4,
    "results": [
      {
        "Direction": "Inbound",
        "Destination": "The Point",
        "Time": "00:06:15",
        "AVLS": "00:06:55",
        "Tram": "3025",
        "Action": "a",
        "Msg Sent": "16/10/2019 21:51:57",
        "Msg Received": "16/10/2019 21:51:57",
        "Msg Processed": "16/10/2019 21:51:57",
        "XML ID": "36116",
        "Total Lag": "0.6432132",
        "Create Lag": "0.4083475",
        "Process Lag": "0.2348657"
      },
      {
        "Direction": "Inbound",
        "Destination": "The Point",
        "Time": "00:17:45",
        "AVLS": "00:18:25",
        "Tram": "3012",
        "Action": "a",
        "Msg Sent": "16/10/2019 21:51:57",
        "Msg Received": "16/10/2019 21:51:57",
        "Msg Processed": "16/10/2019 21:51:57",
        "XML ID": "36116",
        "Total Lag": "0.502102",
        "Create Lag": "0.4083475",
        "Process Lag": "0.0937545"
      },
      {
        "Direction": "Outbound",
        "Destination": "Tallaght",
        "Time": "00:02:11",
        "AVLS": "00:02:51",
        "Tram": "4009",
        "Action": "a",
        "Msg Sent": "16/10/2019 21:51:57",
        "Msg Received": "16/10/2019 21:51:57",
        "Msg Processed": "16/10/2019 21:51:57",
        "XML ID": "36116",
        "Total Lag": "0.7213477",
        "Create Lag": "0.4083475",
        "Process Lag": "0.3130002"
      },
      {
        "Direction": "Outbound",
        "Destination": "Tallaght",
        "Time": "00:14:01",
        "AVLS": "00:14:41",
        "Tram": "3009",
        "Action": "a",
        "Msg Sent": "16/10/2019 21:51:57",
        "Msg Received": "16/10/2019 21:51:57",
        "Msg Processed": "16/10/2019 21:51:57",
        "XML ID": "36116",
        "Total Lag": "0.4396",
        "Create Lag": "0.4083475",
        "Process Lag": "0.0312525"
      }
    ]
  },
  {
    "stopID": "50",
    "stopQueryTime": 1571259120932,
    "count": 3,
    "results": [
      {
        "Direction": "Inbound",
        "Destination": "Belgard",
        "Time": "00:04:42",
        "AVLS": "00:05:22",
        "Tram": "3011",
        "Action": "a",
        "Msg Sent": "16/10/2019 21:51:57",
        "Msg Received": "16/10/2019 21:51:57",
        "Msg Processed": "16/10/2019 21:51:57",
        "XML ID": "36116",
        "Total Lag": "0.4552267",
        "Create Lag": "0.4083475",
        "Process Lag": "0.0468792"
      },
      {
        "Direction": "Outbound",
        "Destination": "Saggart",
        "Time": "00:00:00",
        "AVLS": "00:00:09",
        "Tram": "3015",
        "Action": "a",
        "Msg Sent": "16/10/2019 21:51:57",
        "Msg Received": "16/10/2019 21:51:57",
        "Msg Processed": "16/10/2019 21:51:57",
        "XML ID": "36116",
        "Total Lag": "0.5177261",
        "Create Lag": "0.4083475",
        "Process Lag": "0.1093786"
      },
      {
        "Direction": "Outbound",
        "Destination": "Saggart",
        "Time": "00:09:07",
        "AVLS": "00:09:47",
        "Tram": "3018",
        "Action": "a",
        "Msg Sent": "16/10/2019 21:51:57",
        "Msg Received": "16/10/2019 21:51:57",
        "Msg Processed": "16/10/2019 21:51:57",
        "XML ID": "36116",
        "Total Lag": "0.6119653",
        "Create Lag": "0.4083475",
        "Process Lag": "0.2036178"
      }
    ]
  },
  {
    "stopID": "55",
    "stopQueryTime": 1571259120934,
    "count": 3,
    "results": [
      {
        "Direction": "Inbound",
        "Destination": "The Point",
        "Time": "00:10:01",
        "AVLS": "00:10:41",
        "Tram": "3002",
        "Action": "a",
        "Msg Sent": "16/10/2019 21:51:57",
        "Msg Received": "16/10/2019 21:51:57",
        "Msg Processed": "16/10/2019 21:51:57",
        "XML ID": "36116",
        "Total Lag": "0.4083475",
        "Create Lag": "0.4083475",
        "Process Lag": "0"
      },
      {
        "Direction": "Outbound",
        "Destination": "Tallaght",
        "Time": "00:04:32",
        "AVLS": "00:05:12",
        "Tram": "4006",
        "Action": "a",
        "Msg Sent": "16/10/2019 21:51:57",
        "Msg Received": "16/10/2019 21:51:57",
        "Msg Processed": "16/10/2019 21:51:57",
        "XML ID": "36116",
        "Total Lag": "0.6900975",
        "Create Lag": "0.4083475",
        "Process Lag": "0.28175"
      },
      {
        "Direction": "Outbound",
        "Destination": "Tallaght",
        "Time": "00:16:32",
        "AVLS": "00:17:12",
        "Tram": "4002",
        "Action": "a",
        "Msg Sent": "16/10/2019 21:51:57",
        "Msg Received": "16/10/2019 21:51:57",
        "Msg Processed": "16/10/2019 21:51:57",
        "XML ID": "36116",
        "Total Lag": "0.6744728",
        "Create Lag": "0.4083475",
        "Process Lag": "0.2661253"
      }
    ]
  },
  {
    "stopID": "33",
    "stopQueryTime": 1571259120939,
    "count": 5,
    "results": [
      {
        "Direction": "Inbound",
        "Destination": "Broombridge",
        "Time": "00:00:47",
        "AVLS": "00:01:27",
        "Tram": "5013",
        "Action": "a",
        "Msg Sent": "16/10/2019 21:51:57",
        "Msg Received": "16/10/2019 21:51:57",
        "Msg Processed": "16/10/2019 21:51:57",
        "XML ID": "36117",
        "Total Lag": "0.9401084",
        "Create Lag": "0.7213477",
        "Process Lag": "0.2187607"
      },
      {
        "Direction": "Inbound",
        "Destination": "Broombridge",
        "Time": "00:14:57",
        "AVLS": "00:15:37",
        "Tram": "5010",
        "Action": "a",
        "Msg Sent": "16/10/2019 21:51:57",
        "Msg Received": "16/10/2019 21:51:57",
        "Msg Processed": "16/10/2019 21:51:57",
        "XML ID": "36117",
        "Total Lag": "0.9088673",
        "Create Lag": "0.7213477",
        "Process Lag": "0.1875196"
      },
      {
        "Direction": "Outbound",
        "Destination": "Bride's Glen",
        "Time": "00:04:03",
        "AVLS": "00:04:43",
        "Tram": "5002",
        "Action": "a",
        "Msg Sent": "16/10/2019 21:51:57",
        "Msg Received": "16/10/2019 21:51:57",
        "Msg Processed": "16/10/2019 21:51:57",
        "XML ID": "36117",
        "Total Lag": "0.7682174",
        "Create Lag": "0.7213477",
        "Process Lag": "0.0468697"
      },
      {
        "Direction": "Outbound",
        "Destination": "Sandyford",
        "Time": "00:12:47",
        "AVLS": "00:13:27",
        "Tram": "5023",
        "Action": "a",
        "Msg Sent": "16/10/2019 21:51:57",
        "Msg Received": "16/10/2019 21:51:57",
        "Msg Processed": "16/10/2019 21:51:58",
        "XML ID": "36117",
        "Total Lag": "1.0651198",
        "Create Lag": "0.7213477",
        "Process Lag": "0.3437721"
      },
      {
        "Direction": "Outbound",
        "Destination": "Bride's Glen",
        "Time": "00:18:37",
        "AVLS": "00:19:17",
        "Tram": "5028",
        "Action": "a",
        "Msg Sent": "16/10/2019 21:51:57",
        "Msg Received": "16/10/2019 21:51:57",
        "Msg Processed": "16/10/2019 21:51:58",
        "XML ID": "36117",
        "Total Lag": "1.0963593",
        "Create Lag": "0.7213477",
        "Process Lag": "0.3750116"
      }
    ]
  },
  {
    "stopID": "42",
    "stopQueryTime": 1571259120943,
    "count": 4,
    "results": [
      {
        "Direction": "Inbound",
        "Destination": "Broombridge",
        "Time": "00:00:19",
        "AVLS": "00:00:59",
        "Tram": "5010",
        "Action": "a",
        "Msg Sent": "16/10/2019 21:51:57",
        "Msg Received": "16/10/2019 21:51:57",
        "Msg Processed": "16/10/2019 21:51:57",
        "XML ID": "36117",
        "Total Lag": "0.8776165",
        "Create Lag": "0.7213477",
        "Process Lag": "0.1562688"
      },
      {
        "Direction": "Inbound",
        "Destination": "Broombridge",
        "Time": "00:16:04",
        "AVLS": "00:16:44",
        "Tram": "5003",
        "Action": "a",
        "Msg Sent": "16/10/2019 21:51:57",
        "Msg Received": "16/10/2019 21:51:57",
        "Msg Processed": "16/10/2019 21:51:57",
        "XML ID": "36117",
        "Total Lag": "0.8463691",
        "Create Lag": "0.7213477",
        "Process Lag": "0.1250214"
      },
      {
        "Direction": "Outbound",
        "Destination": "Bride's Glen",
        "Time": "00:02:48",
        "AVLS": "00:03:28",
        "Tram": "5030",
        "Action": "a",
        "Msg Sent": "16/10/2019 21:51:59",
        "Msg Received": "16/10/2019 21:51:59",
        "Msg Processed": "16/10/2019 21:51:59",
        "XML ID": "36118",
        "Total Lag": "0.4557342",
        "Create Lag": "0.4557342",
        "Process Lag": "0"
      },
      {
        "Direction": "Outbound",
        "Destination": "Bride's Glen",
        "Time": "00:17:59",
        "AVLS": "00:18:39",
        "Tram": "5002",
        "Action": "a",
        "Msg Sent": "16/10/2019 21:51:57",
        "Msg Received": "16/10/2019 21:51:57",
        "Msg Processed": "16/10/2019 21:51:57",
        "XML ID": "36117",
        "Total Lag": "0.8150924",
        "Create Lag": "0.7213477",
        "Process Lag": "0.0937447"
      }
    ]
  },
  {
    "stopID": "11",
    "stopQueryTime": 1571259120948,
    "count": 4,
    "results": [
      {
        "Direction": "Inbound",
        "Destination": "The Point",
        "Time": "00:02:39",
        "AVLS": "00:03:19",
        "Tram": "3025",
        "Action": "a",
        "Msg Sent": "16/10/2019 21:51:57",
        "Msg Received": "16/10/2019 21:51:57",
        "Msg Processed": "16/10/2019 21:51:57",
        "XML ID": "36116",
        "Total Lag": "0.6275899",
        "Create Lag": "0.4083475",
        "Process Lag": "0.2192424"
      },
      {
        "Direction": "Inbound",
        "Destination": "The Point",
        "Time": "00:14:09",
        "AVLS": "00:14:49",
        "Tram": "3012",
        "Action": "a",
        "Msg Sent": "16/10/2019 21:51:57",
        "Msg Received": "16/10/2019 21:51:57",
        "Msg Processed": "16/10/2019 21:51:57",
        "XML ID": "36116",
        "Total Lag": "0.4864952",
        "Create Lag": "0.4083475",
        "Process Lag": "0.0781477"
      },
      {
        "Direction": "Outbound",
        "Destination": "Tallaght",
        "Time": "00:05:57",
        "AVLS": "00:06:37",
        "Tram": "4009",
        "Action": "a",
        "Msg Sent": "16/10/2019 21:51:57",
        "Msg Received": "16/10/2019 21:51:57",
        "Msg Processed": "16/10/2019 21:51:57",
        "XML ID": "36116",
        "Total Lag": "0.7525927",
        "Create Lag": "0.4083475",
        "Process Lag": "0.3442452"
      },
      {
        "Direction": "Outbound",
        "Destination": "Tallaght",
        "Time": "00:17:47",
        "AVLS": "00:18:27",
        "Tram": "3009",
        "Action": "a",
        "Msg Sent": "16/10/2019 21:51:57",
        "Msg Received": "16/10/2019 21:51:57",
        "Msg Processed": "16/10/2019 21:51:57",
        "XML ID": "36116",
        "Total Lag": "0.4396",
        "Create Lag": "0.4083475",
        "Process Lag": "0.0312525"
      }
    ]
  },
  {
    "stopID": "52",
    "stopQueryTime": 1571259120951,
    "count": 4,
    "results": [
      {
        "Direction": "Inbound",
        "Destination": "Belgard",
        "Time": "00:01:39",
        "AVLS": "00:02:19",
        "Tram": "3011",
        "Action": "a",
        "Msg Sent": "16/10/2019 21:51:57",
        "Msg Received": "16/10/2019 21:51:57",
        "Msg Processed": "16/10/2019 21:51:57",
        "XML ID": "36116",
        "Total Lag": "0.4552267",
        "Create Lag": "0.4083475",
        "Process Lag": "0.0468792"
      },
      {
        "Direction": "Inbound",
        "Destination": "Belgard",
        "Time": "00:17:39",
        "AVLS": "00:18:19",
        "Tram": "3015",
        "Action": "a",
        "Msg Sent": "16/10/2019 21:51:57",
        "Msg Received": "16/10/2019 21:51:57",
        "Msg Processed": "16/10/2019 21:51:57",
        "XML ID": "36116",
        "Total Lag": "0.5333515",
        "Create Lag": "0.4083475",
        "Process Lag": "0.125004"
      },
      {
        "Direction": "Outbound",
        "Destination": "Saggart",
        "Time": "00:02:33",
        "AVLS": "00:03:13",
        "Tram": "3015",
        "Action": "a",
        "Msg Sent": "16/10/2019 21:51:57",
        "Msg Received": "16/10/2019 21:51:57",
        "Msg Processed": "16/10/2019 21:51:57",
        "XML ID": "36116",
        "Total Lag": "0.5177261",
        "Create Lag": "0.4083475",
        "Process Lag": "0.1093786"
      },
      {
        "Direction": "Outbound",
        "Destination": "Saggart",
        "Time": "00:12:11",
        "AVLS": "00:12:51",
        "Tram": "3018",
        "Action": "a",
        "Msg Sent": "16/10/2019 21:51:57",
        "Msg Received": "16/10/2019 21:51:57",
        "Msg Processed": "16/10/2019 21:51:57",
        "XML ID": "36116",
        "Total Lag": "0.6119653",
        "Create Lag": "0.4083475",
        "Process Lag": "0.2036178"
      }
    ]
  },
  {
    "stopID": "51",
    "stopQueryTime": 1571259120953,
    "count": 4,
    "results": [
      {
        "Direction": "Inbound",
        "Destination": "Belgard",
        "Time": "00:02:55",
        "AVLS": "00:03:35",
        "Tram": "3011",
        "Action": "a",
        "Msg Sent": "16/10/2019 21:51:57",
        "Msg Received": "16/10/2019 21:51:57",
        "Msg Processed": "16/10/2019 21:51:57",
        "XML ID": "36116",
        "Total Lag": "0.4552267",
        "Create Lag": "0.4083475",
        "Process Lag": "0.0468792"
      },
      {
        "Direction": "Inbound",
        "Destination": "Belgard",
        "Time": "00:18:55",
        "AVLS": "00:19:35",
        "Tram": "3015",
        "Action": "a",
        "Msg Sent": "16/10/2019 21:51:57",
        "Msg Received": "16/10/2019 21:51:57",
        "Msg Processed": "16/10/2019 21:51:57",
        "XML ID": "36116",
        "Total Lag": "0.5333515",
        "Create Lag": "0.4083475",
        "Process Lag": "0.125004"
      },
      {
        "Direction": "Outbound",
        "Destination": "Saggart",
        "Time": "00:01:16",
        "AVLS": "00:01:56",
        "Tram": "3015",
        "Action": "a",
        "Msg Sent": "16/10/2019 21:51:57",
        "Msg Received": "16/10/2019 21:51:57",
        "Msg Processed": "16/10/2019 21:51:57",
        "XML ID": "36116",
        "Total Lag": "0.5177261",
        "Create Lag": "0.4083475",
        "Process Lag": "0.1093786"
      },
      {
        "Direction": "Outbound",
        "Destination": "Saggart",
        "Time": "00:10:54",
        "AVLS": "00:11:34",
        "Tram": "3018",
        "Action": "a",
        "Msg Sent": "16/10/2019 21:51:57",
        "Msg Received": "16/10/2019 21:51:57",
        "Msg Processed": "16/10/2019 21:51:57",
        "XML ID": "36116",
        "Total Lag": "0.6119653",
        "Create Lag": "0.4083475",
        "Process Lag": "0.2036178"
      }
    ]
  },
  {
    "stopID": "53",
    "stopQueryTime": 1571259120956,
    "count": 4,
    "results": [
      {
        "Direction": "Inbound",
        "Destination": "Belgard",
        "Time": "00:00:00",
        "AVLS": "00:00:04",
        "Tram": "3011",
        "Action": "d",
        "Msg Sent": "16/10/2019 21:51:57",
        "Msg Received": "16/10/2019 21:51:57",
        "Msg Processed": "16/10/2019 21:51:57",
        "XML ID": "36116",
        "Total Lag": "0.4552267",
        "Create Lag": "0.4083475",
        "Process Lag": "0.0468792"
      },
      {
        "Direction": "Inbound",
        "Destination": "Belgard",
        "Time": "00:15:24",
        "AVLS": "00:16:04",
        "Tram": "3015",
        "Action": "d",
        "Msg Sent": "16/10/2019 21:51:57",
        "Msg Received": "16/10/2019 21:51:57",
        "Msg Processed": "16/10/2019 21:51:57",
        "XML ID": "36116",
        "Total Lag": "0.5333515",
        "Create Lag": "0.4083475",
        "Process Lag": "0.125004"
      },
      {
        "Direction": "Terminating",
        "Destination": "Saggart",
        "Time": "00:04:46",
        "AVLS": "00:05:26",
        "Tram": "3015",
        "Action": "a",
        "Msg Sent": "16/10/2019 21:51:57",
        "Msg Received": "16/10/2019 21:51:57",
        "Msg Processed": "16/10/2019 21:51:57",
        "XML ID": "36116",
        "Total Lag": "0.5333515",
        "Create Lag": "0.4083475",
        "Process Lag": "0.125004"
      },
      {
        "Direction": "Terminating",
        "Destination": "Saggart",
        "Time": "00:14:24",
        "AVLS": "00:15:04",
        "Tram": "3018",
        "Action": "a",
        "Msg Sent": "16/10/2019 21:51:57",
        "Msg Received": "16/10/2019 21:51:57",
        "Msg Processed": "16/10/2019 21:51:57",
        "XML ID": "36116",
        "Total Lag": "0.6275899",
        "Create Lag": "0.4083475",
        "Process Lag": "0.2192424"
      }
    ]
  },
  {
    "stopID": "31",
    "stopQueryTime": 1571259120959,
    "count": 5,
    "results": [
      {
        "Direction": "Inbound",
        "Destination": "Broombridge",
        "Time": "00:04:28",
        "AVLS": "00:05:08",
        "Tram": "5013",
        "Action": "a",
        "Msg Sent": "16/10/2019 21:51:57",
        "Msg Received": "16/10/2019 21:51:57",
        "Msg Processed": "16/10/2019 21:51:57",
        "XML ID": "36117",
        "Total Lag": "0.9557441",
        "Create Lag": "0.7213477",
        "Process Lag": "0.2343964"
      },
      {
        "Direction": "Inbound",
        "Destination": "Broombridge",
        "Time": "00:18:38",
        "AVLS": "00:19:18",
        "Tram": "5010",
        "Action": "a",
        "Msg Sent": "16/10/2019 21:51:57",
        "Msg Received": "16/10/2019 21:51:57",
        "Msg Processed": "16/10/2019 21:51:57",
        "XML ID": "36117",
        "Total Lag": "0.9088673",
        "Create Lag": "0.7213477",
        "Process Lag": "0.1875196"
      },
      {
        "Direction": "Outbound",
        "Destination": "Bride's Glen",
        "Time": "00:00:39",
        "AVLS": "00:01:19",
        "Tram": "5002",
        "Action": "a",
        "Msg Sent": "16/10/2019 21:51:57",
        "Msg Received": "16/10/2019 21:51:57",
        "Msg Processed": "16/10/2019 21:51:57",
        "XML ID": "36117",
        "Total Lag": "0.7682174",
        "Create Lag": "0.7213477",
        "Process Lag": "0.0468697"
      },
      {
        "Direction": "Outbound",
        "Destination": "Sandyford",
        "Time": "00:09:23",
        "AVLS": "00:10:03",
        "Tram": "5023",
        "Action": "a",
        "Msg Sent": "16/10/2019 21:51:57",
        "Msg Received": "16/10/2019 21:51:57",
        "Msg Processed": "16/10/2019 21:51:58",
        "XML ID": "36117",
        "Total Lag": "1.0496538",
        "Create Lag": "0.7213477",
        "Process Lag": "0.3283061"
      },
      {
        "Direction": "Outbound",
        "Destination": "Bride's Glen",
        "Time": "00:15:13",
        "AVLS": "00:15:53",
        "Tram": "5028",
        "Action": "a",
        "Msg Sent": "16/10/2019 21:51:57",
        "Msg Received": "16/10/2019 21:51:57",
        "Msg Processed": "16/10/2019 21:51:58",
        "XML ID": "36117",
        "Total Lag": "1.0963593",
        "Create Lag": "0.7213477",
        "Process Lag": "0.3750116"
      }
    ]
  },
  {
    "stopID": "56",
    "stopQueryTime": 1571259120962,
    "count": 4,
    "results": [
      {
        "Direction": "Inbound",
        "Destination": "The Point",
        "Time": "00:00:00",
        "AVLS": "00:00:00",
        "Tram": "4002",
        "Action": "a",
        "Msg Sent": "16/10/2019 21:51:35",
        "Msg Received": "16/10/2019 21:51:35",
        "Msg Processed": "16/10/2019 21:51:35",
        "XML ID": "36106",
        "Total Lag": "0.3596651",
        "Create Lag": "0.3596651",
        "Process Lag": "0"
      },
      {
        "Direction": "Inbound",
        "Destination": "The Point",
        "Time": "00:11:40",
        "AVLS": "00:12:20",
        "Tram": "3002",
        "Action": "a",
        "Msg Sent": "16/10/2019 21:51:57",
        "Msg Received": "16/10/2019 21:51:57",
        "Msg Processed": "16/10/2019 21:51:57",
        "XML ID": "36116",
        "Total Lag": "0.4239774",
        "Create Lag": "0.4083475",
        "Process Lag": "0.0156299"
      },
      {
        "Direction": "Outbound",
        "Destination": "Tallaght",
        "Time": "00:02:33",
        "AVLS": "00:03:13",
        "Tram": "4006",
        "Action": "a",
        "Msg Sent": "16/10/2019 21:51:57",
        "Msg Received": "16/10/2019 21:51:57",
        "Msg Processed": "16/10/2019 21:51:57",
        "XML ID": "36116",
        "Total Lag": "0.6900975",
        "Create Lag": "0.4083475",
        "Process Lag": "0.28175"
      },
      {
        "Direction": "Outbound",
        "Destination": "Tallaght",
        "Time": "00:14:33",
        "AVLS": "00:15:13",
        "Tram": "4002",
        "Action": "a",
        "Msg Sent": "16/10/2019 21:51:57",
        "Msg Received": "16/10/2019 21:51:57",
        "Msg Processed": "16/10/2019 21:51:57",
        "XML ID": "36116",
        "Total Lag": "0.6744728",
        "Create Lag": "0.4083475",
        "Process Lag": "0.2661253"
      }
    ]
  }
]