[
  {
    "stopID": "23",
    "stopQueryTime": 1571258220721,
    "count": 0,
    "results": []
  },
  {
    "stopID": "9",
    "stopQueryTime": 1571258220788,
    "count": 3,
    "results": [
      {
        "Direction": "Inbound",
        "Destination": "The Point",
        "Time": "00:13:45",
        "AVLS": "00:14:25",
        "Tram": "3025",
        "Action": "a",
        "Msg Sent": "16/10/2019 21:36:56",
        "Msg Received": "16/10/2019 21:36:56",
        "Msg Processed": "16/10/2019 21:36:57",
        "XML ID": "35721",
        "Total Lag": "1.5314424",
        "Create Lag": "0.9220533",
        "Process Lag": "0.6093891"
      },
      {
        "Direction": "Outbound",
        "Destination": "Tallaght",
        "Time": "00:02:34",
        "AVLS": "00:03:14",
        "Tram": "3014",
        "Action": "a",
        "Msg Sent": "16/10/2019 21:36:56",
        "Msg Received": "16/10/2019 21:36:56",
        "Msg Processed": "16/10/2019 21:36:57",
        "XML ID": "35721",
        "Total Lag": "1.3751812",
        "Create Lag": "0.9220533",
        "Process Lag": "0.4531279"
      },
      {
        "Direction": "Outbound",
        "Destination": "Tallaght",
        "Time": "00:11:58",
        "AVLS": "00:12:38",
        "Tram": "3017",
        "Action": "a",
        "Msg Sent": "16/10/2019 21:36:56",
        "Msg Received": "16/10/2019 21:36:56",
        "Msg Processed": "16/10/2019 21:36:57",
        "XML ID": "35721",
        "Total Lag": "1.4533118",
        "Create Lag": "0.9220533",
        "Process Lag": "0.5312585"
      }
    ]
  },
  {
    "stopID": "22",
    "stopQueryTime": 1571258220790,
    "count": 2,
    "results": [
      {
        "Direction": "Inbound",
        "Destination": "The Point",
        "Time": "00:08:15",
        "AVLS": "00:08:55",
        "Tram": "4002",
        "Action": "a",
        "Msg Sent": "16/10/2019 21:36:56",
        "Msg Received": "16/10/2019 21:36:56",
        "Msg Processed": "16/10/2019 21:36:57",
        "XML ID": "35721",
        "Total Lag": "1.5783103",
        "Create Lag": "0.9220533",
        "Process Lag": "0.656257"
      },
      {
        "Direction": "Outbound",
        "Destination": "Tallaght",
        "Time": "00:10:56",
        "AVLS": "00:11:36",
        "Tram": "3009",
        "Action": "a",
        "Msg Sent": "16/10/2019 21:36:56",
        "Msg Received": "16/10/2019 21:36:56",
        "Msg Processed": "16/10/2019 21:36:57",
        "XML ID": "35721",
        "Total Lag": "1.2970675",
        "Create Lag": "0.9220533",
        "Process Lag": "0.3750142"
      }
    ]
  },
  {
    "stopID": "18",
    "stopQueryTime": 1571258220828,
    "count": 2,
    "results": [
      {
        "Direction": "Inbound",
        "Destination": "The Point",
        "Time": "00:11:46",
        "AVLS": "00:12:26",
        "Tram": "3002",
        "Action": "a",
        "Msg Sent": "16/10/2019 21:36:56",
        "Msg Received": "16/10/2019 21:36:56",
        "Msg Processed": "16/10/2019 21:36:57",
        "XML ID": "35721",
        "Total Lag": "1.2658106",
        "Create Lag": "0.9220533",
        "Process Lag": "0.3437573"
      },
      {
        "Direction": "Outbound",
        "Destination": "Tallaght",
        "Time": "00:08:02",
        "AVLS": "00:08:42",
        "Tram": "4009",
        "Action": "a",
        "Msg Sent": "16/10/2019 21:36:56",
        "Msg Received": "16/10/2019 21:36:56",
        "Msg Processed": "16/10/2019 21:36:57",
        "XML ID": "35721",
        "Total Lag": "1.6251786",
        "Create Lag": "0.9220533",
        "Process Lag": "0.7031253"
      }
    ]
  },
  {
    "stopID": "58",
    "stopQueryTime": 1571258220831,
    "count": 0,
    "results": []
  },
  {
    "stopID": "48",
    "stopQueryTime": 1571258220834,
    "count": 1,
    "results": [
      {
        "Direction": "Inbound",
        "Destination": "Broombridge",
        "Time": "00:07:21",
        "AVLS": "00:08:01",
        "Tram": "5010",
        "Action": "d",
        "Msg Sent": "16/10/2019 21:36:59",
        "Msg Received": "16/10/2019 21:36:59",
        "Msg Processed": "16/10/2019 21:36:59",
        "XML ID": "35723",
        "Total Lag": "0.7694319",
        "Create Lag": "0.5654843",
        "Process Lag": "0.2039476"
      }
    ]
  },
  {
    "stopID": "15",
    "stopQueryTime": 1571258220848,
    "count": 3,
    "results": [
      {
        "Direction": "Inbound",
        "Destination": "The Point",
        "Time": "00:04:31",
        "AVLS": "00:05:11",
        "Tram": "3002",
        "Action": "a",
        "Msg Sent": "16/10/2019 21:36:56",
        "Msg Received": "16/10/2019 21:36:56",
        "Msg Processed": "16/10/2019 21:36:57",
        "XML ID": "35721",
        "Total Lag": "1.2501776",
        "Create Lag": "0.9220533",
        "Process Lag": "0.3281243"
      },
      {
        "Direction": "Outbound",
        "Destination": "Tallaght",
        "Time": "00:04:01",
        "AVLS": "00:04:41",
        "Tram": "3017",
        "Action": "a",
        "Msg Sent": "16/10/2019 21:36:56",
        "Msg Received": "16/10/2019 21:36:56",
        "Msg Processed": "16/10/2019 21:36:57",
        "XML ID": "35721",
        "Total Lag": "1.4376882",
        "Create Lag": "0.9220533",
        "Process Lag": "0.5156349"
      },
      {
        "Direction": "Outbound",
        "Destination": "Tallaght",
        "Time": "00:15:25",
        "AVLS": "00:16:05",
        "Tram": "4009",
        "Action": "a",
        "Msg Sent": "16/10/2019 21:36:56",
        "Msg Received": "16/10/2019 21:36:56",
        "Msg Processed": "16/10/2019 21:36:57",
        "XML ID": "35721",
        "Total Lag": "1.6251786",
        "Create Lag": "0.9220533",
        "Process Lag": "0.7031253"
      }
    ]
  },
  {
    "stopID": "7",
    "stopQueryTime": 1571258220877,
    "count": 3,
    "results": [
      {
        "Direction": "Inbound",
        "Destination": "The Point",
        "Time": "00:10:05",
        "AVLS": "00:10:45",
        "Tram": "3025",
        "Action": "a",
        "Msg Sent": "16/10/2019 21:36:56",
        "Msg Received": "16/10/2019 21:36:56",
        "Msg Processed": "16/10/2019 21:36:57",
        "XML ID": "35721",
        "Total Lag": "1.5314424",
        "Create Lag": "0.9220533",
        "Process Lag": "0.6093891"
      },
      {
        "Direction": "Outbound",
        "Destination": "Tallaght",
        "Time": "00:06:23",
        "AVLS": "00:07:03",
        "Tram": "3014",
        "Action": "a",
        "Msg Sent": "16/10/2019 21:36:56",
        "Msg Received": "16/10/2019 21:36:56",
        "Msg Processed": "16/10/2019 21:36:57",
        "XML ID": "35721",
        "Total Lag": "1.3751812",
        "Create Lag": "0.9220533",
        "Process Lag": "0.4531279"
      },
      {
        "Direction": "Outbound",
        "Destination": "Tallaght",
        "Time": "00:15:47",
        "AVLS": "00:16:27",
        "Tram": "3017",
        "Action": "a",
        "Msg Sent": "16/10/2019 21:36:56",
        "Msg Received": "16/10/2019 21:36:56",
        "Msg Processed": "16/10/2019 21:36:57",
        "XML ID": "35721",
        "Total Lag": "1.4689321",
        "Create Lag": "0.9220533",
        "Process Lag": "0.5468788"
      }
    ]
  },
  {
    "stopID": "6",
    "stopQueryTime": 1571258220882,
    "count": 3,
    "results": [
      {
        "Direction": "Inbound",
        "Destination": "The Point",
        "Time": "00:05:49",
        "AVLS": "00:06:29",
        "Tram": "3025",
        "Action": "a",
        "Msg Sent": "16/10/2019 21:36:56",
        "Msg Received": "16/10/2019 21:36:56",
        "Msg Processed": "16/10/2019 21:36:57",
        "XML ID": "35721",
        "Total Lag": "1.5158142",
        "Create Lag": "0.9220533",
        "Process Lag": "0.5937609"
      },
      {
        "Direction": "Outbound",
        "Destination": "Tallaght",
        "Time": "00:00:00",
        "AVLS": "00:00:35",
        "Tram": "3016",
        "Action": "a",
        "Msg Sent": "16/10/2019 21:36:56",
        "Msg Received": "16/10/2019 21:36:56",
        "Msg Processed": "16/10/2019 21:36:57",
        "XML ID": "35721",
        "Total Lag": "1.4064635",
        "Create Lag": "0.9220533",
        "Process Lag": "0.4844102"
      },
      {
        "Direction": "Outbound",
        "Destination": "Tallaght",
        "Time": "00:10:26",
        "AVLS": "00:11:06",
        "Tram": "3014",
        "Action": "a",
        "Msg Sent": "16/10/2019 21:36:56",
        "Msg Received": "16/10/2019 21:36:56",
        "Msg Processed": "16/10/2019 21:36:57",
        "XML ID": "35721",
        "Total Lag": "1.3908152",
        "Create Lag": "0.9220533",
        "Process Lag": "0.4687619"
      }
    ]
  },
  {
    "stopID": "14",
    "stopQueryTime": 1571258220886,
    "count": 3,
    "results": [
      {
        "Direction": "Inbound",
        "Destination": "The Point",
        "Time": "00:02:47",
        "AVLS": "00:03:27",
        "Tram": "3002",
        "Action": "a",
        "Msg Sent": "16/10/2019 21:36:56",
        "Msg Received": "16/10/2019 21:36:56",
        "Msg Processed": "16/10/2019 21:36:57",
        "XML ID": "35721",
        "Total Lag": "1.2501776",
        "Create Lag": "0.9220533",
        "Process Lag": "0.3281243"
      },
      {
        "Direction": "Outbound",
        "Destination": "Tallaght",
        "Time": "00:06:00",
        "AVLS": "00:06:40",
        "Tram": "3017",
        "Action": "a",
        "Msg Sent": "16/10/2019 21:36:56",
        "Msg Received": "16/10/2019 21:36:56",
        "Msg Processed": "16/10/2019 21:36:57",
        "XML ID": "35721",
        "Total Lag": "1.4376882",
        "Create Lag": "0.9220533",
        "Process Lag": "0.5156349"
      },
      {
        "Direction": "Outbound",
        "Destination": "Tallaght",
        "Time": "00:17:24",
        "AVLS": "00:18:04",
        "Tram": "4009",
        "Action": "a",
        "Msg Sent": "16/10/2019 21:36:56",
        "Msg Received": "16/10/2019 21:36:56",
        "Msg Processed": "16/10/2019 21:36:57",
        "XML ID": "35721",
        "Total Lag": "1.6251786",
        "Create Lag": "0.9220533",
        "Process Lag": "0.7031253"
      }
    ]
  },
  {
    "stopID": "2",
    "stopQueryTime": 1571258220891,
    "count": 4,
    "results": [
      {
        "Direction": "Inbound",
        "Destination": "The Point",
        "Time": "00:10:24",
        "AVLS": "00:11:04",
        "Tram": "3012",
        "Action": "a",
        "Msg Sent": "16/10/2019 21:36:56",
        "Msg Received": "16/10/2019 21:36:56",
        "Msg Processed": "16/10/2019 21:36:57",
        "XML ID": "35721",
        "Total Lag": "1.3439374",
        "Create Lag": "0.9220533",
        "Process Lag": "0.4218841"
      },
      {
        "Direction": "Outbound",
        "Destination": "Tallaght",
        "Time": "00:03:04",
        "AVLS": "00:03:44",
        "Tram": "3012",
        "Action": "a",
        "Msg Sent": "16/10/2019 21:36:56",
        "Msg Received": "16/10/2019 21:36:56",
        "Msg Processed": "16/10/2019 21:36:57",
        "XML ID": "35721",
        "Total Lag": "1.3439374",
        "Create Lag": "0.9220533",
        "Process Lag": "0.4218841"
      },
      {
        "Direction": "Outbound",
        "Destination": "Tallaght",
        "Time": "00:08:49",
        "AVLS": "00:09:29",
        "Tram": "3016",
        "Action": "a",
        "Msg Sent": "16/10/2019 21:36:56",
        "Msg Received": "16/10/2019 21:36:56",
        "Msg Processed": "16/10/2019 21:36:57",
        "XML ID": "35721",
        "Total Lag": "1.4220558",
        "Create Lag": "0.9220533",
        "Process Lag": "0.5000025"
      },
      {
        "Direction": "Outbound",
        "Destination": "Tallaght",
        "Time": "00:19:20",
        "AVLS": "00:20:00",
        "Tram": "3014",
        "Action": "a",
        "Msg Sent": "16/10/2019 21:36:56",
        "Msg Received": "16/10/2019 21:36:56",
        "Msg Processed": "16/10/2019 21:36:57",
        "XML ID": "35721",
        "Total Lag": "1.3908152",
        "Create Lag": "0.9220533",
        "Process Lag": "0.4687619"
      }
    ]
  },
  {
    "stopID": "38",
    "stopQueryTime": 1571258220895,
    "count": 3,
    "results": [
      {
        "Direction": "Inbound",
        "Destination": "Broombridge",
        "Time": "00:06:48",
        "AVLS": "00:07:28",
        "Tram": "5013",
        "Action": "a",
        "Msg Sent": "16/10/2019 21:36:57",
        "Msg Received": "16/10/2019 21:36:57",
        "Msg Processed": "16/10/2019 21:36:57",
        "XML ID": "35722",
        "Total Lag": "0.9237472",
        "Create Lag": "0.0001785",
        "Process Lag": "0.9235687"
      },
      {
        "Direction": "Outbound",
        "Destination": "Bride's Glen",
        "Time": "00:01:34",
        "AVLS": "00:02:14",
        "Tram": "5003",
        "Action": "a",
        "Msg Sent": "16/10/2019 21:36:57",
        "Msg Received": "16/10/2019 21:36:57",
        "Msg Processed": "16/10/2019 21:36:57",
        "XML ID": "35722",
        "Total Lag": "0.7196416",
        "Create Lag": "0.0001785",
        "Process Lag": "0.7194631"
      },
      {
        "Direction": "Outbound",
        "Destination": "Bride's Glen",
        "Time": "00:10:23",
        "AVLS": "00:11:03",
        "Tram": "5030",
        "Action": "a",
        "Msg Sent": "16/10/2019 21:36:59",
        "Msg Received": "16/10/2019 21:36:59",
        "Msg Processed": "16/10/2019 21:36:59",
        "XML ID": "35723",
        "Total Lag": "0.7381395",
        "Create Lag": "0.5654843",
        "Process Lag": "0.1726552"
      }
    ]
  },
  {
    "stopID": "10",
    "stopQueryTime": 1571258220897,
    "count": 3,
    "results": [
      {
        "Direction": "Inbound",
        "Destination": "The Point",
        "Time": "00:14:59",
        "AVLS": "00:15:39",
        "Tram": "3025",
        "Action": "a",
        "Msg Sent": "16/10/2019 21:36:56",
        "Msg Received": "16/10/2019 21:36:56",
        "Msg Processed": "16/10/2019 21:36:57",
        "XML ID": "35721",
        "Total Lag": "1.5470681",
        "Create Lag": "0.9220533",
        "Process Lag": "0.6250148"
      },
      {
        "Direction": "Outbound",
        "Destination": "Tallaght",
        "Time": "00:01:18",
        "AVLS": "00:01:58",
        "Tram": "3014",
        "Action": "a",
        "Msg Sent": "16/10/2019 21:36:56",
        "Msg Received": "16/10/2019 21:36:56",
        "Msg Processed": "16/10/2019 21:36:57",
        "XML ID": "35721",
        "Total Lag": "1.3595534",
        "Create Lag": "0.9220533",
        "Process Lag": "0.4375001"
      },
      {
        "Direction": "Outbound",
        "Destination": "Tallaght",
        "Time": "00:10:42",
        "AVLS": "00:11:22",
        "Tram": "3017",
        "Action": "a",
        "Msg Sent": "16/10/2019 21:36:56",
        "Msg Received": "16/10/2019 21:36:56",
        "Msg Processed": "16/10/2019 21:36:57",
        "XML ID": "35721",
        "Total Lag": "1.4533118",
        "Create Lag": "0.9220533",
        "Process Lag": "0.5312585"
      }
    ]
  },
  {
    "stopID": "13",
    "stopQueryTime": 1571258220901,
    "count": 4,
    "results": [
      {
        "Direction": "Inbound",
        "Destination": "The Point",
        "Time": "00:01:51",
        "AVLS": "00:02:31",
        "Tram": "3002",
        "Action": "a",
        "Msg Sent": "16/10/2019 21:36:56",
        "Msg Received": "16/10/2019 21:36:56",
        "Msg Processed": "16/10/2019 21:36:57",
        "XML ID": "35721",
        "Total Lag": "1.2501776",
        "Create Lag": "0.9220533",
        "Process Lag": "0.3281243"
      },
      {
        "Direction": "Inbound",
        "Destination": "The Point",
        "Time": "00:18:34",
        "AVLS": "00:19:14",
        "Tram": "3025",
        "Action": "a",
        "Msg Sent": "16/10/2019 21:36:56",
        "Msg Received": "16/10/2019 21:36:56",
        "Msg Processed": "16/10/2019 21:36:57",
        "XML ID": "35721",
        "Total Lag": "1.5626847",
        "Create Lag": "0.9220533",
        "Process Lag": "0.6406314"
      },
      {
        "Direction": "Outbound",
        "Destination": "Tallaght",
        "Time": "00:07:00",
        "AVLS": "00:07:40",
        "Tram": "3017",
        "Action": "a",
        "Msg Sent": "16/10/2019 21:36:56",
        "Msg Received": "16/10/2019 21:36:56",
        "Msg Processed": "16/10/2019 21:36:57",
        "XML ID": "35721",
        "Total Lag": "1.4376882",
        "Create Lag": "0.9220533",
        "Process Lag": "0.5156349"
      },
      {
        "Direction": "Outbound",
        "Destination": "Tallaght",
        "Time": "00:18:24",
        "AVLS": "00:19:04",
        "Tram": "4009",
        "Action": "a",
        "Msg Sent": "16/10/2019 21:36:57",
        "Msg Received": "16/10/2019 21:36:57",
        "Msg Processed": "16/10/2019 21:36:57",
        "XML ID": "35722",
        "Total Lag": "0.6408042",
        "Create Lag": "0.0001785",
        "Process Lag": "0.6406257"
      }
    ]
  },
  {
    "stopID": "1",
    "stopQueryTime": 1571258220904,
    "count": 3,
    "results": [
      {
        "Direction": "Inbound",
        "Destination": "The Point",
        "Time": "00:09:10",
        "AVLS": "00:09:50",
        "Tram": "3012",
        "Action": "d",
        "Msg Sent": "16/10/2019 21:36:56",
        "Msg Received": "16/10/2019 21:36:56",
        "Msg Processed": "16/10/2019 21:36:57",
        "XML ID": "35721",
        "Total Lag": "1.3439374",
        "Create Lag": "0.9220533",
        "Process Lag": "0.4218841"
      },
      {
        "Direction": "Terminating",
        "Destination": "Tallaght",
        "Time": "00:05:10",
        "AVLS": "00:05:50",
        "Tram": "3012",
        "Action": "a",
        "Msg Sent": "16/10/2019 21:36:56",
        "Msg Received": "16/10/2019 21:36:56",
        "Msg Processed": "16/10/2019 21:36:57",
        "XML ID": "35721",
        "Total Lag": "1.3439374",
        "Create Lag": "0.9220533",
        "Process Lag": "0.4218841"
      },
      {
        "Direction": "Terminating",
        "Destination": "Tallaght",
        "Time": "00:10:55",
        "AVLS": "00:11:35",
        "Tram": "3016",
        "Action": "a",
        "Msg Sent": "16/10/2019 21:36:56",
        "Msg Received": "16/10/2019 21:36:56",
        "Msg Processed": "16/10/2019 21:36:57",
        "XML ID": "35721",
        "Total Lag": "1.4376882",
        "Create Lag": "0.9220533",
        "Process Lag": "0.5156349"
      }
    ]
  },
  {
    "stopID": "8",
    "stopQueryTime": 1571258220907,
    "count": 3,
    "results": [
      {
        "Direction": "Inbound",
        "Destination": "The Point",
        "Time": "00:11:36",
        "AVLS": "00:12:16",
        "Tram": "3025",
        "Action": "a",
        "Msg Sent": "16/10/2019 21:36:56",
        "Msg Received": "16/10/2019 21:36:56",
        "Msg Processed": "16/10/2019 21:36:57",
        "XML ID": "35721",
        "Total Lag": "1.5314424",
        "Create Lag": "0.9220533",
        "Process Lag": "0.6093891"
      },
      {
        "Direction": "Outbound",
        "Destination": "Tallaght",
        "Time": "00:04:49",
        "AVLS": "00:05:29",
        "Tram": "3014",
        "Action": "a",
        "Msg Sent": "16/10/2019 21:36:56",
        "Msg Received": "16/10/2019 21:36:56",
        "Msg Processed": "16/10/2019 21:36:57",
        "XML ID": "35721",
        "Total Lag": "1.3751812",
        "Create Lag": "0.9220533",
        "Process Lag": "0.4531279"
      },
      {
        "Direction": "Outbound",
        "Destination": "Tallaght",
        "Time": "00:14:13",
        "AVLS": "00:14:53",
        "Tram": "3017",
        "Action": "a",
        "Msg Sent": "16/10/2019 21:36:56",
        "Msg Received": "16/10/2019 21:36:56",
        "Msg Processed": "16/10/2019 21:36:57",
        "XML ID": "35721",
        "Total Lag": "1.4533118",
        "Create Lag": "0.9220533",
        "Process Lag": "0.5312585"
      }
    ]
  },
  {
    "stopID": "17",
    "stopQueryTime": 1571258220909,
    "count": 2,
    "results": [
      {
        "Direction": "Inbound",
        "Destination": "The Point",
        "Time": "00:09:30",
        "AVLS": "00:10:10",
        "Tram": "3002",
        "Action": "a",
        "Msg Sent": "16/10/2019 21:36:56",
        "Msg Received": "16/10/2019 21:36:56",
        "Msg Processed": "16/10/2019 21:36:57",
        "XML ID": "35721",
        "Total Lag": "1.2658106",
        "Create Lag": "0.9220533",
        "Process Lag": "0.3437573"
      },
      {
        "Direction": "Outbound",
        "Destination": "Tallaght",
        "Time": "00:10:15",
        "AVLS": "00:10:55",
        "Tram": "4009",
        "Action": "a",
        "Msg Sent": "16/10/2019 21:36:56",
        "Msg Received": "16/10/2019 21:36:56",
        "Msg Processed": "16/10/2019 21:36:57",
        "XML ID": "35721",
        "Total Lag": "1.6251786",
        "Create Lag": "0.9220533",
        "Process Lag": "0.7031253"
      }
    ]
  },
  {
    "stopID": "45",
    "stopQueryTime": 1571258220910,
    "count": 2,
    "results": [
      {
        "Direction": "Inbound",
        "Destination": "Broombridge",
        "Time": "00:11:52",
        "AVLS": "00:12:32",
        "Tram": "5010",
        "Action": "a",
        "Msg Sent": "16/10/2019 21:36:59",
        "Msg Received": "16/10/2019 21:36:59",
        "Msg Processed": "16/10/2019 21:36:59",
        "XML ID": "35723",
        "Total Lag": "0.7850326",
        "Create Lag": "0.5654843",
        "Process Lag": "0.2195483"
      },
      {
        "Direction": "Outbound",
        "Destination": "Bride's Glen",
        "Time": "00:11:01",
        "AVLS": "00:11:41",
        "Tram": "5003",
        "Action": "a",
        "Msg Sent": "16/10/2019 21:36:57",
        "Msg Received": "16/10/2019 21:36:57",
        "Msg Processed": "16/10/2019 21:36:57",
        "XML ID": "35722",
        "Total Lag": "0.7352837",
        "Create Lag": "0.0001785",
        "Process Lag": "0.7351052"
      }
    ]
  },
  {
    "stopID": "39",
    "stopQueryTime": 1571258220914,
    "count": 3,
    "results": [
      {
        "Direction": "Inbound",
        "Destination": "Broombridge",
        "Time": "00:05:03",
        "AVLS": "00:05:43",
        "Tram": "5013",
        "Action": "a",
        "Msg Sent": "16/10/2019 21:36:57",
        "Msg Received": "16/10/2019 21:36:57",
        "Msg Processed": "16/10/2019 21:36:57",
        "XML ID": "35722",
        "Total Lag": "0.9237472",
        "Create Lag": "0.0001785",
        "Process Lag": "0.9235687"
      },
      {
        "Direction": "Outbound",
        "Destination": "Bride's Glen",
        "Time": "00:03:19",
        "AVLS": "00:03:59",
        "Tram": "5003",
        "Action": "a",
        "Msg Sent": "16/10/2019 21:36:57",
        "Msg Received": "16/10/2019 21:36:57",
        "Msg Processed": "16/10/2019 21:36:57",
        "XML ID": "35722",
        "Total Lag": "0.7196416",
        "Create Lag": "0.0001785",
        "Process Lag": "0.7194631"
      },
      {
        "Direction": "Outbound",
        "Destination": "Bride's Glen",
        "Time": "00:12:08",
        "AVLS": "00:12:48",
        "Tram": "5030",
        "Action": "a",
        "Msg Sent": "16/10/2019 21:36:59",
        "Msg Received": "16/10/2019 21:36:59",
        "Msg Processed": "16/10/2019 21:36:59",
        "XML ID": "35723",
        "Total Lag": "0.7381395",
        "Create Lag": "0.5654843",
        "Process Lag": "0.1726552"
      }
    ]
  },
  {
    "stopID": "36",
    "stopQueryTime": 1571258220916,
    "count": 2,
    "results": [
      {
        "Direction": "Inbound",
        "Destination": "Broombridge",
        "Time": "00:10:42",
        "AVLS": "00:11:22",
        "Tram": "5013",
        "Action": "a",
        "Msg Sent": "16/10/2019 21:36:57",
        "Msg Received": "16/10/2019 21:36:57",
        "Msg Processed": "16/10/2019 21:36:57",
        "XML ID": "35722",
        "Total Lag": "0.9237472",
        "Create Lag": "0.0001785",
        "Process Lag": "0.9235687"
      },
      {
        "Direction": "Outbound",
        "Destination": "Bride's Glen",
        "Time": "00:06:22",
        "AVLS": "00:07:02",
        "Tram": "5030",
        "Action": "a",
        "Msg Sent": "16/10/2019 21:36:59",
        "Msg Received": "16/10/2019 21:36:59",
        "Msg Processed": "16/10/2019 21:36:59",
        "XML ID": "35723",
        "Total Lag": "0.7228898",
        "Create Lag": "0.5654843",
        "Process Lag": "0.1574055"
      }
    ]
  },
  {
    "stopID": "19",
    "stopQueryTime": 1571258220919,
    "count": 4,
    "results": [
      {
        "Direction": "Inbound",
        "Destination": "The Point",
        "Time": "00:00:15",
        "AVLS": "00:00:55",
        "Tram": "4002",
        "Action": "a",
        "Msg Sent": "16/10/2019 21:36:56",
        "Msg Received": "16/10/2019 21:36:56",
        "Msg Processed": "16/10/2019 21:36:57",
        "XML ID": "35721",
        "Total Lag": "1.5626847",
        "Create Lag": "0.9220533",
        "Process Lag": "0.6406314"
      },
      {
        "Direction": "Inbound",
        "Destination": "The Point",
        "Time": "00:13:10",
        "AVLS": "00:13:50",
        "Tram": "3002",
        "Action": "a",
        "Msg Sent": "16/10/2019 21:36:56",
        "Msg Received": "16/10/2019 21:36:56",
        "Msg Processed": "16/10/2019 21:36:57",
        "XML ID": "35721",
        "Total Lag": "1.2658106",
        "Create Lag": "0.9220533",
        "Process Lag": "0.3437573"
      },
      {
        "Direction": "Outbound",
        "Destination": "Tallaght",
        "Time": "00:06:50",
        "AVLS": "00:07:30",
        "Tram": "4009",
        "Action": "a",
        "Msg Sent": "16/10/2019 21:36:56",
        "Msg Received": "16/10/2019 21:36:56",
        "Msg Processed": "16/10/2019 21:36:57",
        "XML ID": "35721",
        "Total Lag": "1.6095644",
        "Create Lag": "0.9220533",
        "Process Lag": "0.6875111"
      },
      {
        "Direction": "Outbound",
        "Destination": "Tallaght",
        "Time": "00:19:00",
        "AVLS": "00:19:40",
        "Tram": "3009",
        "Action": "a",
        "Msg Sent": "16/10/2019 21:36:56",
        "Msg Received": "16/10/2019 21:36:56",
        "Msg Processed": "16/10/2019 21:36:57",
        "XML ID": "35721",
        "Total Lag": "1.2970675",
        "Create Lag": "0.9220533",
        "Process Lag": "0.3750142"
      }
    ]
  },
  {
    "stopID": "37",
    "stopQueryTime": 1571258220925,
    "count": 3,
    "results": [
      {
        "Direction": "Inbound",
        "Destination": "Broombridge",
        "Time": "00:08:18",
        "AVLS": "00:08:58",
        "Tram": "5013",
        "Action": "a",
        "Msg Sent": "16/10/2019 21:36:57",
        "Msg Received": "16/10/2019 21:36:57",
        "Msg Processed": "16/10/2019 21:36:57",
        "XML ID": "35722",
        "Total Lag": "0.9237472",
        "Create Lag": "0.0001785",
        "Process Lag": "0.9235687"
      },
      {
        "Direction": "Outbound",
        "Destination": "Bride's Glen",
        "Time": "00:00:06",
        "AVLS": "00:00:46",
        "Tram": "5003",
        "Action": "a",
        "Msg Sent": "16/10/2019 21:36:57",
        "Msg Received": "16/10/2019 21:36:57",
        "Msg Processed": "16/10/2019 21:36:57",
        "XML ID": "35722",
        "Total Lag": "0.7041076",
        "Create Lag": "0.0001785",
        "Process Lag": "0.7039291"
      },
      {
        "Direction": "Outbound",
        "Destination": "Bride's Glen",
        "Time": "00:08:55",
        "AVLS": "00:09:35",
        "Tram": "5030",
        "Action": "a",
        "Msg Sent": "16/10/2019 21:36:59",
        "Msg Received": "16/10/2019 21:36:59",
        "Msg Processed": "16/10/2019 21:36:59",
        "XML ID": "35723",
        "Total Lag": "0.7228898",
        "Create Lag": "0.5654843",
        "Process Lag": "0.1574055"
      }
    ]
  },
  {
    "stopID": "49",
    "stopQueryTime": 1571258220927,
    "count": 3,
    "results": [
      {
        "Direction": "Inbound",
        "Destination": "Belgard",
        "Time": "00:06:30",
        "AVLS": "00:07:10",
        "Tram": "3018",
        "Action": "a",
        "Msg Sent": "16/10/2019 21:36:56",
        "Msg Received": "16/10/2019 21:36:56",
        "Msg Processed": "16/10/2019 21:36:57",
        "XML ID": "35721",
        "Total Lag": "1.4845535",
        "Create Lag": "0.9220533",
        "Process Lag": "0.5625002"
      },
      {
        "Direction": "Outbound",
        "Destination": "Saggart",
        "Time": "00:02:47",
        "AVLS": "00:03:27",
        "Tram": "3011",
        "Action": "a",
        "Msg Sent": "16/10/2019 21:36:56",
        "Msg Received": "16/10/2019 21:36:56",
        "Msg Processed": "16/10/2019 21:36:57",
        "XML ID": "35721",
        "Total Lag": "1.312689",
        "Create Lag": "0.9220533",
        "Process Lag": "0.3906357"
      },
      {
        "Direction": "Outbound",
        "Destination": "Saggart",
        "Time": "00:13:21",
        "AVLS": "00:14:01",
        "Tram": "3015",
        "Action": "a",
        "Msg Sent": "16/10/2019 21:36:56",
        "Msg Received": "16/10/2019 21:36:56",
        "Msg Processed": "16/10/2019 21:36:57",
        "XML ID": "35721",
        "Total Lag": "1.4064635",
        "Create Lag": "0.9220533",
        "Process Lag": "0.4844102"
      }
    ]
  },
  {
    "stopID": "46",
    "stopQueryTime": 1571258220935,
    "count": 3,
    "results": [
      {
        "Direction": "Inbound",
        "Destination": "Broombridge",
        "Time": "00:10:30",
        "AVLS": "00:11:10",
        "Tram": "5010",
        "Action": "a",
        "Msg Sent": "16/10/2019 21:36:59",
        "Msg Received": "16/10/2019 21:36:59",
        "Msg Processed": "16/10/2019 21:36:59",
        "XML ID": "35723",
        "Total Lag": "0.7850326",
        "Create Lag": "0.5654843",
        "Process Lag": "0.2195483"
      },
      {
        "Direction": "Outbound",
        "Destination": "Bride's Glen",
        "Time": "00:00:14",
        "AVLS": "00:00:54",
        "Tram": "5010",
        "Action": "a",
        "Msg Sent": "16/10/2019 21:36:59",
        "Msg Received": "16/10/2019 21:36:59",
        "Msg Processed": "16/10/2019 21:36:59",
        "XML ID": "35723",
        "Total Lag": "0.7694319",
        "Create Lag": "0.5654843",
        "Process Lag": "0.2039476"
      },
      {
        "Direction": "Outbound",
        "Destination": "Bride's Glen",
        "Time": "00:12:24",
        "AVLS": "00:13:04",
        "Tram": "5003",
        "Action": "a",
        "Msg Sent": "16/10/2019 21:36:57",
        "Msg Received": "16/10/2019 21:36:57",
        "Msg Processed": "16/10/2019 21:36:57",
        "XML ID": "35722",
        "Total Lag": "0.7509007",
        "Create Lag": "0.0001785",
        "Process Lag": "0.7507222"
      }
    ]
  },
  {
    "stopID": "44",
    "stopQueryTime": 1571258220937,
    "count": 3,
    "results": [
      {
        "Direction": "Inbound",
        "Destination": "Broombridge",
        "Time": "00:13:21",
        "AVLS": "00:14:01",
        "Tram": "5010",
        "Action": "a",
        "Msg Sent": "16/10/2019 21:36:59",
        "Msg Received": "16/10/2019 21:36:59",
        "Msg Processed": "16/10/2019 21:36:59",
        "XML ID": "35723",
        "Total Lag": "0.7850326",
        "Create Lag": "0.5654843",
        "Process Lag": "0.2195483"
      },
      {
        "Direction": "Outbound",
        "Destination": "Bride's Glen",
        "Time": "00:09:33",
        "AVLS": "00:10:13",
        "Tram": "5003",
        "Action": "a",
        "Msg Sent": "16/10/2019 21:36:57",
        "Msg Received": "16/10/2019 21:36:57",
        "Msg Processed": "16/10/2019 21:36:57",
        "XML ID": "35722",
        "Total Lag": "0.7352837",
        "Create Lag": "0.0001785",
        "Process Lag": "0.7351052"
      },
      {
        "Direction": "Outbound",
        "Destination": "Bride's Glen",
        "Time": "00:18:22",
        "AVLS": "00:19:02",
        "Tram": "5030",
        "Action": "a",
        "Msg Sent": "16/10/2019 21:36:59",
        "Msg Received": "16/10/2019 21:36:59",
        "Msg Processed": "16/10/2019 21:36:59",
        "XML ID": "35723",
        "Total Lag": "0.7537769",
        "Create Lag": "0.5654843",
        "Process Lag": "0.1882926"
      }
    ]
  },
  {
    "stopID": "11",
    "stopQueryTime": 1571258220939,
    "count": 4,
    "results": [
      {
        "Direction": "Inbound",
        "Destination": "The Point",
        "Time": "00:00:00",
        "AVLS": "00:00:00",
        "Tram": "3002",
        "Action": "a",
        "Msg Sent": "16/10/2019 21:36:50",
        "Msg Received": "16/10/2019 21:36:50",
        "Msg Processed": "16/10/2019 21:36:50",
        "XML ID": "35718",
        "Total Lag": "0.2033196",
        "Create Lag": "0.0783839",
        "Process Lag": "0.1249357"
      },
      {
        "Direction": "Inbound",
        "Destination": "The Point",
        "Time": "00:15:54",
        "AVLS": "00:16:34",
        "Tram": "3025",
        "Action": "a",
        "Msg Sent": "16/10/2019 21:36:56",
        "Msg Received": "16/10/2019 21:36:56",
        "Msg Processed": "16/10/2019 21:36:57",
        "XML ID": "35721",
        "Total Lag": "1.5470681",
        "Create Lag": "0.9220533",
        "Process Lag": "0.6250148"
      },
      {
        "Direction": "Outbound",
        "Destination": "Tallaght",
        "Time": "00:00:22",
        "AVLS": "00:01:02",
        "Tram": "3014",
        "Action": "a",
        "Msg Sent": "16/10/2019 21:36:56",
        "Msg Received": "16/10/2019 21:36:56",
        "Msg Processed": "16/10/2019 21:36:57",
        "XML ID": "35721",
        "Total Lag": "1.3595534",
        "Create Lag": "0.9220533",
        "Process Lag": "0.4375001"
      },
      {
        "Direction": "Outbound",
        "Destination": "Tallaght",
        "Time": "00:09:46",
        "AVLS": "00:10:26",
        "Tram": "3017",
        "Action": "a",
        "Msg Sent": "16/10/2019 21:36:56",
        "Msg Received": "16/10/2019 21:36:56",
        "Msg Processed": "16/10/2019 21:36:57",
        "XML ID": "35721",
        "Total Lag": "1.4533118",
        "Create Lag": "0.9220533",
        "Process Lag": "0.5312585"
      }
    ]
  },
  {
    "stopID": "3",
    "stopQueryTime": 1571258220949,
    "count": 4,
    "results": [
      {
        "Direction": "Inbound",
        "Destination": "The Point",
        "Time": "00:12:05",
        "AVLS": "00:12:45",
        "Tram": "3012",
        "Action": "a",
        "Msg Sent": "16/10/2019 21:36:56",
        "Msg Received": "16/10/2019 21:36:56",
        "Msg Processed": "16/10/2019 21:36:57",
        "XML ID": "35721",
        "Total Lag": "1.3439374",
        "Create Lag": "0.9220533",
        "Process Lag": "0.4218841"
      },
      {
        "Direction": "Outbound",
        "Destination": "Tallaght",
        "Time": "00:01:29",
        "AVLS": "00:02:09",
        "Tram": "3012",
        "Action": "a",
        "Msg Sent": "16/10/2019 21:36:56",
        "Msg Received": "16/10/2019 21:36:56",
        "Msg Processed": "16/10/2019 21:36:57",
        "XML ID": "35721",
        "Total Lag": "1.3283126",
        "Create Lag": "0.9220533",
        "Process Lag": "0.4062593"
      },
      {
        "Direction": "Outbound",
        "Destination": "Tallaght",
        "Time": "00:07:14",
        "AVLS": "00:07:54",
        "Tram": "3016",
        "Action": "a",
        "Msg Sent": "16/10/2019 21:36:56",
        "Msg Received": "16/10/2019 21:36:56",
        "Msg Processed": "16/10/2019 21:36:57",
        "XML ID": "35721",
        "Total Lag": "1.4220558",
        "Create Lag": "0.9220533",
        "Process Lag": "0.5000025"
      },
      {
        "Direction": "Outbound",
        "Destination": "Tallaght",
        "Time": "00:17:45",
        "AVLS": "00:18:25",
        "Tram": "3014",
        "Action": "a",
        "Msg Sent": "16/10/2019 21:36:56",
        "Msg Received": "16/10/2019 21:36:56",
        "Msg Processed": "16/10/2019 21:36:57",
        "XML ID": "35721",
        "Total Lag": "1.3908152",
        "Create Lag": "0.9220533",
        "Process Lag": "0.4687619"
      }
    ]
  },
  {
    "stopID": "50",
    "stopQueryTime": 1571258220951,
    "count": 3,
    "results": [
      {
        "Direction": "Inbound",
        "Destination": "Belgard",
        "Time": "00:04:42",
        "AVLS": "00:05:22",
        "Tram": "3018",
        "Action": "a",
        "Msg Sent": "16/10/2019 21:36:56",
        "Msg Received": "16/10/2019 21:36:56",
        "Msg Processed": "16/10/2019 21:36:57",
        "XML ID": "35721",
        "Total Lag": "1.4845535",
        "Create Lag": "0.9220533",
        "Process Lag": "0.5625002"
      },
      {
        "Direction": "Outbound",
        "Destination": "Saggart",
        "Time": "00:04:33",
        "AVLS": "00:05:13",
        "Tram": "3011",
        "Action": "a",
        "Msg Sent": "16/10/2019 21:36:56",
        "Msg Received": "16/10/2019 21:36:56",
        "Msg Processed": "16/10/2019 21:36:57",
        "XML ID": "35721",
        "Total Lag": "1.312689",
        "Create Lag": "0.9220533",
        "Process Lag": "0.3906357"
      },
      {
        "Direction": "Outbound",
        "Destination": "Saggart",
        "Time": "00:15:07",
        "AVLS": "00:15:47",
        "Tram": "3015",
        "Action": "a",
        "Msg Sent": "16/10/2019 21:36:56",
        "Msg Received": "16/10/2019 21:36:56",
        "Msg Processed": "16/10/2019 21:36:57",
        "XML ID": "35721",
        "Total Lag": "1.4064635",
        "Create Lag": "0.9220533",
        "Process Lag": "0.4844102"
      }
    ]
  },
  {
    "stopID": "16",
    "stopQueryTime": 1571258220953,
    "count": 3,
    "results": [
      {
        "Direction": "Inbound",
        "Destination": "The Point",
        "Time": "00:07:06",
        "AVLS": "00:07:46",
        "Tram": "3002",
        "Action": "a",
        "Msg Sent": "16/10/2019 21:36:56",
        "Msg Received": "16/10/2019 21:36:56",
        "Msg Processed": "16/10/2019 21:36:57",
        "XML ID": "35721",
        "Total Lag": "1.2658106",
        "Create Lag": "0.9220533",
        "Process Lag": "0.3437573"
      },
      {
        "Direction": "Outbound",
        "Destination": "Tallaght",
        "Time": "00:00:50",
        "AVLS": "00:01:30",
        "Tram": "3017",
        "Action": "a",
        "Msg Sent": "16/10/2019 21:36:56",
        "Msg Received": "16/10/2019 21:36:56",
        "Msg Processed": "16/10/2019 21:36:57",
        "XML ID": "35721",
        "Total Lag": "1.4376882",
        "Create Lag": "0.9220533",
        "Process Lag": "0.5156349"
      },
      {
        "Direction": "Outbound",
        "Destination": "Tallaght",
        "Time": "00:12:14",
        "AVLS": "00:12:54",
        "Tram": "4009",
        "Action": "a",
        "Msg Sent": "16/10/2019 21:36:56",
        "Msg Received": "16/10/2019 21:36:56",
        "Msg Processed": "16/10/2019 21:36:57",
        "XML ID": "35721",
        "Total Lag": "1.6251786",
        "Create Lag": "0.9220533",
        "Process Lag": "0.7031253"
      }
    ]
  },
  {
    "stopID": "40",
    "stopQueryTime": 1571258220957,
    "count": 4,
    "results": [
      {
        "Direction": "Inbound",
        "Destination": "Broombridge",
        "Time": "00:03:33",
        "AVLS": "00:04:13",
        "Tram": "5013",
        "Action": "a",
        "Msg Sent": "16/10/2019 21:36:57",
        "Msg Received": "16/10/2019 21:36:57",
        "Msg Processed": "16/10/2019 21:36:57",
        "XML ID": "35722",
        "Total Lag": "0.9081221",
        "Create Lag": "0.0001785",
        "Process Lag": "0.9079436"
      },
      {
        "Direction": "Inbound",
        "Destination": "Broombridge",
        "Time": "00:18:12",
        "AVLS": "00:18:52",
        "Tram": "5010",
        "Action": "a",
        "Msg Sent": "16/10/2019 21:36:59",
        "Msg Received": "16/10/2019 21:36:59",
        "Msg Processed": "16/10/2019 21:36:59",
        "XML ID": "35723",
        "Total Lag": "0.8011666",
        "Create Lag": "0.5654843",
        "Process Lag": "0.2356823"
      },
      {
        "Direction": "Outbound",
        "Destination": "Bride's Glen",
        "Time": "00:04:47",
        "AVLS": "00:05:27",
        "Tram": "5003",
        "Action": "a",
        "Msg Sent": "16/10/2019 21:36:57",
        "Msg Received": "16/10/2019 21:36:57",
        "Msg Processed": "16/10/2019 21:36:57",
        "XML ID": "35722",
        "Total Lag": "0.7196416",
        "Create Lag": "0.0001785",
        "Process Lag": "0.7194631"
      },
      {
        "Direction": "Outbound",
        "Destination": "Bride's Glen",
        "Time": "00:13:36",
        "AVLS": "00:14:16",
        "Tram": "5030",
        "Action": "a",
        "Msg Sent": "16/10/2019 21:36:59",
        "Msg Received": "16/10/2019 21:36:59",
        "Msg Processed": "16/10/2019 21:36:59",
        "XML ID": "35723",
        "Total Lag": "0.7381395",
        "Create Lag": "0.5654843",
        "Process Lag": "0.1726552"
      }
    ]
  },
  {
    "stopID": "57",
    "stopQueryTime": 1571258220959,
    "count": 2,
    "results": [
      {
        "Direction": "Outbound",
        "Destination": "Tallaght",
        "Time": "00:04:54",
        "AVLS": "00:05:34",
        "Tram": "3009",
        "Action": "d",
        "Msg Sent": "16/10/2019 21:36:56",
        "Msg Received": "16/10/2019 21:36:56",
        "Msg Processed": "16/10/2019 21:36:57",
        "XML ID": "35721",
        "Total Lag": "1.2814551",
        "Create Lag": "0.9220533",
        "Process Lag": "0.3594018"
      },
      {
        "Direction": "Outbound",
        "Destination": "Tallaght",
        "Time": "00:16:54",
        "AVLS": "00:17:34",
        "Tram": "4006",
        "Action": "d",
        "Msg Sent": "16/10/2019 21:36:56",
        "Msg Received": "16/10/2019 21:36:56",
        "Msg Processed": "16/10/2019 21:36:57",
        "XML ID": "35721",
        "Total Lag": "1.5939428",
        "Create Lag": "0.9220533",
        "Process Lag": "0.6718895"
      }
    ]
  },
  {
    "stopID": "5",
    "stopQueryTime": 1571258220961,
    "count": 4,
    "results": [
      {
        "Direction": "Inbound",
        "Destination": "The Point",
        "Time": "00:02:42",
        "AVLS": "00:03:22",
        "Tram": "3025",
        "Action": "a",
        "Msg Sent": "16/10/2019 21:36:56",
        "Msg Received": "16/10/2019 21:36:56",
        "Msg Processed": "16/10/2019 21:36:57",
        "XML ID": "35721",
        "Total Lag": "1.5001805",
        "Create Lag": "0.9220533",
        "Process Lag": "0.5781272"
      },
      {
        "Direction": "Inbound",
        "Destination": "The Point",
        "Time": "00:17:03",
        "AVLS": "00:17:43",
        "Tram": "3012",
        "Action": "a",
        "Msg Sent": "16/10/2019 21:36:56",
        "Msg Received": "16/10/2019 21:36:56",
        "Msg Processed": "16/10/2019 21:36:57",
        "XML ID": "35721",
        "Total Lag": "1.3595534",
        "Create Lag": "0.9220533",
        "Process Lag": "0.4375001"
      },
      {
        "Direction": "Outbound",
        "Destination": "Tallaght",
        "Time": "00:03:10",
        "AVLS": "00:03:50",
        "Tram": "3016",
        "Action": "a",
        "Msg Sent": "16/10/2019 21:36:56",
        "Msg Received": "16/10/2019 21:36:56",
        "Msg Processed": "16/10/2019 21:36:57",
        "XML ID": "35721",
        "Total Lag": "1.4220558",
        "Create Lag": "0.9220533",
        "Process Lag": "0.5000025"
      },
      {
        "Direction": "Outbound",
        "Destination": "Tallaght",
        "Time": "00:13:41",
        "AVLS": "00:14:21",
        "Tram": "3014",
        "Action": "a",
        "Msg Sent": "16/10/2019 21:36:56",
        "Msg Received": "16/10/2019 21:36:56",
        "Msg Processed": "16/10/2019 21:36:57",
        "XML ID": "35721",
        "Total Lag": "1.3908152",
        "Create Lag": "0.9220533",
        "Process Lag": "0.4687619"
      }
    ]
  },
  {
    "stopID": "55",
    "stopQueryTime": 1571258220964,
    "count": 3,
    "results": [
      {
        "Direction": "Inbound",
        "Destination": "The Point",
        "Time": "00:01:57",
        "AVLS": "00:02:37",
        "Tram": "4006",
        "Action": "a",
        "Msg Sent": "16/10/2019 21:36:56",
        "Msg Received": "16/10/2019 21:36:56",
        "Msg Processed": "16/10/2019 21:36:57",
        "XML ID": "35721",
        "Total Lag": "1.5939428",
        "Create Lag": "0.9220533",
        "Process Lag": "0.6718895"
      },
      {
        "Direction": "Inbound",
        "Destination": "The Point",
        "Time": "00:11:25",
        "AVLS": "00:12:05",
        "Tram": "4002",
        "Action": "a",
        "Msg Sent": "16/10/2019 21:36:56",
        "Msg Received": "16/10/2019 21:36:56",
        "Msg Processed": "16/10/2019 21:36:57",
        "XML ID": "35721",
        "Total Lag": "1.5783103",
        "Create Lag": "0.9220533",
        "Process Lag": "0.656257"
      },
      {
        "Direction": "Outbound",
        "Destination": "Tallaght",
        "Time": "00:07:32",
        "AVLS": "00:08:12",
        "Tram": "3009",
        "Action": "a",
        "Msg Sent": "16/10/2019 21:36:56",
        "Msg Received": "16/10/2019 21:36:56",
        "Msg Processed": "16/10/2019 21:36:57",
        "XML ID": "35721",
        "Total Lag": "1.2814551",
        "Create Lag": "0.9220533",
        "Process Lag": "0.3594018"
      }
    ]
  },
  {
    "stopID": "52",
    "stopQueryTime": 1571258220966,
    "count": 3,
    "results": [
      {
        "Direction": "Inbound",
        "Destination": "Belgard",
        "Time": "00:01:39",
        "AVLS": "00:02:19",
        "Tram": "3018",
        "Action": "a",
        "Msg Sent": "16/10/2019 21:36:56",
        "Msg Received": "16/10/2019 21:36:56",
        "Msg Processed": "16/10/2019 21:36:57",
        "XML ID": "35721",
        "Total Lag": "1.4845535",
        "Create Lag": "0.9220533",
        "Process Lag": "0.5625002"
      },
      {
        "Direction": "Outbound",
        "Destination": "Saggart",
        "Time": "00:07:37",
        "AVLS": "00:08:17",
        "Tram": "3011",
        "Action": "a",
        "Msg Sent": "16/10/2019 21:36:56",
        "Msg Received": "16/10/2019 21:36:56",
        "Msg Processed": "16/10/2019 21:36:57",
        "XML ID": "35721",
        "Total Lag": "1.3283126",
        "Create Lag": "0.9220533",
        "Process Lag": "0.4062593"
      },
      {
        "Direction": "Outbound",
        "Destination": "Saggart",
        "Time": "00:18:11",
        "AVLS": "00:18:51",
        "Tram": "3015",
        "Action": "a",
        "Msg Sent": "16/10/2019 21:36:56",
        "Msg Received": "16/10/2019 21:36:56",
        "Msg Processed": "16/10/2019 21:36:57",
        "XML ID": "35721",
        "Total Lag": "1.4064635",
        "Create Lag": "0.9220533",
        "Process Lag": "0.4844102"
      }
    ]
  },
  {
    "stopID": "43",
    "stopQueryTime": 1571258220974,
    "count": 4,
    "results": [
      {
        "Direction": "Inbound",
        "Destination": "Broombridge",
        "Time": "00:00:00",
        "AVLS": "00:00:26",
        "Tram": "5013",
        "Action": "a",
        "Msg Sent": "16/10/2019 21:36:57",
        "Msg Received": "16/10/2019 21:36:57",
        "Msg Processed": "16/10/2019 21:36:57",
        "XML ID": "35722",
        "Total Lag": "0.9081221",
        "Create Lag": "0.0001785",
        "Process Lag": "0.9079436"
      },
      {
        "Direction": "Inbound",
        "Destination": "Broombridge",
        "Time": "00:14:25",
        "AVLS": "00:15:05",
        "Tram": "5010",
        "Action": "a",
        "Msg Sent": "16/10/2019 21:36:59",
        "Msg Received": "16/10/2019 21:36:59",
        "Msg Processed": "16/10/2019 21:36:59",
        "XML ID": "35723",
        "Total Lag": "0.8011666",
        "Create Lag": "0.5654843",
        "Process Lag": "0.2356823"
      },
      {
        "Direction": "Outbound",
        "Destination": "Bride's Glen",
        "Time": "00:08:28",
        "AVLS": "00:09:08",
        "Tram": "5003",
        "Action": "a",
        "Msg Sent": "16/10/2019 21:36:57",
        "Msg Received": "16/10/2019 21:36:57",
        "Msg Processed": "16/10/2019 21:36:57",
        "XML ID": "35722",
        "Total Lag": "0.7352837",
        "Create Lag": "0.0001785",
        "Process Lag": "0.7351052"
      },
      {
        "Direction": "Outbound",
        "Destination": "Bride's Glen",
        "Time": "00:17:17",
        "AVLS": "00:17:57",
        "Tram": "5030",
        "Action": "a",
        "Msg Sent": "16/10/2019 21:36:59",
        "Msg Received": "16/10/2019 21:36:59",
        "Msg Processed": "16/10/2019 21:36:59",
        "XML ID": "35723",
        "Total Lag": "0.7537769",
        "Create Lag": "0.5654843",
        "Process Lag": "0.1882926"
      }
    ]
  },
  {
    "stopID": "25",
    "stopQueryTime": 1571258220978,
    "count": 5,
    "results": [
      {
        "Direction": "Inbound",
        "Destination": "Broombridge",
        "Time": "00:00:06",
        "AVLS": "00:00:46",
        "Tram": "5016",
        "Action": "a",
        "Msg Sent": "16/10/2019 21:36:57",
        "Msg Received": "16/10/2019 21:36:57",
        "Msg Processed": "16/10/2019 21:36:57",
        "XML ID": "35722",
        "Total Lag": "0.9868237",
        "Create Lag": "0.0001785",
        "Process Lag": "0.9866452"
      },
      {
        "Direction": "Inbound",
        "Destination": "Broombridge",
        "Time": "00:07:07",
        "AVLS": "00:07:47",
        "Tram": "5015",
        "Action": "a",
        "Msg Sent": "16/10/2019 21:36:57",
        "Msg Received": "16/10/2019 21:36:57",
        "Msg Processed": "16/10/2019 21:36:57",
        "XML ID": "35722",
        "Total Lag": "0.9555682",
        "Create Lag": "0.0001785",
        "Process Lag": "0.9553897"
      },
      {
        "Direction": "Inbound",
        "Destination": "Broombridge",
        "Time": "00:13:58",
        "AVLS": "00:14:38",
        "Tram": "5008",
        "Action": "a",
        "Msg Sent": "16/10/2019 21:36:57",
        "Msg Received": "16/10/2019 21:36:57",
        "Msg Processed": "16/10/2019 21:36:57",
        "XML ID": "35722",
        "Total Lag": "0.8451685",
        "Create Lag": "0.0001785",
        "Process Lag": "0.84499"
      },
      {
        "Direction": "Outbound",
        "Destination": "Bride's Glen",
        "Time": "00:04:05",
        "AVLS": "00:04:45",
        "Tram": "5002",
        "Action": "a",
        "Msg Sent": "16/10/2019 21:36:57",
        "Msg Received": "16/10/2019 21:36:57",
        "Msg Processed": "16/10/2019 21:36:57",
        "XML ID": "35722",
        "Total Lag": "0.6564887",
        "Create Lag": "0.0001785",
        "Process Lag": "0.6563102"
      },
      {
        "Direction": "Outbound",
        "Destination": "Sandyford",
        "Time": "00:11:57",
        "AVLS": "00:12:37",
        "Tram": "5023",
        "Action": "a",
        "Msg Sent": "16/10/2019 21:36:59",
        "Msg Received": "16/10/2019 21:36:59",
        "Msg Processed": "16/10/2019 21:36:59",
        "XML ID": "35723",
        "Total Lag": "0.5811127",
        "Create Lag": "0.5654843",
        "Process Lag": "0.0156284"
      }
    ]
  },
  {
    "stopID": "47",
    "stopQueryTime": 1571258220980,
    "count": 3,
    "results": [
      {
        "Direction": "Inbound",
        "Destination": "Broombridge",
        "Time": "00:08:29",
        "AVLS": "00:09:09",
        "Tram": "5010",
        "Action": "a",
        "Msg Sent": "16/10/2019 21:36:59",
        "Msg Received": "16/10/2019 21:36:59",
        "Msg Processed": "16/10/2019 21:36:59",
        "XML ID": "35723",
        "Total Lag": "0.7850326",
        "Create Lag": "0.5654843",
        "Process Lag": "0.2195483"
      },
      {
        "Direction": "Outbound",
        "Destination": "Bride's Glen",
        "Time": "00:02:11",
        "AVLS": "00:02:51",
        "Tram": "5010",
        "Action": "a",
        "Msg Sent": "16/10/2019 21:36:59",
        "Msg Received": "16/10/2019 21:36:59",
        "Msg Processed": "16/10/2019 21:36:59",
        "XML ID": "35723",
        "Total Lag": "0.7694319",
        "Create Lag": "0.5654843",
        "Process Lag": "0.2039476"
      },
      {
        "Direction": "Outbound",
        "Destination": "Bride's Glen",
        "Time": "00:14:21",
        "AVLS": "00:15:01",
        "Tram": "5003",
        "Action": "a",
        "Msg Sent": "16/10/2019 21:36:57",
        "Msg Received": "16/10/2019 21:36:57",
        "Msg Processed": "16/10/2019 21:36:57",
        "XML ID": "35722",
        "Total Lag": "0.7509007",
        "Create Lag": "0.0001785",
        "Process Lag": "0.7507222"
      }
    ]
  },
  {
    "stopID": "21",
    "stopQueryTime": 1571258220983,
    "count": 4,
    "results": [
      {
        "Direction": "Inbound",
        "Destination": "The Point",
        "Time": "00:05:11",
        "AVLS": "00:05:51",
        "Tram": "4002",
        "Action": "a",
        "Msg Sent": "16/10/2019 21:36:56",
        "Msg Received": "16/10/2019 21:36:56",
        "Msg Processed": "16/10/2019 21:36:57",
        "XML ID": "35721",
        "Total Lag": "1.5626847",
        "Create Lag": "0.9220533",
        "Process Lag": "0.6406314"
      },
      {
        "Direction": "Inbound",
        "Destination": "The Point",
        "Time": "00:18:06",
        "AVLS": "00:18:46",
        "Tram": "3002",
        "Action": "a",
        "Msg Sent": "16/10/2019 21:36:56",
        "Msg Received": "16/10/2019 21:36:56",
        "Msg Processed": "16/10/2019 21:36:57",
        "XML ID": "35721",
        "Total Lag": "1.2658106",
        "Create Lag": "0.9220533",
        "Process Lag": "0.3437573"
      },
      {
        "Direction": "Outbound",
        "Destination": "Tallaght",
        "Time": "00:02:14",
        "AVLS": "00:02:54",
        "Tram": "4009",
        "Action": "a",
        "Msg Sent": "16/10/2019 21:36:56",
        "Msg Received": "16/10/2019 21:36:56",
        "Msg Processed": "16/10/2019 21:36:57",
        "XML ID": "35721",
        "Total Lag": "1.6095644",
        "Create Lag": "0.9220533",
        "Process Lag": "0.6875111"
      },
      {
        "Direction": "Outbound",
        "Destination": "Tallaght",
        "Time": "00:14:24",
        "AVLS": "00:15:04",
        "Tram": "3009",
        "Action": "a",
        "Msg Sent": "16/10/2019 21:36:56",
        "Msg Received": "16/10/2019 21:36:56",
        "Msg Processed": "16/10/2019 21:36:57",
        "XML ID": "35721",
        "Total Lag": "1.2970675",
        "Create Lag": "0.9220533",
        "Process Lag": "0.3750142"
      }
    ]
  },
  {
    "stopID": "51",
    "stopQueryTime": 1571258220986,
    "count": 3,
    "results": [
      {
        "Direction": "Inbound",
        "Destination": "Belgard",
        "Time": "00:02:55",
        "AVLS": "00:03:35",
        "Tram": "3018",
        "Action": "a",
        "Msg Sent": "16/10/2019 21:36:56",
        "Msg Received": "16/10/2019 21:36:56",
        "Msg Processed": "16/10/2019 21:36:57",
        "XML ID": "35721",
        "Total Lag": "1.4845535",
        "Create Lag": "0.9220533",
        "Process Lag": "0.5625002"
      },
      {
        "Direction": "Outbound",
        "Destination": "Saggart",
        "Time": "00:06:20",
        "AVLS": "00:07:00",
        "Tram": "3011",
        "Action": "a",
        "Msg Sent": "16/10/2019 21:36:56",
        "Msg Received": "16/10/2019 21:36:56",
        "Msg Processed": "16/10/2019 21:36:57",
        "XML ID": "35721",
        "Total Lag": "1.3283126",
        "Create Lag": "0.9220533",
        "Process Lag": "0.4062593"
      },
      {
        "Direction": "Outbound",
        "Destination": "Saggart",
        "Time": "00:16:54",
        "AVLS": "00:17:34",
        "Tram": "3015",
        "Action": "a",
        "Msg Sent": "16/10/2019 21:36:56",
        "Msg Received": "16/10/2019 21:36:56",
        "Msg Processed": "16/10/2019 21:36:57",
        "XML ID": "35721",
        "Total Lag": "1.4064635",
        "Create Lag": "0.9220533",
        "Process Lag": "0.4844102"
      }
    ]
  },
  {
    "stopID": "35",
    "stopQueryTime": 1571258220988,
    "count": 5,
    "results": [
      {
        "Direction": "Inbound",
        "Destination": "Broombridge",
        "Time": "00:12:17",
        "AVLS": "00:12:57",
        "Tram": "5013",
        "Action": "a",
        "Msg Sent": "16/10/2019 21:36:57",
        "Msg Received": "16/10/2019 21:36:57",
        "Msg Processed": "16/10/2019 21:36:57",
        "XML ID": "35722",
        "Total Lag": "0.9237472",
        "Create Lag": "0.0001785",
        "Process Lag": "0.9235687"
      },
      {
        "Direction": "Outbound",
        "Destination": "Sandyford",
        "Time": "00:00:02",
        "AVLS": "00:00:42",
        "Tram": "5005",
        "Action": "a",
        "Msg Sent": "16/10/2019 21:36:57",
        "Msg Received": "16/10/2019 21:36:57",
        "Msg Processed": "16/10/2019 21:36:57",
        "XML ID": "35722",
        "Total Lag": "0.7665295",
        "Create Lag": "0.0001785",
        "Process Lag": "0.766351"
      },
      {
        "Direction": "Outbound",
        "Destination": "Bride's Glen",
        "Time": "00:05:01",
        "AVLS": "00:05:41",
        "Tram": "5030",
        "Action": "a",
        "Msg Sent": "16/10/2019 21:36:59",
        "Msg Received": "16/10/2019 21:36:59",
        "Msg Processed": "16/10/2019 21:36:59",
        "XML ID": "35723",
        "Total Lag": "0.7228898",
        "Create Lag": "0.5654843",
        "Process Lag": "0.1574055"
      },
      {
        "Direction": "Outbound",
        "Destination": "Sandyford",
        "Time": "00:13:41",
        "AVLS": "00:14:21",
        "Tram": "5006",
        "Action": "a",
        "Msg Sent": "16/10/2019 21:36:57",
        "Msg Received": "16/10/2019 21:36:57",
        "Msg Processed": "16/10/2019 21:36:57",
        "XML ID": "35722",
        "Total Lag": "0.7982839",
        "Create Lag": "0.0001785",
        "Process Lag": "0.7981054"
      },
      {
        "Direction": "Outbound",
        "Destination": "Sandyford",
        "Time": "00:16:27",
        "AVLS": "00:17:07",
        "Tram": "5027",
        "Action": "a",
        "Msg Sent": "16/10/2019 21:36:59",
        "Msg Received": "16/10/2019 21:36:59",
        "Msg Processed": "16/10/2019 21:36:59",
        "XML ID": "35723",
        "Total Lag": "0.627987",
        "Create Lag": "0.5654843",
        "Process Lag": "0.0625027"
      }
    ]
  },
  {
    "stopID": "31",
    "stopQueryTime": 1571258220993,
    "count": 4,
    "results": [
      {
        "Direction": "Inbound",
        "Destination": "Broombridge",
        "Time": "00:03:55",
        "AVLS": "00:04:35",
        "Tram": "5008",
        "Action": "a",
        "Msg Sent": "16/10/2019 21:36:57",
        "Msg Received": "16/10/2019 21:36:57",
        "Msg Processed": "16/10/2019 21:36:57",
        "XML ID": "35722",
        "Total Lag": "0.8139181",
        "Create Lag": "0.0001785",
        "Process Lag": "0.8137396"
      },
      {
        "Direction": "Outbound",
        "Destination": "Sandyford",
        "Time": "00:07:04",
        "AVLS": "00:07:44",
        "Tram": "5006",
        "Action": "a",
        "Msg Sent": "16/10/2019 21:36:57",
        "Msg Received": "16/10/2019 21:36:57",
        "Msg Processed": "16/10/2019 21:36:57",
        "XML ID": "35722",
        "Total Lag": "0.7827043",
        "Create Lag": "0.0001785",
        "Process Lag": "0.7825258"
      },
      {
        "Direction": "Outbound",
        "Destination": "Sandyford",
        "Time": "00:09:50",
        "AVLS": "00:10:30",
        "Tram": "5027",
        "Action": "a",
        "Msg Sent": "16/10/2019 21:36:59",
        "Msg Received": "16/10/2019 21:36:59",
        "Msg Processed": "16/10/2019 21:36:59",
        "XML ID": "35723",
        "Total Lag": "0.6123617",
        "Create Lag": "0.5654843",
        "Process Lag": "0.0468774"
      },
      {
        "Direction": "Outbound",
        "Destination": "Bride's Glen",
        "Time": "00:15:09",
        "AVLS": "00:15:49",
        "Tram": "5002",
        "Action": "a",
        "Msg Sent": "16/10/2019 21:36:57",
        "Msg Received": "16/10/2019 21:36:57",
        "Msg Processed": "16/10/2019 21:36:57",
        "XML ID": "35722",
        "Total Lag": "0.7041076",
        "Create Lag": "0.0001785",
        "Process Lag": "0.7039291"
      }
    ]
  },
  {
    "stopID": "53",
    "stopQueryTime": 1571258220996,
    "count": 4,
    "results": [
      {
        "Direction": "Inbound",
        "Destination": "Belgard",
        "Time": "00:00:00",
        "AVLS": "00:00:04",
        "Tram": "3018",
        "Action": "d",
        "Msg Sent": "16/10/2019 21:36:56",
        "Msg Received": "16/10/2019 21:36:56",
        "Msg Processed": "16/10/2019 21:36:57",
        "XML ID": "35721",
        "Total Lag": "1.4689321",
        "Create Lag": "0.9220533",
        "Process Lag": "0.5468788"
      },
      {
        "Direction": "Inbound",
        "Destination": "Belgard",
        "Time": "00:14:24",
        "AVLS": "00:15:04",
        "Tram": "3011",
        "Action": "d",
        "Msg Sent": "16/10/2019 21:36:56",
        "Msg Received": "16/10/2019 21:36:56",
        "Msg Processed": "16/10/2019 21:36:57",
        "XML ID": "35721",
        "Total Lag": "1.3283126",
        "Create Lag": "0.9220533",
        "Process Lag": "0.4062593"
      },
      {
        "Direction": "Terminating",
        "Destination": "Saggart",
        "Time": "00:00:23",
        "AVLS": "00:01:03",
        "Tram": "4011",
        "Action": "a",
        "Msg Sent": "16/10/2019 21:36:57",
        "Msg Received": "16/10/2019 21:36:57",
        "Msg Processed": "16/10/2019 21:36:57",
        "XML ID": "35722",
        "Total Lag": "0.6408042",
        "Create Lag": "0.0001785",
        "Process Lag": "0.6406257"
      },
      {
        "Direction": "Terminating",
        "Destination": "Saggart",
        "Time": "00:09:50",
        "AVLS": "00:10:30",
        "Tram": "3011",
        "Action": "a",
        "Msg Sent": "16/10/2019 21:36:56",
        "Msg Received": "16/10/2019 21:36:56",
        "Msg Processed": "16/10/2019 21:36:57",
        "XML ID": "35721",
        "Total Lag": "1.3283126",
        "Create Lag": "0.9220533",
        "Process Lag": "0.4062593"
      }
    ]
  },
  {
    "stopID": "20",
    "stopQueryTime": 1571258221005,
    "count": 4,
    "results": [
      {
        "Direction": "Inbound",
        "Destination": "The Point",
        "Time": "00:02:25",
        "AVLS": "00:03:05",
        "Tram": "4002",
        "Action": "a",
        "Msg Sent": "16/10/2019 21:36:56",
        "Msg Received": "16/10/2019 21:36:56",
        "Msg Processed": "16/10/2019 21:36:57",
        "XML ID": "35721",
        "Total Lag": "1.5626847",
        "Create Lag": "0.9220533",
        "Process Lag": "0.6406314"
      },
      {
        "Direction": "Inbound",
        "Destination": "The Point",
        "Time": "00:15:20",
        "AVLS": "00:16:00",
        "Tram": "3002",
        "Action": "a",
        "Msg Sent": "16/10/2019 21:36:56",
        "Msg Received": "16/10/2019 21:36:56",
        "Msg Processed": "16/10/2019 21:36:57",
        "XML ID": "35721",
        "Total Lag": "1.2658106",
        "Create Lag": "0.9220533",
        "Process Lag": "0.3437573"
      },
      {
        "Direction": "Outbound",
        "Destination": "Tallaght",
        "Time": "00:04:41",
        "AVLS": "00:05:21",
        "Tram": "4009",
        "Action": "a",
        "Msg Sent": "16/10/2019 21:36:56",
        "Msg Received": "16/10/2019 21:36:56",
        "Msg Processed": "16/10/2019 21:36:57",
        "XML ID": "35721",
        "Total Lag": "1.6095644",
        "Create Lag": "0.9220533",
        "Process Lag": "0.6875111"
      },
      {
        "Direction": "Outbound",
        "Destination": "Tallaght",
        "Time": "00:16:51",
        "AVLS": "00:17:31",
        "Tram": "3009",
        "Action": "a",
        "Msg Sent": "16/10/2019 21:36:56",
        "Msg Received": "16/10/2019 21:36:56",
        "Msg Processed": "16/10/2019 21:36:57",
        "XML ID": "35721",
        "Total Lag": "1.2970675",
        "Create Lag": "0.9220533",
        "Process Lag": "0.3750142"
      }
    ]
  },
  {
    "stopID": "28",
    "stopQueryTime": 1571258221009,
    "count": 6,
    "results": [
      {
        "Direction": "Inbound",
        "Destination": "Broombridge",
        "Time": "00:02:05",
        "AVLS": "00:02:45",
        "Tram": "5015",
        "Action": "a",
        "Msg Sent": "16/10/2019 21:36:57",
        "Msg Received": "16/10/2019 21:36:57",
        "Msg Processed": "16/10/2019 21:36:57",
        "XML ID": "35722",
        "Total Lag": "0.9555682",
        "Create Lag": "0.0001785",
        "Process Lag": "0.9553897"
      },
      {
        "Direction": "Inbound",
        "Destination": "Broombridge",
        "Time": "00:08:56",
        "AVLS": "00:09:36",
        "Tram": "5008",
        "Action": "a",
        "Msg Sent": "16/10/2019 21:36:57",
        "Msg Received": "16/10/2019 21:36:57",
        "Msg Processed": "16/10/2019 21:36:57",
        "XML ID": "35722",
        "Total Lag": "0.8139181",
        "Create Lag": "0.0001785",
        "Process Lag": "0.8137396"
      },
      {
        "Direction": "Outbound",
        "Destination": "Sandyford",
        "Time": "00:02:02",
        "AVLS": "00:02:42",
        "Tram": "5006",
        "Action": "a",
        "Msg Sent": "16/10/2019 21:36:57",
        "Msg Received": "16/10/2019 21:36:57",
        "Msg Processed": "16/10/2019 21:36:57",
        "XML ID": "35722",
        "Total Lag": "0.7665295",
        "Create Lag": "0.0001785",
        "Process Lag": "0.766351"
      },
      {
        "Direction": "Outbound",
        "Destination": "Sandyford",
        "Time": "00:04:48",
        "AVLS": "00:05:28",
        "Tram": "5027",
        "Action": "a",
        "Msg Sent": "16/10/2019 21:36:59",
        "Msg Received": "16/10/2019 21:36:59",
        "Msg Processed": "16/10/2019 21:36:59",
        "XML ID": "35723",
        "Total Lag": "0.6123617",
        "Create Lag": "0.5654843",
        "Process Lag": "0.0468774"
      },
      {
        "Direction": "Outbound",
        "Destination": "Bride's Glen",
        "Time": "00:10:07",
        "AVLS": "00:10:47",
        "Tram": "5002",
        "Action": "a",
        "Msg Sent": "16/10/2019 21:36:57",
        "Msg Received": "16/10/2019 21:36:57",
        "Msg Processed": "16/10/2019 21:36:57",
        "XML ID": "35722",
        "Total Lag": "0.6877018",
        "Create Lag": "0.0001785",
        "Process Lag": "0.6875233"
      },
      {
        "Direction": "Outbound",
        "Destination": "Sandyford",
        "Time": "00:17:59",
        "AVLS": "00:18:39",
        "Tram": "5023",
        "Action": "a",
        "Msg Sent": "16/10/2019 21:36:59",
        "Msg Received": "16/10/2019 21:36:59",
        "Msg Processed": "16/10/2019 21:36:59",
        "XML ID": "35723",
        "Total Lag": "0.5811127",
        "Create Lag": "0.5654843",
        "Process Lag": "0.0156284"
      }
    ]
  },
  {
    "stopID": "54",
    "stopQueryTime": 1571258221012,
    "count": 3,
    "results": [
      {
        "Direction": "Inbound",
        "Destination": "The Point",
        "Time": "00:00:41",
        "AVLS": "00:01:21",
        "Tram": "4006",
        "Action": "a",
        "Msg Sent": "16/10/2019 21:36:56",
        "Msg Received": "16/10/2019 21:36:56",
        "Msg Processed": "16/10/2019 21:36:57",
        "XML ID": "35721",
        "Total Lag": "1.5939428",
        "Create Lag": "0.9220533",
        "Process Lag": "0.6718895"
      },
      {
        "Direction": "Inbound",
        "Destination": "The Point",
        "Time": "00:10:09",
        "AVLS": "00:10:49",
        "Tram": "4002",
        "Action": "a",
        "Msg Sent": "16/10/2019 21:36:56",
        "Msg Received": "16/10/2019 21:36:56",
        "Msg Processed": "16/10/2019 21:36:57",
        "XML ID": "35721",
        "Total Lag": "1.5783103",
        "Create Lag": "0.9220533",
        "Process Lag": "0.656257"
      },
      {
        "Direction": "Outbound",
        "Destination": "Tallaght",
        "Time": "00:09:00",
        "AVLS": "00:09:40",
        "Tram": "3009",
        "Action": "a",
        "Msg Sent": "16/10/2019 21:36:56",
        "Msg Received": "16/10/2019 21:36:56",
        "Msg Processed": "16/10/2019 21:36:57",
        "XML ID": "35721",
        "Total Lag": "1.2814551",
        "Create Lag": "0.9220533",
        "Process Lag": "0.3594018"
      }
    ]
  },
  {
    "stopID": "12",
    "stopQueryTime": 1571258221014,
    "count": 4,
    "results": [
      {
        "Direction": "Inbound",
        "Destination": "The Point",
        "Time": "00:00:13",
        "AVLS": "00:00:53",
        "Tram": "3002",
        "Action": "a",
        "Msg Sent": "16/10/2019 21:36:56",
        "Msg Received": "16/10/2019 21:36:56",
        "Msg Processed": "16/10/2019 21:36:57",
        "XML ID": "35721",
        "Total Lag": "1.2501776",
        "Create Lag": "0.9220533",
        "Process Lag": "0.3281243"
      },
      {
        "Direction": "Inbound",
        "Destination": "The Point",
        "Time": "00:16:56",
        "AVLS": "00:17:36",
        "Tram": "3025",
        "Action": "a",
        "Msg Sent": "16/10/2019 21:36:56",
        "Msg Received": "16/10/2019 21:36:56",
        "Msg Processed": "16/10/2019 21:36:57",
        "XML ID": "35721",
        "Total Lag": "1.5470681",
        "Create Lag": "0.9220533",
        "Process Lag": "0.6250148"
      },
      {
        "Direction": "Outbound",
        "Destination": "Tallaght",
        "Time": "00:00:00",
        "AVLS": "00:00:00",
        "Tram": "3014",
        "Action": "a",
        "Msg Sent": "16/10/2019 21:36:56",
        "Msg Received": "16/10/2019 21:36:56",
        "Msg Processed": "16/10/2019 21:36:56",
        "XML ID": "35720",
        "Total Lag": "0.9533029",
        "Create Lag": "0.9220533",
        "Process Lag": "0.0312496"
      },
      {
        "Direction": "Outbound",
        "Destination": "Tallaght",
        "Time": "00:08:41",
        "AVLS": "00:09:21",
        "Tram": "3017",
        "Action": "a",
        "Msg Sent": "16/10/2019 21:36:56",
        "Msg Received": "16/10/2019 21:36:56",
        "Msg Processed": "16/10/2019 21:36:57",
        "XML ID": "35721",
        "Total Lag": "1.4533118",
        "Create Lag": "0.9220533",
        "Process Lag": "0.5312585"
      }
    ]
  },
  {
    "stopID": "24",
    "stopQueryTime": 1571258221019,
    "count": 6,
    "results": [
      {
        "Direction": "Inbound",
        "Destination": "Broombridge",
        "Time": "00:03:04",
        "AVLS": "00:03:44",
        "Tram": "5016",
        "Action": "a",
        "Msg Sent": "16/10/2019 21:36:57",
        "Msg Received": "16/10/2019 21:36:57",
        "Msg Processed": "16/10/2019 21:36:57",
        "XML ID": "35722",
        "Total Lag": "0.9868237",
        "Create Lag": "0.0001785",
        "Process Lag": "0.9866452"
      },
      {
        "Direction": "Inbound",
        "Destination": "Broombridge",
        "Time": "00:10:05",
        "AVLS": "00:10:45",
        "Tram": "5015",
        "Action": "a",
        "Msg Sent": "16/10/2019 21:36:57",
        "Msg Received": "16/10/2019 21:36:57",
        "Msg Processed": "16/10/2019 21:36:57",
        "XML ID": "35722",
        "Total Lag": "0.9711922",
        "Create Lag": "0.0001785",
        "Process Lag": "0.9710137"
      },
      {
        "Direction": "Inbound",
        "Destination": "Broombridge",
        "Time": "00:16:56",
        "AVLS": "00:17:36",
        "Tram": "5008",
        "Action": "a",
        "Msg Sent": "16/10/2019 21:36:57",
        "Msg Received": "16/10/2019 21:36:57",
        "Msg Processed": "16/10/2019 21:36:57",
        "XML ID": "35722",
        "Total Lag": "0.8451685",
        "Create Lag": "0.0001785",
        "Process Lag": "0.84499"
      },
      {
        "Direction": "Outbound",
        "Destination": "Bride's Glen",
        "Time": "00:02:07",
        "AVLS": "00:02:47",
        "Tram": "5002",
        "Action": "a",
        "Msg Sent": "16/10/2019 21:36:57",
        "Msg Received": "16/10/2019 21:36:57",
        "Msg Processed": "16/10/2019 21:36:57",
        "XML ID": "35722",
        "Total Lag": "0.6408042",
        "Create Lag": "0.0001785",
        "Process Lag": "0.6406257"
      },
      {
        "Direction": "Outbound",
        "Destination": "Sandyford",
        "Time": "00:09:59",
        "AVLS": "00:10:39",
        "Tram": "5023",
        "Action": "a",
        "Msg Sent": "16/10/2019 21:36:59",
        "Msg Received": "16/10/2019 21:36:59",
        "Msg Processed": "16/10/2019 21:36:59",
        "XML ID": "35723",
        "Total Lag": "0.5654843",
        "Create Lag": "0.5654843",
        "Process Lag": "0"
      },
      {
        "Direction": "Outbound",
        "Destination": "Bride's Glen",
        "Time": "00:17:25",
        "AVLS": "00:18:05",
        "Tram": "5028",
        "Action": "a",
        "Msg Sent": "16/10/2019 21:36:59",
        "Msg Received": "16/10/2019 21:36:59",
        "Msg Processed": "16/10/2019 21:36:59",
        "XML ID": "35723",
        "Total Lag": "0.6594986",
        "Create Lag": "0.5654843",
        "Process Lag": "0.0940143"
      }
    ]
  },
  {
    "stopID": "30",
    "stopQueryTime": 1571258221021,
    "count": 4,
    "results": [
      {
        "Direction": "Inbound",
        "Destination": "Broombridge",
        "Time": "00:05:42",
        "AVLS": "00:06:22",
        "Tram": "5008",
        "Action": "a",
        "Msg Sent": "16/10/2019 21:36:57",
        "Msg Received": "16/10/2019 21:36:57",
        "Msg Processed": "16/10/2019 21:36:57",
        "XML ID": "35722",
        "Total Lag": "0.8139181",
        "Create Lag": "0.0001785",
        "Process Lag": "0.8137396"
      },
      {
        "Direction": "Outbound",
        "Destination": "Sandyford",
        "Time": "00:05:16",
        "AVLS": "00:05:56",
        "Tram": "5006",
        "Action": "a",
        "Msg Sent": "16/10/2019 21:36:57",
        "Msg Received": "16/10/2019 21:36:57",
        "Msg Processed": "16/10/2019 21:36:57",
        "XML ID": "35722",
        "Total Lag": "0.7823735",
        "Create Lag": "0.0001785",
        "Process Lag": "0.782195"
      },
      {
        "Direction": "Outbound",
        "Destination": "Sandyford",
        "Time": "00:08:02",
        "AVLS": "00:08:42",
        "Tram": "5027",
        "Action": "a",
        "Msg Sent": "16/10/2019 21:36:59",
        "Msg Received": "16/10/2019 21:36:59",
        "Msg Processed": "16/10/2019 21:36:59",
        "XML ID": "35723",
        "Total Lag": "0.6123617",
        "Create Lag": "0.5654843",
        "Process Lag": "0.0468774"
      },
      {
        "Direction": "Outbound",
        "Destination": "Bride's Glen",
        "Time": "00:13:21",
        "AVLS": "00:14:01",
        "Tram": "5002",
        "Action": "a",
        "Msg Sent": "16/10/2019 21:36:57",
        "Msg Received": "16/10/2019 21:36:57",
        "Msg Processed": "16/10/2019 21:36:57",
        "XML ID": "35722",
        "Total Lag": "0.6877018",
        "Create Lag": "0.0001785",
        "Process Lag": "0.6875233"
      }
    ]
  },
  {
    "stopID": "42",
    "stopQueryTime": 1571258221024,
    "count": 4,
    "results": [
      {
        "Direction": "Inbound",
        "Destination": "Broombridge",
        "Time": "00:01:22",
        "AVLS": "00:02:02",
        "Tram": "5013",
        "Action": "a",
        "Msg Sent": "16/10/2019 21:36:57",
        "Msg Received": "16/10/2019 21:36:57",
        "Msg Processed": "16/10/2019 21:36:57",
        "XML ID": "35722",
        "Total Lag": "0.9081221",
        "Create Lag": "0.0001785",
        "Process Lag": "0.9079436"
      },
      {
        "Direction": "Inbound",
        "Destination": "Broombridge",
        "Time": "00:16:01",
        "AVLS": "00:16:41",
        "Tram": "5010",
        "Action": "a",
        "Msg Sent": "16/10/2019 21:36:59",
        "Msg Received": "16/10/2019 21:36:59",
        "Msg Processed": "16/10/2019 21:36:59",
        "XML ID": "35723",
        "Total Lag": "0.8011666",
        "Create Lag": "0.5654843",
        "Process Lag": "0.2356823"
      },
      {
        "Direction": "Outbound",
        "Destination": "Bride's Glen",
        "Time": "00:06:55",
        "AVLS": "00:07:35",
        "Tram": "5003",
        "Action": "a",
        "Msg Sent": "16/10/2019 21:36:57",
        "Msg Received": "16/10/2019 21:36:57",
        "Msg Processed": "16/10/2019 21:36:57",
        "XML ID": "35722",
        "Total Lag": "0.7196416",
        "Create Lag": "0.0001785",
        "Process Lag": "0.7194631"
      },
      {
        "Direction": "Outbound",
        "Destination": "Bride's Glen",
        "Time": "00:15:44",
        "AVLS": "00:16:24",
        "Tram": "5030",
        "Action": "a",
        "Msg Sent": "16/10/2019 21:36:59",
        "Msg Received": "16/10/2019 21:36:59",
        "Msg Processed": "16/10/2019 21:36:59",
        "XML ID": "35723",
        "Total Lag": "0.7537769",
        "Create Lag": "0.5654843",
        "Process Lag": "0.1882926"
      }
    ]
  },
  {
    "stopID": "34",
    "stopQueryTime": 1571258221027,
    "count": 4,
    "results": [
      {
        "Direction": "Inbound",
        "Destination": "Broombridge",
        "Time": "00:14:17",
        "AVLS": "00:14:57",
        "Tram": "5013",
        "Action": "a",
        "Msg Sent": "16/10/2019 21:36:57",
        "Msg Received": "16/10/2019 21:36:57",
        "Msg Processed": "16/10/2019 21:36:57",
        "XML ID": "35722",
        "Total Lag": "0.9399338",
        "Create Lag": "0.0001785",
        "Process Lag": "0.9397553"
      },
      {
        "Direction": "Outbound",
        "Destination": "Bride's Glen",
        "Time": "00:03:22",
        "AVLS": "00:04:02",
        "Tram": "5030",
        "Action": "a",
        "Msg Sent": "16/10/2019 21:36:59",
        "Msg Received": "16/10/2019 21:36:59",
        "Msg Processed": "16/10/2019 21:36:59",
        "XML ID": "35723",
        "Total Lag": "0.7228898",
        "Create Lag": "0.5654843",
        "Process Lag": "0.1574055"
      },
      {
        "Direction": "Outbound",
        "Destination": "Sandyford",
        "Time": "00:12:02",
        "AVLS": "00:12:42",
        "Tram": "5006",
        "Action": "a",
        "Msg Sent": "16/10/2019 21:36:57",
        "Msg Received": "16/10/2019 21:36:57",
        "Msg Processed": "16/10/2019 21:36:57",
        "XML ID": "35722",
        "Total Lag": "0.7982839",
        "Create Lag": "0.0001785",
        "Process Lag": "0.7981054"
      },
      {
        "Direction": "Outbound",
        "Destination": "Sandyford",
        "Time": "00:14:48",
        "AVLS": "00:15:28",
        "Tram": "5027",
        "Action": "a",
        "Msg Sent": "16/10/2019 21:36:59",
        "Msg Received": "16/10/2019 21:36:59",
        "Msg Processed": "16/10/2019 21:36:59",
        "XML ID": "35723",
        "Total Lag": "0.627987",
        "Create Lag": "0.5654843",
        "Process Lag": "0.0625027"
      }
    ]
  },
  {
    "stopID": "4",
    "stopQueryTime": 1571258221039,
    "count": 8,
    "results": [
      {
        "Direction": "Inbound",
        "Destination": "The Point",
        "Time": "00:00:49",
        "AVLS": "00:01:29",
        "Tram": "3025",
        "Action": "a",
        "Msg Sent": "16/10/2019 21:36:56",
        "Msg Received": "16/10/2019 21:36:56",
        "Msg Processed": "16/10/2019 21:36:57",
        "XML ID": "35721",
        "Total Lag": "1.5001805",
        "Create Lag": "0.9220533",
        "Process Lag": "0.5781272"
      },
      {
        "Direction": "Inbound",
        "Destination": "The Point",
        "Time": "00:15:10",
        "AVLS": "00:15:50",
        "Tram": "3012",
        "Action": "a",
        "Msg Sent": "16/10/2019 21:36:56",
        "Msg Received": "16/10/2019 21:36:56",
        "Msg Processed": "16/10/2019 21:36:57",
        "XML ID": "35721",
        "Total Lag": "1.3595534",
        "Create Lag": "0.9220533",
        "Process Lag": "0.4375001"
      },
      {
        "Direction": "Outbound",
        "Destination": "Saggart",
        "Time": "00:00:00",
        "AVLS": "00:00:00",
        "Tram": "3011",
        "Action": "a",
        "Msg Sent": "16/10/2019 21:36:56",
        "Msg Received": "16/10/2019 21:36:56",
        "Msg Processed": "16/10/2019 21:36:57",
        "XML ID": "35721",
        "Total Lag": "1.312689",
        "Create Lag": "0.9220533",
        "Process Lag": "0.3906357"
      },
      {
        "Direction": "Outbound",
        "Destination": "Tallaght",
        "Time": "00:00:00",
        "AVLS": "00:00:00",
        "Tram": "3012",
        "Action": "a",
        "Msg Sent": "16/10/2019 21:36:50",
        "Msg Received": "16/10/2019 21:36:50",
        "Msg Processed": "16/10/2019 21:36:50",
        "XML ID": "35718",
        "Total Lag": "0.1720588",
        "Create Lag": "0.0783839",
        "Process Lag": "0.0936749"
      },
      {
        "Direction": "Outbound",
        "Destination": "Tallaght",
        "Time": "00:04:55",
        "AVLS": "00:05:35",
        "Tram": "3016",
        "Action": "a",
        "Msg Sent": "16/10/2019 21:36:56",
        "Msg Received": "16/10/2019 21:36:56",
        "Msg Processed": "16/10/2019 21:36:57",
        "XML ID": "35721",
        "Total Lag": "1.4220558",
        "Create Lag": "0.9220533",
        "Process Lag": "0.5000025"
      },
      {
        "Direction": "Outbound",
        "Destination": "Saggart",
        "Time": "00:09:54",
        "AVLS": "00:10:34",
        "Tram": "3015",
        "Action": "a",
        "Msg Sent": "16/10/2019 21:36:56",
        "Msg Received": "16/10/2019 21:36:56",
        "Msg Processed": "16/10/2019 21:36:57",
        "XML ID": "35721",
        "Total Lag": "1.4064635",
        "Create Lag": "0.9220533",
        "Process Lag": "0.4844102"
      },
      {
        "Direction": "Outbound",
        "Destination": "Tallaght",
        "Time": "00:15:26",
        "AVLS": "00:16:06",
        "Tram": "3014",
        "Action": "a",
        "Msg Sent": "16/10/2019 21:36:56",
        "Msg Received": "16/10/2019 21:36:56",
        "Msg Processed": "16/10/2019 21:36:57",
        "XML ID": "35721",
        "Total Lag": "1.3908152",
        "Create Lag": "0.9220533",
        "Process Lag": "0.4687619"
      },
      {
        "Direction": "Outbound",
        "Destination": "Saggart",
        "Time": "00:18:54",
        "AVLS": "00:19:34",
        "Tram": "3018",
        "Action": "a",
        "Msg Sent": "16/10/2019 21:36:56",
        "Msg Received": "16/10/2019 21:36:56",
        "Msg Processed": "16/10/2019 21:36:57",
        "XML ID": "35721",
        "Total Lag": "1.5001805",
        "Create Lag": "0.9220533",
        "Process Lag": "0.5781272"
      }
    ]
  },
  {
    "stopID": "29",
    "stopQueryTime": 1571258221042,
    "count": 5,
    "results": [
      {
        "Direction": "Inbound",
        "Destination": "Broombridge",
        "Time": "00:00:36",
        "AVLS": "00:01:16",
        "Tram": "5015",
        "Action": "a",
        "Msg Sent": "16/10/2019 21:36:57",
        "Msg Received": "16/10/2019 21:36:57",
        "Msg Processed": "16/10/2019 21:36:57",
        "XML ID": "35722",
        "Total Lag": "0.9399338",
        "Create Lag": "0.0001785",
        "Process Lag": "0.9397553"
      },
      {
        "Direction": "Inbound",
        "Destination": "Broombridge",
        "Time": "00:07:27",
        "AVLS": "00:08:07",
        "Tram": "5008",
        "Action": "a",
        "Msg Sent": "16/10/2019 21:36:57",
        "Msg Received": "16/10/2019 21:36:57",
        "Msg Processed": "16/10/2019 21:36:57",
        "XML ID": "35722",
        "Total Lag": "0.8139181",
        "Create Lag": "0.0001785",
        "Process Lag": "0.8137396"
      },
      {
        "Direction": "Outbound",
        "Destination": "Sandyford",
        "Time": "00:03:30",
        "AVLS": "00:04:10",
        "Tram": "5006",
        "Action": "a",
        "Msg Sent": "16/10/2019 21:36:57",
        "Msg Received": "16/10/2019 21:36:57",
        "Msg Processed": "16/10/2019 21:36:57",
        "XML ID": "35722",
        "Total Lag": "0.7665295",
        "Create Lag": "0.0001785",
        "Process Lag": "0.766351"
      },
      {
        "Direction": "Outbound",
        "Destination": "Sandyford",
        "Time": "00:06:16",
        "AVLS": "00:06:56",
        "Tram": "5027",
        "Action": "a",
        "Msg Sent": "16/10/2019 21:36:59",
        "Msg Received": "16/10/2019 21:36:59",
        "Msg Processed": "16/10/2019 21:36:59",
        "XML ID": "35723",
        "Total Lag": "0.6123617",
        "Create Lag": "0.5654843",
        "Process Lag": "0.0468774"
      },
      {
        "Direction": "Outbound",
        "Destination": "Bride's Glen",
        "Time": "00:11:35",
        "AVLS": "00:12:15",
        "Tram": "5002",
        "Action": "a",
        "Msg Sent": "16/10/2019 21:36:57",
        "Msg Received": "16/10/2019 21:36:57",
        "Msg Processed": "16/10/2019 21:36:57",
        "XML ID": "35722",
        "Total Lag": "0.6877018",
        "Create Lag": "0.0001785",
        "Process Lag": "0.6875233"
      }
    ]
  },
  {
    "stopID": "56",
    "stopQueryTime": 1571258221046,
    "count": 4,
    "results": [
      {
        "Direction": "Inbound",
        "Destination": "The Point",
        "Time": "00:03:36",
        "AVLS": "00:04:16",
        "Tram": "4006",
        "Action": "a",
        "Msg Sent": "16/10/2019 21:36:56",
        "Msg Received": "16/10/2019 21:36:56",
        "Msg Processed": "16/10/2019 21:36:57",
        "XML ID": "35721",
        "Total Lag": "1.5939428",
        "Create Lag": "0.9220533",
        "Process Lag": "0.6718895"
      },
      {
        "Direction": "Inbound",
        "Destination": "The Point",
        "Time": "00:13:04",
        "AVLS": "00:13:44",
        "Tram": "4002",
        "Action": "a",
        "Msg Sent": "16/10/2019 21:36:56",
        "Msg Received": "16/10/2019 21:36:56",
        "Msg Processed": "16/10/2019 21:36:57",
        "XML ID": "35721",
        "Total Lag": "1.5783103",
        "Create Lag": "0.9220533",
        "Process Lag": "0.656257"
      },
      {
        "Direction": "Outbound",
        "Destination": "Tallaght",
        "Time": "00:05:33",
        "AVLS": "00:06:13",
        "Tram": "3009",
        "Action": "a",
        "Msg Sent": "16/10/2019 21:36:56",
        "Msg Received": "16/10/2019 21:36:56",
        "Msg Processed": "16/10/2019 21:36:57",
        "XML ID": "35721",
        "Total Lag": "1.2814551",
        "Create Lag": "0.9220533",
        "Process Lag": "0.3594018"
      },
      {
        "Direction": "Outbound",
        "Destination": "Tallaght",
        "Time": "00:17:33",
        "AVLS": "00:18:13",
        "Tram": "4006",
        "Action": "a",
        "Msg Sent": "16/10/2019 21:36:56",
        "Msg Received": "16/10/2019 21:36:56",
        "Msg Processed": "16/10/2019 21:36:57",
        "XML ID": "35721",
        "Total Lag": "1.6095644",
        "Create Lag": "0.9220533",
        "Process Lag": "0.6875111"
      }
    ]
  },
  {
    "stopID": "26",
    "stopQueryTime": 1571258221049,
    "count": 5,
    "results": [
      {
        "Direction": "Inbound",
        "Destination": "Broombridge",
        "Time": "00:04:57",
        "AVLS": "00:05:37",
        "Tram": "5015",
        "Action": "a",
        "Msg Sent": "16/10/2019 21:36:57",
        "Msg Received": "16/10/2019 21:36:57",
        "Msg Processed": "16/10/2019 21:36:57",
        "XML ID": "35722",
        "Total Lag": "0.9555682",
        "Create Lag": "0.0001785",
        "Process Lag": "0.9553897"
      },
      {
        "Direction": "Inbound",
        "Destination": "Broombridge",
        "Time": "00:11:48",
        "AVLS": "00:12:28",
        "Tram": "5008",
        "Action": "a",
        "Msg Sent": "16/10/2019 21:36:57",
        "Msg Received": "16/10/2019 21:36:57",
        "Msg Processed": "16/10/2019 21:36:57",
        "XML ID": "35722",
        "Total Lag": "0.8295416",
        "Create Lag": "0.0001785",
        "Process Lag": "0.8293631"
      },
      {
        "Direction": "Outbound",
        "Destination": "Sandyford",
        "Time": "00:01:26",
        "AVLS": "00:02:06",
        "Tram": "5027",
        "Action": "a",
        "Msg Sent": "16/10/2019 21:36:59",
        "Msg Received": "16/10/2019 21:36:59",
        "Msg Processed": "16/10/2019 21:36:59",
        "XML ID": "35723",
        "Total Lag": "0.5967367",
        "Create Lag": "0.5654843",
        "Process Lag": "0.0312524"
      },
      {
        "Direction": "Outbound",
        "Destination": "Bride's Glen",
        "Time": "00:06:45",
        "AVLS": "00:07:25",
        "Tram": "5002",
        "Action": "a",
        "Msg Sent": "16/10/2019 21:36:57",
        "Msg Received": "16/10/2019 21:36:57",
        "Msg Processed": "16/10/2019 21:36:57",
        "XML ID": "35722",
        "Total Lag": "0.6720652",
        "Create Lag": "0.0001785",
        "Process Lag": "0.6718867"
      },
      {
        "Direction": "Outbound",
        "Destination": "Sandyford",
        "Time": "00:14:37",
        "AVLS": "00:15:17",
        "Tram": "5023",
        "Action": "a",
        "Msg Sent": "16/10/2019 21:36:59",
        "Msg Received": "16/10/2019 21:36:59",
        "Msg Processed": "16/10/2019 21:36:59",
        "XML ID": "35723",
        "Total Lag": "0.5811127",
        "Create Lag": "0.5654843",
        "Process Lag": "0.0156284"
      }
    ]
  },
  {
    "stopID": "27",
    "stopQueryTime": 1571258221053,
    "count": 6,
    "results": [
      {
        "Direction": "Inbound",
        "Destination": "Broombridge",
        "Time": "00:03:36",
        "AVLS": "00:04:16",
        "Tram": "5015",
        "Action": "a",
        "Msg Sent": "16/10/2019 21:36:57",
        "Msg Received": "16/10/2019 21:36:57",
        "Msg Processed": "16/10/2019 21:36:57",
        "XML ID": "35722",
        "Total Lag": "0.9555682",
        "Create Lag": "0.0001785",
        "Process Lag": "0.9553897"
      },
      {
        "Direction": "Inbound",
        "Destination": "Broombridge",
        "Time": "00:10:27",
        "AVLS": "00:11:07",
        "Tram": "5008",
        "Action": "a",
        "Msg Sent": "16/10/2019 21:36:57",
        "Msg Received": "16/10/2019 21:36:57",
        "Msg Processed": "16/10/2019 21:36:57",
        "XML ID": "35722",
        "Total Lag": "0.8295416",
        "Create Lag": "0.0001785",
        "Process Lag": "0.8293631"
      },
      {
        "Direction": "Outbound",
        "Destination": "Sandyford",
        "Time": "00:00:08",
        "AVLS": "00:00:48",
        "Tram": "5006",
        "Action": "a",
        "Msg Sent": "16/10/2019 21:36:57",
        "Msg Received": "16/10/2019 21:36:57",
        "Msg Processed": "16/10/2019 21:36:57",
        "XML ID": "35722",
        "Total Lag": "0.7665295",
        "Create Lag": "0.0001785",
        "Process Lag": "0.766351"
      },
      {
        "Direction": "Outbound",
        "Destination": "Sandyford",
        "Time": "00:02:54",
        "AVLS": "00:03:34",
        "Tram": "5027",
        "Action": "a",
        "Msg Sent": "16/10/2019 21:36:59",
        "Msg Received": "16/10/2019 21:36:59",
        "Msg Processed": "16/10/2019 21:36:59",
        "XML ID": "35723",
        "Total Lag": "0.5967367",
        "Create Lag": "0.5654843",
        "Process Lag": "0.0312524"
      },
      {
        "Direction": "Outbound",
        "Destination": "Bride's Glen",
        "Time": "00:08:13",
        "AVLS": "00:08:53",
        "Tram": "5002",
        "Action": "a",
        "Msg Sent": "16/10/2019 21:36:57",
        "Msg Received": "16/10/2019 21:36:57",
        "Msg Processed": "16/10/2019 21:36:57",
        "XML ID": "35722",
        "Total Lag": "0.6720652",
        "Create Lag": "0.0001785",
        "Process Lag": "0.6718867"
      },
      {
        "Direction": "Outbound",
        "Destination": "Sandyford",
        "Time": "00:16:05",
        "AVLS": "00:16:45",
        "Tram": "5023",
        "Action": "a",
        "Msg Sent": "16/10/2019 21:36:59",
        "Msg Received": "16/10/2019 21:36:59",
        "Msg Processed": "16/10/2019 21:36:59",
        "XML ID": "35723",
        "Total Lag": "0.5811127",
        "Create Lag": "0.5654843",
        "Process Lag": "0.0156284"
      }
    ]
  },
  {
    "stopID": "32",
    "stopQueryTime": 1571258221065,
    "count": 6,
    "results": [
      {
        "Direction": "Inbound",
        "Destination": "Broombridge",
        "Time": "00:01:56",
        "AVLS": "00:02:36",
        "Tram": "5008",
        "Action": "a",
        "Msg Sent": "16/10/2019 21:36:57",
        "Msg Received": "16/10/2019 21:36:57",
        "Msg Processed": "16/10/2019 21:36:57",
        "XML ID": "35722",
        "Total Lag": "0.7982839",
        "Create Lag": "0.0001785",
        "Process Lag": "0.7981054"
      },
      {
        "Direction": "Inbound",
        "Destination": "Broombridge",
        "Time": "00:17:42",
        "AVLS": "00:18:22",
        "Tram": "5013",
        "Action": "a",
        "Msg Sent": "16/10/2019 21:36:57",
        "Msg Received": "16/10/2019 21:36:57",
        "Msg Processed": "16/10/2019 21:36:57",
        "XML ID": "35722",
        "Total Lag": "0.9399338",
        "Create Lag": "0.0001785",
        "Process Lag": "0.9397553"
      },
      {
        "Direction": "Outbound",
        "Destination": "Bride's Glen",
        "Time": "00:00:22",
        "AVLS": "00:01:02",
        "Tram": "5030",
        "Action": "a",
        "Msg Sent": "16/10/2019 21:36:59",
        "Msg Received": "16/10/2019 21:36:59",
        "Msg Processed": "16/10/2019 21:36:59",
        "XML ID": "35723",
        "Total Lag": "0.7064276",
        "Create Lag": "0.5654843",
        "Process Lag": "0.1409433"
      },
      {
        "Direction": "Outbound",
        "Destination": "Sandyford",
        "Time": "00:09:02",
        "AVLS": "00:09:42",
        "Tram": "5006",
        "Action": "a",
        "Msg Sent": "16/10/2019 21:36:57",
        "Msg Received": "16/10/2019 21:36:57",
        "Msg Processed": "16/10/2019 21:36:57",
        "XML ID": "35722",
        "Total Lag": "0.7827043",
        "Create Lag": "0.0001785",
        "Process Lag": "0.7825258"
      },
      {
        "Direction": "Outbound",
        "Destination": "Sandyford",
        "Time": "00:11:48",
        "AVLS": "00:12:28",
        "Tram": "5027",
        "Action": "a",
        "Msg Sent": "16/10/2019 21:36:59",
        "Msg Received": "16/10/2019 21:36:59",
        "Msg Processed": "16/10/2019 21:36:59",
        "XML ID": "35723",
        "Total Lag": "0.627987",
        "Create Lag": "0.5654843",
        "Process Lag": "0.0625027"
      },
      {
        "Direction": "Outbound",
        "Destination": "Bride's Glen",
        "Time": "00:17:07",
        "AVLS": "00:17:47",
        "Tram": "5002",
        "Action": "a",
        "Msg Sent": "16/10/2019 21:36:57",
        "Msg Received": "16/10/2019 21:36:57",
        "Msg Processed": "16/10/2019 21:36:57",
        "XML ID": "35722",
        "Total Lag": "0.7041076",
        "Create Lag": "0.0001785",
        "Process Lag": "0.7039291"
      }
    ]
  },
  {
    "stopID": "33",
    "stopQueryTime": 1571258221087,
    "count": 6,
    "results": [
      {
        "Direction": "Inbound",
        "Destination": "Broombridge",
        "Time": "00:00:14",
        "AVLS": "00:00:54",
        "Tram": "5008",
        "Action": "a",
        "Msg Sent": "16/10/2019 21:36:57",
        "Msg Received": "16/10/2019 21:36:57",
        "Msg Processed": "16/10/2019 21:36:57",
        "XML ID": "35722",
        "Total Lag": "0.7982839",
        "Create Lag": "0.0001785",
        "Process Lag": "0.7981054"
      },
      {
        "Direction": "Inbound",
        "Destination": "Broombridge",
        "Time": "00:16:00",
        "AVLS": "00:16:40",
        "Tram": "5013",
        "Action": "a",
        "Msg Sent": "16/10/2019 21:36:57",
        "Msg Received": "16/10/2019 21:36:57",
        "Msg Processed": "16/10/2019 21:36:57",
        "XML ID": "35722",
        "Total Lag": "0.9399338",
        "Create Lag": "0.0001785",
        "Process Lag": "0.9397553"
      },
      {
        "Direction": "Outbound",
        "Destination": "Bride's Glen",
        "Time": "00:01:48",
        "AVLS": "00:02:28",
        "Tram": "5030",
        "Action": "a",
        "Msg Sent": "16/10/2019 21:36:59",
        "Msg Received": "16/10/2019 21:36:59",
        "Msg Processed": "16/10/2019 21:36:59",
        "XML ID": "35723",
        "Total Lag": "0.7228898",
        "Create Lag": "0.5654843",
        "Process Lag": "0.1574055"
      },
      {
        "Direction": "Outbound",
        "Destination": "Sandyford",
        "Time": "00:10:28",
        "AVLS": "00:11:08",
        "Tram": "5006",
        "Action": "a",
        "Msg Sent": "16/10/2019 21:36:57",
        "Msg Received": "16/10/2019 21:36:57",
        "Msg Processed": "16/10/2019 21:36:57",
        "XML ID": "35722",
        "Total Lag": "0.7827043",
        "Create Lag": "0.0001785",
        "Process Lag": "0.7825258"
      },
      {
        "Direction": "Outbound",
        "Destination": "Sandyford",
        "Time": "00:13:14",
        "AVLS": "00:13:54",
        "Tram": "5027",
        "Action": "a",
        "Msg Sent": "16/10/2019 21:36:59",
        "Msg Received": "16/10/2019 21:36:59",
        "Msg Processed": "16/10/2019 21:36:59",
        "XML ID": "35723",
        "Total Lag": "0.627987",
        "Create Lag": "0.5654843",
        "Process Lag": "0.0625027"
      },
      {
        "Direction": "Outbound",
        "Destination": "Bride's Glen",
        "Time": "00:18:33",
        "AVLS": "00:19:13",
        "Tram": "5002",
        "Action": "a",
        "Msg Sent": "16/10/2019 21:36:57",
        "Msg Received": "16/10/2019 21:36:57",
        "Msg Processed": "16/10/2019 21:36:57",
        "XML ID": "35722",
        "Total Lag": "0.7041076",
        "Create Lag": "0.0001785",
        "Process Lag": "0.7039291"
      }
    ]
  }
]