[
  {
    "stopID": "23",
    "stopQueryTime": 1571259420799,
    "count": 0,
    "results": []
  },
  {
    "stopID": "13",
    "stopQueryTime": 1571259420851,
    "count": 3,
    "results": [
      {
        "Direction": "Inbound",
        "Destination": "The Point",
        "Time": "00:00:19",
        "AVLS": "00:00:59",
        "Tram": "3025",
        "Action": "a",
        "Msg Sent": "16/10/2019 21:56:57",
        "Msg Received": "16/10/2019 21:56:57",
        "Msg Processed": "16/10/2019 21:56:57",
        "XML ID": "36240",
        "Total Lag": "0.7582282",
        "Create Lag": "0.5082254",
        "Process Lag": "0.2500028"
      },
      {
        "Direction": "Inbound",
        "Destination": "The Point",
        "Time": "00:12:28",
        "AVLS": "00:13:08",
        "Tram": "3012",
        "Action": "a",
        "Msg Sent": "16/10/2019 21:56:57",
        "Msg Received": "16/10/2019 21:56:57",
        "Msg Processed": "16/10/2019 21:56:57",
        "XML ID": "36240",
        "Total Lag": "0.6332288",
        "Create Lag": "0.5082254",
        "Process Lag": "0.1250034"
      },
      {
        "Direction": "Outbound",
        "Destination": "Tallaght",
        "Time": "00:10:09",
        "AVLS": "00:10:49",
        "Tram": "3009",
        "Action": "a",
        "Msg Sent": "16/10/2019 21:56:57",
        "Msg Received": "16/10/2019 21:56:57",
        "Msg Processed": "16/10/2019 21:56:57",
        "XML ID": "36240",
        "Total Lag": "0.5551013",
        "Create Lag": "0.5082254",
        "Process Lag": "0.0468759"
      }
    ]
  },
  {
    "stopID": "9",
    "stopQueryTime": 1571259420869,
    "count": 3,
    "results": [
      {
        "Direction": "Inbound",
        "Destination": "The Point",
        "Time": "00:07:39",
        "AVLS": "00:08:19",
        "Tram": "3012",
        "Action": "a",
        "Msg Sent": "16/10/2019 21:56:57",
        "Msg Received": "16/10/2019 21:56:57",
        "Msg Processed": "16/10/2019 21:56:57",
        "XML ID": "36240",
        "Total Lag": "0.61761",
        "Create Lag": "0.5082254",
        "Process Lag": "0.1093846"
      },
      {
        "Direction": "Outbound",
        "Destination": "Tallaght",
        "Time": "00:03:04",
        "AVLS": "00:03:44",
        "Tram": "4009",
        "Action": "a",
        "Msg Sent": "16/10/2019 21:56:57",
        "Msg Received": "16/10/2019 21:56:57",
        "Msg Processed": "16/10/2019 21:56:57",
        "XML ID": "36240",
        "Total Lag": "0.851975",
        "Create Lag": "0.5082254",
        "Process Lag": "0.3437496"
      },
      {
        "Direction": "Outbound",
        "Destination": "Tallaght",
        "Time": "00:15:07",
        "AVLS": "00:15:47",
        "Tram": "3009",
        "Action": "a",
        "Msg Sent": "16/10/2019 21:56:57",
        "Msg Received": "16/10/2019 21:56:57",
        "Msg Processed": "16/10/2019 21:56:57",
        "XML ID": "36240",
        "Total Lag": "0.570734",
        "Create Lag": "0.5082254",
        "Process Lag": "0.0625086"
      }
    ]
  },
  {
    "stopID": "3",
    "stopQueryTime": 1571259420882,
    "count": 4,
    "results": [
      {
        "Direction": "Inbound",
        "Destination": "The Point",
        "Time": "00:05:19",
        "AVLS": "00:05:59",
        "Tram": "3016",
        "Action": "a",
        "Msg Sent": "16/10/2019 21:56:57",
        "Msg Received": "16/10/2019 21:56:57",
        "Msg Processed": "16/10/2019 21:56:57",
        "XML ID": "36240",
        "Total Lag": "0.6957365",
        "Create Lag": "0.5082254",
        "Process Lag": "0.1875111"
      },
      {
        "Direction": "Outbound",
        "Destination": "Tallaght",
        "Time": "00:00:00",
        "AVLS": "00:00:00",
        "Tram": "3014",
        "Action": "a",
        "Msg Sent": "16/10/2019 21:56:59",
        "Msg Received": "16/10/2019 21:56:59",
        "Msg Processed": "16/10/2019 21:56:59",
        "XML ID": "36241",
        "Total Lag": "0.9007355",
        "Create Lag": "0.5551014",
        "Process Lag": "0.3456341"
      },
      {
        "Direction": "Outbound",
        "Destination": "Tallaght",
        "Time": "00:06:55",
        "AVLS": "00:07:35",
        "Tram": "3017",
        "Action": "a",
        "Msg Sent": "16/10/2019 21:56:57",
        "Msg Received": "16/10/2019 21:56:57",
        "Msg Processed": "16/10/2019 21:56:57",
        "XML ID": "36240",
        "Total Lag": "0.7269742",
        "Create Lag": "0.5082254",
        "Process Lag": "0.2187488"
      },
      {
        "Direction": "Outbound",
        "Destination": "Tallaght",
        "Time": "00:18:15",
        "AVLS": "00:18:55",
        "Tram": "4009",
        "Action": "a",
        "Msg Sent": "16/10/2019 21:56:57",
        "Msg Received": "16/10/2019 21:56:57",
        "Msg Processed": "16/10/2019 21:56:57",
        "XML ID": "36240",
        "Total Lag": "0.8676027",
        "Create Lag": "0.5082254",
        "Process Lag": "0.3593773"
      }
    ]
  },
  {
    "stopID": "18",
    "stopQueryTime": 1571259420887,
    "count": 3,
    "results": [
      {
        "Direction": "Inbound",
        "Destination": "The Point",
        "Time": "00:10:14",
        "AVLS": "00:10:54",
        "Tram": "3025",
        "Action": "a",
        "Msg Sent": "16/10/2019 21:56:57",
        "Msg Received": "16/10/2019 21:56:57",
        "Msg Processed": "16/10/2019 21:56:57",
        "XML ID": "36240",
        "Total Lag": "0.7738524",
        "Create Lag": "0.5082254",
        "Process Lag": "0.265627"
      },
      {
        "Direction": "Outbound",
        "Destination": "Tallaght",
        "Time": "00:00:00",
        "AVLS": "00:00:27",
        "Tram": "3009",
        "Action": "a",
        "Msg Sent": "16/10/2019 21:56:57",
        "Msg Received": "16/10/2019 21:56:57",
        "Msg Processed": "16/10/2019 21:56:57",
        "XML ID": "36240",
        "Total Lag": "0.5238617",
        "Create Lag": "0.5082254",
        "Process Lag": "0.0156363"
      },
      {
        "Direction": "Outbound",
        "Destination": "Tallaght",
        "Time": "00:12:56",
        "AVLS": "00:13:36",
        "Tram": "4006",
        "Action": "a",
        "Msg Sent": "16/10/2019 21:56:57",
        "Msg Received": "16/10/2019 21:56:57",
        "Msg Processed": "16/10/2019 21:56:57",
        "XML ID": "36240",
        "Total Lag": "0.8207237",
        "Create Lag": "0.5082254",
        "Process Lag": "0.3124983"
      }
    ]
  },
  {
    "stopID": "39",
    "stopQueryTime": 1571259420892,
    "count": 2,
    "results": [
      {
        "Direction": "Inbound",
        "Destination": "Broombridge",
        "Time": "00:14:45",
        "AVLS": "00:15:25",
        "Tram": "5003",
        "Action": "a",
        "Msg Sent": "16/10/2019 21:56:59",
        "Msg Received": "16/10/2019 21:56:59",
        "Msg Processed": "16/10/2019 21:56:59",
        "XML ID": "36241",
        "Total Lag": "0.6176013",
        "Create Lag": "0.5551014",
        "Process Lag": "0.0624999"
      },
      {
        "Direction": "Outbound",
        "Destination": "Bride's Glen",
        "Time": "00:09:40",
        "AVLS": "00:10:20",
        "Tram": "5002",
        "Action": "a",
        "Msg Sent": "16/10/2019 21:56:59",
        "Msg Received": "16/10/2019 21:56:59",
        "Msg Processed": "16/10/2019 21:56:59",
        "XML ID": "36241",
        "Total Lag": "0.5707323",
        "Create Lag": "0.5551014",
        "Process Lag": "0.0156309"
      }
    ]
  },
  {
    "stopID": "4",
    "stopQueryTime": 1571259420899,
    "count": 4,
    "results": [
      {
        "Direction": "Inbound",
        "Destination": "The Point",
        "Time": "00:08:24",
        "AVLS": "00:09:04",
        "Tram": "3016",
        "Action": "a",
        "Msg Sent": "16/10/2019 21:56:57",
        "Msg Received": "16/10/2019 21:56:57",
        "Msg Processed": "16/10/2019 21:56:57",
        "XML ID": "36240",
        "Total Lag": "0.6957365",
        "Create Lag": "0.5082254",
        "Process Lag": "0.1875111"
      },
      {
        "Direction": "Outbound",
        "Destination": "Tallaght",
        "Time": "00:04:36",
        "AVLS": "00:05:16",
        "Tram": "3017",
        "Action": "a",
        "Msg Sent": "16/10/2019 21:56:57",
        "Msg Received": "16/10/2019 21:56:57",
        "Msg Processed": "16/10/2019 21:56:57",
        "XML ID": "36240",
        "Total Lag": "0.7269742",
        "Create Lag": "0.5082254",
        "Process Lag": "0.2187488"
      },
      {
        "Direction": "Outbound",
        "Destination": "Saggart",
        "Time": "00:09:54",
        "AVLS": "00:10:34",
        "Tram": "3011",
        "Action": "a",
        "Msg Sent": "16/10/2019 21:56:57",
        "Msg Received": "16/10/2019 21:56:57",
        "Msg Processed": "16/10/2019 21:56:57",
        "XML ID": "36240",
        "Total Lag": "0.5863511",
        "Create Lag": "0.5082254",
        "Process Lag": "0.0781257"
      },
      {
        "Direction": "Outbound",
        "Destination": "Tallaght",
        "Time": "00:15:56",
        "AVLS": "00:16:36",
        "Tram": "4009",
        "Action": "a",
        "Msg Sent": "16/10/2019 21:56:57",
        "Msg Received": "16/10/2019 21:56:57",
        "Msg Processed": "16/10/2019 21:56:57",
        "XML ID": "36240",
        "Total Lag": "0.8676027",
        "Create Lag": "0.5082254",
        "Process Lag": "0.3593773"
      }
    ]
  },
  {
    "stopID": "8",
    "stopQueryTime": 1571259420904,
    "count": 4,
    "results": [
      {
        "Direction": "Inbound",
        "Destination": "The Point",
        "Time": "00:05:30",
        "AVLS": "00:06:10",
        "Tram": "3012",
        "Action": "a",
        "Msg Sent": "16/10/2019 21:56:57",
        "Msg Received": "16/10/2019 21:56:57",
        "Msg Processed": "16/10/2019 21:56:57",
        "XML ID": "36240",
        "Total Lag": "0.61761",
        "Create Lag": "0.5082254",
        "Process Lag": "0.1093846"
      },
      {
        "Direction": "Inbound",
        "Destination": "The Point",
        "Time": "00:19:11",
        "AVLS": "00:19:51",
        "Tram": "3016",
        "Action": "a",
        "Msg Sent": "16/10/2019 21:56:57",
        "Msg Received": "16/10/2019 21:56:57",
        "Msg Processed": "16/10/2019 21:56:57",
        "XML ID": "36240",
        "Total Lag": "0.7113518",
        "Create Lag": "0.5082254",
        "Process Lag": "0.2031264"
      },
      {
        "Direction": "Outbound",
        "Destination": "Tallaght",
        "Time": "00:05:19",
        "AVLS": "00:05:59",
        "Tram": "4009",
        "Action": "a",
        "Msg Sent": "16/10/2019 21:56:57",
        "Msg Received": "16/10/2019 21:56:57",
        "Msg Processed": "16/10/2019 21:56:57",
        "XML ID": "36240",
        "Total Lag": "0.851975",
        "Create Lag": "0.5082254",
        "Process Lag": "0.3437496"
      },
      {
        "Direction": "Outbound",
        "Destination": "Tallaght",
        "Time": "00:17:22",
        "AVLS": "00:18:02",
        "Tram": "3009",
        "Action": "a",
        "Msg Sent": "16/10/2019 21:56:57",
        "Msg Received": "16/10/2019 21:56:57",
        "Msg Processed": "16/10/2019 21:56:57",
        "XML ID": "36240",
        "Total Lag": "0.570734",
        "Create Lag": "0.5082254",
        "Process Lag": "0.0625086"
      }
    ]
  },
  {
    "stopID": "25",
    "stopQueryTime": 1571259420906,
    "count": 3,
    "results": [
      {
        "Direction": "Inbound",
        "Destination": "Broombridge",
        "Time": "00:09:53",
        "AVLS": "00:10:33",
        "Tram": "5013",
        "Action": "a",
        "Msg Sent": "16/10/2019 21:56:59",
        "Msg Received": "16/10/2019 21:56:59",
        "Msg Processed": "16/10/2019 21:56:59",
        "XML ID": "36241",
        "Total Lag": "0.743489",
        "Create Lag": "0.5551014",
        "Process Lag": "0.1883876"
      },
      {
        "Direction": "Outbound",
        "Destination": "Bride's Glen",
        "Time": "00:00:39",
        "AVLS": "00:01:19",
        "Tram": "5028",
        "Action": "a",
        "Msg Sent": "16/10/2019 21:56:59",
        "Msg Received": "16/10/2019 21:56:59",
        "Msg Processed": "16/10/2019 21:56:59",
        "XML ID": "36241",
        "Total Lag": "0.8377362",
        "Create Lag": "0.5551014",
        "Process Lag": "0.2826348"
      },
      {
        "Direction": "Outbound",
        "Destination": "Bride's Glen",
        "Time": "00:16:44",
        "AVLS": "00:17:24",
        "Tram": "5012",
        "Action": "a",
        "Msg Sent": "16/10/2019 21:56:59",
        "Msg Received": "16/10/2019 21:56:59",
        "Msg Processed": "16/10/2019 21:56:59",
        "XML ID": "36241",
        "Total Lag": "0.7123416",
        "Create Lag": "0.5551014",
        "Process Lag": "0.1572402"
      }
    ]
  },
  {
    "stopID": "10",
    "stopQueryTime": 1571259420909,
    "count": 3,
    "results": [
      {
        "Direction": "Inbound",
        "Destination": "The Point",
        "Time": "00:08:53",
        "AVLS": "00:09:33",
        "Tram": "3012",
        "Action": "a",
        "Msg Sent": "16/10/2019 21:56:57",
        "Msg Received": "16/10/2019 21:56:57",
        "Msg Processed": "16/10/2019 21:56:57",
        "XML ID": "36240",
        "Total Lag": "0.6332288",
        "Create Lag": "0.5082254",
        "Process Lag": "0.1250034"
      },
      {
        "Direction": "Outbound",
        "Destination": "Tallaght",
        "Time": "00:01:48",
        "AVLS": "00:02:28",
        "Tram": "4009",
        "Action": "a",
        "Msg Sent": "16/10/2019 21:56:57",
        "Msg Received": "16/10/2019 21:56:57",
        "Msg Processed": "16/10/2019 21:56:57",
        "XML ID": "36240",
        "Total Lag": "0.851975",
        "Create Lag": "0.5082254",
        "Process Lag": "0.3437496"
      },
      {
        "Direction": "Outbound",
        "Destination": "Tallaght",
        "Time": "00:13:51",
        "AVLS": "00:14:31",
        "Tram": "3009",
        "Action": "a",
        "Msg Sent": "16/10/2019 21:56:57",
        "Msg Received": "16/10/2019 21:56:57",
        "Msg Processed": "16/10/2019 21:56:57",
        "XML ID": "36240",
        "Total Lag": "0.5551013",
        "Create Lag": "0.5082254",
        "Process Lag": "0.0468759"
      }
    ]
  },
  {
    "stopID": "32",
    "stopQueryTime": 1571259420915,
    "count": 3,
    "results": [
      {
        "Direction": "Inbound",
        "Destination": "Broombridge",
        "Time": "00:11:23",
        "AVLS": "00:12:03",
        "Tram": "5010",
        "Action": "a",
        "Msg Sent": "16/10/2019 21:56:59",
        "Msg Received": "16/10/2019 21:56:59",
        "Msg Processed": "16/10/2019 21:56:59",
        "XML ID": "36241",
        "Total Lag": "0.6804601",
        "Create Lag": "0.5551014",
        "Process Lag": "0.1253587"
      },
      {
        "Direction": "Outbound",
        "Destination": "Sandyford",
        "Time": "00:05:09",
        "AVLS": "00:05:49",
        "Tram": "5023",
        "Action": "a",
        "Msg Sent": "16/10/2019 21:56:59",
        "Msg Received": "16/10/2019 21:56:59",
        "Msg Processed": "16/10/2019 21:56:59",
        "XML ID": "36241",
        "Total Lag": "0.8221123",
        "Create Lag": "0.5551014",
        "Process Lag": "0.2670109"
      },
      {
        "Direction": "Outbound",
        "Destination": "Bride's Glen",
        "Time": "00:13:41",
        "AVLS": "00:14:21",
        "Tram": "5028",
        "Action": "a",
        "Msg Sent": "16/10/2019 21:56:59",
        "Msg Received": "16/10/2019 21:56:59",
        "Msg Processed": "16/10/2019 21:56:59",
        "XML ID": "36241",
        "Total Lag": "0.8533877",
        "Create Lag": "0.5551014",
        "Process Lag": "0.2982863"
      }
    ]
  },
  {
    "stopID": "28",
    "stopQueryTime": 1571259420928,
    "count": 3,
    "results": [
      {
        "Direction": "Inbound",
        "Destination": "Broombridge",
        "Time": "00:04:51",
        "AVLS": "00:05:31",
        "Tram": "5013",
        "Action": "a",
        "Msg Sent": "16/10/2019 21:56:59",
        "Msg Received": "16/10/2019 21:56:59",
        "Msg Processed": "16/10/2019 21:56:59",
        "XML ID": "36241",
        "Total Lag": "0.7278393",
        "Create Lag": "0.5551014",
        "Process Lag": "0.1727379"
      },
      {
        "Direction": "Inbound",
        "Destination": "Broombridge",
        "Time": "00:18:23",
        "AVLS": "00:19:03",
        "Tram": "5010",
        "Action": "a",
        "Msg Sent": "16/10/2019 21:56:59",
        "Msg Received": "16/10/2019 21:56:59",
        "Msg Processed": "16/10/2019 21:56:59",
        "XML ID": "36241",
        "Total Lag": "0.6960758",
        "Create Lag": "0.5551014",
        "Process Lag": "0.1409744"
      },
      {
        "Direction": "Outbound",
        "Destination": "Bride's Glen",
        "Time": "00:06:41",
        "AVLS": "00:07:21",
        "Tram": "5028",
        "Action": "a",
        "Msg Sent": "16/10/2019 21:56:59",
        "Msg Received": "16/10/2019 21:56:59",
        "Msg Processed": "16/10/2019 21:56:59",
        "XML ID": "36241",
        "Total Lag": "0.8533877",
        "Create Lag": "0.5551014",
        "Process Lag": "0.2982863"
      }
    ]
  },
  {
    "stopID": "1",
    "stopQueryTime": 1571259420938,
    "count": 4,
    "results": [
      {
        "Direction": "Inbound",
        "Destination": "The Point",
        "Time": "00:02:24",
        "AVLS": "00:03:04",
        "Tram": "3016",
        "Action": "d",
        "Msg Sent": "16/10/2019 21:56:57",
        "Msg Received": "16/10/2019 21:56:57",
        "Msg Processed": "16/10/2019 21:56:57",
        "XML ID": "36240",
        "Total Lag": "0.6957365",
        "Create Lag": "0.5082254",
        "Process Lag": "0.1875111"
      },
      {
        "Direction": "Inbound",
        "Destination": "The Point",
        "Time": "00:17:24",
        "AVLS": "00:18:04",
        "Tram": "3017",
        "Action": "d",
        "Msg Sent": "16/10/2019 21:56:57",
        "Msg Received": "16/10/2019 21:56:57",
        "Msg Processed": "16/10/2019 21:56:57",
        "XML ID": "36240",
        "Total Lag": "0.7426028",
        "Create Lag": "0.5082254",
        "Process Lag": "0.2343774"
      },
      {
        "Direction": "Terminating",
        "Destination": "Tallaght",
        "Time": "00:03:01",
        "AVLS": "00:03:41",
        "Tram": "3014",
        "Action": "a",
        "Msg Sent": "16/10/2019 21:56:59",
        "Msg Received": "16/10/2019 21:56:59",
        "Msg Processed": "16/10/2019 21:56:59",
        "XML ID": "36241",
        "Total Lag": "0.9007355",
        "Create Lag": "0.5551014",
        "Process Lag": "0.3456341"
      },
      {
        "Direction": "Terminating",
        "Destination": "Tallaght",
        "Time": "00:10:36",
        "AVLS": "00:11:16",
        "Tram": "3017",
        "Action": "a",
        "Msg Sent": "16/10/2019 21:56:57",
        "Msg Received": "16/10/2019 21:56:57",
        "Msg Processed": "16/10/2019 21:56:57",
        "XML ID": "36240",
        "Total Lag": "0.7426028",
        "Create Lag": "0.5082254",
        "Process Lag": "0.2343774"
      }
    ]
  },
  {
    "stopID": "7",
    "stopQueryTime": 1571259420940,
    "count": 4,
    "results": [
      {
        "Direction": "Inbound",
        "Destination": "The Point",
        "Time": "00:03:59",
        "AVLS": "00:04:39",
        "Tram": "3012",
        "Action": "a",
        "Msg Sent": "16/10/2019 21:56:57",
        "Msg Received": "16/10/2019 21:56:57",
        "Msg Processed": "16/10/2019 21:56:57",
        "XML ID": "36240",
        "Total Lag": "0.61761",
        "Create Lag": "0.5082254",
        "Process Lag": "0.1093846"
      },
      {
        "Direction": "Inbound",
        "Destination": "The Point",
        "Time": "00:17:40",
        "AVLS": "00:18:20",
        "Tram": "3016",
        "Action": "a",
        "Msg Sent": "16/10/2019 21:56:57",
        "Msg Received": "16/10/2019 21:56:57",
        "Msg Processed": "16/10/2019 21:56:57",
        "XML ID": "36240",
        "Total Lag": "0.7113518",
        "Create Lag": "0.5082254",
        "Process Lag": "0.2031264"
      },
      {
        "Direction": "Outbound",
        "Destination": "Tallaght",
        "Time": "00:06:53",
        "AVLS": "00:07:33",
        "Tram": "4009",
        "Action": "a",
        "Msg Sent": "16/10/2019 21:56:57",
        "Msg Received": "16/10/2019 21:56:57",
        "Msg Processed": "16/10/2019 21:56:57",
        "XML ID": "36240",
        "Total Lag": "0.851975",
        "Create Lag": "0.5082254",
        "Process Lag": "0.3437496"
      },
      {
        "Direction": "Outbound",
        "Destination": "Tallaght",
        "Time": "00:18:56",
        "AVLS": "00:19:36",
        "Tram": "3009",
        "Action": "a",
        "Msg Sent": "16/10/2019 21:56:57",
        "Msg Received": "16/10/2019 21:56:57",
        "Msg Processed": "16/10/2019 21:56:57",
        "XML ID": "36240",
        "Total Lag": "0.570734",
        "Create Lag": "0.5082254",
        "Process Lag": "0.0625086"
      }
    ]
  },
  {
    "stopID": "44",
    "stopQueryTime": 1571259420943,
    "count": 3,
    "results": [
      {
        "Direction": "Inbound",
        "Destination": "Broombridge",
        "Time": "00:08:24",
        "AVLS": "00:09:04",
        "Tram": "5003",
        "Action": "a",
        "Msg Sent": "16/10/2019 21:56:59",
        "Msg Received": "16/10/2019 21:56:59",
        "Msg Processed": "16/10/2019 21:56:59",
        "XML ID": "36241",
        "Total Lag": "0.6176013",
        "Create Lag": "0.5551014",
        "Process Lag": "0.0624999"
      },
      {
        "Direction": "Outbound",
        "Destination": "Bride's Glen",
        "Time": "00:00:00",
        "AVLS": "00:00:29",
        "Tram": "5030",
        "Action": "a",
        "Msg Sent": "16/10/2019 21:56:59",
        "Msg Received": "16/10/2019 21:56:59",
        "Msg Processed": "16/10/2019 21:56:59",
        "XML ID": "36241",
        "Total Lag": "0.869647",
        "Create Lag": "0.5551014",
        "Process Lag": "0.3145456"
      },
      {
        "Direction": "Outbound",
        "Destination": "Bride's Glen",
        "Time": "00:15:54",
        "AVLS": "00:16:34",
        "Tram": "5002",
        "Action": "a",
        "Msg Sent": "16/10/2019 21:56:59",
        "Msg Received": "16/10/2019 21:56:59",
        "Msg Processed": "16/10/2019 21:56:59",
        "XML ID": "36241",
        "Total Lag": "0.5863523",
        "Create Lag": "0.5551014",
        "Process Lag": "0.0312509"
      }
    ]
  },
  {
    "stopID": "14",
    "stopQueryTime": 1571259420946,
    "count": 3,
    "results": [
      {
        "Direction": "Inbound",
        "Destination": "The Point",
        "Time": "00:01:15",
        "AVLS": "00:01:55",
        "Tram": "3025",
        "Action": "a",
        "Msg Sent": "16/10/2019 21:56:57",
        "Msg Received": "16/10/2019 21:56:57",
        "Msg Processed": "16/10/2019 21:56:57",
        "XML ID": "36240",
        "Total Lag": "0.7582282",
        "Create Lag": "0.5082254",
        "Process Lag": "0.2500028"
      },
      {
        "Direction": "Inbound",
        "Destination": "The Point",
        "Time": "00:13:24",
        "AVLS": "00:14:04",
        "Tram": "3012",
        "Action": "a",
        "Msg Sent": "16/10/2019 21:56:57",
        "Msg Received": "16/10/2019 21:56:57",
        "Msg Processed": "16/10/2019 21:56:57",
        "XML ID": "36240",
        "Total Lag": "0.6488643",
        "Create Lag": "0.5082254",
        "Process Lag": "0.1406389"
      },
      {
        "Direction": "Outbound",
        "Destination": "Tallaght",
        "Time": "00:09:09",
        "AVLS": "00:09:49",
        "Tram": "3009",
        "Action": "a",
        "Msg Sent": "16/10/2019 21:56:57",
        "Msg Received": "16/10/2019 21:56:57",
        "Msg Processed": "16/10/2019 21:56:57",
        "XML ID": "36240",
        "Total Lag": "0.5394755",
        "Create Lag": "0.5082254",
        "Process Lag": "0.0312501"
      }
    ]
  },
  {
    "stopID": "38",
    "stopQueryTime": 1571259420948,
    "count": 3,
    "results": [
      {
        "Direction": "Inbound",
        "Destination": "Broombridge",
        "Time": "00:00:29",
        "AVLS": "00:01:09",
        "Tram": "5010",
        "Action": "a",
        "Msg Sent": "16/10/2019 21:56:59",
        "Msg Received": "16/10/2019 21:56:59",
        "Msg Processed": "16/10/2019 21:56:59",
        "XML ID": "36241",
        "Total Lag": "0.6491755",
        "Create Lag": "0.5551014",
        "Process Lag": "0.0940741"
      },
      {
        "Direction": "Inbound",
        "Destination": "Broombridge",
        "Time": "00:16:30",
        "AVLS": "00:17:10",
        "Tram": "5003",
        "Action": "a",
        "Msg Sent": "16/10/2019 21:56:59",
        "Msg Received": "16/10/2019 21:56:59",
        "Msg Processed": "16/10/2019 21:56:59",
        "XML ID": "36241",
        "Total Lag": "0.6339076",
        "Create Lag": "0.5551014",
        "Process Lag": "0.0788062"
      },
      {
        "Direction": "Outbound",
        "Destination": "Bride's Glen",
        "Time": "00:07:55",
        "AVLS": "00:08:35",
        "Tram": "5002",
        "Action": "a",
        "Msg Sent": "16/10/2019 21:56:59",
        "Msg Received": "16/10/2019 21:56:59",
        "Msg Processed": "16/10/2019 21:56:59",
        "XML ID": "36241",
        "Total Lag": "0.5707323",
        "Create Lag": "0.5551014",
        "Process Lag": "0.0156309"
      }
    ]
  },
  {
    "stopID": "20",
    "stopQueryTime": 1571259420956,
    "count": 2,
    "results": [
      {
        "Direction": "Inbound",
        "Destination": "The Point",
        "Time": "00:13:48",
        "AVLS": "00:14:28",
        "Tram": "3025",
        "Action": "a",
        "Msg Sent": "16/10/2019 21:56:57",
        "Msg Received": "16/10/2019 21:56:57",
        "Msg Processed": "16/10/2019 21:56:57",
        "XML ID": "36240",
        "Total Lag": "0.7738524",
        "Create Lag": "0.5082254",
        "Process Lag": "0.265627"
      },
      {
        "Direction": "Outbound",
        "Destination": "Tallaght",
        "Time": "00:09:35",
        "AVLS": "00:10:15",
        "Tram": "4006",
        "Action": "a",
        "Msg Sent": "16/10/2019 21:56:57",
        "Msg Received": "16/10/2019 21:56:57",
        "Msg Processed": "16/10/2019 21:56:57",
        "XML ID": "36240",
        "Total Lag": "0.8207237",
        "Create Lag": "0.5082254",
        "Process Lag": "0.3124983"
      }
    ]
  },
  {
    "stopID": "16",
    "stopQueryTime": 1571259420964,
    "count": 4,
    "results": [
      {
        "Direction": "Inbound",
        "Destination": "The Point",
        "Time": "00:05:34",
        "AVLS": "00:06:14",
        "Tram": "3025",
        "Action": "a",
        "Msg Sent": "16/10/2019 21:56:57",
        "Msg Received": "16/10/2019 21:56:57",
        "Msg Processed": "16/10/2019 21:56:57",
        "XML ID": "36240",
        "Total Lag": "0.7738524",
        "Create Lag": "0.5082254",
        "Process Lag": "0.265627"
      },
      {
        "Direction": "Inbound",
        "Destination": "The Point",
        "Time": "00:17:43",
        "AVLS": "00:18:23",
        "Tram": "3012",
        "Action": "a",
        "Msg Sent": "16/10/2019 21:56:57",
        "Msg Received": "16/10/2019 21:56:57",
        "Msg Processed": "16/10/2019 21:56:57",
        "XML ID": "36240",
        "Total Lag": "0.6488643",
        "Create Lag": "0.5082254",
        "Process Lag": "0.1406389"
      },
      {
        "Direction": "Outbound",
        "Destination": "Tallaght",
        "Time": "00:03:59",
        "AVLS": "00:04:39",
        "Tram": "3009",
        "Action": "a",
        "Msg Sent": "16/10/2019 21:56:57",
        "Msg Received": "16/10/2019 21:56:57",
        "Msg Processed": "16/10/2019 21:56:57",
        "XML ID": "36240",
        "Total Lag": "0.5394755",
        "Create Lag": "0.5082254",
        "Process Lag": "0.0312501"
      },
      {
        "Direction": "Outbound",
        "Destination": "Tallaght",
        "Time": "00:17:08",
        "AVLS": "00:17:48",
        "Tram": "4006",
        "Action": "a",
        "Msg Sent": "16/10/2019 21:56:57",
        "Msg Received": "16/10/2019 21:56:57",
        "Msg Processed": "16/10/2019 21:56:57",
        "XML ID": "36240",
        "Total Lag": "0.8363541",
        "Create Lag": "0.5082254",
        "Process Lag": "0.3281287"
      }
    ]
  },
  {
    "stopID": "30",
    "stopQueryTime": 1571259420976,
    "count": 4,
    "results": [
      {
        "Direction": "Inbound",
        "Destination": "Broombridge",
        "Time": "00:01:37",
        "AVLS": "00:02:17",
        "Tram": "5013",
        "Action": "a",
        "Msg Sent": "16/10/2019 21:56:59",
        "Msg Received": "16/10/2019 21:56:59",
        "Msg Processed": "16/10/2019 21:56:59",
        "XML ID": "36241",
        "Total Lag": "0.7278393",
        "Create Lag": "0.5551014",
        "Process Lag": "0.1727379"
      },
      {
        "Direction": "Inbound",
        "Destination": "Broombridge",
        "Time": "00:15:09",
        "AVLS": "00:15:49",
        "Tram": "5010",
        "Action": "a",
        "Msg Sent": "16/10/2019 21:56:59",
        "Msg Received": "16/10/2019 21:56:59",
        "Msg Processed": "16/10/2019 21:56:59",
        "XML ID": "36241",
        "Total Lag": "0.6804601",
        "Create Lag": "0.5551014",
        "Process Lag": "0.1253587"
      },
      {
        "Direction": "Outbound",
        "Destination": "Sandyford",
        "Time": "00:01:23",
        "AVLS": "00:02:03",
        "Tram": "5023",
        "Action": "a",
        "Msg Sent": "16/10/2019 21:56:59",
        "Msg Received": "16/10/2019 21:56:59",
        "Msg Processed": "16/10/2019 21:56:59",
        "XML ID": "36241",
        "Total Lag": "0.8064609",
        "Create Lag": "0.5551014",
        "Process Lag": "0.2513595"
      },
      {
        "Direction": "Outbound",
        "Destination": "Bride's Glen",
        "Time": "00:09:55",
        "AVLS": "00:10:35",
        "Tram": "5028",
        "Action": "a",
        "Msg Sent": "16/10/2019 21:56:59",
        "Msg Received": "16/10/2019 21:56:59",
        "Msg Processed": "16/10/2019 21:56:59",
        "XML ID": "36241",
        "Total Lag": "0.8533877",
        "Create Lag": "0.5551014",
        "Process Lag": "0.2982863"
      }
    ]
  },
  {
    "stopID": "45",
    "stopQueryTime": 1571259420995,
    "count": 3,
    "results": [
      {
        "Direction": "Inbound",
        "Destination": "Broombridge",
        "Time": "00:06:55",
        "AVLS": "00:07:35",
        "Tram": "5003",
        "Action": "a",
        "Msg Sent": "16/10/2019 21:56:59",
        "Msg Received": "16/10/2019 21:56:59",
        "Msg Processed": "16/10/2019 21:56:59",
        "XML ID": "36241",
        "Total Lag": "0.6019858",
        "Create Lag": "0.5551014",
        "Process Lag": "0.0468844"
      },
      {
        "Direction": "Outbound",
        "Destination": "Bride's Glen",
        "Time": "00:01:17",
        "AVLS": "00:01:57",
        "Tram": "5030",
        "Action": "a",
        "Msg Sent": "16/10/2019 21:56:59",
        "Msg Received": "16/10/2019 21:56:59",
        "Msg Processed": "16/10/2019 21:56:59",
        "XML ID": "36241",
        "Total Lag": "0.8850997",
        "Create Lag": "0.5551014",
        "Process Lag": "0.3299983"
      },
      {
        "Direction": "Outbound",
        "Destination": "Bride's Glen",
        "Time": "00:17:22",
        "AVLS": "00:18:02",
        "Tram": "5002",
        "Action": "a",
        "Msg Sent": "16/10/2019 21:56:59",
        "Msg Received": "16/10/2019 21:56:59",
        "Msg Processed": "16/10/2019 21:56:59",
        "XML ID": "36241",
        "Total Lag": "0.5863523",
        "Create Lag": "0.5551014",
        "Process Lag": "0.0312509"
      }
    ]
  },
  {
    "stopID": "47",
    "stopQueryTime": 1571259421004,
    "count": 3,
    "results": [
      {
        "Direction": "Inbound",
        "Destination": "Broombridge",
        "Time": "00:03:32",
        "AVLS": "00:04:12",
        "Tram": "5003",
        "Action": "a",
        "Msg Sent": "16/10/2019 21:56:59",
        "Msg Received": "16/10/2019 21:56:59",
        "Msg Processed": "16/10/2019 21:56:59",
        "XML ID": "36241",
        "Total Lag": "0.6019858",
        "Create Lag": "0.5551014",
        "Process Lag": "0.0468844"
      },
      {
        "Direction": "Inbound",
        "Destination": "Broombridge",
        "Time": "00:18:32",
        "AVLS": "00:19:12",
        "Tram": "5030",
        "Action": "a",
        "Msg Sent": "16/10/2019 21:56:59",
        "Msg Received": "16/10/2019 21:56:59",
        "Msg Processed": "16/10/2019 21:56:59",
        "XML ID": "36241",
        "Total Lag": "0.8850997",
        "Create Lag": "0.5551014",
        "Process Lag": "0.3299983"
      },
      {
        "Direction": "Outbound",
        "Destination": "Bride's Glen",
        "Time": "00:04:37",
        "AVLS": "00:05:17",
        "Tram": "5030",
        "Action": "a",
        "Msg Sent": "16/10/2019 21:56:59",
        "Msg Received": "16/10/2019 21:56:59",
        "Msg Processed": "16/10/2019 21:56:59",
        "XML ID": "36241",
        "Total Lag": "0.8850997",
        "Create Lag": "0.5551014",
        "Process Lag": "0.3299983"
      }
    ]
  },
  {
    "stopID": "26",
    "stopQueryTime": 1571259421014,
    "count": 2,
    "results": [
      {
        "Direction": "Inbound",
        "Destination": "Broombridge",
        "Time": "00:07:43",
        "AVLS": "00:08:23",
        "Tram": "5013",
        "Action": "a",
        "Msg Sent": "16/10/2019 21:56:59",
        "Msg Received": "16/10/2019 21:56:59",
        "Msg Processed": "16/10/2019 21:56:59",
        "XML ID": "36241",
        "Total Lag": "0.743489",
        "Create Lag": "0.5551014",
        "Process Lag": "0.1883876"
      },
      {
        "Direction": "Outbound",
        "Destination": "Bride's Glen",
        "Time": "00:03:19",
        "AVLS": "00:03:59",
        "Tram": "5028",
        "Action": "a",
        "Msg Sent": "16/10/2019 21:56:59",
        "Msg Received": "16/10/2019 21:56:59",
        "Msg Processed": "16/10/2019 21:56:59",
        "XML ID": "36241",
        "Total Lag": "0.8377362",
        "Create Lag": "0.5551014",
        "Process Lag": "0.2826348"
      }
    ]
  },
  {
    "stopID": "55",
    "stopQueryTime": 1571259421018,
    "count": 3,
    "results": [
      {
        "Direction": "Inbound",
        "Destination": "The Point",
        "Time": "00:05:05",
        "AVLS": "00:05:45",
        "Tram": "3002",
        "Action": "a",
        "Msg Sent": "16/10/2019 21:56:57",
        "Msg Received": "16/10/2019 21:56:57",
        "Msg Processed": "16/10/2019 21:56:57",
        "XML ID": "36240",
        "Total Lag": "0.5238617",
        "Create Lag": "0.5082254",
        "Process Lag": "0.0156363"
      },
      {
        "Direction": "Outbound",
        "Destination": "Tallaght",
        "Time": "00:00:16",
        "AVLS": "00:00:56",
        "Tram": "4006",
        "Action": "a",
        "Msg Sent": "16/10/2019 21:56:57",
        "Msg Received": "16/10/2019 21:56:57",
        "Msg Processed": "16/10/2019 21:56:57",
        "XML ID": "36240",
        "Total Lag": "0.8051019",
        "Create Lag": "0.5082254",
        "Process Lag": "0.2968765"
      },
      {
        "Direction": "Outbound",
        "Destination": "Tallaght",
        "Time": "00:11:32",
        "AVLS": "00:12:12",
        "Tram": "4002",
        "Action": "a",
        "Msg Sent": "16/10/2019 21:56:57",
        "Msg Received": "16/10/2019 21:56:57",
        "Msg Processed": "16/10/2019 21:56:57",
        "XML ID": "36240",
        "Total Lag": "0.7894772",
        "Create Lag": "0.5082254",
        "Process Lag": "0.2812518"
      }
    ]
  },
  {
    "stopID": "19",
    "stopQueryTime": 1571259421020,
    "count": 2,
    "results": [
      {
        "Direction": "Inbound",
        "Destination": "The Point",
        "Time": "00:11:38",
        "AVLS": "00:12:18",
        "Tram": "3025",
        "Action": "a",
        "Msg Sent": "16/10/2019 21:56:57",
        "Msg Received": "16/10/2019 21:56:57",
        "Msg Processed": "16/10/2019 21:56:57",
        "XML ID": "36240",
        "Total Lag": "0.7738524",
        "Create Lag": "0.5082254",
        "Process Lag": "0.265627"
      },
      {
        "Direction": "Outbound",
        "Destination": "Tallaght",
        "Time": "00:11:44",
        "AVLS": "00:12:24",
        "Tram": "4006",
        "Action": "a",
        "Msg Sent": "16/10/2019 21:56:57",
        "Msg Received": "16/10/2019 21:56:57",
        "Msg Processed": "16/10/2019 21:56:57",
        "XML ID": "36240",
        "Total Lag": "0.8207237",
        "Create Lag": "0.5082254",
        "Process Lag": "0.3124983"
      }
    ]
  },
  {
    "stopID": "54",
    "stopQueryTime": 1571259421022,
    "count": 3,
    "results": [
      {
        "Direction": "Inbound",
        "Destination": "The Point",
        "Time": "00:03:49",
        "AVLS": "00:04:29",
        "Tram": "3002",
        "Action": "a",
        "Msg Sent": "16/10/2019 21:56:57",
        "Msg Received": "16/10/2019 21:56:57",
        "Msg Processed": "16/10/2019 21:56:57",
        "XML ID": "36240",
        "Total Lag": "0.5082254",
        "Create Lag": "0.5082254",
        "Process Lag": "0"
      },
      {
        "Direction": "Outbound",
        "Destination": "Tallaght",
        "Time": "00:01:44",
        "AVLS": "00:02:24",
        "Tram": "4006",
        "Action": "a",
        "Msg Sent": "16/10/2019 21:56:57",
        "Msg Received": "16/10/2019 21:56:57",
        "Msg Processed": "16/10/2019 21:56:57",
        "XML ID": "36240",
        "Total Lag": "0.8051019",
        "Create Lag": "0.5082254",
        "Process Lag": "0.2968765"
      },
      {
        "Direction": "Outbound",
        "Destination": "Tallaght",
        "Time": "00:13:00",
        "AVLS": "00:13:40",
        "Tram": "4002",
        "Action": "a",
        "Msg Sent": "16/10/2019 21:56:57",
        "Msg Received": "16/10/2019 21:56:57",
        "Msg Processed": "16/10/2019 21:56:57",
        "XML ID": "36240",
        "Total Lag": "0.7894772",
        "Create Lag": "0.5082254",
        "Process Lag": "0.2812518"
      }
    ]
  },
  {
    "stopID": "43",
    "stopQueryTime": 1571259421024,
    "count": 2,
    "results": [
      {
        "Direction": "Inbound",
        "Destination": "Broombridge",
        "Time": "00:09:28",
        "AVLS": "00:10:08",
        "Tram": "5003",
        "Action": "a",
        "Msg Sent": "16/10/2019 21:56:59",
        "Msg Received": "16/10/2019 21:56:59",
        "Msg Processed": "16/10/2019 21:56:59",
        "XML ID": "36241",
        "Total Lag": "0.6176013",
        "Create Lag": "0.5551014",
        "Process Lag": "0.0624999"
      },
      {
        "Direction": "Outbound",
        "Destination": "Bride's Glen",
        "Time": "00:14:49",
        "AVLS": "00:15:29",
        "Tram": "5002",
        "Action": "a",
        "Msg Sent": "16/10/2019 21:56:59",
        "Msg Received": "16/10/2019 21:56:59",
        "Msg Processed": "16/10/2019 21:56:59",
        "XML ID": "36241",
        "Total Lag": "0.5863523",
        "Create Lag": "0.5551014",
        "Process Lag": "0.0312509"
      }
    ]
  },
  {
    "stopID": "21",
    "stopQueryTime": 1571259421034,
    "count": 3,
    "results": [
      {
        "Direction": "Inbound",
        "Destination": "The Point",
        "Time": "00:16:34",
        "AVLS": "00:17:14",
        "Tram": "3025",
        "Action": "a",
        "Msg Sent": "16/10/2019 21:56:57",
        "Msg Received": "16/10/2019 21:56:57",
        "Msg Processed": "16/10/2019 21:56:57",
        "XML ID": "36240",
        "Total Lag": "0.7894772",
        "Create Lag": "0.5082254",
        "Process Lag": "0.2812518"
      },
      {
        "Direction": "Outbound",
        "Destination": "Tallaght",
        "Time": "00:07:08",
        "AVLS": "00:07:48",
        "Tram": "4006",
        "Action": "a",
        "Msg Sent": "16/10/2019 21:56:57",
        "Msg Received": "16/10/2019 21:56:57",
        "Msg Processed": "16/10/2019 21:56:57",
        "XML ID": "36240",
        "Total Lag": "0.8051019",
        "Create Lag": "0.5082254",
        "Process Lag": "0.2968765"
      },
      {
        "Direction": "Outbound",
        "Destination": "Tallaght",
        "Time": "00:18:24",
        "AVLS": "00:19:04",
        "Tram": "4002",
        "Action": "a",
        "Msg Sent": "16/10/2019 21:56:57",
        "Msg Received": "16/10/2019 21:56:57",
        "Msg Processed": "16/10/2019 21:56:57",
        "XML ID": "36240",
        "Total Lag": "0.8051019",
        "Create Lag": "0.5082254",
        "Process Lag": "0.2968765"
      }
    ]
  },
  {
    "stopID": "35",
    "stopQueryTime": 1571259421036,
    "count": 4,
    "results": [
      {
        "Direction": "Inbound",
        "Destination": "Broombridge",
        "Time": "00:05:58",
        "AVLS": "00:06:38",
        "Tram": "5010",
        "Action": "a",
        "Msg Sent": "16/10/2019 21:56:59",
        "Msg Received": "16/10/2019 21:56:59",
        "Msg Processed": "16/10/2019 21:56:59",
        "XML ID": "36241",
        "Total Lag": "0.6648373",
        "Create Lag": "0.5551014",
        "Process Lag": "0.1097359"
      },
      {
        "Direction": "Outbound",
        "Destination": "Bride's Glen",
        "Time": "00:02:33",
        "AVLS": "00:03:13",
        "Tram": "5002",
        "Action": "a",
        "Msg Sent": "16/10/2019 21:56:59",
        "Msg Received": "16/10/2019 21:56:59",
        "Msg Processed": "16/10/2019 21:56:59",
        "XML ID": "36241",
        "Total Lag": "0.5551014",
        "Create Lag": "0.5551014",
        "Process Lag": "0"
      },
      {
        "Direction": "Outbound",
        "Destination": "Sandyford",
        "Time": "00:09:48",
        "AVLS": "00:10:28",
        "Tram": "5023",
        "Action": "a",
        "Msg Sent": "16/10/2019 21:56:59",
        "Msg Received": "16/10/2019 21:56:59",
        "Msg Processed": "16/10/2019 21:56:59",
        "XML ID": "36241",
        "Total Lag": "0.8221123",
        "Create Lag": "0.5551014",
        "Process Lag": "0.2670109"
      },
      {
        "Direction": "Outbound",
        "Destination": "Bride's Glen",
        "Time": "00:18:20",
        "AVLS": "00:19:00",
        "Tram": "5028",
        "Action": "a",
        "Msg Sent": "16/10/2019 21:56:59",
        "Msg Received": "16/10/2019 21:56:59",
        "Msg Processed": "16/10/2019 21:56:59",
        "XML ID": "36241",
        "Total Lag": "0.869647",
        "Create Lag": "0.5551014",
        "Process Lag": "0.3145456"
      }
    ]
  },
  {
    "stopID": "11",
    "stopQueryTime": 1571259421039,
    "count": 3,
    "results": [
      {
        "Direction": "Inbound",
        "Destination": "The Point",
        "Time": "00:09:48",
        "AVLS": "00:10:28",
        "Tram": "3012",
        "Action": "a",
        "Msg Sent": "16/10/2019 21:56:57",
        "Msg Received": "16/10/2019 21:56:57",
        "Msg Processed": "16/10/2019 21:56:57",
        "XML ID": "36240",
        "Total Lag": "0.6332288",
        "Create Lag": "0.5082254",
        "Process Lag": "0.1250034"
      },
      {
        "Direction": "Outbound",
        "Destination": "Tallaght",
        "Time": "00:00:52",
        "AVLS": "00:01:32",
        "Tram": "4009",
        "Action": "a",
        "Msg Sent": "16/10/2019 21:56:57",
        "Msg Received": "16/10/2019 21:56:57",
        "Msg Processed": "16/10/2019 21:56:57",
        "XML ID": "36240",
        "Total Lag": "0.8363541",
        "Create Lag": "0.5082254",
        "Process Lag": "0.3281287"
      },
      {
        "Direction": "Outbound",
        "Destination": "Tallaght",
        "Time": "00:12:55",
        "AVLS": "00:13:35",
        "Tram": "3009",
        "Action": "a",
        "Msg Sent": "16/10/2019 21:56:57",
        "Msg Received": "16/10/2019 21:56:57",
        "Msg Processed": "16/10/2019 21:56:57",
        "XML ID": "36240",
        "Total Lag": "0.5551013",
        "Create Lag": "0.5082254",
        "Process Lag": "0.0468759"
      }
    ]
  },
  {
    "stopID": "46",
    "stopQueryTime": 1571259421045,
    "count": 3,
    "results": [
      {
        "Direction": "Inbound",
        "Destination": "Broombridge",
        "Time": "00:05:33",
        "AVLS": "00:06:13",
        "Tram": "5003",
        "Action": "a",
        "Msg Sent": "16/10/2019 21:56:59",
        "Msg Received": "16/10/2019 21:56:59",
        "Msg Processed": "16/10/2019 21:56:59",
        "XML ID": "36241",
        "Total Lag": "0.6019858",
        "Create Lag": "0.5551014",
        "Process Lag": "0.0468844"
      },
      {
        "Direction": "Outbound",
        "Destination": "Bride's Glen",
        "Time": "00:02:40",
        "AVLS": "00:03:20",
        "Tram": "5030",
        "Action": "a",
        "Msg Sent": "16/10/2019 21:56:59",
        "Msg Received": "16/10/2019 21:56:59",
        "Msg Processed": "16/10/2019 21:56:59",
        "XML ID": "36241",
        "Total Lag": "0.8850997",
        "Create Lag": "0.5551014",
        "Process Lag": "0.3299983"
      },
      {
        "Direction": "Outbound",
        "Destination": "Bride's Glen",
        "Time": "00:18:45",
        "AVLS": "00:19:25",
        "Tram": "5002",
        "Action": "a",
        "Msg Sent": "16/10/2019 21:56:59",
        "Msg Received": "16/10/2019 21:56:59",
        "Msg Processed": "16/10/2019 21:56:59",
        "XML ID": "36241",
        "Total Lag": "0.5863523",
        "Create Lag": "0.5551014",
        "Process Lag": "0.0312509"
      }
    ]
  },
  {
    "stopID": "48",
    "stopQueryTime": 1571259421046,
    "count": 2,
    "results": [
      {
        "Direction": "Inbound",
        "Destination": "Broombridge",
        "Time": "00:02:24",
        "AVLS": "00:03:04",
        "Tram": "5003",
        "Action": "d",
        "Msg Sent": "16/10/2019 21:56:59",
        "Msg Received": "16/10/2019 21:56:59",
        "Msg Processed": "16/10/2019 21:56:59",
        "XML ID": "36241",
        "Total Lag": "0.6019858",
        "Create Lag": "0.5551014",
        "Process Lag": "0.0468844"
      },
      {
        "Direction": "Inbound",
        "Destination": "Broombridge",
        "Time": "00:17:24",
        "AVLS": "00:18:04",
        "Tram": "5030",
        "Action": "d",
        "Msg Sent": "16/10/2019 21:56:59",
        "Msg Received": "16/10/2019 21:56:59",
        "Msg Processed": "16/10/2019 21:56:59",
        "XML ID": "36241",
        "Total Lag": "0.8850997",
        "Create Lag": "0.5551014",
        "Process Lag": "0.3299983"
      }
    ]
  },
  {
    "stopID": "12",
    "stopQueryTime": 1571259421049,
    "count": 3,
    "results": [
      {
        "Direction": "Inbound",
        "Destination": "The Point",
        "Time": "00:10:50",
        "AVLS": "00:11:30",
        "Tram": "3012",
        "Action": "a",
        "Msg Sent": "16/10/2019 21:56:57",
        "Msg Received": "16/10/2019 21:56:57",
        "Msg Processed": "16/10/2019 21:56:57",
        "XML ID": "36240",
        "Total Lag": "0.6332288",
        "Create Lag": "0.5082254",
        "Process Lag": "0.1250034"
      },
      {
        "Direction": "Outbound",
        "Destination": "Tallaght",
        "Time": "00:00:00",
        "AVLS": "00:00:27",
        "Tram": "4009",
        "Action": "a",
        "Msg Sent": "16/10/2019 21:56:57",
        "Msg Received": "16/10/2019 21:56:57",
        "Msg Processed": "16/10/2019 21:56:57",
        "XML ID": "36240",
        "Total Lag": "0.8363541",
        "Create Lag": "0.5082254",
        "Process Lag": "0.3281287"
      },
      {
        "Direction": "Outbound",
        "Destination": "Tallaght",
        "Time": "00:11:50",
        "AVLS": "00:12:30",
        "Tram": "3009",
        "Action": "a",
        "Msg Sent": "16/10/2019 21:56:57",
        "Msg Received": "16/10/2019 21:56:57",
        "Msg Processed": "16/10/2019 21:56:57",
        "XML ID": "36240",
        "Total Lag": "0.5551013",
        "Create Lag": "0.5082254",
        "Process Lag": "0.0468759"
      }
    ]
  },
  {
    "stopID": "37",
    "stopQueryTime": 1571259421052,
    "count": 3,
    "results": [
      {
        "Direction": "Inbound",
        "Destination": "Broombridge",
        "Time": "00:01:59",
        "AVLS": "00:02:39",
        "Tram": "5010",
        "Action": "a",
        "Msg Sent": "16/10/2019 21:56:59",
        "Msg Received": "16/10/2019 21:56:59",
        "Msg Processed": "16/10/2019 21:56:59",
        "XML ID": "36241",
        "Total Lag": "0.6648373",
        "Create Lag": "0.5551014",
        "Process Lag": "0.1097359"
      },
      {
        "Direction": "Inbound",
        "Destination": "Broombridge",
        "Time": "00:18:00",
        "AVLS": "00:18:40",
        "Tram": "5003",
        "Action": "a",
        "Msg Sent": "16/10/2019 21:56:59",
        "Msg Received": "16/10/2019 21:56:59",
        "Msg Processed": "16/10/2019 21:56:59",
        "XML ID": "36241",
        "Total Lag": "0.6339076",
        "Create Lag": "0.5551014",
        "Process Lag": "0.0788062"
      },
      {
        "Direction": "Outbound",
        "Destination": "Bride's Glen",
        "Time": "00:06:27",
        "AVLS": "00:07:07",
        "Tram": "5002",
        "Action": "a",
        "Msg Sent": "16/10/2019 21:56:59",
        "Msg Received": "16/10/2019 21:56:59",
        "Msg Processed": "16/10/2019 21:56:59",
        "XML ID": "36241",
        "Total Lag": "0.5707323",
        "Create Lag": "0.5551014",
        "Process Lag": "0.0156309"
      }
    ]
  },
  {
    "stopID": "24",
    "stopQueryTime": 1571259421058,
    "count": 2,
    "results": [
      {
        "Direction": "Inbound",
        "Destination": "Broombridge",
        "Time": "00:12:51",
        "AVLS": "00:13:31",
        "Tram": "5013",
        "Action": "a",
        "Msg Sent": "16/10/2019 21:56:59",
        "Msg Received": "16/10/2019 21:56:59",
        "Msg Processed": "16/10/2019 21:56:59",
        "XML ID": "36241",
        "Total Lag": "0.743489",
        "Create Lag": "0.5551014",
        "Process Lag": "0.1883876"
      },
      {
        "Direction": "Outbound",
        "Destination": "Bride's Glen",
        "Time": "00:14:46",
        "AVLS": "00:15:26",
        "Tram": "5012",
        "Action": "a",
        "Msg Sent": "16/10/2019 21:56:59",
        "Msg Received": "16/10/2019 21:56:59",
        "Msg Processed": "16/10/2019 21:56:59",
        "XML ID": "36241",
        "Total Lag": "0.7123416",
        "Create Lag": "0.5551014",
        "Process Lag": "0.1572402"
      }
    ]
  },
  {
    "stopID": "40",
    "stopQueryTime": 1571259421059,
    "count": 2,
    "results": [
      {
        "Direction": "Inbound",
        "Destination": "Broombridge",
        "Time": "00:13:15",
        "AVLS": "00:13:55",
        "Tram": "5003",
        "Action": "a",
        "Msg Sent": "16/10/2019 21:56:59",
        "Msg Received": "16/10/2019 21:56:59",
        "Msg Processed": "16/10/2019 21:56:59",
        "XML ID": "36241",
        "Total Lag": "0.6176013",
        "Create Lag": "0.5551014",
        "Process Lag": "0.0624999"
      },
      {
        "Direction": "Outbound",
        "Destination": "Bride's Glen",
        "Time": "00:11:08",
        "AVLS": "00:11:48",
        "Tram": "5002",
        "Action": "a",
        "Msg Sent": "16/10/2019 21:56:59",
        "Msg Received": "16/10/2019 21:56:59",
        "Msg Processed": "16/10/2019 21:56:59",
        "XML ID": "36241",
        "Total Lag": "0.5707323",
        "Create Lag": "0.5551014",
        "Process Lag": "0.0156309"
      }
    ]
  },
  {
    "stopID": "33",
    "stopQueryTime": 1571259421082,
    "count": 4,
    "results": [
      {
        "Direction": "Inbound",
        "Destination": "Broombridge",
        "Time": "00:09:41",
        "AVLS": "00:10:21",
        "Tram": "5010",
        "Action": "a",
        "Msg Sent": "16/10/2019 21:56:59",
        "Msg Received": "16/10/2019 21:56:59",
        "Msg Processed": "16/10/2019 21:56:59",
        "XML ID": "36241",
        "Total Lag": "0.6804601",
        "Create Lag": "0.5551014",
        "Process Lag": "0.1253587"
      },
      {
        "Direction": "Outbound",
        "Destination": "Bride's Glen",
        "Time": "00:00:00",
        "AVLS": "00:00:00",
        "Tram": "5002",
        "Action": "a",
        "Msg Sent": "16/10/2019 21:56:57",
        "Msg Received": "16/10/2019 21:56:57",
        "Msg Processed": "16/10/2019 21:56:57",
        "XML ID": "36240",
        "Total Lag": "0.8676027",
        "Create Lag": "0.5082254",
        "Process Lag": "0.3593773"
      },
      {
        "Direction": "Outbound",
        "Destination": "Sandyford",
        "Time": "00:06:35",
        "AVLS": "00:07:15",
        "Tram": "5023",
        "Action": "a",
        "Msg Sent": "16/10/2019 21:56:59",
        "Msg Received": "16/10/2019 21:56:59",
        "Msg Processed": "16/10/2019 21:56:59",
        "XML ID": "36241",
        "Total Lag": "0.8221123",
        "Create Lag": "0.5551014",
        "Process Lag": "0.2670109"
      },
      {
        "Direction": "Outbound",
        "Destination": "Bride's Glen",
        "Time": "00:15:07",
        "AVLS": "00:15:47",
        "Tram": "5028",
        "Action": "a",
        "Msg Sent": "16/10/2019 21:56:59",
        "Msg Received": "16/10/2019 21:56:59",
        "Msg Processed": "16/10/2019 21:56:59",
        "XML ID": "36241",
        "Total Lag": "0.869647",
        "Create Lag": "0.5551014",
        "Process Lag": "0.3145456"
      }
    ]
  },
  {
    "stopID": "15",
    "stopQueryTime": 1571259421085,
    "count": 3,
    "results": [
      {
        "Direction": "Inbound",
        "Destination": "The Point",
        "Time": "00:02:59",
        "AVLS": "00:03:39",
        "Tram": "3025",
        "Action": "a",
        "Msg Sent": "16/10/2019 21:56:57",
        "Msg Received": "16/10/2019 21:56:57",
        "Msg Processed": "16/10/2019 21:56:57",
        "XML ID": "36240",
        "Total Lag": "0.7738524",
        "Create Lag": "0.5082254",
        "Process Lag": "0.265627"
      },
      {
        "Direction": "Inbound",
        "Destination": "The Point",
        "Time": "00:15:08",
        "AVLS": "00:15:48",
        "Tram": "3012",
        "Action": "a",
        "Msg Sent": "16/10/2019 21:56:57",
        "Msg Received": "16/10/2019 21:56:57",
        "Msg Processed": "16/10/2019 21:56:57",
        "XML ID": "36240",
        "Total Lag": "0.6488643",
        "Create Lag": "0.5082254",
        "Process Lag": "0.1406389"
      },
      {
        "Direction": "Outbound",
        "Destination": "Tallaght",
        "Time": "00:07:10",
        "AVLS": "00:07:50",
        "Tram": "3009",
        "Action": "a",
        "Msg Sent": "16/10/2019 21:56:57",
        "Msg Received": "16/10/2019 21:56:57",
        "Msg Processed": "16/10/2019 21:56:57",
        "XML ID": "36240",
        "Total Lag": "0.5394755",
        "Create Lag": "0.5082254",
        "Process Lag": "0.0312501"
      }
    ]
  },
  {
    "stopID": "58",
    "stopQueryTime": 1571259421087,
    "count": 0,
    "results": []
  },
  {
    "stopID": "57",
    "stopQueryTime": 1571259421095,
    "count": 1,
    "results": [
      {
        "Direction": "Outbound",
        "Destination": "Tallaght",
        "Time": "00:08:54",
        "AVLS": "00:09:34",
        "Tram": "4002",
        "Action": "d",
        "Msg Sent": "16/10/2019 21:56:57",
        "Msg Received": "16/10/2019 21:56:57",
        "Msg Processed": "16/10/2019 21:56:57",
        "XML ID": "36240",
        "Total Lag": "0.7894772",
        "Create Lag": "0.5082254",
        "Process Lag": "0.2812518"
      }
    ]
  },
  {
    "stopID": "34",
    "stopQueryTime": 1571259421108,
    "count": 4,
    "results": [
      {
        "Direction": "Inbound",
        "Destination": "Broombridge",
        "Time": "00:07:58",
        "AVLS": "00:08:38",
        "Tram": "5010",
        "Action": "a",
        "Msg Sent": "16/10/2019 21:56:59",
        "Msg Received": "16/10/2019 21:56:59",
        "Msg Processed": "16/10/2019 21:56:59",
        "XML ID": "36241",
        "Total Lag": "0.6648373",
        "Create Lag": "0.5551014",
        "Process Lag": "0.1097359"
      },
      {
        "Direction": "Outbound",
        "Destination": "Bride's Glen",
        "Time": "00:00:54",
        "AVLS": "00:01:34",
        "Tram": "5002",
        "Action": "a",
        "Msg Sent": "16/10/2019 21:56:57",
        "Msg Received": "16/10/2019 21:56:57",
        "Msg Processed": "16/10/2019 21:56:57",
        "XML ID": "36240",
        "Total Lag": "0.8676027",
        "Create Lag": "0.5082254",
        "Process Lag": "0.3593773"
      },
      {
        "Direction": "Outbound",
        "Destination": "Sandyford",
        "Time": "00:08:09",
        "AVLS": "00:08:49",
        "Tram": "5023",
        "Action": "a",
        "Msg Sent": "16/10/2019 21:56:59",
        "Msg Received": "16/10/2019 21:56:59",
        "Msg Processed": "16/10/2019 21:56:59",
        "XML ID": "36241",
        "Total Lag": "0.8221123",
        "Create Lag": "0.5551014",
        "Process Lag": "0.2670109"
      },
      {
        "Direction": "Outbound",
        "Destination": "Bride's Glen",
        "Time": "00:16:41",
        "AVLS": "00:17:21",
        "Tram": "5028",
        "Action": "a",
        "Msg Sent": "16/10/2019 21:56:59",
        "Msg Received": "16/10/2019 21:56:59",
        "Msg Processed": "16/10/2019 21:56:59",
        "XML ID": "36241",
        "Total Lag": "0.869647",
        "Create Lag": "0.5551014",
        "Process Lag": "0.3145456"
      }
    ]
  },
  {
    "stopID": "27",
    "stopQueryTime": 1571259421117,
    "count": 2,
    "results": [
      {
        "Direction": "Inbound",
        "Destination": "Broombridge",
        "Time": "00:06:22",
        "AVLS": "00:07:02",
        "Tram": "5013",
        "Action": "a",
        "Msg Sent": "16/10/2019 21:56:59",
        "Msg Received": "16/10/2019 21:56:59",
        "Msg Processed": "16/10/2019 21:56:59",
        "XML ID": "36241",
        "Total Lag": "0.7278393",
        "Create Lag": "0.5551014",
        "Process Lag": "0.1727379"
      },
      {
        "Direction": "Outbound",
        "Destination": "Bride's Glen",
        "Time": "00:04:47",
        "AVLS": "00:05:27",
        "Tram": "5028",
        "Action": "a",
        "Msg Sent": "16/10/2019 21:56:59",
        "Msg Received": "16/10/2019 21:56:59",
        "Msg Processed": "16/10/2019 21:56:59",
        "XML ID": "36241",
        "Total Lag": "0.8377362",
        "Create Lag": "0.5551014",
        "Process Lag": "0.2826348"
      }
    ]
  },
  {
    "stopID": "6",
    "stopQueryTime": 1571259421119,
    "count": 4,
    "results": [
      {
        "Direction": "Inbound",
        "Destination": "The Point",
        "Time": "00:00:00",
        "AVLS": "00:00:23",
        "Tram": "3012",
        "Action": "a",
        "Msg Sent": "16/10/2019 21:56:57",
        "Msg Received": "16/10/2019 21:56:57",
        "Msg Processed": "16/10/2019 21:56:57",
        "XML ID": "36240",
        "Total Lag": "0.6019745",
        "Create Lag": "0.5082254",
        "Process Lag": "0.0937491"
      },
      {
        "Direction": "Inbound",
        "Destination": "The Point",
        "Time": "00:13:24",
        "AVLS": "00:14:04",
        "Tram": "3016",
        "Action": "a",
        "Msg Sent": "16/10/2019 21:56:57",
        "Msg Received": "16/10/2019 21:56:57",
        "Msg Processed": "16/10/2019 21:56:57",
        "XML ID": "36240",
        "Total Lag": "0.7113518",
        "Create Lag": "0.5082254",
        "Process Lag": "0.2031264"
      },
      {
        "Direction": "Outbound",
        "Destination": "Tallaght",
        "Time": "00:00:00",
        "AVLS": "00:00:16",
        "Tram": "3017",
        "Action": "a",
        "Msg Sent": "16/10/2019 21:56:57",
        "Msg Received": "16/10/2019 21:56:57",
        "Msg Processed": "16/10/2019 21:56:57",
        "XML ID": "36240",
        "Total Lag": "0.7269742",
        "Create Lag": "0.5082254",
        "Process Lag": "0.2187488"
      },
      {
        "Direction": "Outbound",
        "Destination": "Tallaght",
        "Time": "00:10:56",
        "AVLS": "00:11:36",
        "Tram": "4009",
        "Action": "a",
        "Msg Sent": "16/10/2019 21:56:57",
        "Msg Received": "16/10/2019 21:56:57",
        "Msg Processed": "16/10/2019 21:56:57",
        "XML ID": "36240",
        "Total Lag": "0.851975",
        "Create Lag": "0.5082254",
        "Process Lag": "0.3437496"
      }
    ]
  },
  {
    "stopID": "56",
    "stopQueryTime": 1571259421125,
    "count": 2,
    "results": [
      {
        "Direction": "Inbound",
        "Destination": "The Point",
        "Time": "00:06:44",
        "AVLS": "00:07:24",
        "Tram": "3002",
        "Action": "a",
        "Msg Sent": "16/10/2019 21:56:57",
        "Msg Received": "16/10/2019 21:56:57",
        "Msg Processed": "16/10/2019 21:56:57",
        "XML ID": "36240",
        "Total Lag": "0.5238617",
        "Create Lag": "0.5082254",
        "Process Lag": "0.0156363"
      },
      {
        "Direction": "Outbound",
        "Destination": "Tallaght",
        "Time": "00:09:33",
        "AVLS": "00:10:13",
        "Tram": "4002",
        "Action": "a",
        "Msg Sent": "16/10/2019 21:56:57",
        "Msg Received": "16/10/2019 21:56:57",
        "Msg Processed": "16/10/2019 21:56:57",
        "XML ID": "36240",
        "Total Lag": "0.7894772",
        "Create Lag": "0.5082254",
        "Process Lag": "0.2812518"
      }
    ]
  },
  {
    "stopID": "31",
    "stopQueryTime": 1571259421135,
    "count": 4,
    "results": [
      {
        "Direction": "Inbound",
        "Destination": "Broombridge",
        "Time": "00:00:00",
        "AVLS": "00:00:30",
        "Tram": "5013",
        "Action": "a",
        "Msg Sent": "16/10/2019 21:56:59",
        "Msg Received": "16/10/2019 21:56:59",
        "Msg Processed": "16/10/2019 21:56:59",
        "XML ID": "36241",
        "Total Lag": "0.7278393",
        "Create Lag": "0.5551014",
        "Process Lag": "0.1727379"
      },
      {
        "Direction": "Inbound",
        "Destination": "Broombridge",
        "Time": "00:13:22",
        "AVLS": "00:14:02",
        "Tram": "5010",
        "Action": "a",
        "Msg Sent": "16/10/2019 21:56:59",
        "Msg Received": "16/10/2019 21:56:59",
        "Msg Processed": "16/10/2019 21:56:59",
        "XML ID": "36241",
        "Total Lag": "0.6804601",
        "Create Lag": "0.5551014",
        "Process Lag": "0.1253587"
      },
      {
        "Direction": "Outbound",
        "Destination": "Sandyford",
        "Time": "00:03:11",
        "AVLS": "00:03:51",
        "Tram": "5023",
        "Action": "a",
        "Msg Sent": "16/10/2019 21:56:59",
        "Msg Received": "16/10/2019 21:56:59",
        "Msg Processed": "16/10/2019 21:56:59",
        "XML ID": "36241",
        "Total Lag": "0.8064609",
        "Create Lag": "0.5551014",
        "Process Lag": "0.2513595"
      },
      {
        "Direction": "Outbound",
        "Destination": "Bride's Glen",
        "Time": "00:11:43",
        "AVLS": "00:12:23",
        "Tram": "5028",
        "Action": "a",
        "Msg Sent": "16/10/2019 21:56:59",
        "Msg Received": "16/10/2019 21:56:59",
        "Msg Processed": "16/10/2019 21:56:59",
        "XML ID": "36241",
        "Total Lag": "0.8533877",
        "Create Lag": "0.5551014",
        "Process Lag": "0.2982863"
      }
    ]
  },
  {
    "stopID": "42",
    "stopQueryTime": 1571259421139,
    "count": 2,
    "results": [
      {
        "Direction": "Inbound",
        "Destination": "Broombridge",
        "Time": "00:11:04",
        "AVLS": "00:11:44",
        "Tram": "5003",
        "Action": "a",
        "Msg Sent": "16/10/2019 21:56:59",
        "Msg Received": "16/10/2019 21:56:59",
        "Msg Processed": "16/10/2019 21:56:59",
        "XML ID": "36241",
        "Total Lag": "0.6176013",
        "Create Lag": "0.5551014",
        "Process Lag": "0.0624999"
      },
      {
        "Direction": "Outbound",
        "Destination": "Bride's Glen",
        "Time": "00:13:16",
        "AVLS": "00:13:56",
        "Tram": "5002",
        "Action": "a",
        "Msg Sent": "16/10/2019 21:56:59",
        "Msg Received": "16/10/2019 21:56:59",
        "Msg Processed": "16/10/2019 21:56:59",
        "XML ID": "36241",
        "Total Lag": "0.5863523",
        "Create Lag": "0.5551014",
        "Process Lag": "0.0312509"
      }
    ]
  },
  {
    "stopID": "5",
    "stopQueryTime": 1571259421145,
    "count": 3,
    "results": [
      {
        "Direction": "Inbound",
        "Destination": "The Point",
        "Time": "00:10:17",
        "AVLS": "00:10:57",
        "Tram": "3016",
        "Action": "a",
        "Msg Sent": "16/10/2019 21:56:57",
        "Msg Received": "16/10/2019 21:56:57",
        "Msg Processed": "16/10/2019 21:56:57",
        "XML ID": "36240",
        "Total Lag": "0.7113518",
        "Create Lag": "0.5082254",
        "Process Lag": "0.2031264"
      },
      {
        "Direction": "Outbound",
        "Destination": "Tallaght",
        "Time": "00:02:51",
        "AVLS": "00:03:31",
        "Tram": "3017",
        "Action": "a",
        "Msg Sent": "16/10/2019 21:56:57",
        "Msg Received": "16/10/2019 21:56:57",
        "Msg Processed": "16/10/2019 21:56:57",
        "XML ID": "36240",
        "Total Lag": "0.7269742",
        "Create Lag": "0.5082254",
        "Process Lag": "0.2187488"
      },
      {
        "Direction": "Outbound",
        "Destination": "Tallaght",
        "Time": "00:14:11",
        "AVLS": "00:14:51",
        "Tram": "4009",
        "Action": "a",
        "Msg Sent": "16/10/2019 21:56:57",
        "Msg Received": "16/10/2019 21:56:57",
        "Msg Processed": "16/10/2019 21:56:57",
        "XML ID": "36240",
        "Total Lag": "0.8676027",
        "Create Lag": "0.5082254",
        "Process Lag": "0.3593773"
      }
    ]
  },
  {
    "stopID": "2",
    "stopQueryTime": 1571259421154,
    "count": 4,
    "results": [
      {
        "Direction": "Inbound",
        "Destination": "The Point",
        "Time": "00:03:38",
        "AVLS": "00:04:18",
        "Tram": "3016",
        "Action": "a",
        "Msg Sent": "16/10/2019 21:56:57",
        "Msg Received": "16/10/2019 21:56:57",
        "Msg Processed": "16/10/2019 21:56:57",
        "XML ID": "36240",
        "Total Lag": "0.6957365",
        "Create Lag": "0.5082254",
        "Process Lag": "0.1875111"
      },
      {
        "Direction": "Inbound",
        "Destination": "The Point",
        "Time": "00:18:38",
        "AVLS": "00:19:18",
        "Tram": "3017",
        "Action": "a",
        "Msg Sent": "16/10/2019 21:56:57",
        "Msg Received": "16/10/2019 21:56:57",
        "Msg Processed": "16/10/2019 21:56:57",
        "XML ID": "36240",
        "Total Lag": "0.7426028",
        "Create Lag": "0.5082254",
        "Process Lag": "0.2343774"
      },
      {
        "Direction": "Outbound",
        "Destination": "Tallaght",
        "Time": "00:00:55",
        "AVLS": "00:01:35",
        "Tram": "3014",
        "Action": "a",
        "Msg Sent": "16/10/2019 21:56:59",
        "Msg Received": "16/10/2019 21:56:59",
        "Msg Processed": "16/10/2019 21:56:59",
        "XML ID": "36241",
        "Total Lag": "0.9007355",
        "Create Lag": "0.5551014",
        "Process Lag": "0.3456341"
      },
      {
        "Direction": "Outbound",
        "Destination": "Tallaght",
        "Time": "00:08:30",
        "AVLS": "00:09:10",
        "Tram": "3017",
        "Action": "a",
        "Msg Sent": "16/10/2019 21:56:57",
        "Msg Received": "16/10/2019 21:56:57",
        "Msg Processed": "16/10/2019 21:56:57",
        "XML ID": "36240",
        "Total Lag": "0.7426028",
        "Create Lag": "0.5082254",
        "Process Lag": "0.2343774"
      }
    ]
  },
  {
    "stopID": "36",
    "stopQueryTime": 1571259421157,
    "count": 2,
    "results": [
      {
        "Direction": "Inbound",
        "Destination": "Broombridge",
        "Time": "00:04:23",
        "AVLS": "00:05:03",
        "Tram": "5010",
        "Action": "a",
        "Msg Sent": "16/10/2019 21:56:59",
        "Msg Received": "16/10/2019 21:56:59",
        "Msg Processed": "16/10/2019 21:56:59",
        "XML ID": "36241",
        "Total Lag": "0.6648373",
        "Create Lag": "0.5551014",
        "Process Lag": "0.1097359"
      },
      {
        "Direction": "Outbound",
        "Destination": "Bride's Glen",
        "Time": "00:03:54",
        "AVLS": "00:04:34",
        "Tram": "5002",
        "Action": "a",
        "Msg Sent": "16/10/2019 21:56:59",
        "Msg Received": "16/10/2019 21:56:59",
        "Msg Processed": "16/10/2019 21:56:59",
        "XML ID": "36241",
        "Total Lag": "0.5551014",
        "Create Lag": "0.5551014",
        "Process Lag": "0"
      }
    ]
  },
  {
    "stopID": "17",
    "stopQueryTime": 1571259421166,
    "count": 3,
    "results": [
      {
        "Direction": "Inbound",
        "Destination": "The Point",
        "Time": "00:07:58",
        "AVLS": "00:08:38",
        "Tram": "3025",
        "Action": "a",
        "Msg Sent": "16/10/2019 21:56:57",
        "Msg Received": "16/10/2019 21:56:57",
        "Msg Processed": "16/10/2019 21:56:57",
        "XML ID": "36240",
        "Total Lag": "0.7738524",
        "Create Lag": "0.5082254",
        "Process Lag": "0.265627"
      },
      {
        "Direction": "Outbound",
        "Destination": "Tallaght",
        "Time": "00:02:00",
        "AVLS": "00:02:40",
        "Tram": "3009",
        "Action": "a",
        "Msg Sent": "16/10/2019 21:56:57",
        "Msg Received": "16/10/2019 21:56:57",
        "Msg Processed": "16/10/2019 21:56:57",
        "XML ID": "36240",
        "Total Lag": "0.5238617",
        "Create Lag": "0.5082254",
        "Process Lag": "0.0156363"
      },
      {
        "Direction": "Outbound",
        "Destination": "Tallaght",
        "Time": "00:15:09",
        "AVLS": "00:15:49",
        "Tram": "4006",
        "Action": "a",
        "Msg Sent": "16/10/2019 21:56:57",
        "Msg Received": "16/10/2019 21:56:57",
        "Msg Processed": "16/10/2019 21:56:57",
        "XML ID": "36240",
        "Total Lag": "0.8207237",
        "Create Lag": "0.5082254",
        "Process Lag": "0.3124983"
      }
    ]
  },
  {
    "stopID": "29",
    "stopQueryTime": 1571259421168,
    "count": 4,
    "results": [
      {
        "Direction": "Inbound",
        "Destination": "Broombridge",
        "Time": "00:03:22",
        "AVLS": "00:04:02",
        "Tram": "5013",
        "Action": "a",
        "Msg Sent": "16/10/2019 21:56:59",
        "Msg Received": "16/10/2019 21:56:59",
        "Msg Processed": "16/10/2019 21:56:59",
        "XML ID": "36241",
        "Total Lag": "0.7278393",
        "Create Lag": "0.5551014",
        "Process Lag": "0.1727379"
      },
      {
        "Direction": "Inbound",
        "Destination": "Broombridge",
        "Time": "00:16:54",
        "AVLS": "00:17:34",
        "Tram": "5010",
        "Action": "a",
        "Msg Sent": "16/10/2019 21:56:59",
        "Msg Received": "16/10/2019 21:56:59",
        "Msg Processed": "16/10/2019 21:56:59",
        "XML ID": "36241",
        "Total Lag": "0.6960758",
        "Create Lag": "0.5551014",
        "Process Lag": "0.1409744"
      },
      {
        "Direction": "Outbound",
        "Destination": "Sandyford",
        "Time": "00:00:00",
        "AVLS": "00:00:17",
        "Tram": "5023",
        "Action": "a",
        "Msg Sent": "16/10/2019 21:56:59",
        "Msg Received": "16/10/2019 21:56:59",
        "Msg Processed": "16/10/2019 21:56:59",
        "XML ID": "36241",
        "Total Lag": "0.8064609",
        "Create Lag": "0.5551014",
        "Process Lag": "0.2513595"
      },
      {
        "Direction": "Outbound",
        "Destination": "Bride's Glen",
        "Time": "00:08:09",
        "AVLS": "00:08:49",
        "Tram": "5028",
        "Action": "a",
        "Msg Sent": "16/10/2019 21:56:59",
        "Msg Received": "16/10/2019 21:56:59",
        "Msg Processed": "16/10/2019 21:56:59",
        "XML ID": "36241",
        "Total Lag": "0.8533877",
        "Create Lag": "0.5551014",
        "Process Lag": "0.2982863"
      }
    ]
  },
  {
    "stopID": "51",
    "stopQueryTime": 1571259421172,
    "count": 3,
    "results": [
      {
        "Direction": "Inbound",
        "Destination": "Belgard",
        "Time": "00:13:55",
        "AVLS": "00:14:35",
        "Tram": "3015",
        "Action": "a",
        "Msg Sent": "16/10/2019 21:56:57",
        "Msg Received": "16/10/2019 21:56:57",
        "Msg Processed": "16/10/2019 21:56:57",
        "XML ID": "36240",
        "Total Lag": "0.6801012",
        "Create Lag": "0.5082254",
        "Process Lag": "0.1718758"
      },
      {
        "Direction": "Outbound",
        "Destination": "Saggart",
        "Time": "00:06:04",
        "AVLS": "00:06:44",
        "Tram": "3018",
        "Action": "a",
        "Msg Sent": "16/10/2019 21:56:57",
        "Msg Received": "16/10/2019 21:56:57",
        "Msg Processed": "16/10/2019 21:56:57",
        "XML ID": "36240",
        "Total Lag": "0.7582282",
        "Create Lag": "0.5082254",
        "Process Lag": "0.2500028"
      },
      {
        "Direction": "Outbound",
        "Destination": "Saggart",
        "Time": "00:16:54",
        "AVLS": "00:17:34",
        "Tram": "3011",
        "Action": "a",
        "Msg Sent": "16/10/2019 21:56:57",
        "Msg Received": "16/10/2019 21:56:57",
        "Msg Processed": "16/10/2019 21:56:57",
        "XML ID": "36240",
        "Total Lag": "0.6019745",
        "Create Lag": "0.5082254",
        "Process Lag": "0.0937491"
      }
    ]
  },
  {
    "stopID": "52",
    "stopQueryTime": 1571259421175,
    "count": 3,
    "results": [
      {
        "Direction": "Inbound",
        "Destination": "Belgard",
        "Time": "00:12:39",
        "AVLS": "00:13:19",
        "Tram": "3015",
        "Action": "a",
        "Msg Sent": "16/10/2019 21:56:57",
        "Msg Received": "16/10/2019 21:56:57",
        "Msg Processed": "16/10/2019 21:56:57",
        "XML ID": "36240",
        "Total Lag": "0.6801012",
        "Create Lag": "0.5082254",
        "Process Lag": "0.1718758"
      },
      {
        "Direction": "Outbound",
        "Destination": "Saggart",
        "Time": "00:07:21",
        "AVLS": "00:08:01",
        "Tram": "3018",
        "Action": "a",
        "Msg Sent": "16/10/2019 21:56:57",
        "Msg Received": "16/10/2019 21:56:57",
        "Msg Processed": "16/10/2019 21:56:57",
        "XML ID": "36240",
        "Total Lag": "0.7582282",
        "Create Lag": "0.5082254",
        "Process Lag": "0.2500028"
      },
      {
        "Direction": "Outbound",
        "Destination": "Saggart",
        "Time": "00:18:11",
        "AVLS": "00:18:51",
        "Tram": "3011",
        "Action": "a",
        "Msg Sent": "16/10/2019 21:56:57",
        "Msg Received": "16/10/2019 21:56:57",
        "Msg Processed": "16/10/2019 21:56:57",
        "XML ID": "36240",
        "Total Lag": "0.6019745",
        "Create Lag": "0.5082254",
        "Process Lag": "0.0937491"
      }
    ]
  },
  {
    "stopID": "49",
    "stopQueryTime": 1571259421179,
    "count": 4,
    "results": [
      {
        "Direction": "Inbound",
        "Destination": "Belgard",
        "Time": "00:02:18",
        "AVLS": "00:02:58",
        "Tram": "3011",
        "Action": "a",
        "Msg Sent": "16/10/2019 21:56:57",
        "Msg Received": "16/10/2019 21:56:57",
        "Msg Processed": "16/10/2019 21:56:57",
        "XML ID": "36240",
        "Total Lag": "0.5863511",
        "Create Lag": "0.5082254",
        "Process Lag": "0.0781257"
      },
      {
        "Direction": "Inbound",
        "Destination": "Belgard",
        "Time": "00:17:30",
        "AVLS": "00:18:10",
        "Tram": "3015",
        "Action": "a",
        "Msg Sent": "16/10/2019 21:56:57",
        "Msg Received": "16/10/2019 21:56:57",
        "Msg Processed": "16/10/2019 21:56:57",
        "XML ID": "36240",
        "Total Lag": "0.6801012",
        "Create Lag": "0.5082254",
        "Process Lag": "0.1718758"
      },
      {
        "Direction": "Outbound",
        "Destination": "Saggart",
        "Time": "00:02:31",
        "AVLS": "00:03:11",
        "Tram": "3018",
        "Action": "a",
        "Msg Sent": "16/10/2019 21:56:57",
        "Msg Received": "16/10/2019 21:56:57",
        "Msg Processed": "16/10/2019 21:56:57",
        "XML ID": "36240",
        "Total Lag": "0.7426028",
        "Create Lag": "0.5082254",
        "Process Lag": "0.2343774"
      },
      {
        "Direction": "Outbound",
        "Destination": "Saggart",
        "Time": "00:13:21",
        "AVLS": "00:14:01",
        "Tram": "3011",
        "Action": "a",
        "Msg Sent": "16/10/2019 21:56:57",
        "Msg Received": "16/10/2019 21:56:57",
        "Msg Processed": "16/10/2019 21:56:57",
        "XML ID": "36240",
        "Total Lag": "0.5863511",
        "Create Lag": "0.5082254",
        "Process Lag": "0.0781257"
      }
    ]
  },
  {
    "stopID": "53",
    "stopQueryTime": 1571259421181,
    "count": 3,
    "results": [
      {
        "Direction": "Inbound",
        "Destination": "Belgard",
        "Time": "00:10:24",
        "AVLS": "00:11:04",
        "Tram": "3015",
        "Action": "d",
        "Msg Sent": "16/10/2019 21:56:57",
        "Msg Received": "16/10/2019 21:56:57",
        "Msg Processed": "16/10/2019 21:56:57",
        "XML ID": "36240",
        "Total Lag": "0.6644862",
        "Create Lag": "0.5082254",
        "Process Lag": "0.1562608"
      },
      {
        "Direction": "Terminating",
        "Destination": "Saggart",
        "Time": "00:00:26",
        "AVLS": "00:01:06",
        "Tram": "3015",
        "Action": "a",
        "Msg Sent": "16/10/2019 21:56:57",
        "Msg Received": "16/10/2019 21:56:57",
        "Msg Processed": "16/10/2019 21:56:57",
        "XML ID": "36240",
        "Total Lag": "0.6644862",
        "Create Lag": "0.5082254",
        "Process Lag": "0.1562608"
      },
      {
        "Direction": "Terminating",
        "Destination": "Saggart",
        "Time": "00:09:34",
        "AVLS": "00:10:14",
        "Tram": "3018",
        "Action": "a",
        "Msg Sent": "16/10/2019 21:56:57",
        "Msg Received": "16/10/2019 21:56:57",
        "Msg Processed": "16/10/2019 21:56:57",
        "XML ID": "36240",
        "Total Lag": "0.7582282",
        "Create Lag": "0.5082254",
        "Process Lag": "0.2500028"
      }
    ]
  },
  {
    "stopID": "22",
    "stopQueryTime": 1571259421183,
    "count": 3,
    "results": [
      {
        "Direction": "Inbound",
        "Destination": "The Point",
        "Time": "00:01:55",
        "AVLS": "00:02:35",
        "Tram": "3002",
        "Action": "a",
        "Msg Sent": "16/10/2019 21:56:57",
        "Msg Received": "16/10/2019 21:56:57",
        "Msg Processed": "16/10/2019 21:56:57",
        "XML ID": "36240",
        "Total Lag": "0.5082254",
        "Create Lag": "0.5082254",
        "Process Lag": "0"
      },
      {
        "Direction": "Outbound",
        "Destination": "Tallaght",
        "Time": "00:03:40",
        "AVLS": "00:04:20",
        "Tram": "4006",
        "Action": "a",
        "Msg Sent": "16/10/2019 21:56:57",
        "Msg Received": "16/10/2019 21:56:57",
        "Msg Processed": "16/10/2019 21:56:57",
        "XML ID": "36240",
        "Total Lag": "0.8051019",
        "Create Lag": "0.5082254",
        "Process Lag": "0.2968765"
      },
      {
        "Direction": "Outbound",
        "Destination": "Tallaght",
        "Time": "00:14:56",
        "AVLS": "00:15:36",
        "Tram": "4002",
        "Action": "a",
        "Msg Sent": "16/10/2019 21:56:57",
        "Msg Received": "16/10/2019 21:56:57",
        "Msg Processed": "16/10/2019 21:56:57",
        "XML ID": "36240",
        "Total Lag": "0.8051019",
        "Create Lag": "0.5082254",
        "Process Lag": "0.2968765"
      }
    ]
  },
  {
    "stopID": "50",
    "stopQueryTime": 1571259421192,
    "count": 4,
    "results": [
      {
        "Direction": "Inbound",
        "Destination": "Belgard",
        "Time": "00:00:30",
        "AVLS": "00:01:10",
        "Tram": "3011",
        "Action": "a",
        "Msg Sent": "16/10/2019 21:56:57",
        "Msg Received": "16/10/2019 21:56:57",
        "Msg Processed": "16/10/2019 21:56:57",
        "XML ID": "36240",
        "Total Lag": "0.570734",
        "Create Lag": "0.5082254",
        "Process Lag": "0.0625086"
      },
      {
        "Direction": "Inbound",
        "Destination": "Belgard",
        "Time": "00:15:42",
        "AVLS": "00:16:22",
        "Tram": "3015",
        "Action": "a",
        "Msg Sent": "16/10/2019 21:56:57",
        "Msg Received": "16/10/2019 21:56:57",
        "Msg Processed": "16/10/2019 21:56:57",
        "XML ID": "36240",
        "Total Lag": "0.6801012",
        "Create Lag": "0.5082254",
        "Process Lag": "0.1718758"
      },
      {
        "Direction": "Outbound",
        "Destination": "Saggart",
        "Time": "00:04:17",
        "AVLS": "00:04:57",
        "Tram": "3018",
        "Action": "a",
        "Msg Sent": "16/10/2019 21:56:57",
        "Msg Received": "16/10/2019 21:56:57",
        "Msg Processed": "16/10/2019 21:56:57",
        "XML ID": "36240",
        "Total Lag": "0.7582282",
        "Create Lag": "0.5082254",
        "Process Lag": "0.2500028"
      },
      {
        "Direction": "Outbound",
        "Destination": "Saggart",
        "Time": "00:15:07",
        "AVLS": "00:15:47",
        "Tram": "3011",
        "Action": "a",
        "Msg Sent": "16/10/2019 21:56:57",
        "Msg Received": "16/10/2019 21:56:57",
        "Msg Processed": "16/10/2019 21:56:57",
        "XML ID": "36240",
        "Total Lag": "0.5863511",
        "Create Lag": "0.5082254",
        "Process Lag": "0.0781257"
      }
    ]
  }
]