[
  {
    "stopID": "26",
    "stopQueryTime": 1571259360735,
    "count": 2,
    "results": [
      {
        "Direction": "Inbound",
        "Destination": "Broombridge",
        "Time": "00:08:43",
        "AVLS": "00:09:23",
        "Tram": "5013",
        "Action": "a",
        "Msg Sent": "16/10/2019 21:56:00",
        "Msg Received": "16/10/2019 21:56:00",
        "Msg Processed": "16/10/2019 21:56:00",
        "XML ID": "36219",
        "Total Lag": "0.1196729",
        "Create Lag": "0.0728049",
        "Process Lag": "0.046868"
      },
      {
        "Direction": "Outbound",
        "Destination": "Bride's Glen",
        "Time": "00:03:29",
        "AVLS": "00:04:09",
        "Tram": "5028",
        "Action": "a",
        "Msg Sent": "16/10/2019 21:55:57",
        "Msg Received": "16/10/2019 21:55:57",
        "Msg Processed": "16/10/2019 21:55:58",
        "XML ID": "36218",
        "Total Lag": "1.2290571",
        "Create Lag": "0.916544",
        "Process Lag": "0.3125131"
      }
    ]
  },
  {
    "stopID": "58",
    "stopQueryTime": 1571259360738,
    "count": 0,
    "results": []
  },
  {
    "stopID": "23",
    "stopQueryTime": 1571259360740,
    "count": 0,
    "results": []
  },
  {
    "stopID": "2",
    "stopQueryTime": 1571259360750,
    "count": 3,
    "results": [
      {
        "Direction": "Inbound",
        "Destination": "The Point",
        "Time": "00:04:38",
        "AVLS": "00:05:18",
        "Tram": "3016",
        "Action": "a",
        "Msg Sent": "16/10/2019 21:55:56",
        "Msg Received": "16/10/2019 21:55:56",
        "Msg Processed": "16/10/2019 21:55:56",
        "XML ID": "36217",
        "Total Lag": "0.6035557",
        "Create Lag": "0.4313762",
        "Process Lag": "0.1721795"
      },
      {
        "Direction": "Outbound",
        "Destination": "Tallaght",
        "Time": "00:01:54",
        "AVLS": "00:02:34",
        "Tram": "3014",
        "Action": "a",
        "Msg Sent": "16/10/2019 21:55:56",
        "Msg Received": "16/10/2019 21:55:56",
        "Msg Processed": "16/10/2019 21:55:56",
        "XML ID": "36217",
        "Total Lag": "0.5879616",
        "Create Lag": "0.4313762",
        "Process Lag": "0.1565854"
      },
      {
        "Direction": "Outbound",
        "Destination": "Tallaght",
        "Time": "00:09:30",
        "AVLS": "00:10:10",
        "Tram": "3017",
        "Action": "a",
        "Msg Sent": "16/10/2019 21:55:56",
        "Msg Received": "16/10/2019 21:55:56",
        "Msg Processed": "16/10/2019 21:55:56",
        "XML ID": "36217",
        "Total Lag": "0.6504506",
        "Create Lag": "0.4313762",
        "Process Lag": "0.2190744"
      }
    ]
  },
  {
    "stopID": "57",
    "stopQueryTime": 1571259360756,
    "count": 1,
    "results": [
      {
        "Direction": "Outbound",
        "Destination": "Tallaght",
        "Time": "00:09:54",
        "AVLS": "00:10:34",
        "Tram": "4002",
        "Action": "d",
        "Msg Sent": "16/10/2019 21:55:56",
        "Msg Received": "16/10/2019 21:55:56",
        "Msg Processed": "16/10/2019 21:55:56",
        "XML ID": "36217",
        "Total Lag": "0.7134134",
        "Create Lag": "0.4313762",
        "Process Lag": "0.2820372"
      }
    ]
  },
  {
    "stopID": "14",
    "stopQueryTime": 1571259360760,
    "count": 3,
    "results": [
      {
        "Direction": "Inbound",
        "Destination": "The Point",
        "Time": "00:02:11",
        "AVLS": "00:02:51",
        "Tram": "3025",
        "Action": "a",
        "Msg Sent": "16/10/2019 21:55:56",
        "Msg Received": "16/10/2019 21:55:56",
        "Msg Processed": "16/10/2019 21:55:56",
        "XML ID": "36217",
        "Total Lag": "0.6821663",
        "Create Lag": "0.4313762",
        "Process Lag": "0.2507901"
      },
      {
        "Direction": "Inbound",
        "Destination": "The Point",
        "Time": "00:14:24",
        "AVLS": "00:15:04",
        "Tram": "3012",
        "Action": "a",
        "Msg Sent": "16/10/2019 21:55:56",
        "Msg Received": "16/10/2019 21:55:56",
        "Msg Processed": "16/10/2019 21:55:56",
        "XML ID": "36217",
        "Total Lag": "0.5720029",
        "Create Lag": "0.4313762",
        "Process Lag": "0.1406267"
      },
      {
        "Direction": "Outbound",
        "Destination": "Tallaght",
        "Time": "00:09:54",
        "AVLS": "00:10:34",
        "Tram": "3009",
        "Action": "a",
        "Msg Sent": "16/10/2019 21:56:00",
        "Msg Received": "16/10/2019 21:56:00",
        "Msg Processed": "16/10/2019 21:56:00",
        "XML ID": "36219",
        "Total Lag": "0.1665588",
        "Create Lag": "0.0728049",
        "Process Lag": "0.0937539"
      }
    ]
  },
  {
    "stopID": "25",
    "stopQueryTime": 1571259360768,
    "count": 3,
    "results": [
      {
        "Direction": "Inbound",
        "Destination": "Broombridge",
        "Time": "00:10:53",
        "AVLS": "00:11:33",
        "Tram": "5013",
        "Action": "a",
        "Msg Sent": "16/10/2019 21:56:00",
        "Msg Received": "16/10/2019 21:56:00",
        "Msg Processed": "16/10/2019 21:56:00",
        "XML ID": "36219",
        "Total Lag": "0.1353008",
        "Create Lag": "0.0728049",
        "Process Lag": "0.0624959"
      },
      {
        "Direction": "Outbound",
        "Destination": "Bride's Glen",
        "Time": "00:00:49",
        "AVLS": "00:01:29",
        "Tram": "5028",
        "Action": "a",
        "Msg Sent": "16/10/2019 21:55:57",
        "Msg Received": "16/10/2019 21:55:57",
        "Msg Processed": "16/10/2019 21:55:58",
        "XML ID": "36218",
        "Total Lag": "1.2290571",
        "Create Lag": "0.916544",
        "Process Lag": "0.3125131"
      },
      {
        "Direction": "Outbound",
        "Destination": "Bride's Glen",
        "Time": "00:17:44",
        "AVLS": "00:18:24",
        "Tram": "5012",
        "Action": "a",
        "Msg Sent": "16/10/2019 21:55:57",
        "Msg Received": "16/10/2019 21:55:57",
        "Msg Processed": "16/10/2019 21:55:58",
        "XML ID": "36218",
        "Total Lag": "1.1040459",
        "Create Lag": "0.916544",
        "Process Lag": "0.1875019"
      }
    ]
  },
  {
    "stopID": "42",
    "stopQueryTime": 1571259360778,
    "count": 2,
    "results": [
      {
        "Direction": "Inbound",
        "Destination": "Broombridge",
        "Time": "00:12:04",
        "AVLS": "00:12:44",
        "Tram": "5003",
        "Action": "a",
        "Msg Sent": "16/10/2019 21:55:57",
        "Msg Received": "16/10/2019 21:55:57",
        "Msg Processed": "16/10/2019 21:55:57",
        "XML ID": "36218",
        "Total Lag": "0.9790438",
        "Create Lag": "0.916544",
        "Process Lag": "0.0624998"
      },
      {
        "Direction": "Outbound",
        "Destination": "Bride's Glen",
        "Time": "00:13:50",
        "AVLS": "00:14:30",
        "Tram": "5002",
        "Action": "a",
        "Msg Sent": "16/10/2019 21:55:57",
        "Msg Received": "16/10/2019 21:55:57",
        "Msg Processed": "16/10/2019 21:55:57",
        "XML ID": "36218",
        "Total Lag": "0.9477948",
        "Create Lag": "0.916544",
        "Process Lag": "0.0312508"
      }
    ]
  },
  {
    "stopID": "20",
    "stopQueryTime": 1571259360785,
    "count": 2,
    "results": [
      {
        "Direction": "Inbound",
        "Destination": "The Point",
        "Time": "00:14:44",
        "AVLS": "00:15:24",
        "Tram": "3025",
        "Action": "a",
        "Msg Sent": "16/10/2019 21:55:56",
        "Msg Received": "16/10/2019 21:55:56",
        "Msg Processed": "16/10/2019 21:55:56",
        "XML ID": "36217",
        "Total Lag": "0.6978024",
        "Create Lag": "0.4313762",
        "Process Lag": "0.2664262"
      },
      {
        "Direction": "Outbound",
        "Destination": "Tallaght",
        "Time": "00:10:32",
        "AVLS": "00:11:12",
        "Tram": "4006",
        "Action": "a",
        "Msg Sent": "16/10/2019 21:55:56",
        "Msg Received": "16/10/2019 21:55:56",
        "Msg Processed": "16/10/2019 21:55:56",
        "XML ID": "36217",
        "Total Lag": "0.7446849",
        "Create Lag": "0.4313762",
        "Process Lag": "0.3133087"
      }
    ]
  },
  {
    "stopID": "17",
    "stopQueryTime": 1571259360793,
    "count": 3,
    "results": [
      {
        "Direction": "Inbound",
        "Destination": "The Point",
        "Time": "00:08:54",
        "AVLS": "00:09:34",
        "Tram": "3025",
        "Action": "a",
        "Msg Sent": "16/10/2019 21:55:56",
        "Msg Received": "16/10/2019 21:55:56",
        "Msg Processed": "16/10/2019 21:55:56",
        "XML ID": "36217",
        "Total Lag": "0.6978024",
        "Create Lag": "0.4313762",
        "Process Lag": "0.2664262"
      },
      {
        "Direction": "Outbound",
        "Destination": "Tallaght",
        "Time": "00:02:45",
        "AVLS": "00:03:25",
        "Tram": "3009",
        "Action": "a",
        "Msg Sent": "16/10/2019 21:56:00",
        "Msg Received": "16/10/2019 21:56:00",
        "Msg Processed": "16/10/2019 21:56:00",
        "XML ID": "36219",
        "Total Lag": "0.1509249",
        "Create Lag": "0.0728049",
        "Process Lag": "0.07812"
      },
      {
        "Direction": "Outbound",
        "Destination": "Tallaght",
        "Time": "00:16:06",
        "AVLS": "00:16:46",
        "Tram": "4006",
        "Action": "a",
        "Msg Sent": "16/10/2019 21:55:56",
        "Msg Received": "16/10/2019 21:55:56",
        "Msg Processed": "16/10/2019 21:55:56",
        "XML ID": "36217",
        "Total Lag": "0.7446849",
        "Create Lag": "0.4313762",
        "Process Lag": "0.3133087"
      }
    ]
  },
  {
    "stopID": "24",
    "stopQueryTime": 1571259360796,
    "count": 2,
    "results": [
      {
        "Direction": "Inbound",
        "Destination": "Broombridge",
        "Time": "00:13:51",
        "AVLS": "00:14:31",
        "Tram": "5013",
        "Action": "a",
        "Msg Sent": "16/10/2019 21:56:00",
        "Msg Received": "16/10/2019 21:56:00",
        "Msg Processed": "16/10/2019 21:56:00",
        "XML ID": "36219",
        "Total Lag": "0.1353008",
        "Create Lag": "0.0728049",
        "Process Lag": "0.0624959"
      },
      {
        "Direction": "Outbound",
        "Destination": "Bride's Glen",
        "Time": "00:15:46",
        "AVLS": "00:16:26",
        "Tram": "5012",
        "Action": "a",
        "Msg Sent": "16/10/2019 21:55:57",
        "Msg Received": "16/10/2019 21:55:57",
        "Msg Processed": "16/10/2019 21:55:58",
        "XML ID": "36218",
        "Total Lag": "1.1040459",
        "Create Lag": "0.916544",
        "Process Lag": "0.1875019"
      }
    ]
  },
  {
    "stopID": "36",
    "stopQueryTime": 1571259360801,
    "count": 2,
    "results": [
      {
        "Direction": "Inbound",
        "Destination": "Broombridge",
        "Time": "00:05:20",
        "AVLS": "00:06:00",
        "Tram": "5010",
        "Action": "a",
        "Msg Sent": "16/10/2019 21:55:57",
        "Msg Received": "16/10/2019 21:55:57",
        "Msg Processed": "16/10/2019 21:55:58",
        "XML ID": "36218",
        "Total Lag": "1.0415413",
        "Create Lag": "0.916544",
        "Process Lag": "0.1249973"
      },
      {
        "Direction": "Outbound",
        "Destination": "Bride's Glen",
        "Time": "00:04:28",
        "AVLS": "00:05:08",
        "Tram": "5002",
        "Action": "a",
        "Msg Sent": "16/10/2019 21:55:57",
        "Msg Received": "16/10/2019 21:55:57",
        "Msg Processed": "16/10/2019 21:55:57",
        "XML ID": "36218",
        "Total Lag": "0.916544",
        "Create Lag": "0.916544",
        "Process Lag": "0"
      }
    ]
  },
  {
    "stopID": "13",
    "stopQueryTime": 1571259360802,
    "count": 4,
    "results": [
      {
        "Direction": "Inbound",
        "Destination": "The Point",
        "Time": "00:01:15",
        "AVLS": "00:01:55",
        "Tram": "3025",
        "Action": "a",
        "Msg Sent": "16/10/2019 21:55:56",
        "Msg Received": "16/10/2019 21:55:56",
        "Msg Processed": "16/10/2019 21:55:56",
        "XML ID": "36217",
        "Total Lag": "0.6821663",
        "Create Lag": "0.4313762",
        "Process Lag": "0.2507901"
      },
      {
        "Direction": "Inbound",
        "Destination": "The Point",
        "Time": "00:13:28",
        "AVLS": "00:14:08",
        "Tram": "3012",
        "Action": "a",
        "Msg Sent": "16/10/2019 21:55:56",
        "Msg Received": "16/10/2019 21:55:56",
        "Msg Processed": "16/10/2019 21:55:56",
        "XML ID": "36217",
        "Total Lag": "0.5563857",
        "Create Lag": "0.4313762",
        "Process Lag": "0.1250095"
      },
      {
        "Direction": "Outbound",
        "Destination": "Tallaght",
        "Time": "00:00:00",
        "AVLS": "00:00:00",
        "Tram": "4009",
        "Action": "a",
        "Msg Sent": "16/10/2019 21:55:38",
        "Msg Received": "16/10/2019 21:55:38",
        "Msg Processed": "16/10/2019 21:55:39",
        "XML ID": "36211",
        "Total Lag": "1.1813843",
        "Create Lag": "0.7595055",
        "Process Lag": "0.4218788"
      },
      {
        "Direction": "Outbound",
        "Destination": "Tallaght",
        "Time": "00:10:54",
        "AVLS": "00:11:34",
        "Tram": "3009",
        "Action": "a",
        "Msg Sent": "16/10/2019 21:56:00",
        "Msg Received": "16/10/2019 21:56:00",
        "Msg Processed": "16/10/2019 21:56:00",
        "XML ID": "36219",
        "Total Lag": "0.1665588",
        "Create Lag": "0.0728049",
        "Process Lag": "0.0937539"
      }
    ]
  },
  {
    "stopID": "48",
    "stopQueryTime": 1571259360804,
    "count": 2,
    "results": [
      {
        "Direction": "Inbound",
        "Destination": "Broombridge",
        "Time": "00:03:24",
        "AVLS": "00:04:04",
        "Tram": "5003",
        "Action": "d",
        "Msg Sent": "16/10/2019 21:55:57",
        "Msg Received": "16/10/2019 21:55:57",
        "Msg Processed": "16/10/2019 21:55:57",
        "XML ID": "36218",
        "Total Lag": "0.9634207",
        "Create Lag": "0.916544",
        "Process Lag": "0.0468767"
      },
      {
        "Direction": "Inbound",
        "Destination": "Broombridge",
        "Time": "00:18:24",
        "AVLS": "00:19:04",
        "Tram": "5030",
        "Action": "d",
        "Msg Sent": "16/10/2019 21:55:57",
        "Msg Received": "16/10/2019 21:55:57",
        "Msg Processed": "16/10/2019 21:55:58",
        "XML ID": "36218",
        "Total Lag": "1.2915463",
        "Create Lag": "0.916544",
        "Process Lag": "0.3750023"
      }
    ]
  },
  {
    "stopID": "38",
    "stopQueryTime": 1571259360808,
    "count": 3,
    "results": [
      {
        "Direction": "Inbound",
        "Destination": "Broombridge",
        "Time": "00:01:26",
        "AVLS": "00:02:06",
        "Tram": "5010",
        "Action": "a",
        "Msg Sent": "16/10/2019 21:55:57",
        "Msg Received": "16/10/2019 21:55:57",
        "Msg Processed": "16/10/2019 21:55:58",
        "XML ID": "36218",
        "Total Lag": "1.0415413",
        "Create Lag": "0.916544",
        "Process Lag": "0.1249973"
      },
      {
        "Direction": "Inbound",
        "Destination": "Broombridge",
        "Time": "00:17:30",
        "AVLS": "00:18:10",
        "Tram": "5003",
        "Action": "a",
        "Msg Sent": "16/10/2019 21:55:57",
        "Msg Received": "16/10/2019 21:55:57",
        "Msg Processed": "16/10/2019 21:55:57",
        "XML ID": "36218",
        "Total Lag": "0.9946704",
        "Create Lag": "0.916544",
        "Process Lag": "0.0781264"
      },
      {
        "Direction": "Outbound",
        "Destination": "Bride's Glen",
        "Time": "00:08:29",
        "AVLS": "00:09:09",
        "Tram": "5002",
        "Action": "a",
        "Msg Sent": "16/10/2019 21:55:57",
        "Msg Received": "16/10/2019 21:55:57",
        "Msg Processed": "16/10/2019 21:55:57",
        "XML ID": "36218",
        "Total Lag": "0.932168",
        "Create Lag": "0.916544",
        "Process Lag": "0.015624"
      }
    ]
  },
  {
    "stopID": "29",
    "stopQueryTime": 1571259360810,
    "count": 4,
    "results": [
      {
        "Direction": "Inbound",
        "Destination": "Broombridge",
        "Time": "00:04:22",
        "AVLS": "00:05:02",
        "Tram": "5013",
        "Action": "a",
        "Msg Sent": "16/10/2019 21:56:00",
        "Msg Received": "16/10/2019 21:56:00",
        "Msg Processed": "16/10/2019 21:56:00",
        "XML ID": "36219",
        "Total Lag": "0.1196729",
        "Create Lag": "0.0728049",
        "Process Lag": "0.046868"
      },
      {
        "Direction": "Inbound",
        "Destination": "Broombridge",
        "Time": "00:17:51",
        "AVLS": "00:18:31",
        "Tram": "5010",
        "Action": "a",
        "Msg Sent": "16/10/2019 21:55:57",
        "Msg Received": "16/10/2019 21:55:57",
        "Msg Processed": "16/10/2019 21:55:58",
        "XML ID": "36218",
        "Total Lag": "1.0727964",
        "Create Lag": "0.916544",
        "Process Lag": "0.1562524"
      },
      {
        "Direction": "Outbound",
        "Destination": "Sandyford",
        "Time": "00:01:32",
        "AVLS": "00:02:12",
        "Tram": "5023",
        "Action": "a",
        "Msg Sent": "16/10/2019 21:55:57",
        "Msg Received": "16/10/2019 21:55:57",
        "Msg Processed": "16/10/2019 21:55:58",
        "XML ID": "36218",
        "Total Lag": "1.2134299",
        "Create Lag": "0.916544",
        "Process Lag": "0.2968859"
      },
      {
        "Direction": "Outbound",
        "Destination": "Bride's Glen",
        "Time": "00:08:19",
        "AVLS": "00:08:59",
        "Tram": "5028",
        "Action": "a",
        "Msg Sent": "16/10/2019 21:55:57",
        "Msg Received": "16/10/2019 21:55:57",
        "Msg Processed": "16/10/2019 21:55:58",
        "XML ID": "36218",
        "Total Lag": "1.2446717",
        "Create Lag": "0.916544",
        "Process Lag": "0.3281277"
      }
    ]
  },
  {
    "stopID": "6",
    "stopQueryTime": 1571259360812,
    "count": 4,
    "results": [
      {
        "Direction": "Inbound",
        "Destination": "The Point",
        "Time": "00:00:43",
        "AVLS": "00:01:23",
        "Tram": "3012",
        "Action": "a",
        "Msg Sent": "16/10/2019 21:55:56",
        "Msg Received": "16/10/2019 21:55:56",
        "Msg Processed": "16/10/2019 21:55:56",
        "XML ID": "36217",
        "Total Lag": "0.540764",
        "Create Lag": "0.4313762",
        "Process Lag": "0.1093878"
      },
      {
        "Direction": "Inbound",
        "Destination": "The Point",
        "Time": "00:14:24",
        "AVLS": "00:15:04",
        "Tram": "3016",
        "Action": "a",
        "Msg Sent": "16/10/2019 21:55:56",
        "Msg Received": "16/10/2019 21:55:56",
        "Msg Processed": "16/10/2019 21:55:56",
        "XML ID": "36217",
        "Total Lag": "0.6192017",
        "Create Lag": "0.4313762",
        "Process Lag": "0.1878255"
      },
      {
        "Direction": "Outbound",
        "Destination": "Tallaght",
        "Time": "00:00:36",
        "AVLS": "00:01:16",
        "Tram": "3017",
        "Action": "a",
        "Msg Sent": "16/10/2019 21:55:56",
        "Msg Received": "16/10/2019 21:55:56",
        "Msg Processed": "16/10/2019 21:55:56",
        "XML ID": "36217",
        "Total Lag": "0.6348186",
        "Create Lag": "0.4313762",
        "Process Lag": "0.2034424"
      },
      {
        "Direction": "Outbound",
        "Destination": "Tallaght",
        "Time": "00:11:51",
        "AVLS": "00:12:31",
        "Tram": "4009",
        "Action": "a",
        "Msg Sent": "16/10/2019 21:55:56",
        "Msg Received": "16/10/2019 21:55:56",
        "Msg Processed": "16/10/2019 21:55:56",
        "XML ID": "36217",
        "Total Lag": "0.7759117",
        "Create Lag": "0.4313762",
        "Process Lag": "0.3445355"
      }
    ]
  },
  {
    "stopID": "15",
    "stopQueryTime": 1571259360815,
    "count": 3,
    "results": [
      {
        "Direction": "Inbound",
        "Destination": "The Point",
        "Time": "00:03:55",
        "AVLS": "00:04:35",
        "Tram": "3025",
        "Action": "a",
        "Msg Sent": "16/10/2019 21:55:56",
        "Msg Received": "16/10/2019 21:55:56",
        "Msg Processed": "16/10/2019 21:55:56",
        "XML ID": "36217",
        "Total Lag": "0.6821663",
        "Create Lag": "0.4313762",
        "Process Lag": "0.2507901"
      },
      {
        "Direction": "Inbound",
        "Destination": "The Point",
        "Time": "00:16:08",
        "AVLS": "00:16:48",
        "Tram": "3012",
        "Action": "a",
        "Msg Sent": "16/10/2019 21:55:56",
        "Msg Received": "16/10/2019 21:55:56",
        "Msg Processed": "16/10/2019 21:55:56",
        "XML ID": "36217",
        "Total Lag": "0.5720029",
        "Create Lag": "0.4313762",
        "Process Lag": "0.1406267"
      },
      {
        "Direction": "Outbound",
        "Destination": "Tallaght",
        "Time": "00:07:55",
        "AVLS": "00:08:35",
        "Tram": "3009",
        "Action": "a",
        "Msg Sent": "16/10/2019 21:56:00",
        "Msg Received": "16/10/2019 21:56:00",
        "Msg Processed": "16/10/2019 21:56:00",
        "XML ID": "36219",
        "Total Lag": "0.1509249",
        "Create Lag": "0.0728049",
        "Process Lag": "0.07812"
      }
    ]
  },
  {
    "stopID": "30",
    "stopQueryTime": 1571259360817,
    "count": 4,
    "results": [
      {
        "Direction": "Inbound",
        "Destination": "Broombridge",
        "Time": "00:02:37",
        "AVLS": "00:03:17",
        "Tram": "5013",
        "Action": "a",
        "Msg Sent": "16/10/2019 21:56:00",
        "Msg Received": "16/10/2019 21:56:00",
        "Msg Processed": "16/10/2019 21:56:00",
        "XML ID": "36219",
        "Total Lag": "0.1040575",
        "Create Lag": "0.0728049",
        "Process Lag": "0.0312526"
      },
      {
        "Direction": "Inbound",
        "Destination": "Broombridge",
        "Time": "00:16:06",
        "AVLS": "00:16:46",
        "Tram": "5010",
        "Action": "a",
        "Msg Sent": "16/10/2019 21:55:57",
        "Msg Received": "16/10/2019 21:55:57",
        "Msg Processed": "16/10/2019 21:55:58",
        "XML ID": "36218",
        "Total Lag": "1.0727964",
        "Create Lag": "0.916544",
        "Process Lag": "0.1562524"
      },
      {
        "Direction": "Outbound",
        "Destination": "Sandyford",
        "Time": "00:03:18",
        "AVLS": "00:03:58",
        "Tram": "5023",
        "Action": "a",
        "Msg Sent": "16/10/2019 21:55:57",
        "Msg Received": "16/10/2019 21:55:57",
        "Msg Processed": "16/10/2019 21:55:58",
        "XML ID": "36218",
        "Total Lag": "1.2134299",
        "Create Lag": "0.916544",
        "Process Lag": "0.2968859"
      },
      {
        "Direction": "Outbound",
        "Destination": "Bride's Glen",
        "Time": "00:10:05",
        "AVLS": "00:10:45",
        "Tram": "5028",
        "Action": "a",
        "Msg Sent": "16/10/2019 21:55:57",
        "Msg Received": "16/10/2019 21:55:57",
        "Msg Processed": "16/10/2019 21:55:58",
        "XML ID": "36218",
        "Total Lag": "1.2602959",
        "Create Lag": "0.916544",
        "Process Lag": "0.3437519"
      }
    ]
  },
  {
    "stopID": "47",
    "stopQueryTime": 1571259360822,
    "count": 2,
    "results": [
      {
        "Direction": "Inbound",
        "Destination": "Broombridge",
        "Time": "00:04:32",
        "AVLS": "00:05:12",
        "Tram": "5003",
        "Action": "a",
        "Msg Sent": "16/10/2019 21:55:57",
        "Msg Received": "16/10/2019 21:55:57",
        "Msg Processed": "16/10/2019 21:55:57",
        "XML ID": "36218",
        "Total Lag": "0.9634207",
        "Create Lag": "0.916544",
        "Process Lag": "0.0468767"
      },
      {
        "Direction": "Outbound",
        "Destination": "Bride's Glen",
        "Time": "00:06:10",
        "AVLS": "00:06:50",
        "Tram": "5030",
        "Action": "a",
        "Msg Sent": "16/10/2019 21:55:57",
        "Msg Received": "16/10/2019 21:55:57",
        "Msg Processed": "16/10/2019 21:55:58",
        "XML ID": "36218",
        "Total Lag": "1.2915463",
        "Create Lag": "0.916544",
        "Process Lag": "0.3750023"
      }
    ]
  },
  {
    "stopID": "40",
    "stopQueryTime": 1571259360824,
    "count": 2,
    "results": [
      {
        "Direction": "Inbound",
        "Destination": "Broombridge",
        "Time": "00:14:15",
        "AVLS": "00:14:55",
        "Tram": "5003",
        "Action": "a",
        "Msg Sent": "16/10/2019 21:55:57",
        "Msg Received": "16/10/2019 21:55:57",
        "Msg Processed": "16/10/2019 21:55:57",
        "XML ID": "36218",
        "Total Lag": "0.9946704",
        "Create Lag": "0.916544",
        "Process Lag": "0.0781264"
      },
      {
        "Direction": "Outbound",
        "Destination": "Bride's Glen",
        "Time": "00:11:42",
        "AVLS": "00:12:22",
        "Tram": "5002",
        "Action": "a",
        "Msg Sent": "16/10/2019 21:55:57",
        "Msg Received": "16/10/2019 21:55:57",
        "Msg Processed": "16/10/2019 21:55:57",
        "XML ID": "36218",
        "Total Lag": "0.9477948",
        "Create Lag": "0.916544",
        "Process Lag": "0.0312508"
      }
    ]
  },
  {
    "stopID": "22",
    "stopQueryTime": 1571259360827,
    "count": 3,
    "results": [
      {
        "Direction": "Inbound",
        "Destination": "The Point",
        "Time": "00:02:24",
        "AVLS": "00:03:04",
        "Tram": "3002",
        "Action": "a",
        "Msg Sent": "16/10/2019 21:56:00",
        "Msg Received": "16/10/2019 21:56:00",
        "Msg Processed": "16/10/2019 21:56:00",
        "XML ID": "36219",
        "Total Lag": "0.0728049",
        "Create Lag": "0.0728049",
        "Process Lag": "0"
      },
      {
        "Direction": "Outbound",
        "Destination": "Tallaght",
        "Time": "00:04:37",
        "AVLS": "00:05:17",
        "Tram": "4006",
        "Action": "a",
        "Msg Sent": "16/10/2019 21:55:56",
        "Msg Received": "16/10/2019 21:55:56",
        "Msg Processed": "16/10/2019 21:55:56",
        "XML ID": "36217",
        "Total Lag": "0.7290411",
        "Create Lag": "0.4313762",
        "Process Lag": "0.2976649"
      },
      {
        "Direction": "Outbound",
        "Destination": "Tallaght",
        "Time": "00:15:56",
        "AVLS": "00:16:36",
        "Tram": "4002",
        "Action": "a",
        "Msg Sent": "16/10/2019 21:55:56",
        "Msg Received": "16/10/2019 21:55:56",
        "Msg Processed": "16/10/2019 21:55:56",
        "XML ID": "36217",
        "Total Lag": "0.7290411",
        "Create Lag": "0.4313762",
        "Process Lag": "0.2976649"
      }
    ]
  },
  {
    "stopID": "19",
    "stopQueryTime": 1571259360831,
    "count": 3,
    "results": [
      {
        "Direction": "Inbound",
        "Destination": "The Point",
        "Time": "00:12:34",
        "AVLS": "00:13:14",
        "Tram": "3025",
        "Action": "a",
        "Msg Sent": "16/10/2019 21:55:56",
        "Msg Received": "16/10/2019 21:55:56",
        "Msg Processed": "16/10/2019 21:55:56",
        "XML ID": "36217",
        "Total Lag": "0.6978024",
        "Create Lag": "0.4313762",
        "Process Lag": "0.2664262"
      },
      {
        "Direction": "Outbound",
        "Destination": "Tallaght",
        "Time": "00:00:00",
        "AVLS": "00:00:00",
        "Tram": "3009",
        "Action": "a",
        "Msg Sent": "16/10/2019 21:56:00",
        "Msg Received": "16/10/2019 21:56:00",
        "Msg Processed": "16/10/2019 21:56:00",
        "XML ID": "36219",
        "Total Lag": "0.1353008",
        "Create Lag": "0.0728049",
        "Process Lag": "0.0624959"
      },
      {
        "Direction": "Outbound",
        "Destination": "Tallaght",
        "Time": "00:12:41",
        "AVLS": "00:13:21",
        "Tram": "4006",
        "Action": "a",
        "Msg Sent": "16/10/2019 21:55:56",
        "Msg Received": "16/10/2019 21:55:56",
        "Msg Processed": "16/10/2019 21:55:56",
        "XML ID": "36217",
        "Total Lag": "0.7446849",
        "Create Lag": "0.4313762",
        "Process Lag": "0.3133087"
      }
    ]
  },
  {
    "stopID": "18",
    "stopQueryTime": 1571259360834,
    "count": 3,
    "results": [
      {
        "Direction": "Inbound",
        "Destination": "The Point",
        "Time": "00:11:10",
        "AVLS": "00:11:50",
        "Tram": "3025",
        "Action": "a",
        "Msg Sent": "16/10/2019 21:55:56",
        "Msg Received": "16/10/2019 21:55:56",
        "Msg Processed": "16/10/2019 21:55:56",
        "XML ID": "36217",
        "Total Lag": "0.6978024",
        "Create Lag": "0.4313762",
        "Process Lag": "0.2664262"
      },
      {
        "Direction": "Outbound",
        "Destination": "Tallaght",
        "Time": "00:00:32",
        "AVLS": "00:01:12",
        "Tram": "3009",
        "Action": "a",
        "Msg Sent": "16/10/2019 21:56:00",
        "Msg Received": "16/10/2019 21:56:00",
        "Msg Processed": "16/10/2019 21:56:00",
        "XML ID": "36219",
        "Total Lag": "0.1509249",
        "Create Lag": "0.0728049",
        "Process Lag": "0.07812"
      },
      {
        "Direction": "Outbound",
        "Destination": "Tallaght",
        "Time": "00:13:53",
        "AVLS": "00:14:33",
        "Tram": "4006",
        "Action": "a",
        "Msg Sent": "16/10/2019 21:55:56",
        "Msg Received": "16/10/2019 21:55:56",
        "Msg Processed": "16/10/2019 21:55:56",
        "XML ID": "36217",
        "Total Lag": "0.7446849",
        "Create Lag": "0.4313762",
        "Process Lag": "0.3133087"
      }
    ]
  },
  {
    "stopID": "44",
    "stopQueryTime": 1571259360836,
    "count": 3,
    "results": [
      {
        "Direction": "Inbound",
        "Destination": "Broombridge",
        "Time": "00:09:24",
        "AVLS": "00:10:04",
        "Tram": "5003",
        "Action": "a",
        "Msg Sent": "16/10/2019 21:55:57",
        "Msg Received": "16/10/2019 21:55:57",
        "Msg Processed": "16/10/2019 21:55:57",
        "XML ID": "36218",
        "Total Lag": "0.9790438",
        "Create Lag": "0.916544",
        "Process Lag": "0.0624998"
      },
      {
        "Direction": "Outbound",
        "Destination": "Bride's Glen",
        "Time": "00:01:22",
        "AVLS": "00:02:02",
        "Tram": "5030",
        "Action": "a",
        "Msg Sent": "16/10/2019 21:55:57",
        "Msg Received": "16/10/2019 21:55:57",
        "Msg Processed": "16/10/2019 21:55:58",
        "XML ID": "36218",
        "Total Lag": "1.2759242",
        "Create Lag": "0.916544",
        "Process Lag": "0.3593802"
      },
      {
        "Direction": "Outbound",
        "Destination": "Bride's Glen",
        "Time": "00:16:28",
        "AVLS": "00:17:08",
        "Tram": "5002",
        "Action": "a",
        "Msg Sent": "16/10/2019 21:55:57",
        "Msg Received": "16/10/2019 21:55:57",
        "Msg Processed": "16/10/2019 21:55:57",
        "XML ID": "36218",
        "Total Lag": "0.9477948",
        "Create Lag": "0.916544",
        "Process Lag": "0.0312508"
      }
    ]
  },
  {
    "stopID": "27",
    "stopQueryTime": 1571259360840,
    "count": 2,
    "results": [
      {
        "Direction": "Inbound",
        "Destination": "Broombridge",
        "Time": "00:07:22",
        "AVLS": "00:08:02",
        "Tram": "5013",
        "Action": "a",
        "Msg Sent": "16/10/2019 21:56:00",
        "Msg Received": "16/10/2019 21:56:00",
        "Msg Processed": "16/10/2019 21:56:00",
        "XML ID": "36219",
        "Total Lag": "0.1196729",
        "Create Lag": "0.0728049",
        "Process Lag": "0.046868"
      },
      {
        "Direction": "Outbound",
        "Destination": "Bride's Glen",
        "Time": "00:04:57",
        "AVLS": "00:05:37",
        "Tram": "5028",
        "Action": "a",
        "Msg Sent": "16/10/2019 21:55:57",
        "Msg Received": "16/10/2019 21:55:57",
        "Msg Processed": "16/10/2019 21:55:58",
        "XML ID": "36218",
        "Total Lag": "1.2446717",
        "Create Lag": "0.916544",
        "Process Lag": "0.3281277"
      }
    ]
  },
  {
    "stopID": "5",
    "stopQueryTime": 1571259360842,
    "count": 3,
    "results": [
      {
        "Direction": "Inbound",
        "Destination": "The Point",
        "Time": "00:11:17",
        "AVLS": "00:11:57",
        "Tram": "3016",
        "Action": "a",
        "Msg Sent": "16/10/2019 21:55:56",
        "Msg Received": "16/10/2019 21:55:56",
        "Msg Processed": "16/10/2019 21:55:56",
        "XML ID": "36217",
        "Total Lag": "0.6192017",
        "Create Lag": "0.4313762",
        "Process Lag": "0.1878255"
      },
      {
        "Direction": "Outbound",
        "Destination": "Tallaght",
        "Time": "00:03:51",
        "AVLS": "00:04:31",
        "Tram": "3017",
        "Action": "a",
        "Msg Sent": "16/10/2019 21:55:56",
        "Msg Received": "16/10/2019 21:55:56",
        "Msg Processed": "16/10/2019 21:55:56",
        "XML ID": "36217",
        "Total Lag": "0.6348186",
        "Create Lag": "0.4313762",
        "Process Lag": "0.2034424"
      },
      {
        "Direction": "Outbound",
        "Destination": "Tallaght",
        "Time": "00:15:06",
        "AVLS": "00:15:46",
        "Tram": "4009",
        "Action": "a",
        "Msg Sent": "16/10/2019 21:55:56",
        "Msg Received": "16/10/2019 21:55:56",
        "Msg Processed": "16/10/2019 21:55:56",
        "XML ID": "36217",
        "Total Lag": "0.7759117",
        "Create Lag": "0.4313762",
        "Process Lag": "0.3445355"
      }
    ]
  },
  {
    "stopID": "37",
    "stopQueryTime": 1571259360851,
    "count": 3,
    "results": [
      {
        "Direction": "Inbound",
        "Destination": "Broombridge",
        "Time": "00:02:56",
        "AVLS": "00:03:36",
        "Tram": "5010",
        "Action": "a",
        "Msg Sent": "16/10/2019 21:55:57",
        "Msg Received": "16/10/2019 21:55:57",
        "Msg Processed": "16/10/2019 21:55:58",
        "XML ID": "36218",
        "Total Lag": "1.0415413",
        "Create Lag": "0.916544",
        "Process Lag": "0.1249973"
      },
      {
        "Direction": "Inbound",
        "Destination": "Broombridge",
        "Time": "00:19:00",
        "AVLS": "00:19:40",
        "Tram": "5003",
        "Action": "a",
        "Msg Sent": "16/10/2019 21:55:57",
        "Msg Received": "16/10/2019 21:55:57",
        "Msg Processed": "16/10/2019 21:55:58",
        "XML ID": "36218",
        "Total Lag": "1.0102956",
        "Create Lag": "0.916544",
        "Process Lag": "0.0937516"
      },
      {
        "Direction": "Outbound",
        "Destination": "Bride's Glen",
        "Time": "00:07:01",
        "AVLS": "00:07:41",
        "Tram": "5002",
        "Action": "a",
        "Msg Sent": "16/10/2019 21:55:57",
        "Msg Received": "16/10/2019 21:55:57",
        "Msg Processed": "16/10/2019 21:55:57",
        "XML ID": "36218",
        "Total Lag": "0.932168",
        "Create Lag": "0.916544",
        "Process Lag": "0.015624"
      }
    ]
  },
  {
    "stopID": "43",
    "stopQueryTime": 1571259360852,
    "count": 3,
    "results": [
      {
        "Direction": "Inbound",
        "Destination": "Broombridge",
        "Time": "00:10:28",
        "AVLS": "00:11:08",
        "Tram": "5003",
        "Action": "a",
        "Msg Sent": "16/10/2019 21:55:57",
        "Msg Received": "16/10/2019 21:55:57",
        "Msg Processed": "16/10/2019 21:55:57",
        "XML ID": "36218",
        "Total Lag": "0.9790438",
        "Create Lag": "0.916544",
        "Process Lag": "0.0624998"
      },
      {
        "Direction": "Outbound",
        "Destination": "Bride's Glen",
        "Time": "00:00:17",
        "AVLS": "00:00:57",
        "Tram": "5030",
        "Action": "a",
        "Msg Sent": "16/10/2019 21:55:57",
        "Msg Received": "16/10/2019 21:55:57",
        "Msg Processed": "16/10/2019 21:55:58",
        "XML ID": "36218",
        "Total Lag": "1.2759242",
        "Create Lag": "0.916544",
        "Process Lag": "0.3593802"
      },
      {
        "Direction": "Outbound",
        "Destination": "Bride's Glen",
        "Time": "00:15:23",
        "AVLS": "00:16:03",
        "Tram": "5002",
        "Action": "a",
        "Msg Sent": "16/10/2019 21:55:57",
        "Msg Received": "16/10/2019 21:55:57",
        "Msg Processed": "16/10/2019 21:55:57",
        "XML ID": "36218",
        "Total Lag": "0.9477948",
        "Create Lag": "0.916544",
        "Process Lag": "0.0312508"
      }
    ]
  },
  {
    "stopID": "21",
    "stopQueryTime": 1571259360854,
    "count": 3,
    "results": [
      {
        "Direction": "Inbound",
        "Destination": "The Point",
        "Time": "00:00:00",
        "AVLS": "00:00:00",
        "Tram": "3002",
        "Action": "a",
        "Msg Sent": "16/10/2019 21:55:57",
        "Msg Received": "16/10/2019 21:55:57",
        "Msg Processed": "16/10/2019 21:55:58",
        "XML ID": "36218",
        "Total Lag": "1.3071712",
        "Create Lag": "0.916544",
        "Process Lag": "0.3906272"
      },
      {
        "Direction": "Inbound",
        "Destination": "The Point",
        "Time": "00:17:30",
        "AVLS": "00:18:10",
        "Tram": "3025",
        "Action": "a",
        "Msg Sent": "16/10/2019 21:55:56",
        "Msg Received": "16/10/2019 21:55:56",
        "Msg Processed": "16/10/2019 21:55:56",
        "XML ID": "36217",
        "Total Lag": "0.7134134",
        "Create Lag": "0.4313762",
        "Process Lag": "0.2820372"
      },
      {
        "Direction": "Outbound",
        "Destination": "Tallaght",
        "Time": "00:08:05",
        "AVLS": "00:08:45",
        "Tram": "4006",
        "Action": "a",
        "Msg Sent": "16/10/2019 21:55:56",
        "Msg Received": "16/10/2019 21:55:56",
        "Msg Processed": "16/10/2019 21:55:56",
        "XML ID": "36217",
        "Total Lag": "0.7446849",
        "Create Lag": "0.4313762",
        "Process Lag": "0.3133087"
      }
    ]
  },
  {
    "stopID": "46",
    "stopQueryTime": 1571259360857,
    "count": 3,
    "results": [
      {
        "Direction": "Inbound",
        "Destination": "Broombridge",
        "Time": "00:06:33",
        "AVLS": "00:07:13",
        "Tram": "5003",
        "Action": "a",
        "Msg Sent": "16/10/2019 21:55:57",
        "Msg Received": "16/10/2019 21:55:57",
        "Msg Processed": "16/10/2019 21:55:57",
        "XML ID": "36218",
        "Total Lag": "0.9634207",
        "Create Lag": "0.916544",
        "Process Lag": "0.0468767"
      },
      {
        "Direction": "Outbound",
        "Destination": "Bride's Glen",
        "Time": "00:04:13",
        "AVLS": "00:04:53",
        "Tram": "5030",
        "Action": "a",
        "Msg Sent": "16/10/2019 21:55:57",
        "Msg Received": "16/10/2019 21:55:57",
        "Msg Processed": "16/10/2019 21:55:58",
        "XML ID": "36218",
        "Total Lag": "1.2915463",
        "Create Lag": "0.916544",
        "Process Lag": "0.3750023"
      },
      {
        "Direction": "Outbound",
        "Destination": "Bride's Glen",
        "Time": "00:19:19",
        "AVLS": "00:19:59",
        "Tram": "5002",
        "Action": "a",
        "Msg Sent": "16/10/2019 21:55:57",
        "Msg Received": "16/10/2019 21:55:57",
        "Msg Processed": "16/10/2019 21:55:57",
        "XML ID": "36218",
        "Total Lag": "0.9634207",
        "Create Lag": "0.916544",
        "Process Lag": "0.0468767"
      }
    ]
  },
  {
    "stopID": "8",
    "stopQueryTime": 1571259360859,
    "count": 3,
    "results": [
      {
        "Direction": "Inbound",
        "Destination": "The Point",
        "Time": "00:06:30",
        "AVLS": "00:07:10",
        "Tram": "3012",
        "Action": "a",
        "Msg Sent": "16/10/2019 21:55:56",
        "Msg Received": "16/10/2019 21:55:56",
        "Msg Processed": "16/10/2019 21:55:56",
        "XML ID": "36217",
        "Total Lag": "0.540764",
        "Create Lag": "0.4313762",
        "Process Lag": "0.1093878"
      },
      {
        "Direction": "Outbound",
        "Destination": "Tallaght",
        "Time": "00:06:14",
        "AVLS": "00:06:54",
        "Tram": "4009",
        "Action": "a",
        "Msg Sent": "16/10/2019 21:55:56",
        "Msg Received": "16/10/2019 21:55:56",
        "Msg Processed": "16/10/2019 21:55:56",
        "XML ID": "36217",
        "Total Lag": "0.7759117",
        "Create Lag": "0.4313762",
        "Process Lag": "0.3445355"
      },
      {
        "Direction": "Outbound",
        "Destination": "Tallaght",
        "Time": "00:18:07",
        "AVLS": "00:18:47",
        "Tram": "3009",
        "Action": "a",
        "Msg Sent": "16/10/2019 21:56:00",
        "Msg Received": "16/10/2019 21:56:00",
        "Msg Processed": "16/10/2019 21:56:00",
        "XML ID": "36219",
        "Total Lag": "0.1821764",
        "Create Lag": "0.0728049",
        "Process Lag": "0.1093715"
      }
    ]
  },
  {
    "stopID": "32",
    "stopQueryTime": 1571259360860,
    "count": 3,
    "results": [
      {
        "Direction": "Inbound",
        "Destination": "Broombridge",
        "Time": "00:12:20",
        "AVLS": "00:13:00",
        "Tram": "5010",
        "Action": "a",
        "Msg Sent": "16/10/2019 21:55:57",
        "Msg Received": "16/10/2019 21:55:57",
        "Msg Processed": "16/10/2019 21:55:58",
        "XML ID": "36218",
        "Total Lag": "1.0571695",
        "Create Lag": "0.916544",
        "Process Lag": "0.1406255"
      },
      {
        "Direction": "Outbound",
        "Destination": "Sandyford",
        "Time": "00:07:04",
        "AVLS": "00:07:44",
        "Tram": "5023",
        "Action": "a",
        "Msg Sent": "16/10/2019 21:55:57",
        "Msg Received": "16/10/2019 21:55:57",
        "Msg Processed": "16/10/2019 21:55:58",
        "XML ID": "36218",
        "Total Lag": "1.2134299",
        "Create Lag": "0.916544",
        "Process Lag": "0.2968859"
      },
      {
        "Direction": "Outbound",
        "Destination": "Bride's Glen",
        "Time": "00:13:51",
        "AVLS": "00:14:31",
        "Tram": "5028",
        "Action": "a",
        "Msg Sent": "16/10/2019 21:55:57",
        "Msg Received": "16/10/2019 21:55:57",
        "Msg Processed": "16/10/2019 21:55:58",
        "XML ID": "36218",
        "Total Lag": "1.2602959",
        "Create Lag": "0.916544",
        "Process Lag": "0.3437519"
      }
    ]
  },
  {
    "stopID": "4",
    "stopQueryTime": 1571259360865,
    "count": 5,
    "results": [
      {
        "Direction": "Inbound",
        "Destination": "The Point",
        "Time": "00:09:24",
        "AVLS": "00:10:04",
        "Tram": "3016",
        "Action": "a",
        "Msg Sent": "16/10/2019 21:55:56",
        "Msg Received": "16/10/2019 21:55:56",
        "Msg Processed": "16/10/2019 21:55:56",
        "XML ID": "36217",
        "Total Lag": "0.6192017",
        "Create Lag": "0.4313762",
        "Process Lag": "0.1878255"
      },
      {
        "Direction": "Outbound",
        "Destination": "Saggart",
        "Time": "00:00:00",
        "AVLS": "00:00:34",
        "Tram": "3018",
        "Action": "a",
        "Msg Sent": "16/10/2019 21:55:56",
        "Msg Received": "16/10/2019 21:55:56",
        "Msg Processed": "16/10/2019 21:55:56",
        "XML ID": "36217",
        "Total Lag": "0.6665303",
        "Create Lag": "0.4313762",
        "Process Lag": "0.2351541"
      },
      {
        "Direction": "Outbound",
        "Destination": "Tallaght",
        "Time": "00:05:36",
        "AVLS": "00:06:16",
        "Tram": "3017",
        "Action": "a",
        "Msg Sent": "16/10/2019 21:55:56",
        "Msg Received": "16/10/2019 21:55:56",
        "Msg Processed": "16/10/2019 21:55:56",
        "XML ID": "36217",
        "Total Lag": "0.6348186",
        "Create Lag": "0.4313762",
        "Process Lag": "0.2034424"
      },
      {
        "Direction": "Outbound",
        "Destination": "Saggart",
        "Time": "00:10:54",
        "AVLS": "00:11:34",
        "Tram": "3011",
        "Action": "a",
        "Msg Sent": "16/10/2019 21:55:56",
        "Msg Received": "16/10/2019 21:55:56",
        "Msg Processed": "16/10/2019 21:55:56",
        "XML ID": "36217",
        "Total Lag": "0.5251465",
        "Create Lag": "0.4313762",
        "Process Lag": "0.0937703"
      },
      {
        "Direction": "Outbound",
        "Destination": "Tallaght",
        "Time": "00:16:51",
        "AVLS": "00:17:31",
        "Tram": "4009",
        "Action": "a",
        "Msg Sent": "16/10/2019 21:55:56",
        "Msg Received": "16/10/2019 21:55:56",
        "Msg Processed": "16/10/2019 21:55:56",
        "XML ID": "36217",
        "Total Lag": "0.7915418",
        "Create Lag": "0.4313762",
        "Process Lag": "0.3601656"
      }
    ]
  },
  {
    "stopID": "9",
    "stopQueryTime": 1571259360867,
    "count": 3,
    "results": [
      {
        "Direction": "Inbound",
        "Destination": "The Point",
        "Time": "00:08:39",
        "AVLS": "00:09:19",
        "Tram": "3012",
        "Action": "a",
        "Msg Sent": "16/10/2019 21:55:56",
        "Msg Received": "16/10/2019 21:55:56",
        "Msg Processed": "16/10/2019 21:55:56",
        "XML ID": "36217",
        "Total Lag": "0.5563857",
        "Create Lag": "0.4313762",
        "Process Lag": "0.1250095"
      },
      {
        "Direction": "Outbound",
        "Destination": "Tallaght",
        "Time": "00:03:59",
        "AVLS": "00:04:39",
        "Tram": "4009",
        "Action": "a",
        "Msg Sent": "16/10/2019 21:55:56",
        "Msg Received": "16/10/2019 21:55:56",
        "Msg Processed": "16/10/2019 21:55:56",
        "XML ID": "36217",
        "Total Lag": "0.7603052",
        "Create Lag": "0.4313762",
        "Process Lag": "0.328929"
      },
      {
        "Direction": "Outbound",
        "Destination": "Tallaght",
        "Time": "00:15:52",
        "AVLS": "00:16:32",
        "Tram": "3009",
        "Action": "a",
        "Msg Sent": "16/10/2019 21:56:00",
        "Msg Received": "16/10/2019 21:56:00",
        "Msg Processed": "16/10/2019 21:56:00",
        "XML ID": "36219",
        "Total Lag": "0.1821764",
        "Create Lag": "0.0728049",
        "Process Lag": "0.1093715"
      }
    ]
  },
  {
    "stopID": "34",
    "stopQueryTime": 1571259360869,
    "count": 4,
    "results": [
      {
        "Direction": "Inbound",
        "Destination": "Broombridge",
        "Time": "00:08:55",
        "AVLS": "00:09:35",
        "Tram": "5010",
        "Action": "a",
        "Msg Sent": "16/10/2019 21:55:57",
        "Msg Received": "16/10/2019 21:55:57",
        "Msg Processed": "16/10/2019 21:55:58",
        "XML ID": "36218",
        "Total Lag": "1.0571695",
        "Create Lag": "0.916544",
        "Process Lag": "0.1406255"
      },
      {
        "Direction": "Outbound",
        "Destination": "Bride's Glen",
        "Time": "00:01:28",
        "AVLS": "00:02:08",
        "Tram": "5002",
        "Action": "a",
        "Msg Sent": "16/10/2019 21:55:57",
        "Msg Received": "16/10/2019 21:55:57",
        "Msg Processed": "16/10/2019 21:55:57",
        "XML ID": "36218",
        "Total Lag": "0.916544",
        "Create Lag": "0.916544",
        "Process Lag": "0"
      },
      {
        "Direction": "Outbound",
        "Destination": "Sandyford",
        "Time": "00:10:04",
        "AVLS": "00:10:44",
        "Tram": "5023",
        "Action": "a",
        "Msg Sent": "16/10/2019 21:55:57",
        "Msg Received": "16/10/2019 21:55:57",
        "Msg Processed": "16/10/2019 21:55:58",
        "XML ID": "36218",
        "Total Lag": "1.2290571",
        "Create Lag": "0.916544",
        "Process Lag": "0.3125131"
      },
      {
        "Direction": "Outbound",
        "Destination": "Bride's Glen",
        "Time": "00:16:51",
        "AVLS": "00:17:31",
        "Tram": "5028",
        "Action": "a",
        "Msg Sent": "16/10/2019 21:55:57",
        "Msg Received": "16/10/2019 21:55:57",
        "Msg Processed": "16/10/2019 21:55:58",
        "XML ID": "36218",
        "Total Lag": "1.2759242",
        "Create Lag": "0.916544",
        "Process Lag": "0.3593802"
      }
    ]
  },
  {
    "stopID": "11",
    "stopQueryTime": 1571259360872,
    "count": 3,
    "results": [
      {
        "Direction": "Inbound",
        "Destination": "The Point",
        "Time": "00:10:48",
        "AVLS": "00:11:28",
        "Tram": "3012",
        "Action": "a",
        "Msg Sent": "16/10/2019 21:55:56",
        "Msg Received": "16/10/2019 21:55:56",
        "Msg Processed": "16/10/2019 21:55:56",
        "XML ID": "36217",
        "Total Lag": "0.5563857",
        "Create Lag": "0.4313762",
        "Process Lag": "0.1250095"
      },
      {
        "Direction": "Outbound",
        "Destination": "Tallaght",
        "Time": "00:01:47",
        "AVLS": "00:02:27",
        "Tram": "4009",
        "Action": "a",
        "Msg Sent": "16/10/2019 21:55:56",
        "Msg Received": "16/10/2019 21:55:56",
        "Msg Processed": "16/10/2019 21:55:56",
        "XML ID": "36217",
        "Total Lag": "0.7603052",
        "Create Lag": "0.4313762",
        "Process Lag": "0.328929"
      },
      {
        "Direction": "Outbound",
        "Destination": "Tallaght",
        "Time": "00:13:40",
        "AVLS": "00:14:20",
        "Tram": "3009",
        "Action": "a",
        "Msg Sent": "16/10/2019 21:56:00",
        "Msg Received": "16/10/2019 21:56:00",
        "Msg Processed": "16/10/2019 21:56:00",
        "XML ID": "36219",
        "Total Lag": "0.1665588",
        "Create Lag": "0.0728049",
        "Process Lag": "0.0937539"
      }
    ]
  },
  {
    "stopID": "10",
    "stopQueryTime": 1571259360874,
    "count": 3,
    "results": [
      {
        "Direction": "Inbound",
        "Destination": "The Point",
        "Time": "00:09:53",
        "AVLS": "00:10:33",
        "Tram": "3012",
        "Action": "a",
        "Msg Sent": "16/10/2019 21:55:56",
        "Msg Received": "16/10/2019 21:55:56",
        "Msg Processed": "16/10/2019 21:55:56",
        "XML ID": "36217",
        "Total Lag": "0.5563857",
        "Create Lag": "0.4313762",
        "Process Lag": "0.1250095"
      },
      {
        "Direction": "Outbound",
        "Destination": "Tallaght",
        "Time": "00:02:43",
        "AVLS": "00:03:23",
        "Tram": "4009",
        "Action": "a",
        "Msg Sent": "16/10/2019 21:55:56",
        "Msg Received": "16/10/2019 21:55:56",
        "Msg Processed": "16/10/2019 21:55:56",
        "XML ID": "36217",
        "Total Lag": "0.7603052",
        "Create Lag": "0.4313762",
        "Process Lag": "0.328929"
      },
      {
        "Direction": "Outbound",
        "Destination": "Tallaght",
        "Time": "00:14:36",
        "AVLS": "00:15:16",
        "Tram": "3009",
        "Action": "a",
        "Msg Sent": "16/10/2019 21:56:00",
        "Msg Received": "16/10/2019 21:56:00",
        "Msg Processed": "16/10/2019 21:56:00",
        "XML ID": "36219",
        "Total Lag": "0.1665588",
        "Create Lag": "0.0728049",
        "Process Lag": "0.0937539"
      }
    ]
  },
  {
    "stopID": "54",
    "stopQueryTime": 1571259360880,
    "count": 3,
    "results": [
      {
        "Direction": "Inbound",
        "Destination": "The Point",
        "Time": "00:04:18",
        "AVLS": "00:04:58",
        "Tram": "3002",
        "Action": "a",
        "Msg Sent": "16/10/2019 21:56:00",
        "Msg Received": "16/10/2019 21:56:00",
        "Msg Processed": "16/10/2019 21:56:00",
        "XML ID": "36219",
        "Total Lag": "0.0884273",
        "Create Lag": "0.0728049",
        "Process Lag": "0.0156224"
      },
      {
        "Direction": "Outbound",
        "Destination": "Tallaght",
        "Time": "00:02:41",
        "AVLS": "00:03:21",
        "Tram": "4006",
        "Action": "a",
        "Msg Sent": "16/10/2019 21:55:56",
        "Msg Received": "16/10/2019 21:55:56",
        "Msg Processed": "16/10/2019 21:55:56",
        "XML ID": "36217",
        "Total Lag": "0.7290411",
        "Create Lag": "0.4313762",
        "Process Lag": "0.2976649"
      },
      {
        "Direction": "Outbound",
        "Destination": "Tallaght",
        "Time": "00:14:00",
        "AVLS": "00:14:40",
        "Tram": "4002",
        "Action": "a",
        "Msg Sent": "16/10/2019 21:55:56",
        "Msg Received": "16/10/2019 21:55:56",
        "Msg Processed": "16/10/2019 21:55:56",
        "XML ID": "36217",
        "Total Lag": "0.7134134",
        "Create Lag": "0.4313762",
        "Process Lag": "0.2820372"
      }
    ]
  },
  {
    "stopID": "49",
    "stopQueryTime": 1571259360884,
    "count": 4,
    "results": [
      {
        "Direction": "Inbound",
        "Destination": "Belgard",
        "Time": "00:03:14",
        "AVLS": "00:03:54",
        "Tram": "3011",
        "Action": "a",
        "Msg Sent": "16/10/2019 21:55:56",
        "Msg Received": "16/10/2019 21:55:56",
        "Msg Processed": "16/10/2019 21:55:56",
        "XML ID": "36217",
        "Total Lag": "0.5095073",
        "Create Lag": "0.4313762",
        "Process Lag": "0.0781311"
      },
      {
        "Direction": "Inbound",
        "Destination": "Belgard",
        "Time": "00:18:30",
        "AVLS": "00:19:10",
        "Tram": "3015",
        "Action": "a",
        "Msg Sent": "16/10/2019 21:55:56",
        "Msg Received": "16/10/2019 21:55:56",
        "Msg Processed": "16/10/2019 21:55:56",
        "XML ID": "36217",
        "Total Lag": "0.6035557",
        "Create Lag": "0.4313762",
        "Process Lag": "0.1721795"
      },
      {
        "Direction": "Outbound",
        "Destination": "Saggart",
        "Time": "00:03:21",
        "AVLS": "00:04:01",
        "Tram": "3018",
        "Action": "a",
        "Msg Sent": "16/10/2019 21:55:56",
        "Msg Received": "16/10/2019 21:55:56",
        "Msg Processed": "16/10/2019 21:55:56",
        "XML ID": "36217",
        "Total Lag": "0.6665303",
        "Create Lag": "0.4313762",
        "Process Lag": "0.2351541"
      },
      {
        "Direction": "Outbound",
        "Destination": "Saggart",
        "Time": "00:14:21",
        "AVLS": "00:15:01",
        "Tram": "3011",
        "Action": "a",
        "Msg Sent": "16/10/2019 21:55:56",
        "Msg Received": "16/10/2019 21:55:56",
        "Msg Processed": "16/10/2019 21:55:56",
        "XML ID": "36217",
        "Total Lag": "0.5251465",
        "Create Lag": "0.4313762",
        "Process Lag": "0.0937703"
      }
    ]
  },
  {
    "stopID": "3",
    "stopQueryTime": 1571259360890,
    "count": 4,
    "results": [
      {
        "Direction": "Inbound",
        "Destination": "The Point",
        "Time": "00:06:19",
        "AVLS": "00:06:59",
        "Tram": "3016",
        "Action": "a",
        "Msg Sent": "16/10/2019 21:55:56",
        "Msg Received": "16/10/2019 21:55:56",
        "Msg Processed": "16/10/2019 21:55:56",
        "XML ID": "36217",
        "Total Lag": "0.6192017",
        "Create Lag": "0.4313762",
        "Process Lag": "0.1878255"
      },
      {
        "Direction": "Outbound",
        "Destination": "Tallaght",
        "Time": "00:00:19",
        "AVLS": "00:00:59",
        "Tram": "3014",
        "Action": "a",
        "Msg Sent": "16/10/2019 21:55:56",
        "Msg Received": "16/10/2019 21:55:56",
        "Msg Processed": "16/10/2019 21:55:56",
        "XML ID": "36217",
        "Total Lag": "0.5720029",
        "Create Lag": "0.4313762",
        "Process Lag": "0.1406267"
      },
      {
        "Direction": "Outbound",
        "Destination": "Tallaght",
        "Time": "00:07:55",
        "AVLS": "00:08:35",
        "Tram": "3017",
        "Action": "a",
        "Msg Sent": "16/10/2019 21:55:56",
        "Msg Received": "16/10/2019 21:55:56",
        "Msg Processed": "16/10/2019 21:55:56",
        "XML ID": "36217",
        "Total Lag": "0.6348186",
        "Create Lag": "0.4313762",
        "Process Lag": "0.2034424"
      },
      {
        "Direction": "Outbound",
        "Destination": "Tallaght",
        "Time": "00:19:10",
        "AVLS": "00:19:50",
        "Tram": "4009",
        "Action": "a",
        "Msg Sent": "16/10/2019 21:55:56",
        "Msg Received": "16/10/2019 21:55:56",
        "Msg Processed": "16/10/2019 21:55:56",
        "XML ID": "36217",
        "Total Lag": "0.7915418",
        "Create Lag": "0.4313762",
        "Process Lag": "0.3601656"
      }
    ]
  },
  {
    "stopID": "53",
    "stopQueryTime": 1571259360895,
    "count": 3,
    "results": [
      {
        "Direction": "Inbound",
        "Destination": "Belgard",
        "Time": "00:11:24",
        "AVLS": "00:12:04",
        "Tram": "3015",
        "Action": "d",
        "Msg Sent": "16/10/2019 21:55:56",
        "Msg Received": "16/10/2019 21:55:56",
        "Msg Processed": "16/10/2019 21:55:56",
        "XML ID": "36217",
        "Total Lag": "0.5879616",
        "Create Lag": "0.4313762",
        "Process Lag": "0.1565854"
      },
      {
        "Direction": "Terminating",
        "Destination": "Saggart",
        "Time": "00:01:16",
        "AVLS": "00:01:56",
        "Tram": "3015",
        "Action": "a",
        "Msg Sent": "16/10/2019 21:55:56",
        "Msg Received": "16/10/2019 21:55:56",
        "Msg Processed": "16/10/2019 21:55:56",
        "XML ID": "36217",
        "Total Lag": "0.5879616",
        "Create Lag": "0.4313762",
        "Process Lag": "0.1565854"
      },
      {
        "Direction": "Terminating",
        "Destination": "Saggart",
        "Time": "00:10:24",
        "AVLS": "00:11:04",
        "Tram": "3018",
        "Action": "a",
        "Msg Sent": "16/10/2019 21:55:56",
        "Msg Received": "16/10/2019 21:55:56",
        "Msg Processed": "16/10/2019 21:55:56",
        "XML ID": "36217",
        "Total Lag": "0.6821663",
        "Create Lag": "0.4313762",
        "Process Lag": "0.2507901"
      }
    ]
  },
  {
    "stopID": "7",
    "stopQueryTime": 1571259360897,
    "count": 3,
    "results": [
      {
        "Direction": "Inbound",
        "Destination": "The Point",
        "Time": "00:04:59",
        "AVLS": "00:05:39",
        "Tram": "3012",
        "Action": "a",
        "Msg Sent": "16/10/2019 21:55:56",
        "Msg Received": "16/10/2019 21:55:56",
        "Msg Processed": "16/10/2019 21:55:56",
        "XML ID": "36217",
        "Total Lag": "0.540764",
        "Create Lag": "0.4313762",
        "Process Lag": "0.1093878"
      },
      {
        "Direction": "Inbound",
        "Destination": "The Point",
        "Time": "00:18:40",
        "AVLS": "00:19:20",
        "Tram": "3016",
        "Action": "a",
        "Msg Sent": "16/10/2019 21:55:56",
        "Msg Received": "16/10/2019 21:55:56",
        "Msg Processed": "16/10/2019 21:55:56",
        "XML ID": "36217",
        "Total Lag": "0.6348186",
        "Create Lag": "0.4313762",
        "Process Lag": "0.2034424"
      },
      {
        "Direction": "Outbound",
        "Destination": "Tallaght",
        "Time": "00:07:48",
        "AVLS": "00:08:28",
        "Tram": "4009",
        "Action": "a",
        "Msg Sent": "16/10/2019 21:55:56",
        "Msg Received": "16/10/2019 21:55:56",
        "Msg Processed": "16/10/2019 21:55:56",
        "XML ID": "36217",
        "Total Lag": "0.7759117",
        "Create Lag": "0.4313762",
        "Process Lag": "0.3445355"
      }
    ]
  },
  {
    "stopID": "33",
    "stopQueryTime": 1571259360899,
    "count": 4,
    "results": [
      {
        "Direction": "Inbound",
        "Destination": "Broombridge",
        "Time": "00:10:38",
        "AVLS": "00:11:18",
        "Tram": "5010",
        "Action": "a",
        "Msg Sent": "16/10/2019 21:55:57",
        "Msg Received": "16/10/2019 21:55:57",
        "Msg Processed": "16/10/2019 21:55:58",
        "XML ID": "36218",
        "Total Lag": "1.0571695",
        "Create Lag": "0.916544",
        "Process Lag": "0.1406255"
      },
      {
        "Direction": "Outbound",
        "Destination": "Bride's Glen",
        "Time": "00:00:00",
        "AVLS": "00:00:34",
        "Tram": "5002",
        "Action": "a",
        "Msg Sent": "16/10/2019 21:55:56",
        "Msg Received": "16/10/2019 21:55:56",
        "Msg Processed": "16/10/2019 21:55:56",
        "XML ID": "36217",
        "Total Lag": "0.7915418",
        "Create Lag": "0.4313762",
        "Process Lag": "0.3601656"
      },
      {
        "Direction": "Outbound",
        "Destination": "Sandyford",
        "Time": "00:08:30",
        "AVLS": "00:09:10",
        "Tram": "5023",
        "Action": "a",
        "Msg Sent": "16/10/2019 21:55:57",
        "Msg Received": "16/10/2019 21:55:57",
        "Msg Processed": "16/10/2019 21:55:58",
        "XML ID": "36218",
        "Total Lag": "1.2290571",
        "Create Lag": "0.916544",
        "Process Lag": "0.3125131"
      },
      {
        "Direction": "Outbound",
        "Destination": "Bride's Glen",
        "Time": "00:15:17",
        "AVLS": "00:15:57",
        "Tram": "5028",
        "Action": "a",
        "Msg Sent": "16/10/2019 21:55:57",
        "Msg Received": "16/10/2019 21:55:57",
        "Msg Processed": "16/10/2019 21:55:58",
        "XML ID": "36218",
        "Total Lag": "1.2759242",
        "Create Lag": "0.916544",
        "Process Lag": "0.3593802"
      }
    ]
  },
  {
    "stopID": "55",
    "stopQueryTime": 1571259360907,
    "count": 3,
    "results": [
      {
        "Direction": "Inbound",
        "Destination": "The Point",
        "Time": "00:05:34",
        "AVLS": "00:06:14",
        "Tram": "3002",
        "Action": "a",
        "Msg Sent": "16/10/2019 21:56:00",
        "Msg Received": "16/10/2019 21:56:00",
        "Msg Processed": "16/10/2019 21:56:00",
        "XML ID": "36219",
        "Total Lag": "0.0884273",
        "Create Lag": "0.0728049",
        "Process Lag": "0.0156224"
      },
      {
        "Direction": "Outbound",
        "Destination": "Tallaght",
        "Time": "00:01:13",
        "AVLS": "00:01:53",
        "Tram": "4006",
        "Action": "a",
        "Msg Sent": "16/10/2019 21:55:56",
        "Msg Received": "16/10/2019 21:55:56",
        "Msg Processed": "16/10/2019 21:55:56",
        "XML ID": "36217",
        "Total Lag": "0.7290411",
        "Create Lag": "0.4313762",
        "Process Lag": "0.2976649"
      },
      {
        "Direction": "Outbound",
        "Destination": "Tallaght",
        "Time": "00:12:32",
        "AVLS": "00:13:12",
        "Tram": "4002",
        "Action": "a",
        "Msg Sent": "16/10/2019 21:55:56",
        "Msg Received": "16/10/2019 21:55:56",
        "Msg Processed": "16/10/2019 21:55:56",
        "XML ID": "36217",
        "Total Lag": "0.7134134",
        "Create Lag": "0.4313762",
        "Process Lag": "0.2820372"
      }
    ]
  },
  {
    "stopID": "16",
    "stopQueryTime": 1571259360914,
    "count": 4,
    "results": [
      {
        "Direction": "Inbound",
        "Destination": "The Point",
        "Time": "00:06:30",
        "AVLS": "00:07:10",
        "Tram": "3025",
        "Action": "a",
        "Msg Sent": "16/10/2019 21:55:56",
        "Msg Received": "16/10/2019 21:55:56",
        "Msg Processed": "16/10/2019 21:55:56",
        "XML ID": "36217",
        "Total Lag": "0.6978024",
        "Create Lag": "0.4313762",
        "Process Lag": "0.2664262"
      },
      {
        "Direction": "Inbound",
        "Destination": "The Point",
        "Time": "00:18:43",
        "AVLS": "00:19:23",
        "Tram": "3012",
        "Action": "a",
        "Msg Sent": "16/10/2019 21:55:56",
        "Msg Received": "16/10/2019 21:55:56",
        "Msg Processed": "16/10/2019 21:55:56",
        "XML ID": "36217",
        "Total Lag": "0.5720029",
        "Create Lag": "0.4313762",
        "Process Lag": "0.1406267"
      },
      {
        "Direction": "Outbound",
        "Destination": "Tallaght",
        "Time": "00:04:44",
        "AVLS": "00:05:24",
        "Tram": "3009",
        "Action": "a",
        "Msg Sent": "16/10/2019 21:56:00",
        "Msg Received": "16/10/2019 21:56:00",
        "Msg Processed": "16/10/2019 21:56:00",
        "XML ID": "36219",
        "Total Lag": "0.1509249",
        "Create Lag": "0.0728049",
        "Process Lag": "0.07812"
      },
      {
        "Direction": "Outbound",
        "Destination": "Tallaght",
        "Time": "00:18:05",
        "AVLS": "00:18:45",
        "Tram": "4006",
        "Action": "a",
        "Msg Sent": "16/10/2019 21:55:56",
        "Msg Received": "16/10/2019 21:55:56",
        "Msg Processed": "16/10/2019 21:55:56",
        "XML ID": "36217",
        "Total Lag": "0.7603052",
        "Create Lag": "0.4313762",
        "Process Lag": "0.328929"
      }
    ]
  },
  {
    "stopID": "45",
    "stopQueryTime": 1571259360918,
    "count": 3,
    "results": [
      {
        "Direction": "Inbound",
        "Destination": "Broombridge",
        "Time": "00:07:55",
        "AVLS": "00:08:35",
        "Tram": "5003",
        "Action": "a",
        "Msg Sent": "16/10/2019 21:55:57",
        "Msg Received": "16/10/2019 21:55:57",
        "Msg Processed": "16/10/2019 21:55:57",
        "XML ID": "36218",
        "Total Lag": "0.9634207",
        "Create Lag": "0.916544",
        "Process Lag": "0.0468767"
      },
      {
        "Direction": "Outbound",
        "Destination": "Bride's Glen",
        "Time": "00:02:50",
        "AVLS": "00:03:30",
        "Tram": "5030",
        "Action": "a",
        "Msg Sent": "16/10/2019 21:55:57",
        "Msg Received": "16/10/2019 21:55:57",
        "Msg Processed": "16/10/2019 21:55:58",
        "XML ID": "36218",
        "Total Lag": "1.2915463",
        "Create Lag": "0.916544",
        "Process Lag": "0.3750023"
      },
      {
        "Direction": "Outbound",
        "Destination": "Bride's Glen",
        "Time": "00:17:56",
        "AVLS": "00:18:36",
        "Tram": "5002",
        "Action": "a",
        "Msg Sent": "16/10/2019 21:55:57",
        "Msg Received": "16/10/2019 21:55:57",
        "Msg Processed": "16/10/2019 21:55:57",
        "XML ID": "36218",
        "Total Lag": "0.9477948",
        "Create Lag": "0.916544",
        "Process Lag": "0.0312508"
      }
    ]
  },
  {
    "stopID": "35",
    "stopQueryTime": 1571259360922,
    "count": 4,
    "results": [
      {
        "Direction": "Inbound",
        "Destination": "Broombridge",
        "Time": "00:06:55",
        "AVLS": "00:07:35",
        "Tram": "5010",
        "Action": "a",
        "Msg Sent": "16/10/2019 21:55:57",
        "Msg Received": "16/10/2019 21:55:57",
        "Msg Processed": "16/10/2019 21:55:58",
        "XML ID": "36218",
        "Total Lag": "1.0571695",
        "Create Lag": "0.916544",
        "Process Lag": "0.1406255"
      },
      {
        "Direction": "Outbound",
        "Destination": "Bride's Glen",
        "Time": "00:03:07",
        "AVLS": "00:03:47",
        "Tram": "5002",
        "Action": "a",
        "Msg Sent": "16/10/2019 21:55:57",
        "Msg Received": "16/10/2019 21:55:57",
        "Msg Processed": "16/10/2019 21:55:57",
        "XML ID": "36218",
        "Total Lag": "0.916544",
        "Create Lag": "0.916544",
        "Process Lag": "0"
      },
      {
        "Direction": "Outbound",
        "Destination": "Sandyford",
        "Time": "00:11:43",
        "AVLS": "00:12:23",
        "Tram": "5023",
        "Action": "a",
        "Msg Sent": "16/10/2019 21:55:57",
        "Msg Received": "16/10/2019 21:55:57",
        "Msg Processed": "16/10/2019 21:55:58",
        "XML ID": "36218",
        "Total Lag": "1.2290571",
        "Create Lag": "0.916544",
        "Process Lag": "0.3125131"
      },
      {
        "Direction": "Outbound",
        "Destination": "Bride's Glen",
        "Time": "00:18:30",
        "AVLS": "00:19:10",
        "Tram": "5028",
        "Action": "a",
        "Msg Sent": "16/10/2019 21:55:57",
        "Msg Received": "16/10/2019 21:55:57",
        "Msg Processed": "16/10/2019 21:55:58",
        "XML ID": "36218",
        "Total Lag": "1.2759242",
        "Create Lag": "0.916544",
        "Process Lag": "0.3593802"
      }
    ]
  },
  {
    "stopID": "12",
    "stopQueryTime": 1571259360924,
    "count": 4,
    "results": [
      {
        "Direction": "Inbound",
        "Destination": "The Point",
        "Time": "00:00:00",
        "AVLS": "00:00:17",
        "Tram": "3025",
        "Action": "a",
        "Msg Sent": "16/10/2019 21:55:56",
        "Msg Received": "16/10/2019 21:55:56",
        "Msg Processed": "16/10/2019 21:55:56",
        "XML ID": "36217",
        "Total Lag": "0.6821663",
        "Create Lag": "0.4313762",
        "Process Lag": "0.2507901"
      },
      {
        "Direction": "Inbound",
        "Destination": "The Point",
        "Time": "00:11:50",
        "AVLS": "00:12:30",
        "Tram": "3012",
        "Action": "a",
        "Msg Sent": "16/10/2019 21:55:56",
        "Msg Received": "16/10/2019 21:55:56",
        "Msg Processed": "16/10/2019 21:55:56",
        "XML ID": "36217",
        "Total Lag": "0.5563857",
        "Create Lag": "0.4313762",
        "Process Lag": "0.1250095"
      },
      {
        "Direction": "Outbound",
        "Destination": "Tallaght",
        "Time": "00:00:42",
        "AVLS": "00:01:22",
        "Tram": "4009",
        "Action": "a",
        "Msg Sent": "16/10/2019 21:55:56",
        "Msg Received": "16/10/2019 21:55:56",
        "Msg Processed": "16/10/2019 21:55:56",
        "XML ID": "36217",
        "Total Lag": "0.7603052",
        "Create Lag": "0.4313762",
        "Process Lag": "0.328929"
      },
      {
        "Direction": "Outbound",
        "Destination": "Tallaght",
        "Time": "00:12:35",
        "AVLS": "00:13:15",
        "Tram": "3009",
        "Action": "a",
        "Msg Sent": "16/10/2019 21:56:00",
        "Msg Received": "16/10/2019 21:56:00",
        "Msg Processed": "16/10/2019 21:56:00",
        "XML ID": "36219",
        "Total Lag": "0.1665588",
        "Create Lag": "0.0728049",
        "Process Lag": "0.0937539"
      }
    ]
  },
  {
    "stopID": "56",
    "stopQueryTime": 1571259360927,
    "count": 3,
    "results": [
      {
        "Direction": "Inbound",
        "Destination": "The Point",
        "Time": "00:07:13",
        "AVLS": "00:07:53",
        "Tram": "3002",
        "Action": "a",
        "Msg Sent": "16/10/2019 21:56:00",
        "Msg Received": "16/10/2019 21:56:00",
        "Msg Processed": "16/10/2019 21:56:00",
        "XML ID": "36219",
        "Total Lag": "0.0884273",
        "Create Lag": "0.0728049",
        "Process Lag": "0.0156224"
      },
      {
        "Direction": "Outbound",
        "Destination": "Tallaght",
        "Time": "00:00:00",
        "AVLS": "00:00:00",
        "Tram": "4006",
        "Action": "a",
        "Msg Sent": "16/10/2019 21:55:52",
        "Msg Received": "16/10/2019 21:55:52",
        "Msg Processed": "16/10/2019 21:55:52",
        "XML ID": "36215",
        "Total Lag": "0.1345094",
        "Create Lag": "0.0876289",
        "Process Lag": "0.0468805"
      },
      {
        "Direction": "Outbound",
        "Destination": "Tallaght",
        "Time": "00:10:33",
        "AVLS": "00:11:13",
        "Tram": "4002",
        "Action": "a",
        "Msg Sent": "16/10/2019 21:55:56",
        "Msg Received": "16/10/2019 21:55:56",
        "Msg Processed": "16/10/2019 21:55:56",
        "XML ID": "36217",
        "Total Lag": "0.7134134",
        "Create Lag": "0.4313762",
        "Process Lag": "0.2820372"
      }
    ]
  },
  {
    "stopID": "1",
    "stopQueryTime": 1571259360930,
    "count": 4,
    "results": [
      {
        "Direction": "Inbound",
        "Destination": "The Point",
        "Time": "00:03:24",
        "AVLS": "00:04:04",
        "Tram": "3016",
        "Action": "d",
        "Msg Sent": "16/10/2019 21:55:56",
        "Msg Received": "16/10/2019 21:55:56",
        "Msg Processed": "16/10/2019 21:55:56",
        "XML ID": "36217",
        "Total Lag": "0.6035557",
        "Create Lag": "0.4313762",
        "Process Lag": "0.1721795"
      },
      {
        "Direction": "Inbound",
        "Destination": "The Point",
        "Time": "00:18:24",
        "AVLS": "00:19:04",
        "Tram": "3017",
        "Action": "d",
        "Msg Sent": "16/10/2019 21:55:56",
        "Msg Received": "16/10/2019 21:55:56",
        "Msg Processed": "16/10/2019 21:55:56",
        "XML ID": "36217",
        "Total Lag": "0.6504506",
        "Create Lag": "0.4313762",
        "Process Lag": "0.2190744"
      },
      {
        "Direction": "Terminating",
        "Destination": "Tallaght",
        "Time": "00:04:00",
        "AVLS": "00:04:40",
        "Tram": "3014",
        "Action": "a",
        "Msg Sent": "16/10/2019 21:55:56",
        "Msg Received": "16/10/2019 21:55:56",
        "Msg Processed": "16/10/2019 21:55:56",
        "XML ID": "36217",
        "Total Lag": "0.5879616",
        "Create Lag": "0.4313762",
        "Process Lag": "0.1565854"
      },
      {
        "Direction": "Terminating",
        "Destination": "Tallaght",
        "Time": "00:11:36",
        "AVLS": "00:12:16",
        "Tram": "3017",
        "Action": "a",
        "Msg Sent": "16/10/2019 21:55:56",
        "Msg Received": "16/10/2019 21:55:56",
        "Msg Processed": "16/10/2019 21:55:56",
        "XML ID": "36217",
        "Total Lag": "0.6504506",
        "Create Lag": "0.4313762",
        "Process Lag": "0.2190744"
      }
    ]
  },
  {
    "stopID": "31",
    "stopQueryTime": 1571259360933,
    "count": 4,
    "results": [
      {
        "Direction": "Inbound",
        "Destination": "Broombridge",
        "Time": "00:00:50",
        "AVLS": "00:01:30",
        "Tram": "5013",
        "Action": "a",
        "Msg Sent": "16/10/2019 21:56:00",
        "Msg Received": "16/10/2019 21:56:00",
        "Msg Processed": "16/10/2019 21:56:00",
        "XML ID": "36219",
        "Total Lag": "0.1040575",
        "Create Lag": "0.0728049",
        "Process Lag": "0.0312526"
      },
      {
        "Direction": "Inbound",
        "Destination": "Broombridge",
        "Time": "00:14:19",
        "AVLS": "00:14:59",
        "Tram": "5010",
        "Action": "a",
        "Msg Sent": "16/10/2019 21:55:57",
        "Msg Received": "16/10/2019 21:55:57",
        "Msg Processed": "16/10/2019 21:55:58",
        "XML ID": "36218",
        "Total Lag": "1.0727964",
        "Create Lag": "0.916544",
        "Process Lag": "0.1562524"
      },
      {
        "Direction": "Outbound",
        "Destination": "Sandyford",
        "Time": "00:05:06",
        "AVLS": "00:05:46",
        "Tram": "5023",
        "Action": "a",
        "Msg Sent": "16/10/2019 21:55:57",
        "Msg Received": "16/10/2019 21:55:57",
        "Msg Processed": "16/10/2019 21:55:58",
        "XML ID": "36218",
        "Total Lag": "1.2134299",
        "Create Lag": "0.916544",
        "Process Lag": "0.2968859"
      },
      {
        "Direction": "Outbound",
        "Destination": "Bride's Glen",
        "Time": "00:11:53",
        "AVLS": "00:12:33",
        "Tram": "5028",
        "Action": "a",
        "Msg Sent": "16/10/2019 21:55:57",
        "Msg Received": "16/10/2019 21:55:57",
        "Msg Processed": "16/10/2019 21:55:58",
        "XML ID": "36218",
        "Total Lag": "1.2602959",
        "Create Lag": "0.916544",
        "Process Lag": "0.3437519"
      }
    ]
  },
  {
    "stopID": "51",
    "stopQueryTime": 1571259360937,
    "count": 4,
    "results": [
      {
        "Direction": "Inbound",
        "Destination": "Belgard",
        "Time": "00:00:00",
        "AVLS": "00:00:19",
        "Tram": "3011",
        "Action": "a",
        "Msg Sent": "16/10/2019 21:55:56",
        "Msg Received": "16/10/2019 21:55:56",
        "Msg Processed": "16/10/2019 21:55:56",
        "XML ID": "36217",
        "Total Lag": "0.5095073",
        "Create Lag": "0.4313762",
        "Process Lag": "0.0781311"
      },
      {
        "Direction": "Inbound",
        "Destination": "Belgard",
        "Time": "00:14:55",
        "AVLS": "00:15:35",
        "Tram": "3015",
        "Action": "a",
        "Msg Sent": "16/10/2019 21:55:56",
        "Msg Received": "16/10/2019 21:55:56",
        "Msg Processed": "16/10/2019 21:55:56",
        "XML ID": "36217",
        "Total Lag": "0.6035557",
        "Create Lag": "0.4313762",
        "Process Lag": "0.1721795"
      },
      {
        "Direction": "Outbound",
        "Destination": "Saggart",
        "Time": "00:06:54",
        "AVLS": "00:07:34",
        "Tram": "3018",
        "Action": "a",
        "Msg Sent": "16/10/2019 21:55:56",
        "Msg Received": "16/10/2019 21:55:56",
        "Msg Processed": "16/10/2019 21:55:56",
        "XML ID": "36217",
        "Total Lag": "0.6665303",
        "Create Lag": "0.4313762",
        "Process Lag": "0.2351541"
      },
      {
        "Direction": "Outbound",
        "Destination": "Saggart",
        "Time": "00:17:54",
        "AVLS": "00:18:34",
        "Tram": "3011",
        "Action": "a",
        "Msg Sent": "16/10/2019 21:55:56",
        "Msg Received": "16/10/2019 21:55:56",
        "Msg Processed": "16/10/2019 21:55:56",
        "XML ID": "36217",
        "Total Lag": "0.5251465",
        "Create Lag": "0.4313762",
        "Process Lag": "0.0937703"
      }
    ]
  },
  {
    "stopID": "52",
    "stopQueryTime": 1571259360940,
    "count": 4,
    "results": [
      {
        "Direction": "Inbound",
        "Destination": "Belgard",
        "Time": "00:13:39",
        "AVLS": "00:14:19",
        "Tram": "3015",
        "Action": "a",
        "Msg Sent": "16/10/2019 21:55:56",
        "Msg Received": "16/10/2019 21:55:56",
        "Msg Processed": "16/10/2019 21:55:56",
        "XML ID": "36217",
        "Total Lag": "0.5879616",
        "Create Lag": "0.4313762",
        "Process Lag": "0.1565854"
      },
      {
        "Direction": "Outbound",
        "Destination": "Saggart",
        "Time": "00:00:00",
        "AVLS": "00:00:00",
        "Tram": "3015",
        "Action": "a",
        "Msg Sent": "16/10/2019 21:55:40",
        "Msg Received": "16/10/2019 21:55:40",
        "Msg Processed": "16/10/2019 21:55:40",
        "XML ID": "36212",
        "Total Lag": "0.9157569",
        "Create Lag": "0.8688788",
        "Process Lag": "0.0468781"
      },
      {
        "Direction": "Outbound",
        "Destination": "Saggart",
        "Time": "00:08:11",
        "AVLS": "00:08:51",
        "Tram": "3018",
        "Action": "a",
        "Msg Sent": "16/10/2019 21:55:56",
        "Msg Received": "16/10/2019 21:55:56",
        "Msg Processed": "16/10/2019 21:55:56",
        "XML ID": "36217",
        "Total Lag": "0.6665303",
        "Create Lag": "0.4313762",
        "Process Lag": "0.2351541"
      },
      {
        "Direction": "Outbound",
        "Destination": "Saggart",
        "Time": "00:19:11",
        "AVLS": "00:19:51",
        "Tram": "3011",
        "Action": "a",
        "Msg Sent": "16/10/2019 21:55:56",
        "Msg Received": "16/10/2019 21:55:56",
        "Msg Processed": "16/10/2019 21:55:56",
        "XML ID": "36217",
        "Total Lag": "0.540764",
        "Create Lag": "0.4313762",
        "Process Lag": "0.1093878"
      }
    ]
  },
  {
    "stopID": "28",
    "stopQueryTime": 1571259360943,
    "count": 4,
    "results": [
      {
        "Direction": "Inbound",
        "Destination": "Broombridge",
        "Time": "00:05:51",
        "AVLS": "00:06:31",
        "Tram": "5013",
        "Action": "a",
        "Msg Sent": "16/10/2019 21:56:00",
        "Msg Received": "16/10/2019 21:56:00",
        "Msg Processed": "16/10/2019 21:56:00",
        "XML ID": "36219",
        "Total Lag": "0.1196729",
        "Create Lag": "0.0728049",
        "Process Lag": "0.046868"
      },
      {
        "Direction": "Inbound",
        "Destination": "Broombridge",
        "Time": "00:19:20",
        "AVLS": "00:20:00",
        "Tram": "5010",
        "Action": "a",
        "Msg Sent": "16/10/2019 21:55:57",
        "Msg Received": "16/10/2019 21:55:57",
        "Msg Processed": "16/10/2019 21:55:58",
        "XML ID": "36218",
        "Total Lag": "1.0727964",
        "Create Lag": "0.916544",
        "Process Lag": "0.1562524"
      },
      {
        "Direction": "Outbound",
        "Destination": "Sandyford",
        "Time": "00:00:04",
        "AVLS": "00:00:44",
        "Tram": "5023",
        "Action": "a",
        "Msg Sent": "16/10/2019 21:55:57",
        "Msg Received": "16/10/2019 21:55:57",
        "Msg Processed": "16/10/2019 21:55:58",
        "XML ID": "36218",
        "Total Lag": "1.197805",
        "Create Lag": "0.916544",
        "Process Lag": "0.281261"
      },
      {
        "Direction": "Outbound",
        "Destination": "Bride's Glen",
        "Time": "00:06:51",
        "AVLS": "00:07:31",
        "Tram": "5028",
        "Action": "a",
        "Msg Sent": "16/10/2019 21:55:57",
        "Msg Received": "16/10/2019 21:55:57",
        "Msg Processed": "16/10/2019 21:55:58",
        "XML ID": "36218",
        "Total Lag": "1.2446717",
        "Create Lag": "0.916544",
        "Process Lag": "0.3281277"
      }
    ]
  },
  {
    "stopID": "50",
    "stopQueryTime": 1571259360945,
    "count": 4,
    "results": [
      {
        "Direction": "Inbound",
        "Destination": "Belgard",
        "Time": "00:01:26",
        "AVLS": "00:02:06",
        "Tram": "3011",
        "Action": "a",
        "Msg Sent": "16/10/2019 21:55:56",
        "Msg Received": "16/10/2019 21:55:56",
        "Msg Processed": "16/10/2019 21:55:56",
        "XML ID": "36217",
        "Total Lag": "0.5095073",
        "Create Lag": "0.4313762",
        "Process Lag": "0.0781311"
      },
      {
        "Direction": "Inbound",
        "Destination": "Belgard",
        "Time": "00:16:42",
        "AVLS": "00:17:22",
        "Tram": "3015",
        "Action": "a",
        "Msg Sent": "16/10/2019 21:55:56",
        "Msg Received": "16/10/2019 21:55:56",
        "Msg Processed": "16/10/2019 21:55:56",
        "XML ID": "36217",
        "Total Lag": "0.6035557",
        "Create Lag": "0.4313762",
        "Process Lag": "0.1721795"
      },
      {
        "Direction": "Outbound",
        "Destination": "Saggart",
        "Time": "00:05:07",
        "AVLS": "00:05:47",
        "Tram": "3018",
        "Action": "a",
        "Msg Sent": "16/10/2019 21:55:56",
        "Msg Received": "16/10/2019 21:55:56",
        "Msg Processed": "16/10/2019 21:55:56",
        "XML ID": "36217",
        "Total Lag": "0.6665303",
        "Create Lag": "0.4313762",
        "Process Lag": "0.2351541"
      },
      {
        "Direction": "Outbound",
        "Destination": "Saggart",
        "Time": "00:16:07",
        "AVLS": "00:16:47",
        "Tram": "3011",
        "Action": "a",
        "Msg Sent": "16/10/2019 21:55:56",
        "Msg Received": "16/10/2019 21:55:56",
        "Msg Processed": "16/10/2019 21:55:56",
        "XML ID": "36217",
        "Total Lag": "0.5251465",
        "Create Lag": "0.4313762",
        "Process Lag": "0.0937703"
      }
    ]
  },
  {
    "stopID": "39",
    "stopQueryTime": 1571259360952,
    "count": 3,
    "results": [
      {
        "Direction": "Inbound",
        "Destination": "Broombridge",
        "Time": "00:00:00",
        "AVLS": "00:00:21",
        "Tram": "5010",
        "Action": "a",
        "Msg Sent": "16/10/2019 21:55:57",
        "Msg Received": "16/10/2019 21:55:57",
        "Msg Processed": "16/10/2019 21:55:58",
        "XML ID": "36218",
        "Total Lag": "1.0415413",
        "Create Lag": "0.916544",
        "Process Lag": "0.1249973"
      },
      {
        "Direction": "Inbound",
        "Destination": "Broombridge",
        "Time": "00:15:45",
        "AVLS": "00:16:25",
        "Tram": "5003",
        "Action": "a",
        "Msg Sent": "16/10/2019 21:55:57",
        "Msg Received": "16/10/2019 21:55:57",
        "Msg Processed": "16/10/2019 21:55:57",
        "XML ID": "36218",
        "Total Lag": "0.9946704",
        "Create Lag": "0.916544",
        "Process Lag": "0.0781264"
      },
      {
        "Direction": "Outbound",
        "Destination": "Bride's Glen",
        "Time": "00:10:14",
        "AVLS": "00:10:54",
        "Tram": "5002",
        "Action": "a",
        "Msg Sent": "16/10/2019 21:55:57",
        "Msg Received": "16/10/2019 21:55:57",
        "Msg Processed": "16/10/2019 21:55:57",
        "XML ID": "36218",
        "Total Lag": "0.932168",
        "Create Lag": "0.916544",
        "Process Lag": "0.015624"
      }
    ]
  }
]