[
  {
    "stopID": "23",
    "stopQueryTime": 1571258280943,
    "count": 0,
    "results": []
  },
  {
    "stopID": "58",
    "stopQueryTime": 1571258280948,
    "count": 0,
    "results": []
  },
  {
    "stopID": "48",
    "stopQueryTime": 1571258280969,
    "count": 1,
    "results": [
      {
        "Direction": "Inbound",
        "Destination": "Broombridge",
        "Time": "00:06:24",
        "AVLS": "00:07:04",
        "Tram": "5010",
        "Action": "d",
        "Msg Sent": "16/10/2019 21:37:56",
        "Msg Received": "16/10/2019 21:37:57",
        "Msg Processed": "16/10/2019 21:37:57",
        "XML ID": "35748",
        "Total Lag": "1.2894754",
        "Create Lag": "1.0707243",
        "Process Lag": "0.2187511"
      }
    ]
  },
  {
    "stopID": "17",
    "stopQueryTime": 1571258280973,
    "count": 2,
    "results": [
      {
        "Direction": "Inbound",
        "Destination": "The Point",
        "Time": "00:08:31",
        "AVLS": "00:09:11",
        "Tram": "3002",
        "Action": "a",
        "Msg Sent": "16/10/2019 21:37:56",
        "Msg Received": "16/10/2019 21:37:56",
        "Msg Processed": "16/10/2019 21:37:56",
        "XML ID": "35747",
        "Total Lag": "0.7894775",
        "Create Lag": "0.7738528",
        "Process Lag": "0.0156247"
      },
      {
        "Direction": "Outbound",
        "Destination": "Tallaght",
        "Time": "00:09:15",
        "AVLS": "00:09:55",
        "Tram": "4009",
        "Action": "a",
        "Msg Sent": "16/10/2019 21:37:56",
        "Msg Received": "16/10/2019 21:37:56",
        "Msg Processed": "16/10/2019 21:37:57",
        "XML ID": "35747",
        "Total Lag": "1.1176023",
        "Create Lag": "0.7738528",
        "Process Lag": "0.3437495"
      }
    ]
  },
  {
    "stopID": "22",
    "stopQueryTime": 1571258280990,
    "count": 2,
    "results": [
      {
        "Direction": "Inbound",
        "Destination": "The Point",
        "Time": "00:07:06",
        "AVLS": "00:07:46",
        "Tram": "4002",
        "Action": "a",
        "Msg Sent": "16/10/2019 21:37:56",
        "Msg Received": "16/10/2019 21:37:56",
        "Msg Processed": "16/10/2019 21:37:57",
        "XML ID": "35747",
        "Total Lag": "1.0707243",
        "Create Lag": "0.7738528",
        "Process Lag": "0.2968715"
      },
      {
        "Direction": "Outbound",
        "Destination": "Tallaght",
        "Time": "00:09:56",
        "AVLS": "00:10:36",
        "Tram": "3009",
        "Action": "a",
        "Msg Sent": "16/10/2019 21:37:56",
        "Msg Received": "16/10/2019 21:37:56",
        "Msg Processed": "16/10/2019 21:37:56",
        "XML ID": "35747",
        "Total Lag": "0.8207245",
        "Create Lag": "0.7738528",
        "Process Lag": "0.0468717"
      }
    ]
  },
  {
    "stopID": "9",
    "stopQueryTime": 1571258280994,
    "count": 3,
    "results": [
      {
        "Direction": "Inbound",
        "Destination": "The Point",
        "Time": "00:12:45",
        "AVLS": "00:13:25",
        "Tram": "3025",
        "Action": "a",
        "Msg Sent": "16/10/2019 21:37:56",
        "Msg Received": "16/10/2019 21:37:56",
        "Msg Processed": "16/10/2019 21:37:57",
        "XML ID": "35747",
        "Total Lag": "1.0394756",
        "Create Lag": "0.7738528",
        "Process Lag": "0.2656228"
      },
      {
        "Direction": "Outbound",
        "Destination": "Tallaght",
        "Time": "00:01:47",
        "AVLS": "00:02:27",
        "Tram": "3014",
        "Action": "a",
        "Msg Sent": "16/10/2019 21:37:56",
        "Msg Received": "16/10/2019 21:37:56",
        "Msg Processed": "16/10/2019 21:37:56",
        "XML ID": "35747",
        "Total Lag": "0.91449",
        "Create Lag": "0.7738528",
        "Process Lag": "0.1406372"
      },
      {
        "Direction": "Outbound",
        "Destination": "Tallaght",
        "Time": "00:11:10",
        "AVLS": "00:11:50",
        "Tram": "3017",
        "Action": "a",
        "Msg Sent": "16/10/2019 21:37:56",
        "Msg Received": "16/10/2019 21:37:56",
        "Msg Processed": "16/10/2019 21:37:56",
        "XML ID": "35747",
        "Total Lag": "0.9926084",
        "Create Lag": "0.7738528",
        "Process Lag": "0.2187556"
      }
    ]
  },
  {
    "stopID": "36",
    "stopQueryTime": 1571258280997,
    "count": 2,
    "results": [
      {
        "Direction": "Inbound",
        "Destination": "Broombridge",
        "Time": "00:09:18",
        "AVLS": "00:09:58",
        "Tram": "5013",
        "Action": "a",
        "Msg Sent": "16/10/2019 21:37:56",
        "Msg Received": "16/10/2019 21:37:57",
        "Msg Processed": "16/10/2019 21:37:57",
        "XML ID": "35748",
        "Total Lag": "1.3679835",
        "Create Lag": "1.0707243",
        "Process Lag": "0.2972592"
      },
      {
        "Direction": "Outbound",
        "Destination": "Bride's Glen",
        "Time": "00:05:22",
        "AVLS": "00:06:02",
        "Tram": "5030",
        "Action": "a",
        "Msg Sent": "16/10/2019 21:37:59",
        "Msg Received": "16/10/2019 21:37:59",
        "Msg Processed": "16/10/2019 21:37:59",
        "XML ID": "35749",
        "Total Lag": "0.9001889",
        "Create Lag": "0.7586017",
        "Process Lag": "0.1415872"
      }
    ]
  },
  {
    "stopID": "15",
    "stopQueryTime": 1571258281000,
    "count": 3,
    "results": [
      {
        "Direction": "Inbound",
        "Destination": "The Point",
        "Time": "00:03:32",
        "AVLS": "00:04:12",
        "Tram": "3002",
        "Action": "a",
        "Msg Sent": "16/10/2019 21:37:56",
        "Msg Received": "16/10/2019 21:37:56",
        "Msg Processed": "16/10/2019 21:37:56",
        "XML ID": "35747",
        "Total Lag": "0.7894775",
        "Create Lag": "0.7738528",
        "Process Lag": "0.0156247"
      },
      {
        "Direction": "Outbound",
        "Destination": "Tallaght",
        "Time": "00:03:13",
        "AVLS": "00:03:53",
        "Tram": "3017",
        "Action": "a",
        "Msg Sent": "16/10/2019 21:37:56",
        "Msg Received": "16/10/2019 21:37:56",
        "Msg Processed": "16/10/2019 21:37:56",
        "XML ID": "35747",
        "Total Lag": "0.9769775",
        "Create Lag": "0.7738528",
        "Process Lag": "0.2031247"
      },
      {
        "Direction": "Outbound",
        "Destination": "Tallaght",
        "Time": "00:14:25",
        "AVLS": "00:15:05",
        "Tram": "4009",
        "Action": "a",
        "Msg Sent": "16/10/2019 21:37:56",
        "Msg Received": "16/10/2019 21:37:56",
        "Msg Processed": "16/10/2019 21:37:57",
        "XML ID": "35747",
        "Total Lag": "1.1176023",
        "Create Lag": "0.7738528",
        "Process Lag": "0.3437495"
      }
    ]
  },
  {
    "stopID": "57",
    "stopQueryTime": 1571258281004,
    "count": 2,
    "results": [
      {
        "Direction": "Outbound",
        "Destination": "Tallaght",
        "Time": "00:03:54",
        "AVLS": "00:04:34",
        "Tram": "3009",
        "Action": "d",
        "Msg Sent": "16/10/2019 21:37:56",
        "Msg Received": "16/10/2019 21:37:56",
        "Msg Processed": "16/10/2019 21:37:56",
        "XML ID": "35747",
        "Total Lag": "0.8051052",
        "Create Lag": "0.7738528",
        "Process Lag": "0.0312524"
      },
      {
        "Direction": "Outbound",
        "Destination": "Tallaght",
        "Time": "00:15:54",
        "AVLS": "00:16:34",
        "Tram": "4006",
        "Action": "d",
        "Msg Sent": "16/10/2019 21:37:56",
        "Msg Received": "16/10/2019 21:37:56",
        "Msg Processed": "16/10/2019 21:37:57",
        "XML ID": "35747",
        "Total Lag": "1.0863558",
        "Create Lag": "0.7738528",
        "Process Lag": "0.312503"
      }
    ]
  },
  {
    "stopID": "1",
    "stopQueryTime": 1571258281007,
    "count": 3,
    "results": [
      {
        "Direction": "Inbound",
        "Destination": "The Point",
        "Time": "00:08:26",
        "AVLS": "00:09:06",
        "Tram": "3012",
        "Action": "d",
        "Msg Sent": "16/10/2019 21:37:56",
        "Msg Received": "16/10/2019 21:37:56",
        "Msg Processed": "16/10/2019 21:37:56",
        "XML ID": "35747",
        "Total Lag": "0.8832241",
        "Create Lag": "0.7738528",
        "Process Lag": "0.1093713"
      },
      {
        "Direction": "Terminating",
        "Destination": "Tallaght",
        "Time": "00:04:26",
        "AVLS": "00:05:06",
        "Tram": "3012",
        "Action": "a",
        "Msg Sent": "16/10/2019 21:37:56",
        "Msg Received": "16/10/2019 21:37:56",
        "Msg Processed": "16/10/2019 21:37:56",
        "XML ID": "35747",
        "Total Lag": "0.8832241",
        "Create Lag": "0.7738528",
        "Process Lag": "0.1093713"
      },
      {
        "Direction": "Terminating",
        "Destination": "Tallaght",
        "Time": "00:10:20",
        "AVLS": "00:11:00",
        "Tram": "3016",
        "Action": "a",
        "Msg Sent": "16/10/2019 21:37:56",
        "Msg Received": "16/10/2019 21:37:56",
        "Msg Processed": "16/10/2019 21:37:56",
        "XML ID": "35747",
        "Total Lag": "0.9613465",
        "Create Lag": "0.7738528",
        "Process Lag": "0.1874937"
      }
    ]
  },
  {
    "stopID": "7",
    "stopQueryTime": 1571258281010,
    "count": 3,
    "results": [
      {
        "Direction": "Inbound",
        "Destination": "The Point",
        "Time": "00:09:05",
        "AVLS": "00:09:45",
        "Tram": "3025",
        "Action": "a",
        "Msg Sent": "16/10/2019 21:37:56",
        "Msg Received": "16/10/2019 21:37:56",
        "Msg Processed": "16/10/2019 21:37:57",
        "XML ID": "35747",
        "Total Lag": "1.0394756",
        "Create Lag": "0.7738528",
        "Process Lag": "0.2656228"
      },
      {
        "Direction": "Outbound",
        "Destination": "Tallaght",
        "Time": "00:05:36",
        "AVLS": "00:06:16",
        "Tram": "3014",
        "Action": "a",
        "Msg Sent": "16/10/2019 21:37:56",
        "Msg Received": "16/10/2019 21:37:56",
        "Msg Processed": "16/10/2019 21:37:56",
        "XML ID": "35747",
        "Total Lag": "0.91449",
        "Create Lag": "0.7738528",
        "Process Lag": "0.1406372"
      },
      {
        "Direction": "Outbound",
        "Destination": "Tallaght",
        "Time": "00:14:59",
        "AVLS": "00:15:39",
        "Tram": "3017",
        "Action": "a",
        "Msg Sent": "16/10/2019 21:37:56",
        "Msg Received": "16/10/2019 21:37:56",
        "Msg Processed": "16/10/2019 21:37:57",
        "XML ID": "35747",
        "Total Lag": "1.0082345",
        "Create Lag": "0.7738528",
        "Process Lag": "0.2343817"
      }
    ]
  },
  {
    "stopID": "10",
    "stopQueryTime": 1571258281013,
    "count": 3,
    "results": [
      {
        "Direction": "Inbound",
        "Destination": "The Point",
        "Time": "00:13:59",
        "AVLS": "00:14:39",
        "Tram": "3025",
        "Action": "a",
        "Msg Sent": "16/10/2019 21:37:56",
        "Msg Received": "16/10/2019 21:37:56",
        "Msg Processed": "16/10/2019 21:37:57",
        "XML ID": "35747",
        "Total Lag": "1.0394756",
        "Create Lag": "0.7738528",
        "Process Lag": "0.2656228"
      },
      {
        "Direction": "Outbound",
        "Destination": "Tallaght",
        "Time": "00:00:31",
        "AVLS": "00:01:11",
        "Tram": "3014",
        "Action": "a",
        "Msg Sent": "16/10/2019 21:37:56",
        "Msg Received": "16/10/2019 21:37:56",
        "Msg Processed": "16/10/2019 21:37:56",
        "XML ID": "35747",
        "Total Lag": "0.8988601",
        "Create Lag": "0.7738528",
        "Process Lag": "0.1250073"
      },
      {
        "Direction": "Outbound",
        "Destination": "Tallaght",
        "Time": "00:09:54",
        "AVLS": "00:10:34",
        "Tram": "3017",
        "Action": "a",
        "Msg Sent": "16/10/2019 21:37:56",
        "Msg Received": "16/10/2019 21:37:56",
        "Msg Processed": "16/10/2019 21:37:56",
        "XML ID": "35747",
        "Total Lag": "0.9926084",
        "Create Lag": "0.7738528",
        "Process Lag": "0.2187556"
      }
    ]
  },
  {
    "stopID": "18",
    "stopQueryTime": 1571258281016,
    "count": 3,
    "results": [
      {
        "Direction": "Inbound",
        "Destination": "The Point",
        "Time": "00:10:47",
        "AVLS": "00:11:27",
        "Tram": "3002",
        "Action": "a",
        "Msg Sent": "16/10/2019 21:37:56",
        "Msg Received": "16/10/2019 21:37:56",
        "Msg Processed": "16/10/2019 21:37:56",
        "XML ID": "35747",
        "Total Lag": "0.7894775",
        "Create Lag": "0.7738528",
        "Process Lag": "0.0156247"
      },
      {
        "Direction": "Outbound",
        "Destination": "Tallaght",
        "Time": "00:07:02",
        "AVLS": "00:07:42",
        "Tram": "4009",
        "Action": "a",
        "Msg Sent": "16/10/2019 21:37:56",
        "Msg Received": "16/10/2019 21:37:56",
        "Msg Processed": "16/10/2019 21:37:57",
        "XML ID": "35747",
        "Total Lag": "1.1176023",
        "Create Lag": "0.7738528",
        "Process Lag": "0.3437495"
      },
      {
        "Direction": "Outbound",
        "Destination": "Tallaght",
        "Time": "00:19:12",
        "AVLS": "00:19:52",
        "Tram": "3009",
        "Action": "a",
        "Msg Sent": "16/10/2019 21:37:56",
        "Msg Received": "16/10/2019 21:37:56",
        "Msg Processed": "16/10/2019 21:37:56",
        "XML ID": "35747",
        "Total Lag": "0.8363552",
        "Create Lag": "0.7738528",
        "Process Lag": "0.0625024"
      }
    ]
  },
  {
    "stopID": "38",
    "stopQueryTime": 1571258281023,
    "count": 3,
    "results": [
      {
        "Direction": "Inbound",
        "Destination": "Broombridge",
        "Time": "00:05:24",
        "AVLS": "00:06:04",
        "Tram": "5013",
        "Action": "a",
        "Msg Sent": "16/10/2019 21:37:56",
        "Msg Received": "16/10/2019 21:37:57",
        "Msg Processed": "16/10/2019 21:37:57",
        "XML ID": "35748",
        "Total Lag": "1.3519714",
        "Create Lag": "1.0707243",
        "Process Lag": "0.2812471"
      },
      {
        "Direction": "Outbound",
        "Destination": "Bride's Glen",
        "Time": "00:00:48",
        "AVLS": "00:01:28",
        "Tram": "5003",
        "Action": "a",
        "Msg Sent": "16/10/2019 21:37:59",
        "Msg Received": "16/10/2019 21:37:59",
        "Msg Processed": "16/10/2019 21:37:59",
        "XML ID": "35749",
        "Total Lag": "0.9470778",
        "Create Lag": "0.7586017",
        "Process Lag": "0.1884761"
      },
      {
        "Direction": "Outbound",
        "Destination": "Bride's Glen",
        "Time": "00:09:23",
        "AVLS": "00:10:03",
        "Tram": "5030",
        "Action": "a",
        "Msg Sent": "16/10/2019 21:37:59",
        "Msg Received": "16/10/2019 21:37:59",
        "Msg Processed": "16/10/2019 21:37:59",
        "XML ID": "35749",
        "Total Lag": "0.9158477",
        "Create Lag": "0.7586017",
        "Process Lag": "0.157246"
      }
    ]
  },
  {
    "stopID": "11",
    "stopQueryTime": 1571258281025,
    "count": 3,
    "results": [
      {
        "Direction": "Inbound",
        "Destination": "The Point",
        "Time": "00:14:54",
        "AVLS": "00:15:34",
        "Tram": "3025",
        "Action": "a",
        "Msg Sent": "16/10/2019 21:37:56",
        "Msg Received": "16/10/2019 21:37:56",
        "Msg Processed": "16/10/2019 21:37:57",
        "XML ID": "35747",
        "Total Lag": "1.0394756",
        "Create Lag": "0.7738528",
        "Process Lag": "0.2656228"
      },
      {
        "Direction": "Outbound",
        "Destination": "Tallaght",
        "Time": "00:00:00",
        "AVLS": "00:00:15",
        "Tram": "3014",
        "Action": "a",
        "Msg Sent": "16/10/2019 21:37:56",
        "Msg Received": "16/10/2019 21:37:56",
        "Msg Processed": "16/10/2019 21:37:56",
        "XML ID": "35747",
        "Total Lag": "0.8988601",
        "Create Lag": "0.7738528",
        "Process Lag": "0.1250073"
      },
      {
        "Direction": "Outbound",
        "Destination": "Tallaght",
        "Time": "00:08:58",
        "AVLS": "00:09:38",
        "Tram": "3017",
        "Action": "a",
        "Msg Sent": "16/10/2019 21:37:56",
        "Msg Received": "16/10/2019 21:37:56",
        "Msg Processed": "16/10/2019 21:37:56",
        "XML ID": "35747",
        "Total Lag": "0.9926084",
        "Create Lag": "0.7738528",
        "Process Lag": "0.2187556"
      }
    ]
  },
  {
    "stopID": "8",
    "stopQueryTime": 1571258281028,
    "count": 3,
    "results": [
      {
        "Direction": "Inbound",
        "Destination": "The Point",
        "Time": "00:10:36",
        "AVLS": "00:11:16",
        "Tram": "3025",
        "Action": "a",
        "Msg Sent": "16/10/2019 21:37:56",
        "Msg Received": "16/10/2019 21:37:56",
        "Msg Processed": "16/10/2019 21:37:57",
        "XML ID": "35747",
        "Total Lag": "1.0394756",
        "Create Lag": "0.7738528",
        "Process Lag": "0.2656228"
      },
      {
        "Direction": "Outbound",
        "Destination": "Tallaght",
        "Time": "00:04:02",
        "AVLS": "00:04:42",
        "Tram": "3014",
        "Action": "a",
        "Msg Sent": "16/10/2019 21:37:56",
        "Msg Received": "16/10/2019 21:37:56",
        "Msg Processed": "16/10/2019 21:37:56",
        "XML ID": "35747",
        "Total Lag": "0.91449",
        "Create Lag": "0.7738528",
        "Process Lag": "0.1406372"
      },
      {
        "Direction": "Outbound",
        "Destination": "Tallaght",
        "Time": "00:13:25",
        "AVLS": "00:14:05",
        "Tram": "3017",
        "Action": "a",
        "Msg Sent": "16/10/2019 21:37:56",
        "Msg Received": "16/10/2019 21:37:56",
        "Msg Processed": "16/10/2019 21:37:56",
        "XML ID": "35747",
        "Total Lag": "0.9926084",
        "Create Lag": "0.7738528",
        "Process Lag": "0.2187556"
      }
    ]
  },
  {
    "stopID": "54",
    "stopQueryTime": 1571258281030,
    "count": 3,
    "results": [
      {
        "Direction": "Inbound",
        "Destination": "The Point",
        "Time": "00:00:00",
        "AVLS": "00:00:00",
        "Tram": "4006",
        "Action": "a",
        "Msg Sent": "16/10/2019 21:37:46",
        "Msg Received": "16/10/2019 21:37:46",
        "Msg Processed": "16/10/2019 21:37:46",
        "XML ID": "35742",
        "Total Lag": "0.6160424",
        "Create Lag": "0.5379173",
        "Process Lag": "0.0781251"
      },
      {
        "Direction": "Inbound",
        "Destination": "The Point",
        "Time": "00:09:00",
        "AVLS": "00:09:40",
        "Tram": "4002",
        "Action": "a",
        "Msg Sent": "16/10/2019 21:37:56",
        "Msg Received": "16/10/2019 21:37:56",
        "Msg Processed": "16/10/2019 21:37:57",
        "XML ID": "35747",
        "Total Lag": "1.0707243",
        "Create Lag": "0.7738528",
        "Process Lag": "0.2968715"
      },
      {
        "Direction": "Outbound",
        "Destination": "Tallaght",
        "Time": "00:08:00",
        "AVLS": "00:08:40",
        "Tram": "3009",
        "Action": "a",
        "Msg Sent": "16/10/2019 21:37:56",
        "Msg Received": "16/10/2019 21:37:56",
        "Msg Processed": "16/10/2019 21:37:56",
        "XML ID": "35747",
        "Total Lag": "0.8207245",
        "Create Lag": "0.7738528",
        "Process Lag": "0.0468717"
      }
    ]
  },
  {
    "stopID": "52",
    "stopQueryTime": 1571258281032,
    "count": 3,
    "results": [
      {
        "Direction": "Inbound",
        "Destination": "Belgard",
        "Time": "00:01:09",
        "AVLS": "00:01:49",
        "Tram": "3018",
        "Action": "a",
        "Msg Sent": "16/10/2019 21:37:56",
        "Msg Received": "16/10/2019 21:37:56",
        "Msg Processed": "16/10/2019 21:37:57",
        "XML ID": "35747",
        "Total Lag": "1.0082345",
        "Create Lag": "0.7738528",
        "Process Lag": "0.2343817"
      },
      {
        "Direction": "Outbound",
        "Destination": "Saggart",
        "Time": "00:07:37",
        "AVLS": "00:08:17",
        "Tram": "3011",
        "Action": "a",
        "Msg Sent": "16/10/2019 21:37:56",
        "Msg Received": "16/10/2019 21:37:56",
        "Msg Processed": "16/10/2019 21:37:56",
        "XML ID": "35747",
        "Total Lag": "0.8519809",
        "Create Lag": "0.7738528",
        "Process Lag": "0.0781281"
      },
      {
        "Direction": "Outbound",
        "Destination": "Saggart",
        "Time": "00:17:11",
        "AVLS": "00:17:51",
        "Tram": "3015",
        "Action": "a",
        "Msg Sent": "16/10/2019 21:37:56",
        "Msg Received": "16/10/2019 21:37:56",
        "Msg Processed": "16/10/2019 21:37:56",
        "XML ID": "35747",
        "Total Lag": "0.9457319",
        "Create Lag": "0.7738528",
        "Process Lag": "0.1718791"
      }
    ]
  },
  {
    "stopID": "47",
    "stopQueryTime": 1571258281034,
    "count": 3,
    "results": [
      {
        "Direction": "Inbound",
        "Destination": "Broombridge",
        "Time": "00:07:32",
        "AVLS": "00:08:12",
        "Tram": "5010",
        "Action": "a",
        "Msg Sent": "16/10/2019 21:37:56",
        "Msg Received": "16/10/2019 21:37:57",
        "Msg Processed": "16/10/2019 21:37:57",
        "XML ID": "35748",
        "Total Lag": "1.2894754",
        "Create Lag": "1.0707243",
        "Process Lag": "0.2187511"
      },
      {
        "Direction": "Outbound",
        "Destination": "Bride's Glen",
        "Time": "00:01:05",
        "AVLS": "00:01:45",
        "Tram": "5010",
        "Action": "a",
        "Msg Sent": "16/10/2019 21:37:56",
        "Msg Received": "16/10/2019 21:37:57",
        "Msg Processed": "16/10/2019 21:37:57",
        "XML ID": "35748",
        "Total Lag": "1.2894754",
        "Create Lag": "1.0707243",
        "Process Lag": "0.2187511"
      },
      {
        "Direction": "Outbound",
        "Destination": "Bride's Glen",
        "Time": "00:13:35",
        "AVLS": "00:14:15",
        "Tram": "5003",
        "Action": "a",
        "Msg Sent": "16/10/2019 21:37:59",
        "Msg Received": "16/10/2019 21:37:59",
        "Msg Processed": "16/10/2019 21:37:59",
        "XML ID": "35749",
        "Total Lag": "0.9627118",
        "Create Lag": "0.7586017",
        "Process Lag": "0.2041101"
      }
    ]
  },
  {
    "stopID": "51",
    "stopQueryTime": 1571258281038,
    "count": 3,
    "results": [
      {
        "Direction": "Inbound",
        "Destination": "Belgard",
        "Time": "00:02:25",
        "AVLS": "00:03:05",
        "Tram": "3018",
        "Action": "a",
        "Msg Sent": "16/10/2019 21:37:56",
        "Msg Received": "16/10/2019 21:37:56",
        "Msg Processed": "16/10/2019 21:37:57",
        "XML ID": "35747",
        "Total Lag": "1.0082345",
        "Create Lag": "0.7738528",
        "Process Lag": "0.2343817"
      },
      {
        "Direction": "Outbound",
        "Destination": "Saggart",
        "Time": "00:06:20",
        "AVLS": "00:07:00",
        "Tram": "3011",
        "Action": "a",
        "Msg Sent": "16/10/2019 21:37:56",
        "Msg Received": "16/10/2019 21:37:56",
        "Msg Processed": "16/10/2019 21:37:56",
        "XML ID": "35747",
        "Total Lag": "0.8519809",
        "Create Lag": "0.7738528",
        "Process Lag": "0.0781281"
      },
      {
        "Direction": "Outbound",
        "Destination": "Saggart",
        "Time": "00:15:54",
        "AVLS": "00:16:34",
        "Tram": "3015",
        "Action": "a",
        "Msg Sent": "16/10/2019 21:37:56",
        "Msg Received": "16/10/2019 21:37:56",
        "Msg Processed": "16/10/2019 21:37:56",
        "XML ID": "35747",
        "Total Lag": "0.9457319",
        "Create Lag": "0.7738528",
        "Process Lag": "0.1718791"
      }
    ]
  },
  {
    "stopID": "37",
    "stopQueryTime": 1571258281040,
    "count": 3,
    "results": [
      {
        "Direction": "Inbound",
        "Destination": "Broombridge",
        "Time": "00:06:54",
        "AVLS": "00:07:34",
        "Tram": "5013",
        "Action": "a",
        "Msg Sent": "16/10/2019 21:37:56",
        "Msg Received": "16/10/2019 21:37:57",
        "Msg Processed": "16/10/2019 21:37:57",
        "XML ID": "35748",
        "Total Lag": "1.3679835",
        "Create Lag": "1.0707243",
        "Process Lag": "0.2972592"
      },
      {
        "Direction": "Outbound",
        "Destination": "Bride's Glen",
        "Time": "00:00:00",
        "AVLS": "00:00:00",
        "Tram": "5003",
        "Action": "a",
        "Msg Sent": "16/10/2019 21:37:59",
        "Msg Received": "16/10/2019 21:37:59",
        "Msg Processed": "16/10/2019 21:37:59",
        "XML ID": "35749",
        "Total Lag": "0.9314735",
        "Create Lag": "0.7586017",
        "Process Lag": "0.1728718"
      },
      {
        "Direction": "Outbound",
        "Destination": "Bride's Glen",
        "Time": "00:07:55",
        "AVLS": "00:08:35",
        "Tram": "5030",
        "Action": "a",
        "Msg Sent": "16/10/2019 21:37:59",
        "Msg Received": "16/10/2019 21:37:59",
        "Msg Processed": "16/10/2019 21:37:59",
        "XML ID": "35749",
        "Total Lag": "0.9158477",
        "Create Lag": "0.7586017",
        "Process Lag": "0.157246"
      }
    ]
  },
  {
    "stopID": "43",
    "stopQueryTime": 1571258281042,
    "count": 3,
    "results": [
      {
        "Direction": "Inbound",
        "Destination": "Broombridge",
        "Time": "00:13:28",
        "AVLS": "00:14:08",
        "Tram": "5010",
        "Action": "a",
        "Msg Sent": "16/10/2019 21:37:56",
        "Msg Received": "16/10/2019 21:37:57",
        "Msg Processed": "16/10/2019 21:37:57",
        "XML ID": "35748",
        "Total Lag": "1.3051107",
        "Create Lag": "1.0707243",
        "Process Lag": "0.2343864"
      },
      {
        "Direction": "Outbound",
        "Destination": "Bride's Glen",
        "Time": "00:07:42",
        "AVLS": "00:08:22",
        "Tram": "5003",
        "Action": "a",
        "Msg Sent": "16/10/2019 21:37:59",
        "Msg Received": "16/10/2019 21:37:59",
        "Msg Processed": "16/10/2019 21:37:59",
        "XML ID": "35749",
        "Total Lag": "0.9470778",
        "Create Lag": "0.7586017",
        "Process Lag": "0.1884761"
      },
      {
        "Direction": "Outbound",
        "Destination": "Bride's Glen",
        "Time": "00:16:17",
        "AVLS": "00:16:57",
        "Tram": "5030",
        "Action": "a",
        "Msg Sent": "16/10/2019 21:37:59",
        "Msg Received": "16/10/2019 21:37:59",
        "Msg Processed": "16/10/2019 21:37:59",
        "XML ID": "35749",
        "Total Lag": "0.9314735",
        "Create Lag": "0.7586017",
        "Process Lag": "0.1728718"
      }
    ]
  },
  {
    "stopID": "49",
    "stopQueryTime": 1571258281044,
    "count": 3,
    "results": [
      {
        "Direction": "Inbound",
        "Destination": "Belgard",
        "Time": "00:06:00",
        "AVLS": "00:06:40",
        "Tram": "3018",
        "Action": "a",
        "Msg Sent": "16/10/2019 21:37:56",
        "Msg Received": "16/10/2019 21:37:56",
        "Msg Processed": "16/10/2019 21:37:57",
        "XML ID": "35747",
        "Total Lag": "1.0238665",
        "Create Lag": "0.7738528",
        "Process Lag": "0.2500137"
      },
      {
        "Direction": "Outbound",
        "Destination": "Saggart",
        "Time": "00:02:47",
        "AVLS": "00:03:27",
        "Tram": "3011",
        "Action": "a",
        "Msg Sent": "16/10/2019 21:37:56",
        "Msg Received": "16/10/2019 21:37:56",
        "Msg Processed": "16/10/2019 21:37:56",
        "XML ID": "35747",
        "Total Lag": "0.8519809",
        "Create Lag": "0.7738528",
        "Process Lag": "0.0781281"
      },
      {
        "Direction": "Outbound",
        "Destination": "Saggart",
        "Time": "00:12:21",
        "AVLS": "00:13:01",
        "Tram": "3015",
        "Action": "a",
        "Msg Sent": "16/10/2019 21:37:56",
        "Msg Received": "16/10/2019 21:37:56",
        "Msg Processed": "16/10/2019 21:37:56",
        "XML ID": "35747",
        "Total Lag": "0.9457319",
        "Create Lag": "0.7738528",
        "Process Lag": "0.1718791"
      }
    ]
  },
  {
    "stopID": "44",
    "stopQueryTime": 1571258281047,
    "count": 3,
    "results": [
      {
        "Direction": "Inbound",
        "Destination": "Broombridge",
        "Time": "00:12:24",
        "AVLS": "00:13:04",
        "Tram": "5010",
        "Action": "a",
        "Msg Sent": "16/10/2019 21:37:56",
        "Msg Received": "16/10/2019 21:37:57",
        "Msg Processed": "16/10/2019 21:37:57",
        "XML ID": "35748",
        "Total Lag": "1.3051107",
        "Create Lag": "1.0707243",
        "Process Lag": "0.2343864"
      },
      {
        "Direction": "Outbound",
        "Destination": "Bride's Glen",
        "Time": "00:08:47",
        "AVLS": "00:09:27",
        "Tram": "5003",
        "Action": "a",
        "Msg Sent": "16/10/2019 21:37:59",
        "Msg Received": "16/10/2019 21:37:59",
        "Msg Processed": "16/10/2019 21:37:59",
        "XML ID": "35749",
        "Total Lag": "0.9627118",
        "Create Lag": "0.7586017",
        "Process Lag": "0.2041101"
      },
      {
        "Direction": "Outbound",
        "Destination": "Bride's Glen",
        "Time": "00:17:22",
        "AVLS": "00:18:02",
        "Tram": "5030",
        "Action": "a",
        "Msg Sent": "16/10/2019 21:37:59",
        "Msg Received": "16/10/2019 21:37:59",
        "Msg Processed": "16/10/2019 21:37:59",
        "XML ID": "35749",
        "Total Lag": "0.9314735",
        "Create Lag": "0.7586017",
        "Process Lag": "0.1728718"
      }
    ]
  },
  {
    "stopID": "53",
    "stopQueryTime": 1571258281049,
    "count": 3,
    "results": [
      {
        "Direction": "Inbound",
        "Destination": "Belgard",
        "Time": "00:13:50",
        "AVLS": "00:14:30",
        "Tram": "3011",
        "Action": "d",
        "Msg Sent": "16/10/2019 21:37:56",
        "Msg Received": "16/10/2019 21:37:56",
        "Msg Processed": "16/10/2019 21:37:56",
        "XML ID": "35747",
        "Total Lag": "0.8676016",
        "Create Lag": "0.7738528",
        "Process Lag": "0.0937488"
      },
      {
        "Direction": "Terminating",
        "Destination": "Saggart",
        "Time": "00:00:00",
        "AVLS": "00:00:03",
        "Tram": "4011",
        "Action": "a",
        "Msg Sent": "16/10/2019 21:37:56",
        "Msg Received": "16/10/2019 21:37:57",
        "Msg Processed": "16/10/2019 21:37:57",
        "XML ID": "35748",
        "Total Lag": "1.133226",
        "Create Lag": "1.0707243",
        "Process Lag": "0.0625017"
      },
      {
        "Direction": "Terminating",
        "Destination": "Saggart",
        "Time": "00:09:50",
        "AVLS": "00:10:30",
        "Tram": "3011",
        "Action": "a",
        "Msg Sent": "16/10/2019 21:37:56",
        "Msg Received": "16/10/2019 21:37:56",
        "Msg Processed": "16/10/2019 21:37:56",
        "XML ID": "35747",
        "Total Lag": "0.8676016",
        "Create Lag": "0.7738528",
        "Process Lag": "0.0937488"
      }
    ]
  },
  {
    "stopID": "16",
    "stopQueryTime": 1571258281051,
    "count": 3,
    "results": [
      {
        "Direction": "Inbound",
        "Destination": "The Point",
        "Time": "00:06:07",
        "AVLS": "00:06:47",
        "Tram": "3002",
        "Action": "a",
        "Msg Sent": "16/10/2019 21:37:56",
        "Msg Received": "16/10/2019 21:37:56",
        "Msg Processed": "16/10/2019 21:37:56",
        "XML ID": "35747",
        "Total Lag": "0.7894775",
        "Create Lag": "0.7738528",
        "Process Lag": "0.0156247"
      },
      {
        "Direction": "Outbound",
        "Destination": "Tallaght",
        "Time": "00:00:02",
        "AVLS": "00:00:42",
        "Tram": "3017",
        "Action": "a",
        "Msg Sent": "16/10/2019 21:37:56",
        "Msg Received": "16/10/2019 21:37:56",
        "Msg Processed": "16/10/2019 21:37:56",
        "XML ID": "35747",
        "Total Lag": "0.9769775",
        "Create Lag": "0.7738528",
        "Process Lag": "0.2031247"
      },
      {
        "Direction": "Outbound",
        "Destination": "Tallaght",
        "Time": "00:11:14",
        "AVLS": "00:11:54",
        "Tram": "4009",
        "Action": "a",
        "Msg Sent": "16/10/2019 21:37:56",
        "Msg Received": "16/10/2019 21:37:56",
        "Msg Processed": "16/10/2019 21:37:57",
        "XML ID": "35747",
        "Total Lag": "1.1176023",
        "Create Lag": "0.7738528",
        "Process Lag": "0.3437495"
      }
    ]
  },
  {
    "stopID": "45",
    "stopQueryTime": 1571258281054,
    "count": 3,
    "results": [
      {
        "Direction": "Inbound",
        "Destination": "Broombridge",
        "Time": "00:10:55",
        "AVLS": "00:11:35",
        "Tram": "5010",
        "Action": "a",
        "Msg Sent": "16/10/2019 21:37:56",
        "Msg Received": "16/10/2019 21:37:57",
        "Msg Processed": "16/10/2019 21:37:57",
        "XML ID": "35748",
        "Total Lag": "1.3051107",
        "Create Lag": "1.0707243",
        "Process Lag": "0.2343864"
      },
      {
        "Direction": "Outbound",
        "Destination": "Bride's Glen",
        "Time": "00:10:15",
        "AVLS": "00:10:55",
        "Tram": "5003",
        "Action": "a",
        "Msg Sent": "16/10/2019 21:37:59",
        "Msg Received": "16/10/2019 21:37:59",
        "Msg Processed": "16/10/2019 21:37:59",
        "XML ID": "35749",
        "Total Lag": "0.9627118",
        "Create Lag": "0.7586017",
        "Process Lag": "0.2041101"
      },
      {
        "Direction": "Outbound",
        "Destination": "Bride's Glen",
        "Time": "00:18:50",
        "AVLS": "00:19:30",
        "Tram": "5030",
        "Action": "a",
        "Msg Sent": "16/10/2019 21:37:59",
        "Msg Received": "16/10/2019 21:37:59",
        "Msg Processed": "16/10/2019 21:37:59",
        "XML ID": "35749",
        "Total Lag": "0.9314735",
        "Create Lag": "0.7586017",
        "Process Lag": "0.1728718"
      }
    ]
  },
  {
    "stopID": "20",
    "stopQueryTime": 1571258281063,
    "count": 4,
    "results": [
      {
        "Direction": "Inbound",
        "Destination": "The Point",
        "Time": "00:01:16",
        "AVLS": "00:01:56",
        "Tram": "4002",
        "Action": "a",
        "Msg Sent": "16/10/2019 21:37:56",
        "Msg Received": "16/10/2019 21:37:56",
        "Msg Processed": "16/10/2019 21:37:57",
        "XML ID": "35747",
        "Total Lag": "1.0707243",
        "Create Lag": "0.7738528",
        "Process Lag": "0.2968715"
      },
      {
        "Direction": "Inbound",
        "Destination": "The Point",
        "Time": "00:14:21",
        "AVLS": "00:15:01",
        "Tram": "3002",
        "Action": "a",
        "Msg Sent": "16/10/2019 21:37:56",
        "Msg Received": "16/10/2019 21:37:56",
        "Msg Processed": "16/10/2019 21:37:56",
        "XML ID": "35747",
        "Total Lag": "0.8051052",
        "Create Lag": "0.7738528",
        "Process Lag": "0.0312524"
      },
      {
        "Direction": "Outbound",
        "Destination": "Tallaght",
        "Time": "00:03:41",
        "AVLS": "00:04:21",
        "Tram": "4009",
        "Action": "a",
        "Msg Sent": "16/10/2019 21:37:56",
        "Msg Received": "16/10/2019 21:37:56",
        "Msg Processed": "16/10/2019 21:37:57",
        "XML ID": "35747",
        "Total Lag": "1.1019741",
        "Create Lag": "0.7738528",
        "Process Lag": "0.3281213"
      },
      {
        "Direction": "Outbound",
        "Destination": "Tallaght",
        "Time": "00:15:51",
        "AVLS": "00:16:31",
        "Tram": "3009",
        "Action": "a",
        "Msg Sent": "16/10/2019 21:37:56",
        "Msg Received": "16/10/2019 21:37:56",
        "Msg Processed": "16/10/2019 21:37:56",
        "XML ID": "35747",
        "Total Lag": "0.8363552",
        "Create Lag": "0.7738528",
        "Process Lag": "0.0625024"
      }
    ]
  },
  {
    "stopID": "13",
    "stopQueryTime": 1571258281065,
    "count": 4,
    "results": [
      {
        "Direction": "Inbound",
        "Destination": "The Point",
        "Time": "00:00:52",
        "AVLS": "00:01:32",
        "Tram": "3002",
        "Action": "a",
        "Msg Sent": "16/10/2019 21:37:56",
        "Msg Received": "16/10/2019 21:37:56",
        "Msg Processed": "16/10/2019 21:37:56",
        "XML ID": "35747",
        "Total Lag": "0.7738528",
        "Create Lag": "0.7738528",
        "Process Lag": "0"
      },
      {
        "Direction": "Inbound",
        "Destination": "The Point",
        "Time": "00:17:34",
        "AVLS": "00:18:14",
        "Tram": "3025",
        "Action": "a",
        "Msg Sent": "16/10/2019 21:37:56",
        "Msg Received": "16/10/2019 21:37:56",
        "Msg Processed": "16/10/2019 21:37:57",
        "XML ID": "35747",
        "Total Lag": "1.0551004",
        "Create Lag": "0.7738528",
        "Process Lag": "0.2812476"
      },
      {
        "Direction": "Outbound",
        "Destination": "Tallaght",
        "Time": "00:06:12",
        "AVLS": "00:06:52",
        "Tram": "3017",
        "Action": "a",
        "Msg Sent": "16/10/2019 21:37:56",
        "Msg Received": "16/10/2019 21:37:56",
        "Msg Processed": "16/10/2019 21:37:56",
        "XML ID": "35747",
        "Total Lag": "0.9769775",
        "Create Lag": "0.7738528",
        "Process Lag": "0.2031247"
      },
      {
        "Direction": "Outbound",
        "Destination": "Tallaght",
        "Time": "00:17:24",
        "AVLS": "00:18:04",
        "Tram": "4009",
        "Action": "a",
        "Msg Sent": "16/10/2019 21:37:56",
        "Msg Received": "16/10/2019 21:37:57",
        "Msg Processed": "16/10/2019 21:37:57",
        "XML ID": "35748",
        "Total Lag": "1.133226",
        "Create Lag": "1.0707243",
        "Process Lag": "0.0625017"
      }
    ]
  },
  {
    "stopID": "30",
    "stopQueryTime": 1571258281068,
    "count": 4,
    "results": [
      {
        "Direction": "Inbound",
        "Destination": "Broombridge",
        "Time": "00:04:09",
        "AVLS": "00:04:49",
        "Tram": "5008",
        "Action": "a",
        "Msg Sent": "16/10/2019 21:37:56",
        "Msg Received": "16/10/2019 21:37:57",
        "Msg Processed": "16/10/2019 21:37:57",
        "XML ID": "35748",
        "Total Lag": "1.2582307",
        "Create Lag": "1.0707243",
        "Process Lag": "0.1875064"
      },
      {
        "Direction": "Outbound",
        "Destination": "Sandyford",
        "Time": "00:03:59",
        "AVLS": "00:04:39",
        "Tram": "5006",
        "Action": "a",
        "Msg Sent": "16/10/2019 21:37:56",
        "Msg Received": "16/10/2019 21:37:57",
        "Msg Processed": "16/10/2019 21:37:57",
        "XML ID": "35748",
        "Total Lag": "1.2269763",
        "Create Lag": "1.0707243",
        "Process Lag": "0.156252"
      },
      {
        "Direction": "Outbound",
        "Destination": "Sandyford",
        "Time": "00:07:02",
        "AVLS": "00:07:42",
        "Tram": "5027",
        "Action": "a",
        "Msg Sent": "16/10/2019 21:37:59",
        "Msg Received": "16/10/2019 21:37:59",
        "Msg Processed": "16/10/2019 21:37:59",
        "XML ID": "35749",
        "Total Lag": "0.8055",
        "Create Lag": "0.7586017",
        "Process Lag": "0.0468983"
      },
      {
        "Direction": "Outbound",
        "Destination": "Bride's Glen",
        "Time": "00:12:43",
        "AVLS": "00:13:23",
        "Tram": "5002",
        "Action": "a",
        "Msg Sent": "16/10/2019 21:37:56",
        "Msg Received": "16/10/2019 21:37:57",
        "Msg Processed": "16/10/2019 21:37:57",
        "XML ID": "35748",
        "Total Lag": "1.1644866",
        "Create Lag": "1.0707243",
        "Process Lag": "0.0937623"
      }
    ]
  },
  {
    "stopID": "50",
    "stopQueryTime": 1571258281071,
    "count": 3,
    "results": [
      {
        "Direction": "Inbound",
        "Destination": "Belgard",
        "Time": "00:04:12",
        "AVLS": "00:04:52",
        "Tram": "3018",
        "Action": "a",
        "Msg Sent": "16/10/2019 21:37:56",
        "Msg Received": "16/10/2019 21:37:56",
        "Msg Processed": "16/10/2019 21:37:57",
        "XML ID": "35747",
        "Total Lag": "1.0082345",
        "Create Lag": "0.7738528",
        "Process Lag": "0.2343817"
      },
      {
        "Direction": "Outbound",
        "Destination": "Saggart",
        "Time": "00:04:33",
        "AVLS": "00:05:13",
        "Tram": "3011",
        "Action": "a",
        "Msg Sent": "16/10/2019 21:37:56",
        "Msg Received": "16/10/2019 21:37:56",
        "Msg Processed": "16/10/2019 21:37:56",
        "XML ID": "35747",
        "Total Lag": "0.8519809",
        "Create Lag": "0.7738528",
        "Process Lag": "0.0781281"
      },
      {
        "Direction": "Outbound",
        "Destination": "Saggart",
        "Time": "00:14:07",
        "AVLS": "00:14:47",
        "Tram": "3015",
        "Action": "a",
        "Msg Sent": "16/10/2019 21:37:56",
        "Msg Received": "16/10/2019 21:37:56",
        "Msg Processed": "16/10/2019 21:37:56",
        "XML ID": "35747",
        "Total Lag": "0.9457319",
        "Create Lag": "0.7738528",
        "Process Lag": "0.1718791"
      }
    ]
  },
  {
    "stopID": "14",
    "stopQueryTime": 1571258281073,
    "count": 4,
    "results": [
      {
        "Direction": "Inbound",
        "Destination": "The Point",
        "Time": "00:01:48",
        "AVLS": "00:02:28",
        "Tram": "3002",
        "Action": "a",
        "Msg Sent": "16/10/2019 21:37:56",
        "Msg Received": "16/10/2019 21:37:56",
        "Msg Processed": "16/10/2019 21:37:56",
        "XML ID": "35747",
        "Total Lag": "0.7738528",
        "Create Lag": "0.7738528",
        "Process Lag": "0"
      },
      {
        "Direction": "Inbound",
        "Destination": "The Point",
        "Time": "00:18:30",
        "AVLS": "00:19:10",
        "Tram": "3025",
        "Action": "a",
        "Msg Sent": "16/10/2019 21:37:56",
        "Msg Received": "16/10/2019 21:37:56",
        "Msg Processed": "16/10/2019 21:37:57",
        "XML ID": "35747",
        "Total Lag": "1.0551004",
        "Create Lag": "0.7738528",
        "Process Lag": "0.2812476"
      },
      {
        "Direction": "Outbound",
        "Destination": "Tallaght",
        "Time": "00:05:12",
        "AVLS": "00:05:52",
        "Tram": "3017",
        "Action": "a",
        "Msg Sent": "16/10/2019 21:37:56",
        "Msg Received": "16/10/2019 21:37:56",
        "Msg Processed": "16/10/2019 21:37:56",
        "XML ID": "35747",
        "Total Lag": "0.9769775",
        "Create Lag": "0.7738528",
        "Process Lag": "0.2031247"
      },
      {
        "Direction": "Outbound",
        "Destination": "Tallaght",
        "Time": "00:16:24",
        "AVLS": "00:17:04",
        "Tram": "4009",
        "Action": "a",
        "Msg Sent": "16/10/2019 21:37:56",
        "Msg Received": "16/10/2019 21:37:56",
        "Msg Processed": "16/10/2019 21:37:57",
        "XML ID": "35747",
        "Total Lag": "1.1176023",
        "Create Lag": "0.7738528",
        "Process Lag": "0.3437495"
      }
    ]
  },
  {
    "stopID": "12",
    "stopQueryTime": 1571258281083,
    "count": 4,
    "results": [
      {
        "Direction": "Inbound",
        "Destination": "The Point",
        "Time": "00:00:00",
        "AVLS": "00:00:00",
        "Tram": "3002",
        "Action": "a",
        "Msg Sent": "16/10/2019 21:37:53",
        "Msg Received": "16/10/2019 21:37:52",
        "Msg Processed": "16/10/2019 21:37:52",
        "XML ID": "35746",
        "Total Lag": "-0.0230194",
        "Create Lag": "-0.0230194",
        "Process Lag": "0"
      },
      {
        "Direction": "Inbound",
        "Destination": "The Point",
        "Time": "00:15:56",
        "AVLS": "00:16:36",
        "Tram": "3025",
        "Action": "a",
        "Msg Sent": "16/10/2019 21:37:56",
        "Msg Received": "16/10/2019 21:37:56",
        "Msg Processed": "16/10/2019 21:37:57",
        "XML ID": "35747",
        "Total Lag": "1.0551004",
        "Create Lag": "0.7738528",
        "Process Lag": "0.2812476"
      },
      {
        "Direction": "Outbound",
        "Destination": "Tallaght",
        "Time": "00:07:53",
        "AVLS": "00:08:33",
        "Tram": "3017",
        "Action": "a",
        "Msg Sent": "16/10/2019 21:37:56",
        "Msg Received": "16/10/2019 21:37:56",
        "Msg Processed": "16/10/2019 21:37:56",
        "XML ID": "35747",
        "Total Lag": "0.9926084",
        "Create Lag": "0.7738528",
        "Process Lag": "0.2187556"
      },
      {
        "Direction": "Outbound",
        "Destination": "Tallaght",
        "Time": "00:19:05",
        "AVLS": "00:19:45",
        "Tram": "4009",
        "Action": "a",
        "Msg Sent": "16/10/2019 21:37:56",
        "Msg Received": "16/10/2019 21:37:57",
        "Msg Processed": "16/10/2019 21:37:57",
        "XML ID": "35748",
        "Total Lag": "1.133226",
        "Create Lag": "1.0707243",
        "Process Lag": "0.0625017"
      }
    ]
  },
  {
    "stopID": "46",
    "stopQueryTime": 1571258281085,
    "count": 3,
    "results": [
      {
        "Direction": "Inbound",
        "Destination": "Broombridge",
        "Time": "00:09:33",
        "AVLS": "00:10:13",
        "Tram": "5010",
        "Action": "a",
        "Msg Sent": "16/10/2019 21:37:56",
        "Msg Received": "16/10/2019 21:37:57",
        "Msg Processed": "16/10/2019 21:37:57",
        "XML ID": "35748",
        "Total Lag": "1.3051107",
        "Create Lag": "1.0707243",
        "Process Lag": "0.2343864"
      },
      {
        "Direction": "Outbound",
        "Destination": "Bride's Glen",
        "Time": "00:00:00",
        "AVLS": "00:00:00",
        "Tram": "5010",
        "Action": "a",
        "Msg Sent": "16/10/2019 21:37:46",
        "Msg Received": "16/10/2019 21:37:46",
        "Msg Processed": "16/10/2019 21:37:46",
        "XML ID": "35742",
        "Total Lag": "0.5379173",
        "Create Lag": "0.5379173",
        "Process Lag": "0"
      },
      {
        "Direction": "Outbound",
        "Destination": "Bride's Glen",
        "Time": "00:11:38",
        "AVLS": "00:12:18",
        "Tram": "5003",
        "Action": "a",
        "Msg Sent": "16/10/2019 21:37:59",
        "Msg Received": "16/10/2019 21:37:59",
        "Msg Processed": "16/10/2019 21:37:59",
        "XML ID": "35749",
        "Total Lag": "0.9627118",
        "Create Lag": "0.7586017",
        "Process Lag": "0.2041101"
      }
    ]
  },
  {
    "stopID": "21",
    "stopQueryTime": 1571258281090,
    "count": 4,
    "results": [
      {
        "Direction": "Inbound",
        "Destination": "The Point",
        "Time": "00:04:02",
        "AVLS": "00:04:42",
        "Tram": "4002",
        "Action": "a",
        "Msg Sent": "16/10/2019 21:37:56",
        "Msg Received": "16/10/2019 21:37:56",
        "Msg Processed": "16/10/2019 21:37:57",
        "XML ID": "35747",
        "Total Lag": "1.0707243",
        "Create Lag": "0.7738528",
        "Process Lag": "0.2968715"
      },
      {
        "Direction": "Inbound",
        "Destination": "The Point",
        "Time": "00:17:07",
        "AVLS": "00:17:47",
        "Tram": "3002",
        "Action": "a",
        "Msg Sent": "16/10/2019 21:37:56",
        "Msg Received": "16/10/2019 21:37:56",
        "Msg Processed": "16/10/2019 21:37:56",
        "XML ID": "35747",
        "Total Lag": "0.8051052",
        "Create Lag": "0.7738528",
        "Process Lag": "0.0312524"
      },
      {
        "Direction": "Outbound",
        "Destination": "Tallaght",
        "Time": "00:01:14",
        "AVLS": "00:01:54",
        "Tram": "4009",
        "Action": "a",
        "Msg Sent": "16/10/2019 21:37:56",
        "Msg Received": "16/10/2019 21:37:56",
        "Msg Processed": "16/10/2019 21:37:57",
        "XML ID": "35747",
        "Total Lag": "1.1019741",
        "Create Lag": "0.7738528",
        "Process Lag": "0.3281213"
      },
      {
        "Direction": "Outbound",
        "Destination": "Tallaght",
        "Time": "00:13:24",
        "AVLS": "00:14:04",
        "Tram": "3009",
        "Action": "a",
        "Msg Sent": "16/10/2019 21:37:56",
        "Msg Received": "16/10/2019 21:37:56",
        "Msg Processed": "16/10/2019 21:37:56",
        "XML ID": "35747",
        "Total Lag": "0.8207245",
        "Create Lag": "0.7738528",
        "Process Lag": "0.0468717"
      }
    ]
  },
  {
    "stopID": "3",
    "stopQueryTime": 1571258281094,
    "count": 4,
    "results": [
      {
        "Direction": "Inbound",
        "Destination": "The Point",
        "Time": "00:11:21",
        "AVLS": "00:12:01",
        "Tram": "3012",
        "Action": "a",
        "Msg Sent": "16/10/2019 21:37:56",
        "Msg Received": "16/10/2019 21:37:56",
        "Msg Processed": "16/10/2019 21:37:56",
        "XML ID": "35747",
        "Total Lag": "0.8988601",
        "Create Lag": "0.7738528",
        "Process Lag": "0.1250073"
      },
      {
        "Direction": "Outbound",
        "Destination": "Tallaght",
        "Time": "00:00:45",
        "AVLS": "00:01:25",
        "Tram": "3012",
        "Action": "a",
        "Msg Sent": "16/10/2019 21:37:56",
        "Msg Received": "16/10/2019 21:37:56",
        "Msg Processed": "16/10/2019 21:37:56",
        "XML ID": "35747",
        "Total Lag": "0.8676016",
        "Create Lag": "0.7738528",
        "Process Lag": "0.0937488"
      },
      {
        "Direction": "Outbound",
        "Destination": "Tallaght",
        "Time": "00:06:39",
        "AVLS": "00:07:19",
        "Tram": "3016",
        "Action": "a",
        "Msg Sent": "16/10/2019 21:37:56",
        "Msg Received": "16/10/2019 21:37:56",
        "Msg Processed": "16/10/2019 21:37:56",
        "XML ID": "35747",
        "Total Lag": "0.9613465",
        "Create Lag": "0.7738528",
        "Process Lag": "0.1874937"
      },
      {
        "Direction": "Outbound",
        "Destination": "Tallaght",
        "Time": "00:16:58",
        "AVLS": "00:17:38",
        "Tram": "3014",
        "Action": "a",
        "Msg Sent": "16/10/2019 21:37:56",
        "Msg Received": "16/10/2019 21:37:56",
        "Msg Processed": "16/10/2019 21:37:56",
        "XML ID": "35747",
        "Total Lag": "0.9301085",
        "Create Lag": "0.7738528",
        "Process Lag": "0.1562557"
      }
    ]
  },
  {
    "stopID": "5",
    "stopQueryTime": 1571258281096,
    "count": 4,
    "results": [
      {
        "Direction": "Inbound",
        "Destination": "The Point",
        "Time": "00:01:42",
        "AVLS": "00:02:22",
        "Tram": "3025",
        "Action": "a",
        "Msg Sent": "16/10/2019 21:37:56",
        "Msg Received": "16/10/2019 21:37:56",
        "Msg Processed": "16/10/2019 21:37:57",
        "XML ID": "35747",
        "Total Lag": "1.0238665",
        "Create Lag": "0.7738528",
        "Process Lag": "0.2500137"
      },
      {
        "Direction": "Inbound",
        "Destination": "The Point",
        "Time": "00:16:19",
        "AVLS": "00:16:59",
        "Tram": "3012",
        "Action": "a",
        "Msg Sent": "16/10/2019 21:37:56",
        "Msg Received": "16/10/2019 21:37:56",
        "Msg Processed": "16/10/2019 21:37:56",
        "XML ID": "35747",
        "Total Lag": "0.8988601",
        "Create Lag": "0.7738528",
        "Process Lag": "0.1250073"
      },
      {
        "Direction": "Outbound",
        "Destination": "Tallaght",
        "Time": "00:02:35",
        "AVLS": "00:03:15",
        "Tram": "3016",
        "Action": "a",
        "Msg Sent": "16/10/2019 21:37:56",
        "Msg Received": "16/10/2019 21:37:56",
        "Msg Processed": "16/10/2019 21:37:56",
        "XML ID": "35747",
        "Total Lag": "0.9613465",
        "Create Lag": "0.7738528",
        "Process Lag": "0.1874937"
      },
      {
        "Direction": "Outbound",
        "Destination": "Tallaght",
        "Time": "00:12:54",
        "AVLS": "00:13:34",
        "Tram": "3014",
        "Action": "a",
        "Msg Sent": "16/10/2019 21:37:56",
        "Msg Received": "16/10/2019 21:37:56",
        "Msg Processed": "16/10/2019 21:37:56",
        "XML ID": "35747",
        "Total Lag": "0.91449",
        "Create Lag": "0.7738528",
        "Process Lag": "0.1406372"
      }
    ]
  },
  {
    "stopID": "19",
    "stopQueryTime": 1571258281098,
    "count": 4,
    "results": [
      {
        "Direction": "Inbound",
        "Destination": "The Point",
        "Time": "00:00:00",
        "AVLS": "00:00:00",
        "Tram": "4002",
        "Action": "a",
        "Msg Sent": "16/10/2019 21:37:43",
        "Msg Received": "16/10/2019 21:37:43",
        "Msg Processed": "16/10/2019 21:37:43",
        "XML ID": "35741",
        "Total Lag": "0.0222895",
        "Create Lag": "0.0222895",
        "Process Lag": "0"
      },
      {
        "Direction": "Inbound",
        "Destination": "The Point",
        "Time": "00:12:11",
        "AVLS": "00:12:51",
        "Tram": "3002",
        "Action": "a",
        "Msg Sent": "16/10/2019 21:37:56",
        "Msg Received": "16/10/2019 21:37:56",
        "Msg Processed": "16/10/2019 21:37:56",
        "XML ID": "35747",
        "Total Lag": "0.7894775",
        "Create Lag": "0.7738528",
        "Process Lag": "0.0156247"
      },
      {
        "Direction": "Outbound",
        "Destination": "Tallaght",
        "Time": "00:05:50",
        "AVLS": "00:06:30",
        "Tram": "4009",
        "Action": "a",
        "Msg Sent": "16/10/2019 21:37:56",
        "Msg Received": "16/10/2019 21:37:56",
        "Msg Processed": "16/10/2019 21:37:57",
        "XML ID": "35747",
        "Total Lag": "1.1019741",
        "Create Lag": "0.7738528",
        "Process Lag": "0.3281213"
      },
      {
        "Direction": "Outbound",
        "Destination": "Tallaght",
        "Time": "00:18:00",
        "AVLS": "00:18:40",
        "Tram": "3009",
        "Action": "a",
        "Msg Sent": "16/10/2019 21:37:56",
        "Msg Received": "16/10/2019 21:37:56",
        "Msg Processed": "16/10/2019 21:37:56",
        "XML ID": "35747",
        "Total Lag": "0.8363552",
        "Create Lag": "0.7738528",
        "Process Lag": "0.0625024"
      }
    ]
  },
  {
    "stopID": "34",
    "stopQueryTime": 1571258281101,
    "count": 4,
    "results": [
      {
        "Direction": "Inbound",
        "Destination": "Broombridge",
        "Time": "00:12:53",
        "AVLS": "00:13:33",
        "Tram": "5013",
        "Action": "a",
        "Msg Sent": "16/10/2019 21:37:56",
        "Msg Received": "16/10/2019 21:37:57",
        "Msg Processed": "16/10/2019 21:37:57",
        "XML ID": "35748",
        "Total Lag": "1.3679835",
        "Create Lag": "1.0707243",
        "Process Lag": "0.2972592"
      },
      {
        "Direction": "Outbound",
        "Destination": "Bride's Glen",
        "Time": "00:02:22",
        "AVLS": "00:03:02",
        "Tram": "5030",
        "Action": "a",
        "Msg Sent": "16/10/2019 21:37:59",
        "Msg Received": "16/10/2019 21:37:59",
        "Msg Processed": "16/10/2019 21:37:59",
        "XML ID": "35749",
        "Total Lag": "0.8849546",
        "Create Lag": "0.7586017",
        "Process Lag": "0.1263529"
      },
      {
        "Direction": "Outbound",
        "Destination": "Sandyford",
        "Time": "00:10:45",
        "AVLS": "00:11:25",
        "Tram": "5006",
        "Action": "a",
        "Msg Sent": "16/10/2019 21:37:56",
        "Msg Received": "16/10/2019 21:37:57",
        "Msg Processed": "16/10/2019 21:37:57",
        "XML ID": "35748",
        "Total Lag": "1.2426008",
        "Create Lag": "1.0707243",
        "Process Lag": "0.1718765"
      },
      {
        "Direction": "Outbound",
        "Destination": "Sandyford",
        "Time": "00:13:48",
        "AVLS": "00:14:28",
        "Tram": "5027",
        "Action": "a",
        "Msg Sent": "16/10/2019 21:37:59",
        "Msg Received": "16/10/2019 21:37:59",
        "Msg Processed": "16/10/2019 21:37:59",
        "XML ID": "35749",
        "Total Lag": "0.8211042",
        "Create Lag": "0.7586017",
        "Process Lag": "0.0625025"
      }
    ]
  },
  {
    "stopID": "2",
    "stopQueryTime": 1571258281104,
    "count": 4,
    "results": [
      {
        "Direction": "Inbound",
        "Destination": "The Point",
        "Time": "00:09:40",
        "AVLS": "00:10:20",
        "Tram": "3012",
        "Action": "a",
        "Msg Sent": "16/10/2019 21:37:56",
        "Msg Received": "16/10/2019 21:37:56",
        "Msg Processed": "16/10/2019 21:37:56",
        "XML ID": "35747",
        "Total Lag": "0.8832241",
        "Create Lag": "0.7738528",
        "Process Lag": "0.1093713"
      },
      {
        "Direction": "Outbound",
        "Destination": "Tallaght",
        "Time": "00:02:20",
        "AVLS": "00:03:00",
        "Tram": "3012",
        "Action": "a",
        "Msg Sent": "16/10/2019 21:37:56",
        "Msg Received": "16/10/2019 21:37:56",
        "Msg Processed": "16/10/2019 21:37:56",
        "XML ID": "35747",
        "Total Lag": "0.8832241",
        "Create Lag": "0.7738528",
        "Process Lag": "0.1093713"
      },
      {
        "Direction": "Outbound",
        "Destination": "Tallaght",
        "Time": "00:08:14",
        "AVLS": "00:08:54",
        "Tram": "3016",
        "Action": "a",
        "Msg Sent": "16/10/2019 21:37:56",
        "Msg Received": "16/10/2019 21:37:56",
        "Msg Processed": "16/10/2019 21:37:56",
        "XML ID": "35747",
        "Total Lag": "0.9613465",
        "Create Lag": "0.7738528",
        "Process Lag": "0.1874937"
      },
      {
        "Direction": "Outbound",
        "Destination": "Tallaght",
        "Time": "00:18:33",
        "AVLS": "00:19:13",
        "Tram": "3014",
        "Action": "a",
        "Msg Sent": "16/10/2019 21:37:56",
        "Msg Received": "16/10/2019 21:37:56",
        "Msg Processed": "16/10/2019 21:37:56",
        "XML ID": "35747",
        "Total Lag": "0.9301085",
        "Create Lag": "0.7738528",
        "Process Lag": "0.1562557"
      }
    ]
  },
  {
    "stopID": "6",
    "stopQueryTime": 1571258281107,
    "count": 4,
    "results": [
      {
        "Direction": "Inbound",
        "Destination": "The Point",
        "Time": "00:04:49",
        "AVLS": "00:05:29",
        "Tram": "3025",
        "Action": "a",
        "Msg Sent": "16/10/2019 21:37:56",
        "Msg Received": "16/10/2019 21:37:56",
        "Msg Processed": "16/10/2019 21:37:57",
        "XML ID": "35747",
        "Total Lag": "1.0238665",
        "Create Lag": "0.7738528",
        "Process Lag": "0.2500137"
      },
      {
        "Direction": "Outbound",
        "Destination": "Tallaght",
        "Time": "00:00:00",
        "AVLS": "00:00:00",
        "Tram": "3016",
        "Action": "a",
        "Msg Sent": "16/10/2019 21:37:56",
        "Msg Received": "16/10/2019 21:37:56",
        "Msg Processed": "16/10/2019 21:37:56",
        "XML ID": "35747",
        "Total Lag": "0.9457319",
        "Create Lag": "0.7738528",
        "Process Lag": "0.1718791"
      },
      {
        "Direction": "Outbound",
        "Destination": "Tallaght",
        "Time": "00:09:39",
        "AVLS": "00:10:19",
        "Tram": "3014",
        "Action": "a",
        "Msg Sent": "16/10/2019 21:37:56",
        "Msg Received": "16/10/2019 21:37:56",
        "Msg Processed": "16/10/2019 21:37:56",
        "XML ID": "35747",
        "Total Lag": "0.91449",
        "Create Lag": "0.7738528",
        "Process Lag": "0.1406372"
      },
      {
        "Direction": "Outbound",
        "Destination": "Tallaght",
        "Time": "00:19:02",
        "AVLS": "00:19:42",
        "Tram": "3017",
        "Action": "a",
        "Msg Sent": "16/10/2019 21:37:56",
        "Msg Received": "16/10/2019 21:37:56",
        "Msg Processed": "16/10/2019 21:37:57",
        "XML ID": "35747",
        "Total Lag": "1.0082345",
        "Create Lag": "0.7738528",
        "Process Lag": "0.2343817"
      }
    ]
  },
  {
    "stopID": "56",
    "stopQueryTime": 1571258281110,
    "count": 4,
    "results": [
      {
        "Direction": "Inbound",
        "Destination": "The Point",
        "Time": "00:02:04",
        "AVLS": "00:02:44",
        "Tram": "4006",
        "Action": "a",
        "Msg Sent": "16/10/2019 21:37:56",
        "Msg Received": "16/10/2019 21:37:56",
        "Msg Processed": "16/10/2019 21:37:57",
        "XML ID": "35747",
        "Total Lag": "1.0863558",
        "Create Lag": "0.7738528",
        "Process Lag": "0.312503"
      },
      {
        "Direction": "Inbound",
        "Destination": "The Point",
        "Time": "00:11:55",
        "AVLS": "00:12:35",
        "Tram": "4002",
        "Action": "a",
        "Msg Sent": "16/10/2019 21:37:56",
        "Msg Received": "16/10/2019 21:37:56",
        "Msg Processed": "16/10/2019 21:37:57",
        "XML ID": "35747",
        "Total Lag": "1.0863558",
        "Create Lag": "0.7738528",
        "Process Lag": "0.312503"
      },
      {
        "Direction": "Outbound",
        "Destination": "Tallaght",
        "Time": "00:04:33",
        "AVLS": "00:05:13",
        "Tram": "3009",
        "Action": "a",
        "Msg Sent": "16/10/2019 21:37:56",
        "Msg Received": "16/10/2019 21:37:56",
        "Msg Processed": "16/10/2019 21:37:56",
        "XML ID": "35747",
        "Total Lag": "0.8051052",
        "Create Lag": "0.7738528",
        "Process Lag": "0.0312524"
      },
      {
        "Direction": "Outbound",
        "Destination": "Tallaght",
        "Time": "00:16:33",
        "AVLS": "00:17:13",
        "Tram": "4006",
        "Action": "a",
        "Msg Sent": "16/10/2019 21:37:56",
        "Msg Received": "16/10/2019 21:37:56",
        "Msg Processed": "16/10/2019 21:37:57",
        "XML ID": "35747",
        "Total Lag": "1.1019741",
        "Create Lag": "0.7738528",
        "Process Lag": "0.3281213"
      }
    ]
  },
  {
    "stopID": "40",
    "stopQueryTime": 1571258281115,
    "count": 4,
    "results": [
      {
        "Direction": "Inbound",
        "Destination": "Broombridge",
        "Time": "00:02:09",
        "AVLS": "00:02:49",
        "Tram": "5013",
        "Action": "a",
        "Msg Sent": "16/10/2019 21:37:56",
        "Msg Received": "16/10/2019 21:37:57",
        "Msg Processed": "16/10/2019 21:37:57",
        "XML ID": "35748",
        "Total Lag": "1.3519714",
        "Create Lag": "1.0707243",
        "Process Lag": "0.2812471"
      },
      {
        "Direction": "Inbound",
        "Destination": "Broombridge",
        "Time": "00:17:15",
        "AVLS": "00:17:55",
        "Tram": "5010",
        "Action": "a",
        "Msg Sent": "16/10/2019 21:37:56",
        "Msg Received": "16/10/2019 21:37:57",
        "Msg Processed": "16/10/2019 21:37:57",
        "XML ID": "35748",
        "Total Lag": "1.3207259",
        "Create Lag": "1.0707243",
        "Process Lag": "0.2500016"
      },
      {
        "Direction": "Outbound",
        "Destination": "Bride's Glen",
        "Time": "00:04:01",
        "AVLS": "00:04:41",
        "Tram": "5003",
        "Action": "a",
        "Msg Sent": "16/10/2019 21:37:59",
        "Msg Received": "16/10/2019 21:37:59",
        "Msg Processed": "16/10/2019 21:37:59",
        "XML ID": "35749",
        "Total Lag": "0.9470778",
        "Create Lag": "0.7586017",
        "Process Lag": "0.1884761"
      },
      {
        "Direction": "Outbound",
        "Destination": "Bride's Glen",
        "Time": "00:12:36",
        "AVLS": "00:13:16",
        "Tram": "5030",
        "Action": "a",
        "Msg Sent": "16/10/2019 21:37:59",
        "Msg Received": "16/10/2019 21:37:59",
        "Msg Processed": "16/10/2019 21:37:59",
        "XML ID": "35749",
        "Total Lag": "0.9158477",
        "Create Lag": "0.7586017",
        "Process Lag": "0.157246"
      }
    ]
  },
  {
    "stopID": "42",
    "stopQueryTime": 1571258281119,
    "count": 4,
    "results": [
      {
        "Direction": "Inbound",
        "Destination": "Broombridge",
        "Time": "00:00:00",
        "AVLS": "00:00:38",
        "Tram": "5013",
        "Action": "a",
        "Msg Sent": "16/10/2019 21:37:56",
        "Msg Received": "16/10/2019 21:37:57",
        "Msg Processed": "16/10/2019 21:37:57",
        "XML ID": "35748",
        "Total Lag": "1.3519714",
        "Create Lag": "1.0707243",
        "Process Lag": "0.2812471"
      },
      {
        "Direction": "Inbound",
        "Destination": "Broombridge",
        "Time": "00:15:04",
        "AVLS": "00:15:44",
        "Tram": "5010",
        "Action": "a",
        "Msg Sent": "16/10/2019 21:37:56",
        "Msg Received": "16/10/2019 21:37:57",
        "Msg Processed": "16/10/2019 21:37:57",
        "XML ID": "35748",
        "Total Lag": "1.3207259",
        "Create Lag": "1.0707243",
        "Process Lag": "0.2500016"
      },
      {
        "Direction": "Outbound",
        "Destination": "Bride's Glen",
        "Time": "00:06:09",
        "AVLS": "00:06:49",
        "Tram": "5003",
        "Action": "a",
        "Msg Sent": "16/10/2019 21:37:59",
        "Msg Received": "16/10/2019 21:37:59",
        "Msg Processed": "16/10/2019 21:37:59",
        "XML ID": "35749",
        "Total Lag": "0.9470778",
        "Create Lag": "0.7586017",
        "Process Lag": "0.1884761"
      },
      {
        "Direction": "Outbound",
        "Destination": "Bride's Glen",
        "Time": "00:14:44",
        "AVLS": "00:15:24",
        "Tram": "5030",
        "Action": "a",
        "Msg Sent": "16/10/2019 21:37:59",
        "Msg Received": "16/10/2019 21:37:59",
        "Msg Processed": "16/10/2019 21:37:59",
        "XML ID": "35749",
        "Total Lag": "0.9314735",
        "Create Lag": "0.7586017",
        "Process Lag": "0.1728718"
      }
    ]
  },
  {
    "stopID": "39",
    "stopQueryTime": 1571258281124,
    "count": 4,
    "results": [
      {
        "Direction": "Inbound",
        "Destination": "Broombridge",
        "Time": "00:03:39",
        "AVLS": "00:04:19",
        "Tram": "5013",
        "Action": "a",
        "Msg Sent": "16/10/2019 21:37:56",
        "Msg Received": "16/10/2019 21:37:57",
        "Msg Processed": "16/10/2019 21:37:57",
        "XML ID": "35748",
        "Total Lag": "1.3519714",
        "Create Lag": "1.0707243",
        "Process Lag": "0.2812471"
      },
      {
        "Direction": "Inbound",
        "Destination": "Broombridge",
        "Time": "00:18:45",
        "AVLS": "00:19:25",
        "Tram": "5010",
        "Action": "a",
        "Msg Sent": "16/10/2019 21:37:56",
        "Msg Received": "16/10/2019 21:37:57",
        "Msg Processed": "16/10/2019 21:37:57",
        "XML ID": "35748",
        "Total Lag": "1.3207259",
        "Create Lag": "1.0707243",
        "Process Lag": "0.2500016"
      },
      {
        "Direction": "Outbound",
        "Destination": "Bride's Glen",
        "Time": "00:02:33",
        "AVLS": "00:03:13",
        "Tram": "5003",
        "Action": "a",
        "Msg Sent": "16/10/2019 21:37:59",
        "Msg Received": "16/10/2019 21:37:59",
        "Msg Processed": "16/10/2019 21:37:59",
        "XML ID": "35749",
        "Total Lag": "0.9470778",
        "Create Lag": "0.7586017",
        "Process Lag": "0.1884761"
      },
      {
        "Direction": "Outbound",
        "Destination": "Bride's Glen",
        "Time": "00:11:08",
        "AVLS": "00:11:48",
        "Tram": "5030",
        "Action": "a",
        "Msg Sent": "16/10/2019 21:37:59",
        "Msg Received": "16/10/2019 21:37:59",
        "Msg Processed": "16/10/2019 21:37:59",
        "XML ID": "35749",
        "Total Lag": "0.9158477",
        "Create Lag": "0.7586017",
        "Process Lag": "0.157246"
      }
    ]
  },
  {
    "stopID": "55",
    "stopQueryTime": 1571258281126,
    "count": 4,
    "results": [
      {
        "Direction": "Inbound",
        "Destination": "The Point",
        "Time": "00:00:25",
        "AVLS": "00:01:05",
        "Tram": "4006",
        "Action": "a",
        "Msg Sent": "16/10/2019 21:37:56",
        "Msg Received": "16/10/2019 21:37:56",
        "Msg Processed": "16/10/2019 21:37:57",
        "XML ID": "35747",
        "Total Lag": "1.0863558",
        "Create Lag": "0.7738528",
        "Process Lag": "0.312503"
      },
      {
        "Direction": "Inbound",
        "Destination": "The Point",
        "Time": "00:10:16",
        "AVLS": "00:10:56",
        "Tram": "4002",
        "Action": "a",
        "Msg Sent": "16/10/2019 21:37:56",
        "Msg Received": "16/10/2019 21:37:56",
        "Msg Processed": "16/10/2019 21:37:57",
        "XML ID": "35747",
        "Total Lag": "1.0707243",
        "Create Lag": "0.7738528",
        "Process Lag": "0.2968715"
      },
      {
        "Direction": "Outbound",
        "Destination": "Tallaght",
        "Time": "00:06:32",
        "AVLS": "00:07:12",
        "Tram": "3009",
        "Action": "a",
        "Msg Sent": "16/10/2019 21:37:56",
        "Msg Received": "16/10/2019 21:37:56",
        "Msg Processed": "16/10/2019 21:37:56",
        "XML ID": "35747",
        "Total Lag": "0.8207245",
        "Create Lag": "0.7738528",
        "Process Lag": "0.0468717"
      },
      {
        "Direction": "Outbound",
        "Destination": "Tallaght",
        "Time": "00:18:32",
        "AVLS": "00:19:12",
        "Tram": "4006",
        "Action": "a",
        "Msg Sent": "16/10/2019 21:37:56",
        "Msg Received": "16/10/2019 21:37:56",
        "Msg Processed": "16/10/2019 21:37:57",
        "XML ID": "35747",
        "Total Lag": "1.1019741",
        "Create Lag": "0.7738528",
        "Process Lag": "0.3281213"
      }
    ]
  },
  {
    "stopID": "26",
    "stopQueryTime": 1571258281129,
    "count": 5,
    "results": [
      {
        "Direction": "Inbound",
        "Destination": "Broombridge",
        "Time": "00:04:07",
        "AVLS": "00:04:47",
        "Tram": "5015",
        "Action": "a",
        "Msg Sent": "16/10/2019 21:37:56",
        "Msg Received": "16/10/2019 21:37:57",
        "Msg Processed": "16/10/2019 21:37:57",
        "XML ID": "35748",
        "Total Lag": "1.3992274",
        "Create Lag": "1.0707243",
        "Process Lag": "0.3285031"
      },
      {
        "Direction": "Inbound",
        "Destination": "Broombridge",
        "Time": "00:10:15",
        "AVLS": "00:10:55",
        "Tram": "5008",
        "Action": "a",
        "Msg Sent": "16/10/2019 21:37:56",
        "Msg Received": "16/10/2019 21:37:57",
        "Msg Processed": "16/10/2019 21:37:57",
        "XML ID": "35748",
        "Total Lag": "1.2738503",
        "Create Lag": "1.0707243",
        "Process Lag": "0.203126"
      },
      {
        "Direction": "Outbound",
        "Destination": "Sandyford",
        "Time": "00:00:26",
        "AVLS": "00:01:06",
        "Tram": "5027",
        "Action": "a",
        "Msg Sent": "16/10/2019 21:37:59",
        "Msg Received": "16/10/2019 21:37:59",
        "Msg Processed": "16/10/2019 21:37:59",
        "XML ID": "35749",
        "Total Lag": "0.7898553",
        "Create Lag": "0.7586017",
        "Process Lag": "0.0312536"
      },
      {
        "Direction": "Outbound",
        "Destination": "Bride's Glen",
        "Time": "00:06:07",
        "AVLS": "00:06:47",
        "Tram": "5002",
        "Action": "a",
        "Msg Sent": "16/10/2019 21:37:56",
        "Msg Received": "16/10/2019 21:37:57",
        "Msg Processed": "16/10/2019 21:37:57",
        "XML ID": "35748",
        "Total Lag": "1.1488492",
        "Create Lag": "1.0707243",
        "Process Lag": "0.0781249"
      },
      {
        "Direction": "Outbound",
        "Destination": "Sandyford",
        "Time": "00:13:37",
        "AVLS": "00:14:17",
        "Tram": "5023",
        "Action": "a",
        "Msg Sent": "16/10/2019 21:37:59",
        "Msg Received": "16/10/2019 21:37:59",
        "Msg Processed": "16/10/2019 21:37:59",
        "XML ID": "35749",
        "Total Lag": "0.7742295",
        "Create Lag": "0.7586017",
        "Process Lag": "0.0156278"
      }
    ]
  },
  {
    "stopID": "35",
    "stopQueryTime": 1571258281133,
    "count": 5,
    "results": [
      {
        "Direction": "Inbound",
        "Destination": "Broombridge",
        "Time": "00:10:53",
        "AVLS": "00:11:33",
        "Tram": "5013",
        "Action": "a",
        "Msg Sent": "16/10/2019 21:37:56",
        "Msg Received": "16/10/2019 21:37:57",
        "Msg Processed": "16/10/2019 21:37:57",
        "XML ID": "35748",
        "Total Lag": "1.3679835",
        "Create Lag": "1.0707243",
        "Process Lag": "0.2972592"
      },
      {
        "Direction": "Outbound",
        "Destination": "Sandyford",
        "Time": "00:00:00",
        "AVLS": "00:00:00",
        "Tram": "5005",
        "Action": "a",
        "Msg Sent": "16/10/2019 21:37:56",
        "Msg Received": "16/10/2019 21:37:57",
        "Msg Processed": "16/10/2019 21:37:57",
        "XML ID": "35748",
        "Total Lag": "1.2113593",
        "Create Lag": "1.0707243",
        "Process Lag": "0.140635"
      },
      {
        "Direction": "Outbound",
        "Destination": "Bride's Glen",
        "Time": "00:04:01",
        "AVLS": "00:04:41",
        "Tram": "5030",
        "Action": "a",
        "Msg Sent": "16/10/2019 21:37:59",
        "Msg Received": "16/10/2019 21:37:59",
        "Msg Processed": "16/10/2019 21:37:59",
        "XML ID": "35749",
        "Total Lag": "0.9001889",
        "Create Lag": "0.7586017",
        "Process Lag": "0.1415872"
      },
      {
        "Direction": "Outbound",
        "Destination": "Sandyford",
        "Time": "00:12:24",
        "AVLS": "00:13:04",
        "Tram": "5006",
        "Action": "a",
        "Msg Sent": "16/10/2019 21:37:56",
        "Msg Received": "16/10/2019 21:37:57",
        "Msg Processed": "16/10/2019 21:37:57",
        "XML ID": "35748",
        "Total Lag": "1.2426008",
        "Create Lag": "1.0707243",
        "Process Lag": "0.1718765"
      },
      {
        "Direction": "Outbound",
        "Destination": "Sandyford",
        "Time": "00:15:27",
        "AVLS": "00:16:07",
        "Tram": "5027",
        "Action": "a",
        "Msg Sent": "16/10/2019 21:37:59",
        "Msg Received": "16/10/2019 21:37:59",
        "Msg Processed": "16/10/2019 21:37:59",
        "XML ID": "35749",
        "Total Lag": "0.8211042",
        "Create Lag": "0.7586017",
        "Process Lag": "0.0625025"
      }
    ]
  },
  {
    "stopID": "33",
    "stopQueryTime": 1571258281137,
    "count": 5,
    "results": [
      {
        "Direction": "Inbound",
        "Destination": "Broombridge",
        "Time": "00:14:36",
        "AVLS": "00:15:16",
        "Tram": "5013",
        "Action": "a",
        "Msg Sent": "16/10/2019 21:37:56",
        "Msg Received": "16/10/2019 21:37:57",
        "Msg Processed": "16/10/2019 21:37:57",
        "XML ID": "35748",
        "Total Lag": "1.3835937",
        "Create Lag": "1.0707243",
        "Process Lag": "0.3128694"
      },
      {
        "Direction": "Outbound",
        "Destination": "Bride's Glen",
        "Time": "00:00:48",
        "AVLS": "00:01:28",
        "Tram": "5030",
        "Action": "a",
        "Msg Sent": "16/10/2019 21:37:59",
        "Msg Received": "16/10/2019 21:37:59",
        "Msg Processed": "16/10/2019 21:37:59",
        "XML ID": "35749",
        "Total Lag": "0.8849546",
        "Create Lag": "0.7586017",
        "Process Lag": "0.1263529"
      },
      {
        "Direction": "Outbound",
        "Destination": "Sandyford",
        "Time": "00:09:11",
        "AVLS": "00:09:51",
        "Tram": "5006",
        "Action": "a",
        "Msg Sent": "16/10/2019 21:37:56",
        "Msg Received": "16/10/2019 21:37:57",
        "Msg Processed": "16/10/2019 21:37:57",
        "XML ID": "35748",
        "Total Lag": "1.2269763",
        "Create Lag": "1.0707243",
        "Process Lag": "0.156252"
      },
      {
        "Direction": "Outbound",
        "Destination": "Sandyford",
        "Time": "00:12:14",
        "AVLS": "00:12:54",
        "Tram": "5027",
        "Action": "a",
        "Msg Sent": "16/10/2019 21:37:59",
        "Msg Received": "16/10/2019 21:37:59",
        "Msg Processed": "16/10/2019 21:37:59",
        "XML ID": "35749",
        "Total Lag": "0.8055",
        "Create Lag": "0.7586017",
        "Process Lag": "0.0468983"
      },
      {
        "Direction": "Outbound",
        "Destination": "Bride's Glen",
        "Time": "00:17:55",
        "AVLS": "00:18:35",
        "Tram": "5002",
        "Action": "a",
        "Msg Sent": "16/10/2019 21:37:56",
        "Msg Received": "16/10/2019 21:37:57",
        "Msg Processed": "16/10/2019 21:37:57",
        "XML ID": "35748",
        "Total Lag": "1.1644866",
        "Create Lag": "1.0707243",
        "Process Lag": "0.0937623"
      }
    ]
  },
  {
    "stopID": "27",
    "stopQueryTime": 1571258281139,
    "count": 5,
    "results": [
      {
        "Direction": "Inbound",
        "Destination": "Broombridge",
        "Time": "00:02:46",
        "AVLS": "00:03:26",
        "Tram": "5015",
        "Action": "a",
        "Msg Sent": "16/10/2019 21:37:56",
        "Msg Received": "16/10/2019 21:37:57",
        "Msg Processed": "16/10/2019 21:37:57",
        "XML ID": "35748",
        "Total Lag": "1.3992274",
        "Create Lag": "1.0707243",
        "Process Lag": "0.3285031"
      },
      {
        "Direction": "Inbound",
        "Destination": "Broombridge",
        "Time": "00:08:54",
        "AVLS": "00:09:34",
        "Tram": "5008",
        "Action": "a",
        "Msg Sent": "16/10/2019 21:37:56",
        "Msg Received": "16/10/2019 21:37:57",
        "Msg Processed": "16/10/2019 21:37:57",
        "XML ID": "35748",
        "Total Lag": "1.2738503",
        "Create Lag": "1.0707243",
        "Process Lag": "0.203126"
      },
      {
        "Direction": "Outbound",
        "Destination": "Sandyford",
        "Time": "00:01:54",
        "AVLS": "00:02:34",
        "Tram": "5027",
        "Action": "a",
        "Msg Sent": "16/10/2019 21:37:59",
        "Msg Received": "16/10/2019 21:37:59",
        "Msg Processed": "16/10/2019 21:37:59",
        "XML ID": "35749",
        "Total Lag": "0.7898553",
        "Create Lag": "0.7586017",
        "Process Lag": "0.0312536"
      },
      {
        "Direction": "Outbound",
        "Destination": "Bride's Glen",
        "Time": "00:07:35",
        "AVLS": "00:08:15",
        "Tram": "5002",
        "Action": "a",
        "Msg Sent": "16/10/2019 21:37:56",
        "Msg Received": "16/10/2019 21:37:57",
        "Msg Processed": "16/10/2019 21:37:57",
        "XML ID": "35748",
        "Total Lag": "1.1488492",
        "Create Lag": "1.0707243",
        "Process Lag": "0.0781249"
      },
      {
        "Direction": "Outbound",
        "Destination": "Sandyford",
        "Time": "00:15:05",
        "AVLS": "00:15:45",
        "Tram": "5023",
        "Action": "a",
        "Msg Sent": "16/10/2019 21:37:59",
        "Msg Received": "16/10/2019 21:37:59",
        "Msg Processed": "16/10/2019 21:37:59",
        "XML ID": "35749",
        "Total Lag": "0.7742295",
        "Create Lag": "0.7586017",
        "Process Lag": "0.0156278"
      }
    ]
  },
  {
    "stopID": "31",
    "stopQueryTime": 1571258281141,
    "count": 5,
    "results": [
      {
        "Direction": "Inbound",
        "Destination": "Broombridge",
        "Time": "00:02:22",
        "AVLS": "00:03:02",
        "Tram": "5008",
        "Action": "a",
        "Msg Sent": "16/10/2019 21:37:56",
        "Msg Received": "16/10/2019 21:37:57",
        "Msg Processed": "16/10/2019 21:37:57",
        "XML ID": "35748",
        "Total Lag": "1.2582307",
        "Create Lag": "1.0707243",
        "Process Lag": "0.1875064"
      },
      {
        "Direction": "Inbound",
        "Destination": "Broombridge",
        "Time": "00:18:17",
        "AVLS": "00:18:57",
        "Tram": "5013",
        "Action": "a",
        "Msg Sent": "16/10/2019 21:37:56",
        "Msg Received": "16/10/2019 21:37:57",
        "Msg Processed": "16/10/2019 21:37:57",
        "XML ID": "35748",
        "Total Lag": "1.3835937",
        "Create Lag": "1.0707243",
        "Process Lag": "0.3128694"
      },
      {
        "Direction": "Outbound",
        "Destination": "Sandyford",
        "Time": "00:05:47",
        "AVLS": "00:06:27",
        "Tram": "5006",
        "Action": "a",
        "Msg Sent": "16/10/2019 21:37:56",
        "Msg Received": "16/10/2019 21:37:57",
        "Msg Processed": "16/10/2019 21:37:57",
        "XML ID": "35748",
        "Total Lag": "1.2269763",
        "Create Lag": "1.0707243",
        "Process Lag": "0.156252"
      },
      {
        "Direction": "Outbound",
        "Destination": "Sandyford",
        "Time": "00:08:50",
        "AVLS": "00:09:30",
        "Tram": "5027",
        "Action": "a",
        "Msg Sent": "16/10/2019 21:37:59",
        "Msg Received": "16/10/2019 21:37:59",
        "Msg Processed": "16/10/2019 21:37:59",
        "XML ID": "35749",
        "Total Lag": "0.8055",
        "Create Lag": "0.7586017",
        "Process Lag": "0.0468983"
      },
      {
        "Direction": "Outbound",
        "Destination": "Bride's Glen",
        "Time": "00:14:31",
        "AVLS": "00:15:11",
        "Tram": "5002",
        "Action": "a",
        "Msg Sent": "16/10/2019 21:37:56",
        "Msg Received": "16/10/2019 21:37:57",
        "Msg Processed": "16/10/2019 21:37:57",
        "XML ID": "35748",
        "Total Lag": "1.1644866",
        "Create Lag": "1.0707243",
        "Process Lag": "0.0937623"
      }
    ]
  },
  {
    "stopID": "25",
    "stopQueryTime": 1571258281151,
    "count": 6,
    "results": [
      {
        "Direction": "Inbound",
        "Destination": "Broombridge",
        "Time": "00:00:00",
        "AVLS": "00:00:00",
        "Tram": "5016",
        "Action": "a",
        "Msg Sent": "16/10/2019 21:37:36",
        "Msg Received": "16/10/2019 21:37:36",
        "Msg Processed": "16/10/2019 21:37:36",
        "XML ID": "35737",
        "Total Lag": "0.5379265",
        "Create Lag": "0.5379265",
        "Process Lag": "0"
      },
      {
        "Direction": "Inbound",
        "Destination": "Broombridge",
        "Time": "00:06:17",
        "AVLS": "00:06:57",
        "Tram": "5015",
        "Action": "a",
        "Msg Sent": "16/10/2019 21:37:56",
        "Msg Received": "16/10/2019 21:37:57",
        "Msg Processed": "16/10/2019 21:37:57",
        "XML ID": "35748",
        "Total Lag": "1.3992274",
        "Create Lag": "1.0707243",
        "Process Lag": "0.3285031"
      },
      {
        "Direction": "Inbound",
        "Destination": "Broombridge",
        "Time": "00:12:25",
        "AVLS": "00:13:05",
        "Tram": "5008",
        "Action": "a",
        "Msg Sent": "16/10/2019 21:37:56",
        "Msg Received": "16/10/2019 21:37:57",
        "Msg Processed": "16/10/2019 21:37:57",
        "XML ID": "35748",
        "Total Lag": "1.2738503",
        "Create Lag": "1.0707243",
        "Process Lag": "0.203126"
      },
      {
        "Direction": "Outbound",
        "Destination": "Bride's Glen",
        "Time": "00:03:27",
        "AVLS": "00:04:07",
        "Tram": "5002",
        "Action": "a",
        "Msg Sent": "16/10/2019 21:37:56",
        "Msg Received": "16/10/2019 21:37:57",
        "Msg Processed": "16/10/2019 21:37:57",
        "XML ID": "35748",
        "Total Lag": "1.1488492",
        "Create Lag": "1.0707243",
        "Process Lag": "0.0781249"
      },
      {
        "Direction": "Outbound",
        "Destination": "Sandyford",
        "Time": "00:10:57",
        "AVLS": "00:11:37",
        "Tram": "5023",
        "Action": "a",
        "Msg Sent": "16/10/2019 21:37:59",
        "Msg Received": "16/10/2019 21:37:59",
        "Msg Processed": "16/10/2019 21:37:59",
        "XML ID": "35749",
        "Total Lag": "0.7742295",
        "Create Lag": "0.7586017",
        "Process Lag": "0.0156278"
      },
      {
        "Direction": "Outbound",
        "Destination": "Bride's Glen",
        "Time": "00:18:44",
        "AVLS": "00:19:24",
        "Tram": "5028",
        "Action": "a",
        "Msg Sent": "16/10/2019 21:37:59",
        "Msg Received": "16/10/2019 21:37:59",
        "Msg Processed": "16/10/2019 21:37:59",
        "XML ID": "35749",
        "Total Lag": "0.8367388",
        "Create Lag": "0.7586017",
        "Process Lag": "0.0781371"
      }
    ]
  },
  {
    "stopID": "29",
    "stopQueryTime": 1571258281155,
    "count": 6,
    "results": [
      {
        "Direction": "Inbound",
        "Destination": "Broombridge",
        "Time": "00:00:00",
        "AVLS": "00:00:26",
        "Tram": "5015",
        "Action": "a",
        "Msg Sent": "16/10/2019 21:37:56",
        "Msg Received": "16/10/2019 21:37:57",
        "Msg Processed": "16/10/2019 21:37:57",
        "XML ID": "35748",
        "Total Lag": "1.3835937",
        "Create Lag": "1.0707243",
        "Process Lag": "0.3128694"
      },
      {
        "Direction": "Inbound",
        "Destination": "Broombridge",
        "Time": "00:05:54",
        "AVLS": "00:06:34",
        "Tram": "5008",
        "Action": "a",
        "Msg Sent": "16/10/2019 21:37:56",
        "Msg Received": "16/10/2019 21:37:57",
        "Msg Processed": "16/10/2019 21:37:57",
        "XML ID": "35748",
        "Total Lag": "1.2582307",
        "Create Lag": "1.0707243",
        "Process Lag": "0.1875064"
      },
      {
        "Direction": "Outbound",
        "Destination": "Sandyford",
        "Time": "00:02:13",
        "AVLS": "00:02:53",
        "Tram": "5006",
        "Action": "a",
        "Msg Sent": "16/10/2019 21:37:56",
        "Msg Received": "16/10/2019 21:37:57",
        "Msg Processed": "16/10/2019 21:37:57",
        "XML ID": "35748",
        "Total Lag": "1.2113593",
        "Create Lag": "1.0707243",
        "Process Lag": "0.140635"
      },
      {
        "Direction": "Outbound",
        "Destination": "Sandyford",
        "Time": "00:05:16",
        "AVLS": "00:05:56",
        "Tram": "5027",
        "Action": "a",
        "Msg Sent": "16/10/2019 21:37:59",
        "Msg Received": "16/10/2019 21:37:59",
        "Msg Processed": "16/10/2019 21:37:59",
        "XML ID": "35749",
        "Total Lag": "0.8055",
        "Create Lag": "0.7586017",
        "Process Lag": "0.0468983"
      },
      {
        "Direction": "Outbound",
        "Destination": "Bride's Glen",
        "Time": "00:10:57",
        "AVLS": "00:11:37",
        "Tram": "5002",
        "Action": "a",
        "Msg Sent": "16/10/2019 21:37:56",
        "Msg Received": "16/10/2019 21:37:57",
        "Msg Processed": "16/10/2019 21:37:57",
        "XML ID": "35748",
        "Total Lag": "1.1644866",
        "Create Lag": "1.0707243",
        "Process Lag": "0.0937623"
      },
      {
        "Direction": "Outbound",
        "Destination": "Sandyford",
        "Time": "00:18:27",
        "AVLS": "00:19:07",
        "Tram": "5023",
        "Action": "a",
        "Msg Sent": "16/10/2019 21:37:59",
        "Msg Received": "16/10/2019 21:37:59",
        "Msg Processed": "16/10/2019 21:37:59",
        "XML ID": "35749",
        "Total Lag": "0.7898553",
        "Create Lag": "0.7586017",
        "Process Lag": "0.0312536"
      }
    ]
  },
  {
    "stopID": "24",
    "stopQueryTime": 1571258281159,
    "count": 6,
    "results": [
      {
        "Direction": "Inbound",
        "Destination": "Broombridge",
        "Time": "00:01:55",
        "AVLS": "00:02:35",
        "Tram": "5016",
        "Action": "a",
        "Msg Sent": "16/10/2019 21:37:56",
        "Msg Received": "16/10/2019 21:37:57",
        "Msg Processed": "16/10/2019 21:37:57",
        "XML ID": "35748",
        "Total Lag": "1.4304903",
        "Create Lag": "1.0707243",
        "Process Lag": "0.359766"
      },
      {
        "Direction": "Inbound",
        "Destination": "Broombridge",
        "Time": "00:09:15",
        "AVLS": "00:09:55",
        "Tram": "5015",
        "Action": "a",
        "Msg Sent": "16/10/2019 21:37:56",
        "Msg Received": "16/10/2019 21:37:57",
        "Msg Processed": "16/10/2019 21:37:57",
        "XML ID": "35748",
        "Total Lag": "1.4148544",
        "Create Lag": "1.0707243",
        "Process Lag": "0.3441301"
      },
      {
        "Direction": "Inbound",
        "Destination": "Broombridge",
        "Time": "00:15:23",
        "AVLS": "00:16:03",
        "Tram": "5008",
        "Action": "a",
        "Msg Sent": "16/10/2019 21:37:56",
        "Msg Received": "16/10/2019 21:37:57",
        "Msg Processed": "16/10/2019 21:37:57",
        "XML ID": "35748",
        "Total Lag": "1.2894754",
        "Create Lag": "1.0707243",
        "Process Lag": "0.2187511"
      },
      {
        "Direction": "Outbound",
        "Destination": "Bride's Glen",
        "Time": "00:01:29",
        "AVLS": "00:02:09",
        "Tram": "5002",
        "Action": "a",
        "Msg Sent": "16/10/2019 21:37:56",
        "Msg Received": "16/10/2019 21:37:57",
        "Msg Processed": "16/10/2019 21:37:57",
        "XML ID": "35748",
        "Total Lag": "1.133226",
        "Create Lag": "1.0707243",
        "Process Lag": "0.0625017"
      },
      {
        "Direction": "Outbound",
        "Destination": "Sandyford",
        "Time": "00:08:59",
        "AVLS": "00:09:39",
        "Tram": "5023",
        "Action": "a",
        "Msg Sent": "16/10/2019 21:37:59",
        "Msg Received": "16/10/2019 21:37:59",
        "Msg Processed": "16/10/2019 21:37:59",
        "XML ID": "35749",
        "Total Lag": "0.7742295",
        "Create Lag": "0.7586017",
        "Process Lag": "0.0156278"
      },
      {
        "Direction": "Outbound",
        "Destination": "Bride's Glen",
        "Time": "00:16:46",
        "AVLS": "00:17:26",
        "Tram": "5028",
        "Action": "a",
        "Msg Sent": "16/10/2019 21:37:59",
        "Msg Received": "16/10/2019 21:37:59",
        "Msg Processed": "16/10/2019 21:37:59",
        "XML ID": "35749",
        "Total Lag": "0.8367388",
        "Create Lag": "0.7586017",
        "Process Lag": "0.0781371"
      }
    ]
  },
  {
    "stopID": "28",
    "stopQueryTime": 1571258281162,
    "count": 6,
    "results": [
      {
        "Direction": "Inbound",
        "Destination": "Broombridge",
        "Time": "00:01:15",
        "AVLS": "00:01:55",
        "Tram": "5015",
        "Action": "a",
        "Msg Sent": "16/10/2019 21:37:56",
        "Msg Received": "16/10/2019 21:37:57",
        "Msg Processed": "16/10/2019 21:37:57",
        "XML ID": "35748",
        "Total Lag": "1.3992274",
        "Create Lag": "1.0707243",
        "Process Lag": "0.3285031"
      },
      {
        "Direction": "Inbound",
        "Destination": "Broombridge",
        "Time": "00:07:23",
        "AVLS": "00:08:03",
        "Tram": "5008",
        "Action": "a",
        "Msg Sent": "16/10/2019 21:37:56",
        "Msg Received": "16/10/2019 21:37:57",
        "Msg Processed": "16/10/2019 21:37:57",
        "XML ID": "35748",
        "Total Lag": "1.2582307",
        "Create Lag": "1.0707243",
        "Process Lag": "0.1875064"
      },
      {
        "Direction": "Outbound",
        "Destination": "Sandyford",
        "Time": "00:00:45",
        "AVLS": "00:01:25",
        "Tram": "5006",
        "Action": "a",
        "Msg Sent": "16/10/2019 21:37:56",
        "Msg Received": "16/10/2019 21:37:57",
        "Msg Processed": "16/10/2019 21:37:57",
        "XML ID": "35748",
        "Total Lag": "1.2113593",
        "Create Lag": "1.0707243",
        "Process Lag": "0.140635"
      },
      {
        "Direction": "Outbound",
        "Destination": "Sandyford",
        "Time": "00:03:48",
        "AVLS": "00:04:28",
        "Tram": "5027",
        "Action": "a",
        "Msg Sent": "16/10/2019 21:37:59",
        "Msg Received": "16/10/2019 21:37:59",
        "Msg Processed": "16/10/2019 21:37:59",
        "XML ID": "35749",
        "Total Lag": "0.7898553",
        "Create Lag": "0.7586017",
        "Process Lag": "0.0312536"
      },
      {
        "Direction": "Outbound",
        "Destination": "Bride's Glen",
        "Time": "00:09:29",
        "AVLS": "00:10:09",
        "Tram": "5002",
        "Action": "a",
        "Msg Sent": "16/10/2019 21:37:56",
        "Msg Received": "16/10/2019 21:37:57",
        "Msg Processed": "16/10/2019 21:37:57",
        "XML ID": "35748",
        "Total Lag": "1.1488492",
        "Create Lag": "1.0707243",
        "Process Lag": "0.0781249"
      },
      {
        "Direction": "Outbound",
        "Destination": "Sandyford",
        "Time": "00:16:59",
        "AVLS": "00:17:39",
        "Tram": "5023",
        "Action": "a",
        "Msg Sent": "16/10/2019 21:37:59",
        "Msg Received": "16/10/2019 21:37:59",
        "Msg Processed": "16/10/2019 21:37:59",
        "XML ID": "35749",
        "Total Lag": "0.7742295",
        "Create Lag": "0.7586017",
        "Process Lag": "0.0156278"
      }
    ]
  },
  {
    "stopID": "4",
    "stopQueryTime": 1571258281164,
    "count": 7,
    "results": [
      {
        "Direction": "Inbound",
        "Destination": "The Point",
        "Time": "00:00:00",
        "AVLS": "00:00:29",
        "Tram": "3025",
        "Action": "a",
        "Msg Sent": "16/10/2019 21:37:56",
        "Msg Received": "16/10/2019 21:37:56",
        "Msg Processed": "16/10/2019 21:37:57",
        "XML ID": "35747",
        "Total Lag": "1.0238665",
        "Create Lag": "0.7738528",
        "Process Lag": "0.2500137"
      },
      {
        "Direction": "Inbound",
        "Destination": "The Point",
        "Time": "00:14:26",
        "AVLS": "00:15:06",
        "Tram": "3012",
        "Action": "a",
        "Msg Sent": "16/10/2019 21:37:56",
        "Msg Received": "16/10/2019 21:37:56",
        "Msg Processed": "16/10/2019 21:37:56",
        "XML ID": "35747",
        "Total Lag": "0.8988601",
        "Create Lag": "0.7738528",
        "Process Lag": "0.1250073"
      },
      {
        "Direction": "Outbound",
        "Destination": "Saggart",
        "Time": "00:00:00",
        "AVLS": "00:00:00",
        "Tram": "3011",
        "Action": "a",
        "Msg Sent": "16/10/2019 21:37:56",
        "Msg Received": "16/10/2019 21:37:56",
        "Msg Processed": "16/10/2019 21:37:56",
        "XML ID": "35747",
        "Total Lag": "0.8519809",
        "Create Lag": "0.7738528",
        "Process Lag": "0.0781281"
      },
      {
        "Direction": "Outbound",
        "Destination": "Tallaght",
        "Time": "00:04:20",
        "AVLS": "00:05:00",
        "Tram": "3016",
        "Action": "a",
        "Msg Sent": "16/10/2019 21:37:56",
        "Msg Received": "16/10/2019 21:37:56",
        "Msg Processed": "16/10/2019 21:37:56",
        "XML ID": "35747",
        "Total Lag": "0.9613465",
        "Create Lag": "0.7738528",
        "Process Lag": "0.1874937"
      },
      {
        "Direction": "Outbound",
        "Destination": "Saggart",
        "Time": "00:08:54",
        "AVLS": "00:09:34",
        "Tram": "3015",
        "Action": "a",
        "Msg Sent": "16/10/2019 21:37:56",
        "Msg Received": "16/10/2019 21:37:56",
        "Msg Processed": "16/10/2019 21:37:56",
        "XML ID": "35747",
        "Total Lag": "0.9301085",
        "Create Lag": "0.7738528",
        "Process Lag": "0.1562557"
      },
      {
        "Direction": "Outbound",
        "Destination": "Tallaght",
        "Time": "00:14:39",
        "AVLS": "00:15:19",
        "Tram": "3014",
        "Action": "a",
        "Msg Sent": "16/10/2019 21:37:56",
        "Msg Received": "16/10/2019 21:37:56",
        "Msg Processed": "16/10/2019 21:37:56",
        "XML ID": "35747",
        "Total Lag": "0.9301085",
        "Create Lag": "0.7738528",
        "Process Lag": "0.1562557"
      },
      {
        "Direction": "Outbound",
        "Destination": "Saggart",
        "Time": "00:17:54",
        "AVLS": "00:18:34",
        "Tram": "3018",
        "Action": "a",
        "Msg Sent": "16/10/2019 21:37:56",
        "Msg Received": "16/10/2019 21:37:56",
        "Msg Processed": "16/10/2019 21:37:57",
        "XML ID": "35747",
        "Total Lag": "1.0238665",
        "Create Lag": "0.7738528",
        "Process Lag": "0.2500137"
      }
    ]
  },
  {
    "stopID": "32",
    "stopQueryTime": 1571258281178,
    "count": 6,
    "results": [
      {
        "Direction": "Inbound",
        "Destination": "Broombridge",
        "Time": "00:00:23",
        "AVLS": "00:01:03",
        "Tram": "5008",
        "Action": "a",
        "Msg Sent": "16/10/2019 21:37:56",
        "Msg Received": "16/10/2019 21:37:57",
        "Msg Processed": "16/10/2019 21:37:57",
        "XML ID": "35748",
        "Total Lag": "1.2426008",
        "Create Lag": "1.0707243",
        "Process Lag": "0.1718765"
      },
      {
        "Direction": "Inbound",
        "Destination": "Broombridge",
        "Time": "00:16:18",
        "AVLS": "00:16:58",
        "Tram": "5013",
        "Action": "a",
        "Msg Sent": "16/10/2019 21:37:56",
        "Msg Received": "16/10/2019 21:37:57",
        "Msg Processed": "16/10/2019 21:37:57",
        "XML ID": "35748",
        "Total Lag": "1.3835937",
        "Create Lag": "1.0707243",
        "Process Lag": "0.3128694"
      },
      {
        "Direction": "Outbound",
        "Destination": "Bride's Glen",
        "Time": "00:00:00",
        "AVLS": "00:00:02",
        "Tram": "5030",
        "Action": "a",
        "Msg Sent": "16/10/2019 21:37:59",
        "Msg Received": "16/10/2019 21:37:59",
        "Msg Processed": "16/10/2019 21:37:59",
        "XML ID": "35749",
        "Total Lag": "0.8849546",
        "Create Lag": "0.7586017",
        "Process Lag": "0.1263529"
      },
      {
        "Direction": "Outbound",
        "Destination": "Sandyford",
        "Time": "00:07:45",
        "AVLS": "00:08:25",
        "Tram": "5006",
        "Action": "a",
        "Msg Sent": "16/10/2019 21:37:56",
        "Msg Received": "16/10/2019 21:37:57",
        "Msg Processed": "16/10/2019 21:37:57",
        "XML ID": "35748",
        "Total Lag": "1.2269763",
        "Create Lag": "1.0707243",
        "Process Lag": "0.156252"
      },
      {
        "Direction": "Outbound",
        "Destination": "Sandyford",
        "Time": "00:10:48",
        "AVLS": "00:11:28",
        "Tram": "5027",
        "Action": "a",
        "Msg Sent": "16/10/2019 21:37:59",
        "Msg Received": "16/10/2019 21:37:59",
        "Msg Processed": "16/10/2019 21:37:59",
        "XML ID": "35749",
        "Total Lag": "0.8055",
        "Create Lag": "0.7586017",
        "Process Lag": "0.0468983"
      },
      {
        "Direction": "Outbound",
        "Destination": "Bride's Glen",
        "Time": "00:16:29",
        "AVLS": "00:17:09",
        "Tram": "5002",
        "Action": "a",
        "Msg Sent": "16/10/2019 21:37:56",
        "Msg Received": "16/10/2019 21:37:57",
        "Msg Processed": "16/10/2019 21:37:57",
        "XML ID": "35748",
        "Total Lag": "1.1644866",
        "Create Lag": "1.0707243",
        "Process Lag": "0.0937623"
      }
    ]
  }
]