[
  {
    "stopID": "23",
    "stopQueryTime": 1571258400842,
    "count": 0,
    "results": []
  },
  {
    "stopID": "58",
    "stopQueryTime": 1571258400851,
    "count": 0,
    "results": []
  },
  {
    "stopID": "48",
    "stopQueryTime": 1571258400878,
    "count": 1,
    "results": [
      {
        "Direction": "Inbound",
        "Destination": "Broombridge",
        "Time": "00:04:24",
        "AVLS": "00:05:04",
        "Tram": "5010",
        "Action": "d",
        "Msg Sent": "16/10/2019 21:39:56",
        "Msg Received": "16/10/2019 21:39:57",
        "Msg Processed": "16/10/2019 21:39:57",
        "XML ID": "35804",
        "Total Lag": "1.7127443",
        "Create Lag": "1.1645479",
        "Process Lag": "0.5481964"
      }
    ]
  },
  {
    "stopID": "3",
    "stopQueryTime": 1571258400895,
    "count": 3,
    "results": [
      {
        "Direction": "Inbound",
        "Destination": "The Point",
        "Time": "00:09:28",
        "AVLS": "00:10:08",
        "Tram": "3012",
        "Action": "a",
        "Msg Sent": "16/10/2019 21:39:56",
        "Msg Received": "16/10/2019 21:39:57",
        "Msg Processed": "16/10/2019 21:39:57",
        "XML ID": "35803",
        "Total Lag": "1.2884366",
        "Create Lag": "1.1645479",
        "Process Lag": "0.1238887"
      },
      {
        "Direction": "Outbound",
        "Destination": "Tallaght",
        "Time": "00:06:10",
        "AVLS": "00:06:50",
        "Tram": "3016",
        "Action": "a",
        "Msg Sent": "16/10/2019 21:39:59",
        "Msg Received": "16/10/2019 21:39:59",
        "Msg Processed": "16/10/2019 21:39:59",
        "XML ID": "35805",
        "Total Lag": "0.9949793",
        "Create Lag": "0.8387223",
        "Process Lag": "0.156257"
      },
      {
        "Direction": "Outbound",
        "Destination": "Tallaght",
        "Time": "00:14:57",
        "AVLS": "00:15:37",
        "Tram": "3014",
        "Action": "a",
        "Msg Sent": "16/10/2019 21:39:56",
        "Msg Received": "16/10/2019 21:39:57",
        "Msg Processed": "16/10/2019 21:39:57",
        "XML ID": "35803",
        "Total Lag": "1.3353194",
        "Create Lag": "1.1645479",
        "Process Lag": "0.1707715"
      }
    ]
  },
  {
    "stopID": "11",
    "stopQueryTime": 1571258400900,
    "count": 3,
    "results": [
      {
        "Direction": "Inbound",
        "Destination": "The Point",
        "Time": "00:13:16",
        "AVLS": "00:13:56",
        "Tram": "3025",
        "Action": "a",
        "Msg Sent": "16/10/2019 21:39:56",
        "Msg Received": "16/10/2019 21:39:57",
        "Msg Processed": "16/10/2019 21:39:57",
        "XML ID": "35803",
        "Total Lag": "1.4762908",
        "Create Lag": "1.1645479",
        "Process Lag": "0.3117429"
      },
      {
        "Direction": "Outbound",
        "Destination": "Tallaght",
        "Time": "00:07:09",
        "AVLS": "00:07:49",
        "Tram": "3017",
        "Action": "a",
        "Msg Sent": "16/10/2019 21:39:56",
        "Msg Received": "16/10/2019 21:39:57",
        "Msg Processed": "16/10/2019 21:39:57",
        "XML ID": "35803",
        "Total Lag": "1.4137967",
        "Create Lag": "1.1645479",
        "Process Lag": "0.2492488"
      },
      {
        "Direction": "Outbound",
        "Destination": "Tallaght",
        "Time": "00:17:42",
        "AVLS": "00:18:22",
        "Tram": "4009",
        "Action": "a",
        "Msg Sent": "16/10/2019 21:39:56",
        "Msg Received": "16/10/2019 21:39:57",
        "Msg Processed": "16/10/2019 21:39:57",
        "XML ID": "35804",
        "Total Lag": "1.555458",
        "Create Lag": "1.1645479",
        "Process Lag": "0.3909101"
      }
    ]
  },
  {
    "stopID": "16",
    "stopQueryTime": 1571258400903,
    "count": 2,
    "results": [
      {
        "Direction": "Inbound",
        "Destination": "The Point",
        "Time": "00:04:15",
        "AVLS": "00:04:55",
        "Tram": "3002",
        "Action": "a",
        "Msg Sent": "16/10/2019 21:39:56",
        "Msg Received": "16/10/2019 21:39:57",
        "Msg Processed": "16/10/2019 21:39:57",
        "XML ID": "35803",
        "Total Lag": "1.1645479",
        "Create Lag": "1.1645479",
        "Process Lag": "0"
      },
      {
        "Direction": "Outbound",
        "Destination": "Tallaght",
        "Time": "00:08:46",
        "AVLS": "00:09:26",
        "Tram": "4009",
        "Action": "a",
        "Msg Sent": "16/10/2019 21:39:56",
        "Msg Received": "16/10/2019 21:39:57",
        "Msg Processed": "16/10/2019 21:39:57",
        "XML ID": "35803",
        "Total Lag": "1.5398195",
        "Create Lag": "1.1645479",
        "Process Lag": "0.3752716"
      }
    ]
  },
  {
    "stopID": "36",
    "stopQueryTime": 1571258400906,
    "count": 2,
    "results": [
      {
        "Direction": "Inbound",
        "Destination": "Broombridge",
        "Time": "00:07:01",
        "AVLS": "00:07:41",
        "Tram": "5013",
        "Action": "a",
        "Msg Sent": "16/10/2019 21:39:56",
        "Msg Received": "16/10/2019 21:39:57",
        "Msg Processed": "16/10/2019 21:39:57",
        "XML ID": "35804",
        "Total Lag": "1.7908569",
        "Create Lag": "1.1645479",
        "Process Lag": "0.626309"
      },
      {
        "Direction": "Outbound",
        "Destination": "Bride's Glen",
        "Time": "00:03:44",
        "AVLS": "00:04:24",
        "Tram": "5030",
        "Action": "a",
        "Msg Sent": "16/10/2019 21:39:59",
        "Msg Received": "16/10/2019 21:39:59",
        "Msg Processed": "16/10/2019 21:39:59",
        "XML ID": "35805",
        "Total Lag": "0.9324718",
        "Create Lag": "0.8387223",
        "Process Lag": "0.0937495"
      }
    ]
  },
  {
    "stopID": "12",
    "stopQueryTime": 1571258400908,
    "count": 3,
    "results": [
      {
        "Direction": "Inbound",
        "Destination": "The Point",
        "Time": "00:14:18",
        "AVLS": "00:14:58",
        "Tram": "3025",
        "Action": "a",
        "Msg Sent": "16/10/2019 21:39:56",
        "Msg Received": "16/10/2019 21:39:57",
        "Msg Processed": "16/10/2019 21:39:57",
        "XML ID": "35803",
        "Total Lag": "1.4762908",
        "Create Lag": "1.1645479",
        "Process Lag": "0.3117429"
      },
      {
        "Direction": "Outbound",
        "Destination": "Tallaght",
        "Time": "00:06:04",
        "AVLS": "00:06:44",
        "Tram": "3017",
        "Action": "a",
        "Msg Sent": "16/10/2019 21:39:56",
        "Msg Received": "16/10/2019 21:39:57",
        "Msg Processed": "16/10/2019 21:39:57",
        "XML ID": "35803",
        "Total Lag": "1.3981617",
        "Create Lag": "1.1645479",
        "Process Lag": "0.2336138"
      },
      {
        "Direction": "Outbound",
        "Destination": "Tallaght",
        "Time": "00:16:37",
        "AVLS": "00:17:17",
        "Tram": "4009",
        "Action": "a",
        "Msg Sent": "16/10/2019 21:39:56",
        "Msg Received": "16/10/2019 21:39:57",
        "Msg Processed": "16/10/2019 21:39:57",
        "XML ID": "35803",
        "Total Lag": "1.555458",
        "Create Lag": "1.1645479",
        "Process Lag": "0.3909101"
      }
    ]
  },
  {
    "stopID": "19",
    "stopQueryTime": 1571258400914,
    "count": 3,
    "results": [
      {
        "Direction": "Inbound",
        "Destination": "The Point",
        "Time": "00:10:19",
        "AVLS": "00:10:59",
        "Tram": "3002",
        "Action": "a",
        "Msg Sent": "16/10/2019 21:39:56",
        "Msg Received": "16/10/2019 21:39:57",
        "Msg Processed": "16/10/2019 21:39:57",
        "XML ID": "35803",
        "Total Lag": "1.194686",
        "Create Lag": "1.1645479",
        "Process Lag": "0.0301381"
      },
      {
        "Direction": "Outbound",
        "Destination": "Tallaght",
        "Time": "00:03:22",
        "AVLS": "00:04:02",
        "Tram": "4009",
        "Action": "a",
        "Msg Sent": "16/10/2019 21:39:56",
        "Msg Received": "16/10/2019 21:39:57",
        "Msg Processed": "16/10/2019 21:39:57",
        "XML ID": "35803",
        "Total Lag": "1.5241772",
        "Create Lag": "1.1645479",
        "Process Lag": "0.3596293"
      },
      {
        "Direction": "Outbound",
        "Destination": "Tallaght",
        "Time": "00:16:00",
        "AVLS": "00:16:40",
        "Tram": "3009",
        "Action": "a",
        "Msg Sent": "16/10/2019 21:39:56",
        "Msg Received": "16/10/2019 21:39:57",
        "Msg Processed": "16/10/2019 21:39:57",
        "XML ID": "35803",
        "Total Lag": "1.2415626",
        "Create Lag": "1.1645479",
        "Process Lag": "0.0770147"
      }
    ]
  },
  {
    "stopID": "37",
    "stopQueryTime": 1571258400917,
    "count": 2,
    "results": [
      {
        "Direction": "Inbound",
        "Destination": "Broombridge",
        "Time": "00:04:37",
        "AVLS": "00:05:17",
        "Tram": "5013",
        "Action": "a",
        "Msg Sent": "16/10/2019 21:39:56",
        "Msg Received": "16/10/2019 21:39:57",
        "Msg Processed": "16/10/2019 21:39:57",
        "XML ID": "35804",
        "Total Lag": "1.7908569",
        "Create Lag": "1.1645479",
        "Process Lag": "0.626309"
      },
      {
        "Direction": "Outbound",
        "Destination": "Bride's Glen",
        "Time": "00:06:17",
        "AVLS": "00:06:57",
        "Tram": "5030",
        "Action": "a",
        "Msg Sent": "16/10/2019 21:39:59",
        "Msg Received": "16/10/2019 21:39:59",
        "Msg Processed": "16/10/2019 21:39:59",
        "XML ID": "35805",
        "Total Lag": "0.9480964",
        "Create Lag": "0.8387223",
        "Process Lag": "0.1093741"
      }
    ]
  },
  {
    "stopID": "10",
    "stopQueryTime": 1571258400920,
    "count": 3,
    "results": [
      {
        "Direction": "Inbound",
        "Destination": "The Point",
        "Time": "00:12:21",
        "AVLS": "00:13:01",
        "Tram": "3025",
        "Action": "a",
        "Msg Sent": "16/10/2019 21:39:56",
        "Msg Received": "16/10/2019 21:39:57",
        "Msg Processed": "16/10/2019 21:39:57",
        "XML ID": "35803",
        "Total Lag": "1.460666",
        "Create Lag": "1.1645479",
        "Process Lag": "0.2961181"
      },
      {
        "Direction": "Outbound",
        "Destination": "Tallaght",
        "Time": "00:08:05",
        "AVLS": "00:08:45",
        "Tram": "3017",
        "Action": "a",
        "Msg Sent": "16/10/2019 21:39:56",
        "Msg Received": "16/10/2019 21:39:57",
        "Msg Processed": "16/10/2019 21:39:57",
        "XML ID": "35803",
        "Total Lag": "1.4137967",
        "Create Lag": "1.1645479",
        "Process Lag": "0.2492488"
      },
      {
        "Direction": "Outbound",
        "Destination": "Tallaght",
        "Time": "00:18:38",
        "AVLS": "00:19:18",
        "Tram": "4009",
        "Action": "a",
        "Msg Sent": "16/10/2019 21:39:56",
        "Msg Received": "16/10/2019 21:39:57",
        "Msg Processed": "16/10/2019 21:39:57",
        "XML ID": "35804",
        "Total Lag": "1.5872088",
        "Create Lag": "1.1645479",
        "Process Lag": "0.4226609"
      }
    ]
  },
  {
    "stopID": "47",
    "stopQueryTime": 1571258400923,
    "count": 2,
    "results": [
      {
        "Direction": "Inbound",
        "Destination": "Broombridge",
        "Time": "00:05:32",
        "AVLS": "00:06:12",
        "Tram": "5010",
        "Action": "a",
        "Msg Sent": "16/10/2019 21:39:56",
        "Msg Received": "16/10/2019 21:39:57",
        "Msg Processed": "16/10/2019 21:39:57",
        "XML ID": "35804",
        "Total Lag": "1.7127443",
        "Create Lag": "1.1645479",
        "Process Lag": "0.5481964"
      },
      {
        "Direction": "Outbound",
        "Destination": "Bride's Glen",
        "Time": "00:11:38",
        "AVLS": "00:12:18",
        "Tram": "5003",
        "Action": "a",
        "Msg Sent": "16/10/2019 21:39:56",
        "Msg Received": "16/10/2019 21:39:57",
        "Msg Processed": "16/10/2019 21:39:57",
        "XML ID": "35804",
        "Total Lag": "1.6496974",
        "Create Lag": "1.1645479",
        "Process Lag": "0.4851495"
      }
    ]
  },
  {
    "stopID": "17",
    "stopQueryTime": 1571258400925,
    "count": 2,
    "results": [
      {
        "Direction": "Inbound",
        "Destination": "The Point",
        "Time": "00:06:39",
        "AVLS": "00:07:19",
        "Tram": "3002",
        "Action": "a",
        "Msg Sent": "16/10/2019 21:39:56",
        "Msg Received": "16/10/2019 21:39:57",
        "Msg Processed": "16/10/2019 21:39:57",
        "XML ID": "35803",
        "Total Lag": "1.1790652",
        "Create Lag": "1.1645479",
        "Process Lag": "0.0145173"
      },
      {
        "Direction": "Outbound",
        "Destination": "Tallaght",
        "Time": "00:06:47",
        "AVLS": "00:07:27",
        "Tram": "4009",
        "Action": "a",
        "Msg Sent": "16/10/2019 21:39:56",
        "Msg Received": "16/10/2019 21:39:57",
        "Msg Processed": "16/10/2019 21:39:57",
        "XML ID": "35803",
        "Total Lag": "1.5398195",
        "Create Lag": "1.1645479",
        "Process Lag": "0.3752716"
      }
    ]
  },
  {
    "stopID": "22",
    "stopQueryTime": 1571258400927,
    "count": 3,
    "results": [
      {
        "Direction": "Inbound",
        "Destination": "The Point",
        "Time": "00:04:41",
        "AVLS": "00:05:21",
        "Tram": "4002",
        "Action": "a",
        "Msg Sent": "16/10/2019 21:39:56",
        "Msg Received": "16/10/2019 21:39:57",
        "Msg Processed": "16/10/2019 21:39:57",
        "XML ID": "35803",
        "Total Lag": "1.4919761",
        "Create Lag": "1.1645479",
        "Process Lag": "0.3274282"
      },
      {
        "Direction": "Inbound",
        "Destination": "The Point",
        "Time": "00:18:19",
        "AVLS": "00:18:59",
        "Tram": "3002",
        "Action": "a",
        "Msg Sent": "16/10/2019 21:39:56",
        "Msg Received": "16/10/2019 21:39:57",
        "Msg Processed": "16/10/2019 21:39:57",
        "XML ID": "35803",
        "Total Lag": "1.194686",
        "Create Lag": "1.1645479",
        "Process Lag": "0.0301381"
      },
      {
        "Direction": "Outbound",
        "Destination": "Tallaght",
        "Time": "00:07:56",
        "AVLS": "00:08:36",
        "Tram": "3009",
        "Action": "a",
        "Msg Sent": "16/10/2019 21:39:56",
        "Msg Received": "16/10/2019 21:39:57",
        "Msg Processed": "16/10/2019 21:39:57",
        "XML ID": "35803",
        "Total Lag": "1.2259429",
        "Create Lag": "1.1645479",
        "Process Lag": "0.061395"
      }
    ]
  },
  {
    "stopID": "57",
    "stopQueryTime": 1571258400931,
    "count": 2,
    "results": [
      {
        "Direction": "Outbound",
        "Destination": "Tallaght",
        "Time": "00:01:54",
        "AVLS": "00:02:34",
        "Tram": "3009",
        "Action": "d",
        "Msg Sent": "16/10/2019 21:39:56",
        "Msg Received": "16/10/2019 21:39:57",
        "Msg Processed": "16/10/2019 21:39:57",
        "XML ID": "35803",
        "Total Lag": "1.2103169",
        "Create Lag": "1.1645479",
        "Process Lag": "0.045769"
      },
      {
        "Direction": "Outbound",
        "Destination": "Tallaght",
        "Time": "00:13:54",
        "AVLS": "00:14:34",
        "Tram": "4006",
        "Action": "d",
        "Msg Sent": "16/10/2019 21:39:56",
        "Msg Received": "16/10/2019 21:39:57",
        "Msg Processed": "16/10/2019 21:39:57",
        "XML ID": "35803",
        "Total Lag": "1.5091291",
        "Create Lag": "1.1645479",
        "Process Lag": "0.3445812"
      }
    ]
  },
  {
    "stopID": "18",
    "stopQueryTime": 1571258400936,
    "count": 3,
    "results": [
      {
        "Direction": "Inbound",
        "Destination": "The Point",
        "Time": "00:08:55",
        "AVLS": "00:09:35",
        "Tram": "3002",
        "Action": "a",
        "Msg Sent": "16/10/2019 21:39:56",
        "Msg Received": "16/10/2019 21:39:57",
        "Msg Processed": "16/10/2019 21:39:57",
        "XML ID": "35803",
        "Total Lag": "1.1790652",
        "Create Lag": "1.1645479",
        "Process Lag": "0.0145173"
      },
      {
        "Direction": "Outbound",
        "Destination": "Tallaght",
        "Time": "00:04:34",
        "AVLS": "00:05:14",
        "Tram": "4009",
        "Action": "a",
        "Msg Sent": "16/10/2019 21:39:56",
        "Msg Received": "16/10/2019 21:39:57",
        "Msg Processed": "16/10/2019 21:39:57",
        "XML ID": "35803",
        "Total Lag": "1.5398195",
        "Create Lag": "1.1645479",
        "Process Lag": "0.3752716"
      },
      {
        "Direction": "Outbound",
        "Destination": "Tallaght",
        "Time": "00:17:12",
        "AVLS": "00:17:52",
        "Tram": "3009",
        "Action": "a",
        "Msg Sent": "16/10/2019 21:39:56",
        "Msg Received": "16/10/2019 21:39:57",
        "Msg Processed": "16/10/2019 21:39:57",
        "XML ID": "35803",
        "Total Lag": "1.2415626",
        "Create Lag": "1.1645479",
        "Process Lag": "0.0770147"
      }
    ]
  },
  {
    "stopID": "7",
    "stopQueryTime": 1571258400944,
    "count": 3,
    "results": [
      {
        "Direction": "Inbound",
        "Destination": "The Point",
        "Time": "00:07:27",
        "AVLS": "00:08:07",
        "Tram": "3025",
        "Action": "a",
        "Msg Sent": "16/10/2019 21:39:56",
        "Msg Received": "16/10/2019 21:39:57",
        "Msg Processed": "16/10/2019 21:39:57",
        "XML ID": "35803",
        "Total Lag": "1.460666",
        "Create Lag": "1.1645479",
        "Process Lag": "0.2961181"
      },
      {
        "Direction": "Outbound",
        "Destination": "Tallaght",
        "Time": "00:03:35",
        "AVLS": "00:04:15",
        "Tram": "3014",
        "Action": "a",
        "Msg Sent": "16/10/2019 21:39:56",
        "Msg Received": "16/10/2019 21:39:57",
        "Msg Processed": "16/10/2019 21:39:57",
        "XML ID": "35803",
        "Total Lag": "1.3040809",
        "Create Lag": "1.1645479",
        "Process Lag": "0.139533"
      },
      {
        "Direction": "Outbound",
        "Destination": "Tallaght",
        "Time": "00:13:10",
        "AVLS": "00:13:50",
        "Tram": "3017",
        "Action": "a",
        "Msg Sent": "16/10/2019 21:39:56",
        "Msg Received": "16/10/2019 21:39:57",
        "Msg Processed": "16/10/2019 21:39:57",
        "XML ID": "35803",
        "Total Lag": "1.4294568",
        "Create Lag": "1.1645479",
        "Process Lag": "0.2649089"
      }
    ]
  },
  {
    "stopID": "20",
    "stopQueryTime": 1571258400945,
    "count": 3,
    "results": [
      {
        "Direction": "Inbound",
        "Destination": "The Point",
        "Time": "00:12:29",
        "AVLS": "00:13:09",
        "Tram": "3002",
        "Action": "a",
        "Msg Sent": "16/10/2019 21:39:56",
        "Msg Received": "16/10/2019 21:39:57",
        "Msg Processed": "16/10/2019 21:39:57",
        "XML ID": "35803",
        "Total Lag": "1.194686",
        "Create Lag": "1.1645479",
        "Process Lag": "0.0301381"
      },
      {
        "Direction": "Outbound",
        "Destination": "Tallaght",
        "Time": "00:01:13",
        "AVLS": "00:01:53",
        "Tram": "4009",
        "Action": "a",
        "Msg Sent": "16/10/2019 21:39:56",
        "Msg Received": "16/10/2019 21:39:57",
        "Msg Processed": "16/10/2019 21:39:57",
        "XML ID": "35803",
        "Total Lag": "1.5241772",
        "Create Lag": "1.1645479",
        "Process Lag": "0.3596293"
      },
      {
        "Direction": "Outbound",
        "Destination": "Tallaght",
        "Time": "00:13:51",
        "AVLS": "00:14:31",
        "Tram": "3009",
        "Action": "a",
        "Msg Sent": "16/10/2019 21:39:56",
        "Msg Received": "16/10/2019 21:39:57",
        "Msg Processed": "16/10/2019 21:39:57",
        "XML ID": "35803",
        "Total Lag": "1.2259429",
        "Create Lag": "1.1645479",
        "Process Lag": "0.061395"
      }
    ]
  },
  {
    "stopID": "42",
    "stopQueryTime": 1571258400953,
    "count": 3,
    "results": [
      {
        "Direction": "Inbound",
        "Destination": "Broombridge",
        "Time": "00:13:04",
        "AVLS": "00:13:44",
        "Tram": "5010",
        "Action": "a",
        "Msg Sent": "16/10/2019 21:39:56",
        "Msg Received": "16/10/2019 21:39:57",
        "Msg Processed": "16/10/2019 21:39:57",
        "XML ID": "35804",
        "Total Lag": "1.7439911",
        "Create Lag": "1.1645479",
        "Process Lag": "0.5794432"
      },
      {
        "Direction": "Outbound",
        "Destination": "Bride's Glen",
        "Time": "00:04:12",
        "AVLS": "00:04:52",
        "Tram": "5003",
        "Action": "a",
        "Msg Sent": "16/10/2019 21:39:56",
        "Msg Received": "16/10/2019 21:39:57",
        "Msg Processed": "16/10/2019 21:39:57",
        "XML ID": "35804",
        "Total Lag": "1.6341998",
        "Create Lag": "1.1645479",
        "Process Lag": "0.4696519"
      },
      {
        "Direction": "Outbound",
        "Destination": "Bride's Glen",
        "Time": "00:13:06",
        "AVLS": "00:13:46",
        "Tram": "5030",
        "Action": "a",
        "Msg Sent": "16/10/2019 21:39:59",
        "Msg Received": "16/10/2019 21:39:59",
        "Msg Processed": "16/10/2019 21:39:59",
        "XML ID": "35805",
        "Total Lag": "0.9637275",
        "Create Lag": "0.8387223",
        "Process Lag": "0.1250052"
      }
    ]
  },
  {
    "stopID": "6",
    "stopQueryTime": 1571258400955,
    "count": 4,
    "results": [
      {
        "Direction": "Inbound",
        "Destination": "The Point",
        "Time": "00:03:11",
        "AVLS": "00:03:51",
        "Tram": "3025",
        "Action": "a",
        "Msg Sent": "16/10/2019 21:39:56",
        "Msg Received": "16/10/2019 21:39:57",
        "Msg Processed": "16/10/2019 21:39:57",
        "XML ID": "35803",
        "Total Lag": "1.460666",
        "Create Lag": "1.1645479",
        "Process Lag": "0.2961181"
      },
      {
        "Direction": "Inbound",
        "Destination": "The Point",
        "Time": "00:17:33",
        "AVLS": "00:18:13",
        "Tram": "3012",
        "Action": "a",
        "Msg Sent": "16/10/2019 21:39:56",
        "Msg Received": "16/10/2019 21:39:57",
        "Msg Processed": "16/10/2019 21:39:57",
        "XML ID": "35803",
        "Total Lag": "1.3040809",
        "Create Lag": "1.1645479",
        "Process Lag": "0.139533"
      },
      {
        "Direction": "Outbound",
        "Destination": "Tallaght",
        "Time": "00:07:38",
        "AVLS": "00:08:18",
        "Tram": "3014",
        "Action": "a",
        "Msg Sent": "16/10/2019 21:39:56",
        "Msg Received": "16/10/2019 21:39:57",
        "Msg Processed": "16/10/2019 21:39:57",
        "XML ID": "35803",
        "Total Lag": "1.3196869",
        "Create Lag": "1.1645479",
        "Process Lag": "0.155139"
      },
      {
        "Direction": "Outbound",
        "Destination": "Tallaght",
        "Time": "00:17:13",
        "AVLS": "00:17:53",
        "Tram": "3017",
        "Action": "a",
        "Msg Sent": "16/10/2019 21:39:56",
        "Msg Received": "16/10/2019 21:39:57",
        "Msg Processed": "16/10/2019 21:39:57",
        "XML ID": "35803",
        "Total Lag": "1.4294568",
        "Create Lag": "1.1645479",
        "Process Lag": "0.2649089"
      }
    ]
  },
  {
    "stopID": "8",
    "stopQueryTime": 1571258400958,
    "count": 3,
    "results": [
      {
        "Direction": "Inbound",
        "Destination": "The Point",
        "Time": "00:08:58",
        "AVLS": "00:09:38",
        "Tram": "3025",
        "Action": "a",
        "Msg Sent": "16/10/2019 21:39:56",
        "Msg Received": "16/10/2019 21:39:57",
        "Msg Processed": "16/10/2019 21:39:57",
        "XML ID": "35803",
        "Total Lag": "1.460666",
        "Create Lag": "1.1645479",
        "Process Lag": "0.2961181"
      },
      {
        "Direction": "Outbound",
        "Destination": "Tallaght",
        "Time": "00:02:01",
        "AVLS": "00:02:41",
        "Tram": "3014",
        "Action": "a",
        "Msg Sent": "16/10/2019 21:39:56",
        "Msg Received": "16/10/2019 21:39:57",
        "Msg Processed": "16/10/2019 21:39:57",
        "XML ID": "35803",
        "Total Lag": "1.3040809",
        "Create Lag": "1.1645479",
        "Process Lag": "0.139533"
      },
      {
        "Direction": "Outbound",
        "Destination": "Tallaght",
        "Time": "00:11:36",
        "AVLS": "00:12:16",
        "Tram": "3017",
        "Action": "a",
        "Msg Sent": "16/10/2019 21:39:56",
        "Msg Received": "16/10/2019 21:39:57",
        "Msg Processed": "16/10/2019 21:39:57",
        "XML ID": "35803",
        "Total Lag": "1.4137967",
        "Create Lag": "1.1645479",
        "Process Lag": "0.2492488"
      }
    ]
  },
  {
    "stopID": "9",
    "stopQueryTime": 1571258400961,
    "count": 3,
    "results": [
      {
        "Direction": "Inbound",
        "Destination": "The Point",
        "Time": "00:11:07",
        "AVLS": "00:11:47",
        "Tram": "3025",
        "Action": "a",
        "Msg Sent": "16/10/2019 21:39:56",
        "Msg Received": "16/10/2019 21:39:57",
        "Msg Processed": "16/10/2019 21:39:57",
        "XML ID": "35803",
        "Total Lag": "1.460666",
        "Create Lag": "1.1645479",
        "Process Lag": "0.2961181"
      },
      {
        "Direction": "Outbound",
        "Destination": "Tallaght",
        "Time": "00:00:00",
        "AVLS": "00:00:26",
        "Tram": "3014",
        "Action": "a",
        "Msg Sent": "16/10/2019 21:39:56",
        "Msg Received": "16/10/2019 21:39:57",
        "Msg Processed": "16/10/2019 21:39:57",
        "XML ID": "35803",
        "Total Lag": "1.3040809",
        "Create Lag": "1.1645479",
        "Process Lag": "0.139533"
      },
      {
        "Direction": "Outbound",
        "Destination": "Tallaght",
        "Time": "00:09:21",
        "AVLS": "00:10:01",
        "Tram": "3017",
        "Action": "a",
        "Msg Sent": "16/10/2019 21:39:56",
        "Msg Received": "16/10/2019 21:39:57",
        "Msg Processed": "16/10/2019 21:39:57",
        "XML ID": "35803",
        "Total Lag": "1.4137967",
        "Create Lag": "1.1645479",
        "Process Lag": "0.2492488"
      }
    ]
  },
  {
    "stopID": "54",
    "stopQueryTime": 1571258400968,
    "count": 3,
    "results": [
      {
        "Direction": "Inbound",
        "Destination": "The Point",
        "Time": "00:06:35",
        "AVLS": "00:07:15",
        "Tram": "4002",
        "Action": "a",
        "Msg Sent": "16/10/2019 21:39:56",
        "Msg Received": "16/10/2019 21:39:57",
        "Msg Processed": "16/10/2019 21:39:57",
        "XML ID": "35803",
        "Total Lag": "1.4919761",
        "Create Lag": "1.1645479",
        "Process Lag": "0.3274282"
      },
      {
        "Direction": "Outbound",
        "Destination": "Tallaght",
        "Time": "00:06:00",
        "AVLS": "00:06:40",
        "Tram": "3009",
        "Action": "a",
        "Msg Sent": "16/10/2019 21:39:56",
        "Msg Received": "16/10/2019 21:39:57",
        "Msg Processed": "16/10/2019 21:39:57",
        "XML ID": "35803",
        "Total Lag": "1.2259429",
        "Create Lag": "1.1645479",
        "Process Lag": "0.061395"
      },
      {
        "Direction": "Outbound",
        "Destination": "Tallaght",
        "Time": "00:18:00",
        "AVLS": "00:18:40",
        "Tram": "4006",
        "Action": "a",
        "Msg Sent": "16/10/2019 21:39:56",
        "Msg Received": "16/10/2019 21:39:57",
        "Msg Processed": "16/10/2019 21:39:57",
        "XML ID": "35803",
        "Total Lag": "1.5241772",
        "Create Lag": "1.1645479",
        "Process Lag": "0.3596293"
      }
    ]
  },
  {
    "stopID": "55",
    "stopQueryTime": 1571258400971,
    "count": 3,
    "results": [
      {
        "Direction": "Inbound",
        "Destination": "The Point",
        "Time": "00:07:51",
        "AVLS": "00:08:31",
        "Tram": "4002",
        "Action": "a",
        "Msg Sent": "16/10/2019 21:39:56",
        "Msg Received": "16/10/2019 21:39:57",
        "Msg Processed": "16/10/2019 21:39:57",
        "XML ID": "35803",
        "Total Lag": "1.5091291",
        "Create Lag": "1.1645479",
        "Process Lag": "0.3445812"
      },
      {
        "Direction": "Outbound",
        "Destination": "Tallaght",
        "Time": "00:04:32",
        "AVLS": "00:05:12",
        "Tram": "3009",
        "Action": "a",
        "Msg Sent": "16/10/2019 21:39:56",
        "Msg Received": "16/10/2019 21:39:57",
        "Msg Processed": "16/10/2019 21:39:57",
        "XML ID": "35803",
        "Total Lag": "1.2103169",
        "Create Lag": "1.1645479",
        "Process Lag": "0.045769"
      },
      {
        "Direction": "Outbound",
        "Destination": "Tallaght",
        "Time": "00:16:32",
        "AVLS": "00:17:12",
        "Tram": "4006",
        "Action": "a",
        "Msg Sent": "16/10/2019 21:39:56",
        "Msg Received": "16/10/2019 21:39:57",
        "Msg Processed": "16/10/2019 21:39:57",
        "XML ID": "35803",
        "Total Lag": "1.5241772",
        "Create Lag": "1.1645479",
        "Process Lag": "0.3596293"
      }
    ]
  },
  {
    "stopID": "5",
    "stopQueryTime": 1571258400973,
    "count": 4,
    "results": [
      {
        "Direction": "Inbound",
        "Destination": "The Point",
        "Time": "00:00:04",
        "AVLS": "00:00:44",
        "Tram": "3025",
        "Action": "a",
        "Msg Sent": "16/10/2019 21:39:56",
        "Msg Received": "16/10/2019 21:39:57",
        "Msg Processed": "16/10/2019 21:39:57",
        "XML ID": "35803",
        "Total Lag": "1.4450393",
        "Create Lag": "1.1645479",
        "Process Lag": "0.2804914"
      },
      {
        "Direction": "Inbound",
        "Destination": "The Point",
        "Time": "00:14:26",
        "AVLS": "00:15:06",
        "Tram": "3012",
        "Action": "a",
        "Msg Sent": "16/10/2019 21:39:56",
        "Msg Received": "16/10/2019 21:39:57",
        "Msg Processed": "16/10/2019 21:39:57",
        "XML ID": "35803",
        "Total Lag": "1.3040809",
        "Create Lag": "1.1645479",
        "Process Lag": "0.139533"
      },
      {
        "Direction": "Outbound",
        "Destination": "Tallaght",
        "Time": "00:02:06",
        "AVLS": "00:02:46",
        "Tram": "3016",
        "Action": "a",
        "Msg Sent": "16/10/2019 21:39:59",
        "Msg Received": "16/10/2019 21:39:59",
        "Msg Processed": "16/10/2019 21:39:59",
        "XML ID": "35805",
        "Total Lag": "0.9793658",
        "Create Lag": "0.8387223",
        "Process Lag": "0.1406435"
      },
      {
        "Direction": "Outbound",
        "Destination": "Tallaght",
        "Time": "00:10:53",
        "AVLS": "00:11:33",
        "Tram": "3014",
        "Action": "a",
        "Msg Sent": "16/10/2019 21:39:56",
        "Msg Received": "16/10/2019 21:39:57",
        "Msg Processed": "16/10/2019 21:39:57",
        "XML ID": "35803",
        "Total Lag": "1.3196869",
        "Create Lag": "1.1645479",
        "Process Lag": "0.155139"
      }
    ]
  },
  {
    "stopID": "46",
    "stopQueryTime": 1571258400976,
    "count": 3,
    "results": [
      {
        "Direction": "Inbound",
        "Destination": "Broombridge",
        "Time": "00:07:33",
        "AVLS": "00:08:13",
        "Tram": "5010",
        "Action": "a",
        "Msg Sent": "16/10/2019 21:39:56",
        "Msg Received": "16/10/2019 21:39:57",
        "Msg Processed": "16/10/2019 21:39:57",
        "XML ID": "35804",
        "Total Lag": "1.7283665",
        "Create Lag": "1.1645479",
        "Process Lag": "0.5638186"
      },
      {
        "Direction": "Outbound",
        "Destination": "Bride's Glen",
        "Time": "00:09:41",
        "AVLS": "00:10:21",
        "Tram": "5003",
        "Action": "a",
        "Msg Sent": "16/10/2019 21:39:56",
        "Msg Received": "16/10/2019 21:39:57",
        "Msg Processed": "16/10/2019 21:39:57",
        "XML ID": "35804",
        "Total Lag": "1.6496974",
        "Create Lag": "1.1645479",
        "Process Lag": "0.4851495"
      },
      {
        "Direction": "Outbound",
        "Destination": "Bride's Glen",
        "Time": "00:18:35",
        "AVLS": "00:19:15",
        "Tram": "5030",
        "Action": "a",
        "Msg Sent": "16/10/2019 21:39:59",
        "Msg Received": "16/10/2019 21:39:59",
        "Msg Processed": "16/10/2019 21:39:59",
        "XML ID": "35805",
        "Total Lag": "0.9793658",
        "Create Lag": "0.8387223",
        "Process Lag": "0.1406435"
      }
    ]
  },
  {
    "stopID": "44",
    "stopQueryTime": 1571258400980,
    "count": 3,
    "results": [
      {
        "Direction": "Inbound",
        "Destination": "Broombridge",
        "Time": "00:10:24",
        "AVLS": "00:11:04",
        "Tram": "5010",
        "Action": "a",
        "Msg Sent": "16/10/2019 21:39:56",
        "Msg Received": "16/10/2019 21:39:57",
        "Msg Processed": "16/10/2019 21:39:57",
        "XML ID": "35804",
        "Total Lag": "1.7283665",
        "Create Lag": "1.1645479",
        "Process Lag": "0.5638186"
      },
      {
        "Direction": "Outbound",
        "Destination": "Bride's Glen",
        "Time": "00:06:50",
        "AVLS": "00:07:30",
        "Tram": "5003",
        "Action": "a",
        "Msg Sent": "16/10/2019 21:39:56",
        "Msg Received": "16/10/2019 21:39:57",
        "Msg Processed": "16/10/2019 21:39:57",
        "XML ID": "35804",
        "Total Lag": "1.6341998",
        "Create Lag": "1.1645479",
        "Process Lag": "0.4696519"
      },
      {
        "Direction": "Outbound",
        "Destination": "Bride's Glen",
        "Time": "00:15:44",
        "AVLS": "00:16:24",
        "Tram": "5030",
        "Action": "a",
        "Msg Sent": "16/10/2019 21:39:59",
        "Msg Received": "16/10/2019 21:39:59",
        "Msg Processed": "16/10/2019 21:39:59",
        "XML ID": "35805",
        "Total Lag": "0.9637275",
        "Create Lag": "0.8387223",
        "Process Lag": "0.1250052"
      }
    ]
  },
  {
    "stopID": "53",
    "stopQueryTime": 1571258400982,
    "count": 3,
    "results": [
      {
        "Direction": "Inbound",
        "Destination": "Belgard",
        "Time": "00:12:11",
        "AVLS": "00:12:51",
        "Tram": "3011",
        "Action": "d",
        "Msg Sent": "16/10/2019 21:39:56",
        "Msg Received": "16/10/2019 21:39:57",
        "Msg Processed": "16/10/2019 21:39:57",
        "XML ID": "35803",
        "Total Lag": "1.2571911",
        "Create Lag": "1.1645479",
        "Process Lag": "0.0926432"
      },
      {
        "Direction": "Terminating",
        "Destination": "Saggart",
        "Time": "00:08:11",
        "AVLS": "00:08:51",
        "Tram": "3011",
        "Action": "a",
        "Msg Sent": "16/10/2019 21:39:56",
        "Msg Received": "16/10/2019 21:39:57",
        "Msg Processed": "16/10/2019 21:39:57",
        "XML ID": "35803",
        "Total Lag": "1.2571911",
        "Create Lag": "1.1645479",
        "Process Lag": "0.0926432"
      },
      {
        "Direction": "Terminating",
        "Destination": "Saggart",
        "Time": "00:17:24",
        "AVLS": "00:18:04",
        "Tram": "3015",
        "Action": "a",
        "Msg Sent": "16/10/2019 21:39:56",
        "Msg Received": "16/10/2019 21:39:57",
        "Msg Processed": "16/10/2019 21:39:57",
        "XML ID": "35803",
        "Total Lag": "1.3668949",
        "Create Lag": "1.1645479",
        "Process Lag": "0.202347"
      }
    ]
  },
  {
    "stopID": "45",
    "stopQueryTime": 1571258400984,
    "count": 3,
    "results": [
      {
        "Direction": "Inbound",
        "Destination": "Broombridge",
        "Time": "00:08:55",
        "AVLS": "00:09:35",
        "Tram": "5010",
        "Action": "a",
        "Msg Sent": "16/10/2019 21:39:56",
        "Msg Received": "16/10/2019 21:39:57",
        "Msg Processed": "16/10/2019 21:39:57",
        "XML ID": "35804",
        "Total Lag": "1.7283665",
        "Create Lag": "1.1645479",
        "Process Lag": "0.5638186"
      },
      {
        "Direction": "Outbound",
        "Destination": "Bride's Glen",
        "Time": "00:08:18",
        "AVLS": "00:08:58",
        "Tram": "5003",
        "Action": "a",
        "Msg Sent": "16/10/2019 21:39:56",
        "Msg Received": "16/10/2019 21:39:57",
        "Msg Processed": "16/10/2019 21:39:57",
        "XML ID": "35804",
        "Total Lag": "1.6341998",
        "Create Lag": "1.1645479",
        "Process Lag": "0.4696519"
      },
      {
        "Direction": "Outbound",
        "Destination": "Bride's Glen",
        "Time": "00:17:12",
        "AVLS": "00:17:52",
        "Tram": "5030",
        "Action": "a",
        "Msg Sent": "16/10/2019 21:39:59",
        "Msg Received": "16/10/2019 21:39:59",
        "Msg Processed": "16/10/2019 21:39:59",
        "XML ID": "35805",
        "Total Lag": "0.9637275",
        "Create Lag": "0.8387223",
        "Process Lag": "0.1250052"
      }
    ]
  },
  {
    "stopID": "38",
    "stopQueryTime": 1571258400992,
    "count": 3,
    "results": [
      {
        "Direction": "Inbound",
        "Destination": "Broombridge",
        "Time": "00:03:07",
        "AVLS": "00:03:47",
        "Tram": "5013",
        "Action": "a",
        "Msg Sent": "16/10/2019 21:39:56",
        "Msg Received": "16/10/2019 21:39:57",
        "Msg Processed": "16/10/2019 21:39:57",
        "XML ID": "35804",
        "Total Lag": "1.7908569",
        "Create Lag": "1.1645479",
        "Process Lag": "0.626309"
      },
      {
        "Direction": "Inbound",
        "Destination": "Broombridge",
        "Time": "00:18:30",
        "AVLS": "00:19:10",
        "Tram": "5010",
        "Action": "a",
        "Msg Sent": "16/10/2019 21:39:56",
        "Msg Received": "16/10/2019 21:39:57",
        "Msg Processed": "16/10/2019 21:39:57",
        "XML ID": "35804",
        "Total Lag": "1.7596204",
        "Create Lag": "1.1645479",
        "Process Lag": "0.5950725"
      },
      {
        "Direction": "Outbound",
        "Destination": "Bride's Glen",
        "Time": "00:07:45",
        "AVLS": "00:08:25",
        "Tram": "5030",
        "Action": "a",
        "Msg Sent": "16/10/2019 21:39:59",
        "Msg Received": "16/10/2019 21:39:59",
        "Msg Processed": "16/10/2019 21:39:59",
        "XML ID": "35805",
        "Total Lag": "0.9480964",
        "Create Lag": "0.8387223",
        "Process Lag": "0.1093741"
      }
    ]
  },
  {
    "stopID": "21",
    "stopQueryTime": 1571258400995,
    "count": 3,
    "results": [
      {
        "Direction": "Inbound",
        "Destination": "The Point",
        "Time": "00:01:37",
        "AVLS": "00:02:17",
        "Tram": "4002",
        "Action": "a",
        "Msg Sent": "16/10/2019 21:39:56",
        "Msg Received": "16/10/2019 21:39:57",
        "Msg Processed": "16/10/2019 21:39:57",
        "XML ID": "35803",
        "Total Lag": "1.4919761",
        "Create Lag": "1.1645479",
        "Process Lag": "0.3274282"
      },
      {
        "Direction": "Inbound",
        "Destination": "The Point",
        "Time": "00:15:15",
        "AVLS": "00:15:55",
        "Tram": "3002",
        "Action": "a",
        "Msg Sent": "16/10/2019 21:39:56",
        "Msg Received": "16/10/2019 21:39:57",
        "Msg Processed": "16/10/2019 21:39:57",
        "XML ID": "35803",
        "Total Lag": "1.194686",
        "Create Lag": "1.1645479",
        "Process Lag": "0.0301381"
      },
      {
        "Direction": "Outbound",
        "Destination": "Tallaght",
        "Time": "00:11:24",
        "AVLS": "00:12:04",
        "Tram": "3009",
        "Action": "a",
        "Msg Sent": "16/10/2019 21:39:56",
        "Msg Received": "16/10/2019 21:39:57",
        "Msg Processed": "16/10/2019 21:39:57",
        "XML ID": "35803",
        "Total Lag": "1.2259429",
        "Create Lag": "1.1645479",
        "Process Lag": "0.061395"
      }
    ]
  },
  {
    "stopID": "43",
    "stopQueryTime": 1571258401001,
    "count": 3,
    "results": [
      {
        "Direction": "Inbound",
        "Destination": "Broombridge",
        "Time": "00:11:28",
        "AVLS": "00:12:08",
        "Tram": "5010",
        "Action": "a",
        "Msg Sent": "16/10/2019 21:39:56",
        "Msg Received": "16/10/2019 21:39:57",
        "Msg Processed": "16/10/2019 21:39:57",
        "XML ID": "35804",
        "Total Lag": "1.7439911",
        "Create Lag": "1.1645479",
        "Process Lag": "0.5794432"
      },
      {
        "Direction": "Outbound",
        "Destination": "Bride's Glen",
        "Time": "00:05:45",
        "AVLS": "00:06:25",
        "Tram": "5003",
        "Action": "a",
        "Msg Sent": "16/10/2019 21:39:56",
        "Msg Received": "16/10/2019 21:39:57",
        "Msg Processed": "16/10/2019 21:39:57",
        "XML ID": "35804",
        "Total Lag": "1.6341998",
        "Create Lag": "1.1645479",
        "Process Lag": "0.4696519"
      },
      {
        "Direction": "Outbound",
        "Destination": "Bride's Glen",
        "Time": "00:14:39",
        "AVLS": "00:15:19",
        "Tram": "5030",
        "Action": "a",
        "Msg Sent": "16/10/2019 21:39:59",
        "Msg Received": "16/10/2019 21:39:59",
        "Msg Processed": "16/10/2019 21:39:59",
        "XML ID": "35805",
        "Total Lag": "0.9637275",
        "Create Lag": "0.8387223",
        "Process Lag": "0.1250052"
      }
    ]
  },
  {
    "stopID": "14",
    "stopQueryTime": 1571258401004,
    "count": 4,
    "results": [
      {
        "Direction": "Inbound",
        "Destination": "The Point",
        "Time": "00:00:00",
        "AVLS": "00:00:36",
        "Tram": "3002",
        "Action": "a",
        "Msg Sent": "16/10/2019 21:39:56",
        "Msg Received": "16/10/2019 21:39:57",
        "Msg Processed": "16/10/2019 21:39:57",
        "XML ID": "35803",
        "Total Lag": "1.1645479",
        "Create Lag": "1.1645479",
        "Process Lag": "0"
      },
      {
        "Direction": "Inbound",
        "Destination": "The Point",
        "Time": "00:16:52",
        "AVLS": "00:17:32",
        "Tram": "3025",
        "Action": "a",
        "Msg Sent": "16/10/2019 21:39:56",
        "Msg Received": "16/10/2019 21:39:57",
        "Msg Processed": "16/10/2019 21:39:57",
        "XML ID": "35803",
        "Total Lag": "1.4762908",
        "Create Lag": "1.1645479",
        "Process Lag": "0.3117429"
      },
      {
        "Direction": "Outbound",
        "Destination": "Tallaght",
        "Time": "00:03:23",
        "AVLS": "00:04:03",
        "Tram": "3017",
        "Action": "a",
        "Msg Sent": "16/10/2019 21:39:56",
        "Msg Received": "16/10/2019 21:39:57",
        "Msg Processed": "16/10/2019 21:39:57",
        "XML ID": "35803",
        "Total Lag": "1.3981617",
        "Create Lag": "1.1645479",
        "Process Lag": "0.2336138"
      },
      {
        "Direction": "Outbound",
        "Destination": "Tallaght",
        "Time": "00:13:56",
        "AVLS": "00:14:36",
        "Tram": "4009",
        "Action": "a",
        "Msg Sent": "16/10/2019 21:39:56",
        "Msg Received": "16/10/2019 21:39:57",
        "Msg Processed": "16/10/2019 21:39:57",
        "XML ID": "35803",
        "Total Lag": "1.5398195",
        "Create Lag": "1.1645479",
        "Process Lag": "0.3752716"
      }
    ]
  },
  {
    "stopID": "15",
    "stopQueryTime": 1571258401006,
    "count": 4,
    "results": [
      {
        "Direction": "Inbound",
        "Destination": "The Point",
        "Time": "00:01:40",
        "AVLS": "00:02:20",
        "Tram": "3002",
        "Action": "a",
        "Msg Sent": "16/10/2019 21:39:56",
        "Msg Received": "16/10/2019 21:39:57",
        "Msg Processed": "16/10/2019 21:39:57",
        "XML ID": "35803",
        "Total Lag": "1.1645479",
        "Create Lag": "1.1645479",
        "Process Lag": "0"
      },
      {
        "Direction": "Inbound",
        "Destination": "The Point",
        "Time": "00:18:36",
        "AVLS": "00:19:16",
        "Tram": "3025",
        "Action": "a",
        "Msg Sent": "16/10/2019 21:39:56",
        "Msg Received": "16/10/2019 21:39:57",
        "Msg Processed": "16/10/2019 21:39:57",
        "XML ID": "35803",
        "Total Lag": "1.4919761",
        "Create Lag": "1.1645479",
        "Process Lag": "0.3274282"
      },
      {
        "Direction": "Outbound",
        "Destination": "Tallaght",
        "Time": "00:01:24",
        "AVLS": "00:02:04",
        "Tram": "3017",
        "Action": "a",
        "Msg Sent": "16/10/2019 21:39:56",
        "Msg Received": "16/10/2019 21:39:57",
        "Msg Processed": "16/10/2019 21:39:57",
        "XML ID": "35803",
        "Total Lag": "1.3981617",
        "Create Lag": "1.1645479",
        "Process Lag": "0.2336138"
      },
      {
        "Direction": "Outbound",
        "Destination": "Tallaght",
        "Time": "00:11:57",
        "AVLS": "00:12:37",
        "Tram": "4009",
        "Action": "a",
        "Msg Sent": "16/10/2019 21:39:56",
        "Msg Received": "16/10/2019 21:39:57",
        "Msg Processed": "16/10/2019 21:39:57",
        "XML ID": "35803",
        "Total Lag": "1.5398195",
        "Create Lag": "1.1645479",
        "Process Lag": "0.3752716"
      }
    ]
  },
  {
    "stopID": "32",
    "stopQueryTime": 1571258401009,
    "count": 4,
    "results": [
      {
        "Direction": "Inbound",
        "Destination": "Broombridge",
        "Time": "00:14:01",
        "AVLS": "00:14:41",
        "Tram": "5013",
        "Action": "a",
        "Msg Sent": "16/10/2019 21:39:56",
        "Msg Received": "16/10/2019 21:39:57",
        "Msg Processed": "16/10/2019 21:39:57",
        "XML ID": "35804",
        "Total Lag": "1.8064815",
        "Create Lag": "1.1645479",
        "Process Lag": "0.6419336"
      },
      {
        "Direction": "Outbound",
        "Destination": "Sandyford",
        "Time": "00:05:00",
        "AVLS": "00:05:40",
        "Tram": "5006",
        "Action": "a",
        "Msg Sent": "16/10/2019 21:39:56",
        "Msg Received": "16/10/2019 21:39:57",
        "Msg Processed": "16/10/2019 21:39:57",
        "XML ID": "35804",
        "Total Lag": "1.6658778",
        "Create Lag": "1.1645479",
        "Process Lag": "0.5013299"
      },
      {
        "Direction": "Outbound",
        "Destination": "Sandyford",
        "Time": "00:08:04",
        "AVLS": "00:08:44",
        "Tram": "5027",
        "Action": "a",
        "Msg Sent": "16/10/2019 21:39:59",
        "Msg Received": "16/10/2019 21:39:59",
        "Msg Processed": "16/10/2019 21:39:59",
        "XML ID": "35805",
        "Total Lag": "0.8543453",
        "Create Lag": "0.8387223",
        "Process Lag": "0.015623"
      },
      {
        "Direction": "Outbound",
        "Destination": "Bride's Glen",
        "Time": "00:14:08",
        "AVLS": "00:14:48",
        "Tram": "5002",
        "Action": "a",
        "Msg Sent": "16/10/2019 21:39:56",
        "Msg Received": "16/10/2019 21:39:57",
        "Msg Processed": "16/10/2019 21:39:57",
        "XML ID": "35804",
        "Total Lag": "1.6028127",
        "Create Lag": "1.1645479",
        "Process Lag": "0.4382648"
      }
    ]
  },
  {
    "stopID": "1",
    "stopQueryTime": 1571258401012,
    "count": 4,
    "results": [
      {
        "Direction": "Inbound",
        "Destination": "The Point",
        "Time": "00:06:33",
        "AVLS": "00:07:13",
        "Tram": "3012",
        "Action": "d",
        "Msg Sent": "16/10/2019 21:39:56",
        "Msg Received": "16/10/2019 21:39:57",
        "Msg Processed": "16/10/2019 21:39:57",
        "XML ID": "35803",
        "Total Lag": "1.2884366",
        "Create Lag": "1.1645479",
        "Process Lag": "0.1238887"
      },
      {
        "Direction": "Terminating",
        "Destination": "Tallaght",
        "Time": "00:02:33",
        "AVLS": "00:03:13",
        "Tram": "3012",
        "Action": "a",
        "Msg Sent": "16/10/2019 21:39:56",
        "Msg Received": "16/10/2019 21:39:57",
        "Msg Processed": "16/10/2019 21:39:57",
        "XML ID": "35803",
        "Total Lag": "1.27281",
        "Create Lag": "1.1645479",
        "Process Lag": "0.1082621"
      },
      {
        "Direction": "Terminating",
        "Destination": "Tallaght",
        "Time": "00:09:51",
        "AVLS": "00:10:31",
        "Tram": "3016",
        "Action": "a",
        "Msg Sent": "16/10/2019 21:39:59",
        "Msg Received": "16/10/2019 21:39:59",
        "Msg Processed": "16/10/2019 21:40:00",
        "XML ID": "35805",
        "Total Lag": "1.010605",
        "Create Lag": "0.8387223",
        "Process Lag": "0.1718827"
      },
      {
        "Direction": "Terminating",
        "Destination": "Tallaght",
        "Time": "00:18:38",
        "AVLS": "00:19:18",
        "Tram": "3014",
        "Action": "a",
        "Msg Sent": "16/10/2019 21:39:56",
        "Msg Received": "16/10/2019 21:39:57",
        "Msg Processed": "16/10/2019 21:39:57",
        "XML ID": "35803",
        "Total Lag": "1.3353194",
        "Create Lag": "1.1645479",
        "Process Lag": "0.1707715"
      }
    ]
  },
  {
    "stopID": "39",
    "stopQueryTime": 1571258401014,
    "count": 4,
    "results": [
      {
        "Direction": "Inbound",
        "Destination": "Broombridge",
        "Time": "00:01:22",
        "AVLS": "00:02:02",
        "Tram": "5013",
        "Action": "a",
        "Msg Sent": "16/10/2019 21:39:56",
        "Msg Received": "16/10/2019 21:39:57",
        "Msg Processed": "16/10/2019 21:39:57",
        "XML ID": "35804",
        "Total Lag": "1.7752354",
        "Create Lag": "1.1645479",
        "Process Lag": "0.6106875"
      },
      {
        "Direction": "Inbound",
        "Destination": "Broombridge",
        "Time": "00:16:45",
        "AVLS": "00:17:25",
        "Tram": "5010",
        "Action": "a",
        "Msg Sent": "16/10/2019 21:39:56",
        "Msg Received": "16/10/2019 21:39:57",
        "Msg Processed": "16/10/2019 21:39:57",
        "XML ID": "35804",
        "Total Lag": "1.7596204",
        "Create Lag": "1.1645479",
        "Process Lag": "0.5950725"
      },
      {
        "Direction": "Outbound",
        "Destination": "Bride's Glen",
        "Time": "00:00:36",
        "AVLS": "00:01:16",
        "Tram": "5003",
        "Action": "a",
        "Msg Sent": "16/10/2019 21:39:56",
        "Msg Received": "16/10/2019 21:39:57",
        "Msg Processed": "16/10/2019 21:39:57",
        "XML ID": "35804",
        "Total Lag": "1.618459",
        "Create Lag": "1.1645479",
        "Process Lag": "0.4539111"
      },
      {
        "Direction": "Outbound",
        "Destination": "Bride's Glen",
        "Time": "00:09:30",
        "AVLS": "00:10:10",
        "Tram": "5030",
        "Action": "a",
        "Msg Sent": "16/10/2019 21:39:59",
        "Msg Received": "16/10/2019 21:39:59",
        "Msg Processed": "16/10/2019 21:39:59",
        "XML ID": "35805",
        "Total Lag": "0.9480964",
        "Create Lag": "0.8387223",
        "Process Lag": "0.1093741"
      }
    ]
  },
  {
    "stopID": "26",
    "stopQueryTime": 1571258401016,
    "count": 4,
    "results": [
      {
        "Direction": "Inbound",
        "Destination": "Broombridge",
        "Time": "00:02:02",
        "AVLS": "00:02:42",
        "Tram": "5015",
        "Action": "a",
        "Msg Sent": "16/10/2019 21:39:56",
        "Msg Received": "16/10/2019 21:39:57",
        "Msg Processed": "16/10/2019 21:39:57",
        "XML ID": "35804",
        "Total Lag": "1.8230866",
        "Create Lag": "1.1645479",
        "Process Lag": "0.6585387"
      },
      {
        "Direction": "Inbound",
        "Destination": "Broombridge",
        "Time": "00:08:12",
        "AVLS": "00:08:52",
        "Tram": "5008",
        "Action": "a",
        "Msg Sent": "16/10/2019 21:39:56",
        "Msg Received": "16/10/2019 21:39:57",
        "Msg Processed": "16/10/2019 21:39:57",
        "XML ID": "35804",
        "Total Lag": "1.697106",
        "Create Lag": "1.1645479",
        "Process Lag": "0.5325581"
      },
      {
        "Direction": "Outbound",
        "Destination": "Bride's Glen",
        "Time": "00:03:46",
        "AVLS": "00:04:26",
        "Tram": "5002",
        "Action": "a",
        "Msg Sent": "16/10/2019 21:39:56",
        "Msg Received": "16/10/2019 21:39:57",
        "Msg Processed": "16/10/2019 21:39:57",
        "XML ID": "35804",
        "Total Lag": "1.5872088",
        "Create Lag": "1.1645479",
        "Process Lag": "0.4226609"
      },
      {
        "Direction": "Outbound",
        "Destination": "Sandyford",
        "Time": "00:11:32",
        "AVLS": "00:12:12",
        "Tram": "5023",
        "Action": "a",
        "Msg Sent": "16/10/2019 21:39:56",
        "Msg Received": "16/10/2019 21:39:57",
        "Msg Processed": "16/10/2019 21:39:57",
        "XML ID": "35804",
        "Total Lag": "1.9637227",
        "Create Lag": "1.1645479",
        "Process Lag": "0.7991748"
      }
    ]
  },
  {
    "stopID": "13",
    "stopQueryTime": 1571258401019,
    "count": 4,
    "results": [
      {
        "Direction": "Inbound",
        "Destination": "The Point",
        "Time": "00:00:00",
        "AVLS": "00:00:00",
        "Tram": "3002",
        "Action": "a",
        "Msg Sent": "16/10/2019 21:39:39",
        "Msg Received": "16/10/2019 21:39:39",
        "Msg Processed": "16/10/2019 21:39:39",
        "XML ID": "35795",
        "Total Lag": "0.8814634",
        "Create Lag": "0.7095803",
        "Process Lag": "0.1718831"
      },
      {
        "Direction": "Inbound",
        "Destination": "The Point",
        "Time": "00:15:56",
        "AVLS": "00:16:36",
        "Tram": "3025",
        "Action": "a",
        "Msg Sent": "16/10/2019 21:39:56",
        "Msg Received": "16/10/2019 21:39:57",
        "Msg Processed": "16/10/2019 21:39:57",
        "XML ID": "35803",
        "Total Lag": "1.4762908",
        "Create Lag": "1.1645479",
        "Process Lag": "0.3117429"
      },
      {
        "Direction": "Outbound",
        "Destination": "Tallaght",
        "Time": "00:04:23",
        "AVLS": "00:05:03",
        "Tram": "3017",
        "Action": "a",
        "Msg Sent": "16/10/2019 21:39:56",
        "Msg Received": "16/10/2019 21:39:57",
        "Msg Processed": "16/10/2019 21:39:57",
        "XML ID": "35803",
        "Total Lag": "1.3981617",
        "Create Lag": "1.1645479",
        "Process Lag": "0.2336138"
      },
      {
        "Direction": "Outbound",
        "Destination": "Tallaght",
        "Time": "00:14:56",
        "AVLS": "00:15:36",
        "Tram": "4009",
        "Action": "a",
        "Msg Sent": "16/10/2019 21:39:56",
        "Msg Received": "16/10/2019 21:39:57",
        "Msg Processed": "16/10/2019 21:39:57",
        "XML ID": "35803",
        "Total Lag": "1.555458",
        "Create Lag": "1.1645479",
        "Process Lag": "0.3909101"
      }
    ]
  },
  {
    "stopID": "2",
    "stopQueryTime": 1571258401022,
    "count": 4,
    "results": [
      {
        "Direction": "Inbound",
        "Destination": "The Point",
        "Time": "00:07:47",
        "AVLS": "00:08:27",
        "Tram": "3012",
        "Action": "a",
        "Msg Sent": "16/10/2019 21:39:56",
        "Msg Received": "16/10/2019 21:39:57",
        "Msg Processed": "16/10/2019 21:39:57",
        "XML ID": "35803",
        "Total Lag": "1.2884366",
        "Create Lag": "1.1645479",
        "Process Lag": "0.1238887"
      },
      {
        "Direction": "Outbound",
        "Destination": "Tallaght",
        "Time": "00:00:27",
        "AVLS": "00:01:07",
        "Tram": "3012",
        "Action": "a",
        "Msg Sent": "16/10/2019 21:39:56",
        "Msg Received": "16/10/2019 21:39:57",
        "Msg Processed": "16/10/2019 21:39:57",
        "XML ID": "35803",
        "Total Lag": "1.27281",
        "Create Lag": "1.1645479",
        "Process Lag": "0.1082621"
      },
      {
        "Direction": "Outbound",
        "Destination": "Tallaght",
        "Time": "00:07:45",
        "AVLS": "00:08:25",
        "Tram": "3016",
        "Action": "a",
        "Msg Sent": "16/10/2019 21:39:59",
        "Msg Received": "16/10/2019 21:39:59",
        "Msg Processed": "16/10/2019 21:39:59",
        "XML ID": "35805",
        "Total Lag": "0.9949793",
        "Create Lag": "0.8387223",
        "Process Lag": "0.156257"
      },
      {
        "Direction": "Outbound",
        "Destination": "Tallaght",
        "Time": "00:16:32",
        "AVLS": "00:17:12",
        "Tram": "3014",
        "Action": "a",
        "Msg Sent": "16/10/2019 21:39:56",
        "Msg Received": "16/10/2019 21:39:57",
        "Msg Processed": "16/10/2019 21:39:57",
        "XML ID": "35803",
        "Total Lag": "1.3353194",
        "Create Lag": "1.1645479",
        "Process Lag": "0.1707715"
      }
    ]
  },
  {
    "stopID": "49",
    "stopQueryTime": 1571258401026,
    "count": 4,
    "results": [
      {
        "Direction": "Inbound",
        "Destination": "Belgard",
        "Time": "00:04:06",
        "AVLS": "00:04:46",
        "Tram": "3018",
        "Action": "a",
        "Msg Sent": "16/10/2019 21:39:56",
        "Msg Received": "16/10/2019 21:39:57",
        "Msg Processed": "16/10/2019 21:39:57",
        "XML ID": "35803",
        "Total Lag": "1.4450393",
        "Create Lag": "1.1645479",
        "Process Lag": "0.2804914"
      },
      {
        "Direction": "Inbound",
        "Destination": "Belgard",
        "Time": "00:19:17",
        "AVLS": "00:19:57",
        "Tram": "3011",
        "Action": "a",
        "Msg Sent": "16/10/2019 21:39:56",
        "Msg Received": "16/10/2019 21:39:57",
        "Msg Processed": "16/10/2019 21:39:57",
        "XML ID": "35803",
        "Total Lag": "1.27281",
        "Create Lag": "1.1645479",
        "Process Lag": "0.1082621"
      },
      {
        "Direction": "Outbound",
        "Destination": "Saggart",
        "Time": "00:01:08",
        "AVLS": "00:01:48",
        "Tram": "3011",
        "Action": "a",
        "Msg Sent": "16/10/2019 21:39:56",
        "Msg Received": "16/10/2019 21:39:57",
        "Msg Processed": "16/10/2019 21:39:57",
        "XML ID": "35803",
        "Total Lag": "1.2415626",
        "Create Lag": "1.1645479",
        "Process Lag": "0.0770147"
      },
      {
        "Direction": "Outbound",
        "Destination": "Saggart",
        "Time": "00:10:21",
        "AVLS": "00:11:01",
        "Tram": "3015",
        "Action": "a",
        "Msg Sent": "16/10/2019 21:39:56",
        "Msg Received": "16/10/2019 21:39:57",
        "Msg Processed": "16/10/2019 21:39:57",
        "XML ID": "35803",
        "Total Lag": "1.3513345",
        "Create Lag": "1.1645479",
        "Process Lag": "0.1867866"
      }
    ]
  },
  {
    "stopID": "51",
    "stopQueryTime": 1571258401033,
    "count": 4,
    "results": [
      {
        "Direction": "Inbound",
        "Destination": "Belgard",
        "Time": "00:00:31",
        "AVLS": "00:01:11",
        "Tram": "3018",
        "Action": "a",
        "Msg Sent": "16/10/2019 21:39:56",
        "Msg Received": "16/10/2019 21:39:57",
        "Msg Processed": "16/10/2019 21:39:57",
        "XML ID": "35803",
        "Total Lag": "1.4294568",
        "Create Lag": "1.1645479",
        "Process Lag": "0.2649089"
      },
      {
        "Direction": "Inbound",
        "Destination": "Belgard",
        "Time": "00:15:42",
        "AVLS": "00:16:22",
        "Tram": "3011",
        "Action": "a",
        "Msg Sent": "16/10/2019 21:39:56",
        "Msg Received": "16/10/2019 21:39:57",
        "Msg Processed": "16/10/2019 21:39:57",
        "XML ID": "35803",
        "Total Lag": "1.2571911",
        "Create Lag": "1.1645479",
        "Process Lag": "0.0926432"
      },
      {
        "Direction": "Outbound",
        "Destination": "Saggart",
        "Time": "00:04:41",
        "AVLS": "00:05:21",
        "Tram": "3011",
        "Action": "a",
        "Msg Sent": "16/10/2019 21:39:56",
        "Msg Received": "16/10/2019 21:39:57",
        "Msg Processed": "16/10/2019 21:39:57",
        "XML ID": "35803",
        "Total Lag": "1.2415626",
        "Create Lag": "1.1645479",
        "Process Lag": "0.0770147"
      },
      {
        "Direction": "Outbound",
        "Destination": "Saggart",
        "Time": "00:13:54",
        "AVLS": "00:14:34",
        "Tram": "3015",
        "Action": "a",
        "Msg Sent": "16/10/2019 21:39:56",
        "Msg Received": "16/10/2019 21:39:57",
        "Msg Processed": "16/10/2019 21:39:57",
        "XML ID": "35803",
        "Total Lag": "1.3513345",
        "Create Lag": "1.1645479",
        "Process Lag": "0.1867866"
      }
    ]
  },
  {
    "stopID": "52",
    "stopQueryTime": 1571258401035,
    "count": 4,
    "results": [
      {
        "Direction": "Inbound",
        "Destination": "Belgard",
        "Time": "00:00:00",
        "AVLS": "00:00:00",
        "Tram": "3018",
        "Action": "a",
        "Msg Sent": "16/10/2019 21:39:52",
        "Msg Received": "16/10/2019 21:39:52",
        "Msg Processed": "16/10/2019 21:39:52",
        "XML ID": "35801",
        "Total Lag": "0.6165661",
        "Create Lag": "0.5696822",
        "Process Lag": "0.0468839"
      },
      {
        "Direction": "Inbound",
        "Destination": "Belgard",
        "Time": "00:14:26",
        "AVLS": "00:15:06",
        "Tram": "3011",
        "Action": "a",
        "Msg Sent": "16/10/2019 21:39:56",
        "Msg Received": "16/10/2019 21:39:57",
        "Msg Processed": "16/10/2019 21:39:57",
        "XML ID": "35803",
        "Total Lag": "1.2571911",
        "Create Lag": "1.1645479",
        "Process Lag": "0.0926432"
      },
      {
        "Direction": "Outbound",
        "Destination": "Saggart",
        "Time": "00:05:58",
        "AVLS": "00:06:38",
        "Tram": "3011",
        "Action": "a",
        "Msg Sent": "16/10/2019 21:39:56",
        "Msg Received": "16/10/2019 21:39:57",
        "Msg Processed": "16/10/2019 21:39:57",
        "XML ID": "35803",
        "Total Lag": "1.2571911",
        "Create Lag": "1.1645479",
        "Process Lag": "0.0926432"
      },
      {
        "Direction": "Outbound",
        "Destination": "Saggart",
        "Time": "00:15:11",
        "AVLS": "00:15:51",
        "Tram": "3015",
        "Action": "a",
        "Msg Sent": "16/10/2019 21:39:56",
        "Msg Received": "16/10/2019 21:39:57",
        "Msg Processed": "16/10/2019 21:39:57",
        "XML ID": "35803",
        "Total Lag": "1.3668949",
        "Create Lag": "1.1645479",
        "Process Lag": "0.202347"
      }
    ]
  },
  {
    "stopID": "40",
    "stopQueryTime": 1571258401043,
    "count": 4,
    "results": [
      {
        "Direction": "Inbound",
        "Destination": "Broombridge",
        "Time": "00:00:00",
        "AVLS": "00:00:32",
        "Tram": "5013",
        "Action": "a",
        "Msg Sent": "16/10/2019 21:39:56",
        "Msg Received": "16/10/2019 21:39:57",
        "Msg Processed": "16/10/2019 21:39:57",
        "XML ID": "35804",
        "Total Lag": "1.7752354",
        "Create Lag": "1.1645479",
        "Process Lag": "0.6106875"
      },
      {
        "Direction": "Inbound",
        "Destination": "Broombridge",
        "Time": "00:15:15",
        "AVLS": "00:15:55",
        "Tram": "5010",
        "Action": "a",
        "Msg Sent": "16/10/2019 21:39:56",
        "Msg Received": "16/10/2019 21:39:57",
        "Msg Processed": "16/10/2019 21:39:57",
        "XML ID": "35804",
        "Total Lag": "1.7439911",
        "Create Lag": "1.1645479",
        "Process Lag": "0.5794432"
      },
      {
        "Direction": "Outbound",
        "Destination": "Bride's Glen",
        "Time": "00:02:04",
        "AVLS": "00:02:44",
        "Tram": "5003",
        "Action": "a",
        "Msg Sent": "16/10/2019 21:39:56",
        "Msg Received": "16/10/2019 21:39:57",
        "Msg Processed": "16/10/2019 21:39:57",
        "XML ID": "35804",
        "Total Lag": "1.6341998",
        "Create Lag": "1.1645479",
        "Process Lag": "0.4696519"
      },
      {
        "Direction": "Outbound",
        "Destination": "Bride's Glen",
        "Time": "00:10:58",
        "AVLS": "00:11:38",
        "Tram": "5030",
        "Action": "a",
        "Msg Sent": "16/10/2019 21:39:59",
        "Msg Received": "16/10/2019 21:39:59",
        "Msg Processed": "16/10/2019 21:39:59",
        "XML ID": "35805",
        "Total Lag": "0.9637275",
        "Create Lag": "0.8387223",
        "Process Lag": "0.1250052"
      }
    ]
  },
  {
    "stopID": "56",
    "stopQueryTime": 1571258401047,
    "count": 4,
    "results": [
      {
        "Direction": "Inbound",
        "Destination": "The Point",
        "Time": "00:00:06",
        "AVLS": "00:00:46",
        "Tram": "4006",
        "Action": "a",
        "Msg Sent": "16/10/2019 21:39:56",
        "Msg Received": "16/10/2019 21:39:57",
        "Msg Processed": "16/10/2019 21:39:57",
        "XML ID": "35803",
        "Total Lag": "1.5091291",
        "Create Lag": "1.1645479",
        "Process Lag": "0.3445812"
      },
      {
        "Direction": "Inbound",
        "Destination": "The Point",
        "Time": "00:09:30",
        "AVLS": "00:10:10",
        "Tram": "4002",
        "Action": "a",
        "Msg Sent": "16/10/2019 21:39:56",
        "Msg Received": "16/10/2019 21:39:57",
        "Msg Processed": "16/10/2019 21:39:57",
        "XML ID": "35803",
        "Total Lag": "1.5091291",
        "Create Lag": "1.1645479",
        "Process Lag": "0.3445812"
      },
      {
        "Direction": "Outbound",
        "Destination": "Tallaght",
        "Time": "00:02:33",
        "AVLS": "00:03:13",
        "Tram": "3009",
        "Action": "a",
        "Msg Sent": "16/10/2019 21:39:56",
        "Msg Received": "16/10/2019 21:39:57",
        "Msg Processed": "16/10/2019 21:39:57",
        "XML ID": "35803",
        "Total Lag": "1.2103169",
        "Create Lag": "1.1645479",
        "Process Lag": "0.045769"
      },
      {
        "Direction": "Outbound",
        "Destination": "Tallaght",
        "Time": "00:14:33",
        "AVLS": "00:15:13",
        "Tram": "4006",
        "Action": "a",
        "Msg Sent": "16/10/2019 21:39:56",
        "Msg Received": "16/10/2019 21:39:57",
        "Msg Processed": "16/10/2019 21:39:57",
        "XML ID": "35803",
        "Total Lag": "1.5091291",
        "Create Lag": "1.1645479",
        "Process Lag": "0.3445812"
      }
    ]
  },
  {
    "stopID": "50",
    "stopQueryTime": 1571258401050,
    "count": 4,
    "results": [
      {
        "Direction": "Inbound",
        "Destination": "Belgard",
        "Time": "00:02:18",
        "AVLS": "00:02:58",
        "Tram": "3018",
        "Action": "a",
        "Msg Sent": "16/10/2019 21:39:56",
        "Msg Received": "16/10/2019 21:39:57",
        "Msg Processed": "16/10/2019 21:39:57",
        "XML ID": "35803",
        "Total Lag": "1.4450393",
        "Create Lag": "1.1645479",
        "Process Lag": "0.2804914"
      },
      {
        "Direction": "Inbound",
        "Destination": "Belgard",
        "Time": "00:17:29",
        "AVLS": "00:18:09",
        "Tram": "3011",
        "Action": "a",
        "Msg Sent": "16/10/2019 21:39:56",
        "Msg Received": "16/10/2019 21:39:57",
        "Msg Processed": "16/10/2019 21:39:57",
        "XML ID": "35803",
        "Total Lag": "1.27281",
        "Create Lag": "1.1645479",
        "Process Lag": "0.1082621"
      },
      {
        "Direction": "Outbound",
        "Destination": "Saggart",
        "Time": "00:02:54",
        "AVLS": "00:03:34",
        "Tram": "3011",
        "Action": "a",
        "Msg Sent": "16/10/2019 21:39:56",
        "Msg Received": "16/10/2019 21:39:57",
        "Msg Processed": "16/10/2019 21:39:57",
        "XML ID": "35803",
        "Total Lag": "1.2415626",
        "Create Lag": "1.1645479",
        "Process Lag": "0.0770147"
      },
      {
        "Direction": "Outbound",
        "Destination": "Saggart",
        "Time": "00:12:07",
        "AVLS": "00:12:47",
        "Tram": "3015",
        "Action": "a",
        "Msg Sent": "16/10/2019 21:39:56",
        "Msg Received": "16/10/2019 21:39:57",
        "Msg Processed": "16/10/2019 21:39:57",
        "XML ID": "35803",
        "Total Lag": "1.3513345",
        "Create Lag": "1.1645479",
        "Process Lag": "0.1867866"
      }
    ]
  },
  {
    "stopID": "25",
    "stopQueryTime": 1571258401063,
    "count": 5,
    "results": [
      {
        "Direction": "Inbound",
        "Destination": "Broombridge",
        "Time": "00:04:12",
        "AVLS": "00:04:52",
        "Tram": "5015",
        "Action": "a",
        "Msg Sent": "16/10/2019 21:39:56",
        "Msg Received": "16/10/2019 21:39:57",
        "Msg Processed": "16/10/2019 21:39:57",
        "XML ID": "35804",
        "Total Lag": "1.8230866",
        "Create Lag": "1.1645479",
        "Process Lag": "0.6585387"
      },
      {
        "Direction": "Inbound",
        "Destination": "Broombridge",
        "Time": "00:10:22",
        "AVLS": "00:11:02",
        "Tram": "5008",
        "Action": "a",
        "Msg Sent": "16/10/2019 21:39:56",
        "Msg Received": "16/10/2019 21:39:57",
        "Msg Processed": "16/10/2019 21:39:57",
        "XML ID": "35804",
        "Total Lag": "1.697106",
        "Create Lag": "1.1645479",
        "Process Lag": "0.5325581"
      },
      {
        "Direction": "Outbound",
        "Destination": "Bride's Glen",
        "Time": "00:01:06",
        "AVLS": "00:01:46",
        "Tram": "5002",
        "Action": "a",
        "Msg Sent": "16/10/2019 21:39:56",
        "Msg Received": "16/10/2019 21:39:57",
        "Msg Processed": "16/10/2019 21:39:57",
        "XML ID": "35804",
        "Total Lag": "1.5872088",
        "Create Lag": "1.1645479",
        "Process Lag": "0.4226609"
      },
      {
        "Direction": "Outbound",
        "Destination": "Sandyford",
        "Time": "00:08:52",
        "AVLS": "00:09:32",
        "Tram": "5023",
        "Action": "a",
        "Msg Sent": "16/10/2019 21:39:56",
        "Msg Received": "16/10/2019 21:39:57",
        "Msg Processed": "16/10/2019 21:39:57",
        "XML ID": "35804",
        "Total Lag": "1.9637227",
        "Create Lag": "1.1645479",
        "Process Lag": "0.7991748"
      },
      {
        "Direction": "Outbound",
        "Destination": "Bride's Glen",
        "Time": "00:17:19",
        "AVLS": "00:17:59",
        "Tram": "5028",
        "Action": "a",
        "Msg Sent": "16/10/2019 21:39:59",
        "Msg Received": "16/10/2019 21:39:59",
        "Msg Processed": "16/10/2019 21:39:59",
        "XML ID": "35805",
        "Total Lag": "0.9012225",
        "Create Lag": "0.8387223",
        "Process Lag": "0.0625002"
      }
    ]
  },
  {
    "stopID": "4",
    "stopQueryTime": 1571258401067,
    "count": 5,
    "results": [
      {
        "Direction": "Inbound",
        "Destination": "The Point",
        "Time": "00:12:33",
        "AVLS": "00:13:13",
        "Tram": "3012",
        "Action": "a",
        "Msg Sent": "16/10/2019 21:39:56",
        "Msg Received": "16/10/2019 21:39:57",
        "Msg Processed": "16/10/2019 21:39:57",
        "XML ID": "35803",
        "Total Lag": "1.2884366",
        "Create Lag": "1.1645479",
        "Process Lag": "0.1238887"
      },
      {
        "Direction": "Outbound",
        "Destination": "Tallaght",
        "Time": "00:03:51",
        "AVLS": "00:04:31",
        "Tram": "3016",
        "Action": "a",
        "Msg Sent": "16/10/2019 21:39:59",
        "Msg Received": "16/10/2019 21:39:59",
        "Msg Processed": "16/10/2019 21:39:59",
        "XML ID": "35805",
        "Total Lag": "0.9949793",
        "Create Lag": "0.8387223",
        "Process Lag": "0.156257"
      },
      {
        "Direction": "Outbound",
        "Destination": "Saggart",
        "Time": "00:06:54",
        "AVLS": "00:07:34",
        "Tram": "3015",
        "Action": "a",
        "Msg Sent": "16/10/2019 21:39:56",
        "Msg Received": "16/10/2019 21:39:57",
        "Msg Processed": "16/10/2019 21:39:57",
        "XML ID": "35803",
        "Total Lag": "1.3353194",
        "Create Lag": "1.1645479",
        "Process Lag": "0.1707715"
      },
      {
        "Direction": "Outbound",
        "Destination": "Tallaght",
        "Time": "00:12:38",
        "AVLS": "00:13:18",
        "Tram": "3014",
        "Action": "a",
        "Msg Sent": "16/10/2019 21:39:56",
        "Msg Received": "16/10/2019 21:39:57",
        "Msg Processed": "16/10/2019 21:39:57",
        "XML ID": "35803",
        "Total Lag": "1.3353194",
        "Create Lag": "1.1645479",
        "Process Lag": "0.1707715"
      },
      {
        "Direction": "Outbound",
        "Destination": "Saggart",
        "Time": "00:15:54",
        "AVLS": "00:16:34",
        "Tram": "3018",
        "Action": "a",
        "Msg Sent": "16/10/2019 21:39:56",
        "Msg Received": "16/10/2019 21:39:57",
        "Msg Processed": "16/10/2019 21:39:57",
        "XML ID": "35803",
        "Total Lag": "1.4450393",
        "Create Lag": "1.1645479",
        "Process Lag": "0.2804914"
      }
    ]
  },
  {
    "stopID": "33",
    "stopQueryTime": 1571258401077,
    "count": 5,
    "results": [
      {
        "Direction": "Inbound",
        "Destination": "Broombridge",
        "Time": "00:12:19",
        "AVLS": "00:12:59",
        "Tram": "5013",
        "Action": "a",
        "Msg Sent": "16/10/2019 21:39:56",
        "Msg Received": "16/10/2019 21:39:57",
        "Msg Processed": "16/10/2019 21:39:57",
        "XML ID": "35804",
        "Total Lag": "1.8064815",
        "Create Lag": "1.1645479",
        "Process Lag": "0.6419336"
      },
      {
        "Direction": "Outbound",
        "Destination": "Bride's Glen",
        "Time": "00:00:00",
        "AVLS": "00:00:00",
        "Tram": "5030",
        "Action": "a",
        "Msg Sent": "16/10/2019 21:39:49",
        "Msg Received": "16/10/2019 21:39:49",
        "Msg Processed": "16/10/2019 21:39:49",
        "XML ID": "35800",
        "Total Lag": "0.8821865",
        "Create Lag": "0.5853121",
        "Process Lag": "0.2968744"
      },
      {
        "Direction": "Outbound",
        "Destination": "Sandyford",
        "Time": "00:06:26",
        "AVLS": "00:07:06",
        "Tram": "5006",
        "Action": "a",
        "Msg Sent": "16/10/2019 21:39:56",
        "Msg Received": "16/10/2019 21:39:57",
        "Msg Processed": "16/10/2019 21:39:57",
        "XML ID": "35804",
        "Total Lag": "1.6658778",
        "Create Lag": "1.1645479",
        "Process Lag": "0.5013299"
      },
      {
        "Direction": "Outbound",
        "Destination": "Sandyford",
        "Time": "00:09:30",
        "AVLS": "00:10:10",
        "Tram": "5027",
        "Action": "a",
        "Msg Sent": "16/10/2019 21:39:59",
        "Msg Received": "16/10/2019 21:39:59",
        "Msg Processed": "16/10/2019 21:39:59",
        "XML ID": "35805",
        "Total Lag": "0.8543453",
        "Create Lag": "0.8387223",
        "Process Lag": "0.015623"
      },
      {
        "Direction": "Outbound",
        "Destination": "Bride's Glen",
        "Time": "00:15:34",
        "AVLS": "00:16:14",
        "Tram": "5002",
        "Action": "a",
        "Msg Sent": "16/10/2019 21:39:56",
        "Msg Received": "16/10/2019 21:39:57",
        "Msg Processed": "16/10/2019 21:39:57",
        "XML ID": "35804",
        "Total Lag": "1.618459",
        "Create Lag": "1.1645479",
        "Process Lag": "0.4539111"
      }
    ]
  },
  {
    "stopID": "28",
    "stopQueryTime": 1571258401082,
    "count": 5,
    "results": [
      {
        "Direction": "Inbound",
        "Destination": "Broombridge",
        "Time": "00:00:00",
        "AVLS": "00:00:00",
        "Tram": "5015",
        "Action": "a",
        "Msg Sent": "16/10/2019 21:39:49",
        "Msg Received": "16/10/2019 21:39:49",
        "Msg Processed": "16/10/2019 21:39:49",
        "XML ID": "35800",
        "Total Lag": "0.9290603",
        "Create Lag": "0.5853121",
        "Process Lag": "0.3437482"
      },
      {
        "Direction": "Inbound",
        "Destination": "Broombridge",
        "Time": "00:05:20",
        "AVLS": "00:06:00",
        "Tram": "5008",
        "Action": "a",
        "Msg Sent": "16/10/2019 21:39:56",
        "Msg Received": "16/10/2019 21:39:57",
        "Msg Processed": "16/10/2019 21:39:57",
        "XML ID": "35804",
        "Total Lag": "1.6814579",
        "Create Lag": "1.1645479",
        "Process Lag": "0.51691"
      },
      {
        "Direction": "Outbound",
        "Destination": "Sandyford",
        "Time": "00:01:04",
        "AVLS": "00:01:44",
        "Tram": "5027",
        "Action": "a",
        "Msg Sent": "16/10/2019 21:39:59",
        "Msg Received": "16/10/2019 21:39:59",
        "Msg Processed": "16/10/2019 21:39:59",
        "XML ID": "35805",
        "Total Lag": "0.8387223",
        "Create Lag": "0.8387223",
        "Process Lag": "0"
      },
      {
        "Direction": "Outbound",
        "Destination": "Bride's Glen",
        "Time": "00:07:08",
        "AVLS": "00:07:48",
        "Tram": "5002",
        "Action": "a",
        "Msg Sent": "16/10/2019 21:39:56",
        "Msg Received": "16/10/2019 21:39:57",
        "Msg Processed": "16/10/2019 21:39:57",
        "XML ID": "35804",
        "Total Lag": "1.5872088",
        "Create Lag": "1.1645479",
        "Process Lag": "0.4226609"
      },
      {
        "Direction": "Outbound",
        "Destination": "Sandyford",
        "Time": "00:14:54",
        "AVLS": "00:15:34",
        "Tram": "5023",
        "Action": "a",
        "Msg Sent": "16/10/2019 21:39:56",
        "Msg Received": "16/10/2019 21:39:57",
        "Msg Processed": "16/10/2019 21:39:57",
        "XML ID": "35804",
        "Total Lag": "1.9637227",
        "Create Lag": "1.1645479",
        "Process Lag": "0.7991748"
      }
    ]
  },
  {
    "stopID": "31",
    "stopQueryTime": 1571258401090,
    "count": 5,
    "results": [
      {
        "Direction": "Inbound",
        "Destination": "Broombridge",
        "Time": "00:00:19",
        "AVLS": "00:00:59",
        "Tram": "5008",
        "Action": "a",
        "Msg Sent": "16/10/2019 21:39:56",
        "Msg Received": "16/10/2019 21:39:57",
        "Msg Processed": "16/10/2019 21:39:57",
        "XML ID": "35804",
        "Total Lag": "1.6814579",
        "Create Lag": "1.1645479",
        "Process Lag": "0.51691"
      },
      {
        "Direction": "Inbound",
        "Destination": "Broombridge",
        "Time": "00:16:00",
        "AVLS": "00:16:40",
        "Tram": "5013",
        "Action": "a",
        "Msg Sent": "16/10/2019 21:39:56",
        "Msg Received": "16/10/2019 21:39:57",
        "Msg Processed": "16/10/2019 21:39:57",
        "XML ID": "35804",
        "Total Lag": "1.8064815",
        "Create Lag": "1.1645479",
        "Process Lag": "0.6419336"
      },
      {
        "Direction": "Outbound",
        "Destination": "Sandyford",
        "Time": "00:03:02",
        "AVLS": "00:03:42",
        "Tram": "5006",
        "Action": "a",
        "Msg Sent": "16/10/2019 21:39:56",
        "Msg Received": "16/10/2019 21:39:57",
        "Msg Processed": "16/10/2019 21:39:57",
        "XML ID": "35804",
        "Total Lag": "1.6496974",
        "Create Lag": "1.1645479",
        "Process Lag": "0.4851495"
      },
      {
        "Direction": "Outbound",
        "Destination": "Sandyford",
        "Time": "00:06:06",
        "AVLS": "00:06:46",
        "Tram": "5027",
        "Action": "a",
        "Msg Sent": "16/10/2019 21:39:59",
        "Msg Received": "16/10/2019 21:39:59",
        "Msg Processed": "16/10/2019 21:39:59",
        "XML ID": "35805",
        "Total Lag": "0.8543453",
        "Create Lag": "0.8387223",
        "Process Lag": "0.015623"
      },
      {
        "Direction": "Outbound",
        "Destination": "Bride's Glen",
        "Time": "00:12:10",
        "AVLS": "00:12:50",
        "Tram": "5002",
        "Action": "a",
        "Msg Sent": "16/10/2019 21:39:56",
        "Msg Received": "16/10/2019 21:39:57",
        "Msg Processed": "16/10/2019 21:39:57",
        "XML ID": "35804",
        "Total Lag": "1.6028127",
        "Create Lag": "1.1645479",
        "Process Lag": "0.4382648"
      }
    ]
  },
  {
    "stopID": "29",
    "stopQueryTime": 1571258401099,
    "count": 5,
    "results": [
      {
        "Direction": "Inbound",
        "Destination": "Broombridge",
        "Time": "00:03:51",
        "AVLS": "00:04:31",
        "Tram": "5008",
        "Action": "a",
        "Msg Sent": "16/10/2019 21:39:56",
        "Msg Received": "16/10/2019 21:39:57",
        "Msg Processed": "16/10/2019 21:39:57",
        "XML ID": "35804",
        "Total Lag": "1.6814579",
        "Create Lag": "1.1645479",
        "Process Lag": "0.51691"
      },
      {
        "Direction": "Outbound",
        "Destination": "Sandyford",
        "Time": "00:00:00",
        "AVLS": "00:00:08",
        "Tram": "5006",
        "Action": "a",
        "Msg Sent": "16/10/2019 21:39:56",
        "Msg Received": "16/10/2019 21:39:57",
        "Msg Processed": "16/10/2019 21:39:57",
        "XML ID": "35804",
        "Total Lag": "1.6496974",
        "Create Lag": "1.1645479",
        "Process Lag": "0.4851495"
      },
      {
        "Direction": "Outbound",
        "Destination": "Sandyford",
        "Time": "00:02:32",
        "AVLS": "00:03:12",
        "Tram": "5027",
        "Action": "a",
        "Msg Sent": "16/10/2019 21:39:59",
        "Msg Received": "16/10/2019 21:39:59",
        "Msg Processed": "16/10/2019 21:39:59",
        "XML ID": "35805",
        "Total Lag": "0.8387223",
        "Create Lag": "0.8387223",
        "Process Lag": "0"
      },
      {
        "Direction": "Outbound",
        "Destination": "Bride's Glen",
        "Time": "00:08:36",
        "AVLS": "00:09:16",
        "Tram": "5002",
        "Action": "a",
        "Msg Sent": "16/10/2019 21:39:56",
        "Msg Received": "16/10/2019 21:39:57",
        "Msg Processed": "16/10/2019 21:39:57",
        "XML ID": "35804",
        "Total Lag": "1.6028127",
        "Create Lag": "1.1645479",
        "Process Lag": "0.4382648"
      },
      {
        "Direction": "Outbound",
        "Destination": "Sandyford",
        "Time": "00:16:22",
        "AVLS": "00:17:02",
        "Tram": "5023",
        "Action": "a",
        "Msg Sent": "16/10/2019 21:39:56",
        "Msg Received": "16/10/2019 21:39:57",
        "Msg Processed": "16/10/2019 21:39:57",
        "XML ID": "35804",
        "Total Lag": "1.9793457",
        "Create Lag": "1.1645479",
        "Process Lag": "0.8147978"
      }
    ]
  },
  {
    "stopID": "34",
    "stopQueryTime": 1571258401102,
    "count": 5,
    "results": [
      {
        "Direction": "Inbound",
        "Destination": "Broombridge",
        "Time": "00:10:36",
        "AVLS": "00:11:16",
        "Tram": "5013",
        "Action": "a",
        "Msg Sent": "16/10/2019 21:39:56",
        "Msg Received": "16/10/2019 21:39:57",
        "Msg Processed": "16/10/2019 21:39:57",
        "XML ID": "35804",
        "Total Lag": "1.7908569",
        "Create Lag": "1.1645479",
        "Process Lag": "0.626309"
      },
      {
        "Direction": "Outbound",
        "Destination": "Bride's Glen",
        "Time": "00:00:44",
        "AVLS": "00:01:24",
        "Tram": "5030",
        "Action": "a",
        "Msg Sent": "16/10/2019 21:39:59",
        "Msg Received": "16/10/2019 21:39:59",
        "Msg Processed": "16/10/2019 21:39:59",
        "XML ID": "35805",
        "Total Lag": "0.9324718",
        "Create Lag": "0.8387223",
        "Process Lag": "0.0937495"
      },
      {
        "Direction": "Outbound",
        "Destination": "Sandyford",
        "Time": "00:08:00",
        "AVLS": "00:08:40",
        "Tram": "5006",
        "Action": "a",
        "Msg Sent": "16/10/2019 21:39:56",
        "Msg Received": "16/10/2019 21:39:57",
        "Msg Processed": "16/10/2019 21:39:57",
        "XML ID": "35804",
        "Total Lag": "1.6658778",
        "Create Lag": "1.1645479",
        "Process Lag": "0.5013299"
      },
      {
        "Direction": "Outbound",
        "Destination": "Sandyford",
        "Time": "00:11:04",
        "AVLS": "00:11:44",
        "Tram": "5027",
        "Action": "a",
        "Msg Sent": "16/10/2019 21:39:59",
        "Msg Received": "16/10/2019 21:39:59",
        "Msg Processed": "16/10/2019 21:39:59",
        "XML ID": "35805",
        "Total Lag": "0.8699834",
        "Create Lag": "0.8387223",
        "Process Lag": "0.0312611"
      },
      {
        "Direction": "Outbound",
        "Destination": "Bride's Glen",
        "Time": "00:17:08",
        "AVLS": "00:17:48",
        "Tram": "5002",
        "Action": "a",
        "Msg Sent": "16/10/2019 21:39:56",
        "Msg Received": "16/10/2019 21:39:57",
        "Msg Processed": "16/10/2019 21:39:57",
        "XML ID": "35804",
        "Total Lag": "1.618459",
        "Create Lag": "1.1645479",
        "Process Lag": "0.4539111"
      }
    ]
  },
  {
    "stopID": "24",
    "stopQueryTime": 1571258401107,
    "count": 6,
    "results": [
      {
        "Direction": "Inbound",
        "Destination": "Broombridge",
        "Time": "00:00:19",
        "AVLS": "00:00:59",
        "Tram": "5016",
        "Action": "a",
        "Msg Sent": "16/10/2019 21:39:56",
        "Msg Received": "16/10/2019 21:39:57",
        "Msg Processed": "16/10/2019 21:39:57",
        "XML ID": "35804",
        "Total Lag": "1.8543526",
        "Create Lag": "1.1645479",
        "Process Lag": "0.6898047"
      },
      {
        "Direction": "Inbound",
        "Destination": "Broombridge",
        "Time": "00:07:10",
        "AVLS": "00:07:50",
        "Tram": "5015",
        "Action": "a",
        "Msg Sent": "16/10/2019 21:39:56",
        "Msg Received": "16/10/2019 21:39:57",
        "Msg Processed": "16/10/2019 21:39:57",
        "XML ID": "35804",
        "Total Lag": "1.8230866",
        "Create Lag": "1.1645479",
        "Process Lag": "0.6585387"
      },
      {
        "Direction": "Inbound",
        "Destination": "Broombridge",
        "Time": "00:13:20",
        "AVLS": "00:14:00",
        "Tram": "5008",
        "Action": "a",
        "Msg Sent": "16/10/2019 21:39:56",
        "Msg Received": "16/10/2019 21:39:57",
        "Msg Processed": "16/10/2019 21:39:57",
        "XML ID": "35804",
        "Total Lag": "1.697106",
        "Create Lag": "1.1645479",
        "Process Lag": "0.5325581"
      },
      {
        "Direction": "Outbound",
        "Destination": "Bride's Glen",
        "Time": "00:00:00",
        "AVLS": "00:00:00",
        "Tram": "5002",
        "Action": "a",
        "Msg Sent": "16/10/2019 21:39:46",
        "Msg Received": "16/10/2019 21:39:46",
        "Msg Processed": "16/10/2019 21:39:46",
        "XML ID": "35797",
        "Total Lag": "0.5845798",
        "Create Lag": "0.5845798",
        "Process Lag": "0"
      },
      {
        "Direction": "Outbound",
        "Destination": "Sandyford",
        "Time": "00:06:54",
        "AVLS": "00:07:34",
        "Tram": "5023",
        "Action": "a",
        "Msg Sent": "16/10/2019 21:39:56",
        "Msg Received": "16/10/2019 21:39:57",
        "Msg Processed": "16/10/2019 21:39:57",
        "XML ID": "35804",
        "Total Lag": "1.9480956",
        "Create Lag": "1.1645479",
        "Process Lag": "0.7835477"
      },
      {
        "Direction": "Outbound",
        "Destination": "Bride's Glen",
        "Time": "00:15:21",
        "AVLS": "00:16:01",
        "Tram": "5028",
        "Action": "a",
        "Msg Sent": "16/10/2019 21:39:59",
        "Msg Received": "16/10/2019 21:39:59",
        "Msg Processed": "16/10/2019 21:39:59",
        "XML ID": "35805",
        "Total Lag": "0.8856089",
        "Create Lag": "0.8387223",
        "Process Lag": "0.0468866"
      }
    ]
  },
  {
    "stopID": "27",
    "stopQueryTime": 1571258401117,
    "count": 5,
    "results": [
      {
        "Direction": "Inbound",
        "Destination": "Broombridge",
        "Time": "00:00:41",
        "AVLS": "00:01:21",
        "Tram": "5015",
        "Action": "a",
        "Msg Sent": "16/10/2019 21:39:56",
        "Msg Received": "16/10/2019 21:39:57",
        "Msg Processed": "16/10/2019 21:39:57",
        "XML ID": "35804",
        "Total Lag": "1.8230866",
        "Create Lag": "1.1645479",
        "Process Lag": "0.6585387"
      },
      {
        "Direction": "Inbound",
        "Destination": "Broombridge",
        "Time": "00:06:51",
        "AVLS": "00:07:31",
        "Tram": "5008",
        "Action": "a",
        "Msg Sent": "16/10/2019 21:39:56",
        "Msg Received": "16/10/2019 21:39:57",
        "Msg Processed": "16/10/2019 21:39:57",
        "XML ID": "35804",
        "Total Lag": "1.697106",
        "Create Lag": "1.1645479",
        "Process Lag": "0.5325581"
      },
      {
        "Direction": "Outbound",
        "Destination": "Sandyford",
        "Time": "00:00:00",
        "AVLS": "00:00:00",
        "Tram": "5027",
        "Action": "a",
        "Msg Sent": "16/10/2019 21:39:46",
        "Msg Received": "16/10/2019 21:39:46",
        "Msg Processed": "16/10/2019 21:39:46",
        "XML ID": "35798",
        "Total Lag": "0.7252055",
        "Create Lag": "0.7252055",
        "Process Lag": "0"
      },
      {
        "Direction": "Outbound",
        "Destination": "Bride's Glen",
        "Time": "00:05:14",
        "AVLS": "00:05:54",
        "Tram": "5002",
        "Action": "a",
        "Msg Sent": "16/10/2019 21:39:56",
        "Msg Received": "16/10/2019 21:39:57",
        "Msg Processed": "16/10/2019 21:39:57",
        "XML ID": "35804",
        "Total Lag": "1.5872088",
        "Create Lag": "1.1645479",
        "Process Lag": "0.4226609"
      },
      {
        "Direction": "Outbound",
        "Destination": "Sandyford",
        "Time": "00:13:00",
        "AVLS": "00:13:40",
        "Tram": "5023",
        "Action": "a",
        "Msg Sent": "16/10/2019 21:39:56",
        "Msg Received": "16/10/2019 21:39:57",
        "Msg Processed": "16/10/2019 21:39:57",
        "XML ID": "35804",
        "Total Lag": "1.9637227",
        "Create Lag": "1.1645479",
        "Process Lag": "0.7991748"
      }
    ]
  },
  {
    "stopID": "35",
    "stopQueryTime": 1571258401122,
    "count": 5,
    "results": [
      {
        "Direction": "Inbound",
        "Destination": "Broombridge",
        "Time": "00:08:36",
        "AVLS": "00:09:16",
        "Tram": "5013",
        "Action": "a",
        "Msg Sent": "16/10/2019 21:39:56",
        "Msg Received": "16/10/2019 21:39:57",
        "Msg Processed": "16/10/2019 21:39:57",
        "XML ID": "35804",
        "Total Lag": "1.7908569",
        "Create Lag": "1.1645479",
        "Process Lag": "0.626309"
      },
      {
        "Direction": "Outbound",
        "Destination": "Bride's Glen",
        "Time": "00:02:23",
        "AVLS": "00:03:03",
        "Tram": "5030",
        "Action": "a",
        "Msg Sent": "16/10/2019 21:39:59",
        "Msg Received": "16/10/2019 21:39:59",
        "Msg Processed": "16/10/2019 21:39:59",
        "XML ID": "35805",
        "Total Lag": "0.9324718",
        "Create Lag": "0.8387223",
        "Process Lag": "0.0937495"
      },
      {
        "Direction": "Outbound",
        "Destination": "Sandyford",
        "Time": "00:09:39",
        "AVLS": "00:10:19",
        "Tram": "5006",
        "Action": "a",
        "Msg Sent": "16/10/2019 21:39:56",
        "Msg Received": "16/10/2019 21:39:57",
        "Msg Processed": "16/10/2019 21:39:57",
        "XML ID": "35804",
        "Total Lag": "1.6658778",
        "Create Lag": "1.1645479",
        "Process Lag": "0.5013299"
      },
      {
        "Direction": "Outbound",
        "Destination": "Sandyford",
        "Time": "00:12:43",
        "AVLS": "00:13:23",
        "Tram": "5027",
        "Action": "a",
        "Msg Sent": "16/10/2019 21:39:59",
        "Msg Received": "16/10/2019 21:39:59",
        "Msg Processed": "16/10/2019 21:39:59",
        "XML ID": "35805",
        "Total Lag": "0.8699834",
        "Create Lag": "0.8387223",
        "Process Lag": "0.0312611"
      },
      {
        "Direction": "Outbound",
        "Destination": "Bride's Glen",
        "Time": "00:18:47",
        "AVLS": "00:19:27",
        "Tram": "5002",
        "Action": "a",
        "Msg Sent": "16/10/2019 21:39:56",
        "Msg Received": "16/10/2019 21:39:57",
        "Msg Processed": "16/10/2019 21:39:57",
        "XML ID": "35804",
        "Total Lag": "1.618459",
        "Create Lag": "1.1645479",
        "Process Lag": "0.4539111"
      }
    ]
  },
  {
    "stopID": "30",
    "stopQueryTime": 1571258401131,
    "count": 6,
    "results": [
      {
        "Direction": "Inbound",
        "Destination": "Broombridge",
        "Time": "00:02:06",
        "AVLS": "00:02:46",
        "Tram": "5008",
        "Action": "a",
        "Msg Sent": "16/10/2019 21:39:56",
        "Msg Received": "16/10/2019 21:39:57",
        "Msg Processed": "16/10/2019 21:39:57",
        "XML ID": "35804",
        "Total Lag": "1.6814579",
        "Create Lag": "1.1645479",
        "Process Lag": "0.51691"
      },
      {
        "Direction": "Inbound",
        "Destination": "Broombridge",
        "Time": "00:17:47",
        "AVLS": "00:18:27",
        "Tram": "5013",
        "Action": "a",
        "Msg Sent": "16/10/2019 21:39:56",
        "Msg Received": "16/10/2019 21:39:57",
        "Msg Processed": "16/10/2019 21:39:57",
        "XML ID": "35804",
        "Total Lag": "1.8064815",
        "Create Lag": "1.1645479",
        "Process Lag": "0.6419336"
      },
      {
        "Direction": "Outbound",
        "Destination": "Sandyford",
        "Time": "00:01:14",
        "AVLS": "00:01:54",
        "Tram": "5006",
        "Action": "a",
        "Msg Sent": "16/10/2019 21:39:56",
        "Msg Received": "16/10/2019 21:39:57",
        "Msg Processed": "16/10/2019 21:39:57",
        "XML ID": "35804",
        "Total Lag": "1.6496974",
        "Create Lag": "1.1645479",
        "Process Lag": "0.4851495"
      },
      {
        "Direction": "Outbound",
        "Destination": "Sandyford",
        "Time": "00:04:18",
        "AVLS": "00:04:58",
        "Tram": "5027",
        "Action": "a",
        "Msg Sent": "16/10/2019 21:39:59",
        "Msg Received": "16/10/2019 21:39:59",
        "Msg Processed": "16/10/2019 21:39:59",
        "XML ID": "35805",
        "Total Lag": "0.8387223",
        "Create Lag": "0.8387223",
        "Process Lag": "0"
      },
      {
        "Direction": "Outbound",
        "Destination": "Bride's Glen",
        "Time": "00:10:22",
        "AVLS": "00:11:02",
        "Tram": "5002",
        "Action": "a",
        "Msg Sent": "16/10/2019 21:39:56",
        "Msg Received": "16/10/2019 21:39:57",
        "Msg Processed": "16/10/2019 21:39:57",
        "XML ID": "35804",
        "Total Lag": "1.6028127",
        "Create Lag": "1.1645479",
        "Process Lag": "0.4382648"
      },
      {
        "Direction": "Outbound",
        "Destination": "Sandyford",
        "Time": "00:18:08",
        "AVLS": "00:18:48",
        "Tram": "5023",
        "Action": "a",
        "Msg Sent": "16/10/2019 21:39:56",
        "Msg Received": "16/10/2019 21:39:57",
        "Msg Processed": "16/10/2019 21:39:57",
        "XML ID": "35804",
        "Total Lag": "1.9793457",
        "Create Lag": "1.1645479",
        "Process Lag": "0.8147978"
      }
    ]
  }
]