[
  {
    "stopID": "23",
    "stopQueryTime": 1571258940750,
    "count": 0,
    "results": []
  },
  {
    "stopID": "58",
    "stopQueryTime": 1571258940786,
    "count": 0,
    "results": []
  },
  {
    "stopID": "17",
    "stopQueryTime": 1571258940788,
    "count": 2,
    "results": [
      {
        "Direction": "Inbound",
        "Destination": "The Point",
        "Time": "00:15:58",
        "AVLS": "00:16:38",
        "Tram": "3025",
        "Action": "a",
        "Msg Sent": "16/10/2019 21:48:57",
        "Msg Received": "16/10/2019 21:48:57",
        "Msg Processed": "16/10/2019 21:48:57",
        "XML ID": "36037",
        "Total Lag": "0.5610159",
        "Create Lag": "0.311021",
        "Process Lag": "0.2499949"
      },
      {
        "Direction": "Outbound",
        "Destination": "Tallaght",
        "Time": "00:10:14",
        "AVLS": "00:10:54",
        "Tram": "3009",
        "Action": "a",
        "Msg Sent": "16/10/2019 21:48:57",
        "Msg Received": "16/10/2019 21:48:57",
        "Msg Processed": "16/10/2019 21:48:57",
        "XML ID": "36037",
        "Total Lag": "0.3578873",
        "Create Lag": "0.311021",
        "Process Lag": "0.0468663"
      }
    ]
  },
  {
    "stopID": "36",
    "stopQueryTime": 1571258940805,
    "count": 2,
    "results": [
      {
        "Direction": "Inbound",
        "Destination": "Broombridge",
        "Time": "00:13:35",
        "AVLS": "00:14:15",
        "Tram": "5010",
        "Action": "a",
        "Msg Sent": "16/10/2019 21:48:57",
        "Msg Received": "16/10/2019 21:48:57",
        "Msg Processed": "16/10/2019 21:48:57",
        "XML ID": "36038",
        "Total Lag": "0.8110133",
        "Create Lag": "0.6860161",
        "Process Lag": "0.1249972"
      },
      {
        "Direction": "Outbound",
        "Destination": "Bride's Glen",
        "Time": "00:11:18",
        "AVLS": "00:11:58",
        "Tram": "5002",
        "Action": "a",
        "Msg Sent": "16/10/2019 21:48:57",
        "Msg Received": "16/10/2019 21:48:57",
        "Msg Processed": "16/10/2019 21:48:57",
        "XML ID": "36038",
        "Total Lag": "0.7172665",
        "Create Lag": "0.6860161",
        "Process Lag": "0.0312504"
      }
    ]
  },
  {
    "stopID": "2",
    "stopQueryTime": 1571258940810,
    "count": 4,
    "results": [
      {
        "Direction": "Inbound",
        "Destination": "The Point",
        "Time": "00:11:38",
        "AVLS": "00:12:18",
        "Tram": "3016",
        "Action": "a",
        "Msg Sent": "16/10/2019 21:48:57",
        "Msg Received": "16/10/2019 21:48:57",
        "Msg Processed": "16/10/2019 21:48:57",
        "XML ID": "36037",
        "Total Lag": "0.4672722",
        "Create Lag": "0.311021",
        "Process Lag": "0.1562512"
      },
      {
        "Direction": "Outbound",
        "Destination": "Tallaght",
        "Time": "00:00:00",
        "AVLS": "00:00:00",
        "Tram": "3016",
        "Action": "a",
        "Msg Sent": "16/10/2019 21:48:39",
        "Msg Received": "16/10/2019 21:48:39",
        "Msg Processed": "16/10/2019 21:48:39",
        "XML ID": "36032",
        "Total Lag": "0.6390733",
        "Create Lag": "0.5296741",
        "Process Lag": "0.1093992"
      },
      {
        "Direction": "Outbound",
        "Destination": "Tallaght",
        "Time": "00:07:54",
        "AVLS": "00:08:34",
        "Tram": "3014",
        "Action": "a",
        "Msg Sent": "16/10/2019 21:48:57",
        "Msg Received": "16/10/2019 21:48:57",
        "Msg Processed": "16/10/2019 21:48:57",
        "XML ID": "36037",
        "Total Lag": "0.4360163",
        "Create Lag": "0.311021",
        "Process Lag": "0.1249953"
      },
      {
        "Direction": "Outbound",
        "Destination": "Tallaght",
        "Time": "00:16:45",
        "AVLS": "00:17:25",
        "Tram": "3017",
        "Action": "a",
        "Msg Sent": "16/10/2019 21:48:57",
        "Msg Received": "16/10/2019 21:48:57",
        "Msg Processed": "16/10/2019 21:48:57",
        "XML ID": "36037",
        "Total Lag": "0.4985154",
        "Create Lag": "0.311021",
        "Process Lag": "0.1874944"
      }
    ]
  },
  {
    "stopID": "24",
    "stopQueryTime": 1571258940814,
    "count": 2,
    "results": [
      {
        "Direction": "Inbound",
        "Destination": "Broombridge",
        "Time": "00:03:09",
        "AVLS": "00:03:49",
        "Tram": "5008",
        "Action": "a",
        "Msg Sent": "16/10/2019 21:48:57",
        "Msg Received": "16/10/2019 21:48:57",
        "Msg Processed": "16/10/2019 21:48:57",
        "XML ID": "36038",
        "Total Lag": "0.7641418",
        "Create Lag": "0.6860161",
        "Process Lag": "0.0781257"
      },
      {
        "Direction": "Outbound",
        "Destination": "Bride's Glen",
        "Time": "00:05:16",
        "AVLS": "00:05:56",
        "Tram": "5028",
        "Action": "a",
        "Msg Sent": "16/10/2019 21:49:00",
        "Msg Received": "16/10/2019 21:49:00",
        "Msg Processed": "16/10/2019 21:49:00",
        "XML ID": "36039",
        "Total Lag": "0.1703837",
        "Create Lag": "0.1703837",
        "Process Lag": "0"
      }
    ]
  },
  {
    "stopID": "8",
    "stopQueryTime": 1571258940817,
    "count": 4,
    "results": [
      {
        "Direction": "Inbound",
        "Destination": "The Point",
        "Time": "00:01:21",
        "AVLS": "00:02:01",
        "Tram": "3025",
        "Action": "a",
        "Msg Sent": "16/10/2019 21:48:57",
        "Msg Received": "16/10/2019 21:48:57",
        "Msg Processed": "16/10/2019 21:48:57",
        "XML ID": "36037",
        "Total Lag": "0.5297666",
        "Create Lag": "0.311021",
        "Process Lag": "0.2187456"
      },
      {
        "Direction": "Inbound",
        "Destination": "The Point",
        "Time": "00:13:59",
        "AVLS": "00:14:39",
        "Tram": "3012",
        "Action": "a",
        "Msg Sent": "16/10/2019 21:48:57",
        "Msg Received": "16/10/2019 21:48:57",
        "Msg Processed": "16/10/2019 21:48:57",
        "XML ID": "36037",
        "Total Lag": "0.4047655",
        "Create Lag": "0.311021",
        "Process Lag": "0.0937445"
      },
      {
        "Direction": "Outbound",
        "Destination": "Tallaght",
        "Time": "00:02:14",
        "AVLS": "00:02:54",
        "Tram": "3017",
        "Action": "a",
        "Msg Sent": "16/10/2019 21:48:57",
        "Msg Received": "16/10/2019 21:48:57",
        "Msg Processed": "16/10/2019 21:48:57",
        "XML ID": "36037",
        "Total Lag": "0.482899",
        "Create Lag": "0.311021",
        "Process Lag": "0.171878"
      },
      {
        "Direction": "Outbound",
        "Destination": "Tallaght",
        "Time": "00:13:18",
        "AVLS": "00:13:58",
        "Tram": "4009",
        "Action": "a",
        "Msg Sent": "16/10/2019 21:48:57",
        "Msg Received": "16/10/2019 21:48:57",
        "Msg Processed": "16/10/2019 21:48:57",
        "XML ID": "36037",
        "Total Lag": "0.6391434",
        "Create Lag": "0.311021",
        "Process Lag": "0.3281224"
      }
    ]
  },
  {
    "stopID": "48",
    "stopQueryTime": 1571258940820,
    "count": 1,
    "results": [
      {
        "Direction": "Inbound",
        "Destination": "Broombridge",
        "Time": "00:10:24",
        "AVLS": "00:11:04",
        "Tram": "5003",
        "Action": "d",
        "Msg Sent": "16/10/2019 21:48:57",
        "Msg Received": "16/10/2019 21:48:57",
        "Msg Processed": "16/10/2019 21:48:57",
        "XML ID": "36038",
        "Total Lag": "0.7485283",
        "Create Lag": "0.6860161",
        "Process Lag": "0.0625122"
      }
    ]
  },
  {
    "stopID": "22",
    "stopQueryTime": 1571258940836,
    "count": 2,
    "results": [
      {
        "Direction": "Inbound",
        "Destination": "The Point",
        "Time": "00:09:42",
        "AVLS": "00:10:22",
        "Tram": "3002",
        "Action": "a",
        "Msg Sent": "16/10/2019 21:48:57",
        "Msg Received": "16/10/2019 21:48:57",
        "Msg Processed": "16/10/2019 21:48:57",
        "XML ID": "36037",
        "Total Lag": "0.3266411",
        "Create Lag": "0.311021",
        "Process Lag": "0.0156201"
      },
      {
        "Direction": "Outbound",
        "Destination": "Tallaght",
        "Time": "00:10:56",
        "AVLS": "00:11:36",
        "Tram": "4006",
        "Action": "a",
        "Msg Sent": "16/10/2019 21:48:57",
        "Msg Received": "16/10/2019 21:48:57",
        "Msg Processed": "16/10/2019 21:48:57",
        "XML ID": "36037",
        "Total Lag": "0.6078908",
        "Create Lag": "0.311021",
        "Process Lag": "0.2968698"
      }
    ]
  },
  {
    "stopID": "1",
    "stopQueryTime": 1571258940839,
    "count": 4,
    "results": [
      {
        "Direction": "Inbound",
        "Destination": "The Point",
        "Time": "00:10:24",
        "AVLS": "00:11:04",
        "Tram": "3016",
        "Action": "d",
        "Msg Sent": "16/10/2019 21:48:57",
        "Msg Received": "16/10/2019 21:48:57",
        "Msg Processed": "16/10/2019 21:48:57",
        "XML ID": "36037",
        "Total Lag": "0.4672722",
        "Create Lag": "0.311021",
        "Process Lag": "0.1562512"
      },
      {
        "Direction": "Terminating",
        "Destination": "Tallaght",
        "Time": "00:01:07",
        "AVLS": "00:01:47",
        "Tram": "3016",
        "Action": "a",
        "Msg Sent": "16/10/2019 21:48:57",
        "Msg Received": "16/10/2019 21:48:57",
        "Msg Processed": "16/10/2019 21:48:57",
        "XML ID": "36037",
        "Total Lag": "0.4516477",
        "Create Lag": "0.311021",
        "Process Lag": "0.1406267"
      },
      {
        "Direction": "Terminating",
        "Destination": "Tallaght",
        "Time": "00:10:00",
        "AVLS": "00:10:40",
        "Tram": "3014",
        "Action": "a",
        "Msg Sent": "16/10/2019 21:48:57",
        "Msg Received": "16/10/2019 21:48:57",
        "Msg Processed": "16/10/2019 21:48:57",
        "XML ID": "36037",
        "Total Lag": "0.4360163",
        "Create Lag": "0.311021",
        "Process Lag": "0.1249953"
      },
      {
        "Direction": "Terminating",
        "Destination": "Tallaght",
        "Time": "00:18:51",
        "AVLS": "00:19:31",
        "Tram": "3017",
        "Action": "a",
        "Msg Sent": "16/10/2019 21:48:57",
        "Msg Received": "16/10/2019 21:48:57",
        "Msg Processed": "16/10/2019 21:48:57",
        "XML ID": "36037",
        "Total Lag": "0.4985154",
        "Create Lag": "0.311021",
        "Process Lag": "0.1874944"
      }
    ]
  },
  {
    "stopID": "40",
    "stopQueryTime": 1571258940843,
    "count": 3,
    "results": [
      {
        "Direction": "Inbound",
        "Destination": "Broombridge",
        "Time": "00:06:26",
        "AVLS": "00:07:06",
        "Tram": "5010",
        "Action": "a",
        "Msg Sent": "16/10/2019 21:48:57",
        "Msg Received": "16/10/2019 21:48:57",
        "Msg Processed": "16/10/2019 21:48:57",
        "XML ID": "36038",
        "Total Lag": "0.7953905",
        "Create Lag": "0.6860161",
        "Process Lag": "0.1093744"
      },
      {
        "Direction": "Outbound",
        "Destination": "Bride's Glen",
        "Time": "00:03:35",
        "AVLS": "00:04:15",
        "Tram": "5030",
        "Action": "a",
        "Msg Sent": "16/10/2019 21:49:00",
        "Msg Received": "16/10/2019 21:49:00",
        "Msg Processed": "16/10/2019 21:49:00",
        "XML ID": "36039",
        "Total Lag": "0.2172567",
        "Create Lag": "0.1703837",
        "Process Lag": "0.046873"
      },
      {
        "Direction": "Outbound",
        "Destination": "Bride's Glen",
        "Time": "00:18:32",
        "AVLS": "00:19:12",
        "Tram": "5002",
        "Action": "a",
        "Msg Sent": "16/10/2019 21:48:57",
        "Msg Received": "16/10/2019 21:48:57",
        "Msg Processed": "16/10/2019 21:48:57",
        "XML ID": "36038",
        "Total Lag": "0.7328883",
        "Create Lag": "0.6860161",
        "Process Lag": "0.0468722"
      }
    ]
  },
  {
    "stopID": "32",
    "stopQueryTime": 1571258940849,
    "count": 3,
    "results": [
      {
        "Direction": "Inbound",
        "Destination": "Broombridge",
        "Time": "00:05:51",
        "AVLS": "00:06:31",
        "Tram": "5013",
        "Action": "a",
        "Msg Sent": "16/10/2019 21:49:00",
        "Msg Received": "16/10/2019 21:49:00",
        "Msg Processed": "16/10/2019 21:49:00",
        "XML ID": "36039",
        "Total Lag": "0.2641369",
        "Create Lag": "0.1703837",
        "Process Lag": "0.0937532"
      },
      {
        "Direction": "Outbound",
        "Destination": "Bride's Glen",
        "Time": "00:05:18",
        "AVLS": "00:05:58",
        "Tram": "5002",
        "Action": "a",
        "Msg Sent": "16/10/2019 21:48:57",
        "Msg Received": "16/10/2019 21:48:57",
        "Msg Processed": "16/10/2019 21:48:57",
        "XML ID": "36038",
        "Total Lag": "0.7016427",
        "Create Lag": "0.6860161",
        "Process Lag": "0.0156266"
      },
      {
        "Direction": "Outbound",
        "Destination": "Sandyford",
        "Time": "00:13:51",
        "AVLS": "00:14:31",
        "Tram": "5023",
        "Action": "a",
        "Msg Sent": "16/10/2019 21:48:57",
        "Msg Received": "16/10/2019 21:48:57",
        "Msg Processed": "16/10/2019 21:48:57",
        "XML ID": "36038",
        "Total Lag": "0.9985164",
        "Create Lag": "0.6860161",
        "Process Lag": "0.3125003"
      }
    ]
  },
  {
    "stopID": "21",
    "stopQueryTime": 1571258940851,
    "count": 3,
    "results": [
      {
        "Direction": "Inbound",
        "Destination": "The Point",
        "Time": "00:06:38",
        "AVLS": "00:07:18",
        "Tram": "3002",
        "Action": "a",
        "Msg Sent": "16/10/2019 21:48:57",
        "Msg Received": "16/10/2019 21:48:57",
        "Msg Processed": "16/10/2019 21:48:57",
        "XML ID": "36037",
        "Total Lag": "0.3266411",
        "Create Lag": "0.311021",
        "Process Lag": "0.0156201"
      },
      {
        "Direction": "Outbound",
        "Destination": "Tallaght",
        "Time": "00:02:13",
        "AVLS": "00:02:53",
        "Tram": "3009",
        "Action": "a",
        "Msg Sent": "16/10/2019 21:48:57",
        "Msg Received": "16/10/2019 21:48:57",
        "Msg Processed": "16/10/2019 21:48:57",
        "XML ID": "36037",
        "Total Lag": "0.3422667",
        "Create Lag": "0.311021",
        "Process Lag": "0.0312457"
      },
      {
        "Direction": "Outbound",
        "Destination": "Tallaght",
        "Time": "00:14:24",
        "AVLS": "00:15:04",
        "Tram": "4006",
        "Action": "a",
        "Msg Sent": "16/10/2019 21:48:57",
        "Msg Received": "16/10/2019 21:48:57",
        "Msg Processed": "16/10/2019 21:48:57",
        "XML ID": "36037",
        "Total Lag": "0.6078908",
        "Create Lag": "0.311021",
        "Process Lag": "0.2968698"
      }
    ]
  },
  {
    "stopID": "16",
    "stopQueryTime": 1571258940854,
    "count": 3,
    "results": [
      {
        "Direction": "Inbound",
        "Destination": "The Point",
        "Time": "00:13:34",
        "AVLS": "00:14:14",
        "Tram": "3025",
        "Action": "a",
        "Msg Sent": "16/10/2019 21:48:57",
        "Msg Received": "16/10/2019 21:48:57",
        "Msg Processed": "16/10/2019 21:48:57",
        "XML ID": "36037",
        "Total Lag": "0.5610159",
        "Create Lag": "0.311021",
        "Process Lag": "0.2499949"
      },
      {
        "Direction": "Outbound",
        "Destination": "Tallaght",
        "Time": "00:00:00",
        "AVLS": "00:00:35",
        "Tram": "4009",
        "Action": "a",
        "Msg Sent": "16/10/2019 21:48:57",
        "Msg Received": "16/10/2019 21:48:57",
        "Msg Processed": "16/10/2019 21:48:57",
        "XML ID": "36037",
        "Total Lag": "0.6078908",
        "Create Lag": "0.311021",
        "Process Lag": "0.2968698"
      },
      {
        "Direction": "Outbound",
        "Destination": "Tallaght",
        "Time": "00:12:13",
        "AVLS": "00:12:53",
        "Tram": "3009",
        "Action": "a",
        "Msg Sent": "16/10/2019 21:48:57",
        "Msg Received": "16/10/2019 21:48:57",
        "Msg Processed": "16/10/2019 21:48:57",
        "XML ID": "36037",
        "Total Lag": "0.3578873",
        "Create Lag": "0.311021",
        "Process Lag": "0.0468663"
      }
    ]
  },
  {
    "stopID": "14",
    "stopQueryTime": 1571258940857,
    "count": 3,
    "results": [
      {
        "Direction": "Inbound",
        "Destination": "The Point",
        "Time": "00:09:15",
        "AVLS": "00:09:55",
        "Tram": "3025",
        "Action": "a",
        "Msg Sent": "16/10/2019 21:48:57",
        "Msg Received": "16/10/2019 21:48:57",
        "Msg Processed": "16/10/2019 21:48:57",
        "XML ID": "36037",
        "Total Lag": "0.5453987",
        "Create Lag": "0.311021",
        "Process Lag": "0.2343777"
      },
      {
        "Direction": "Outbound",
        "Destination": "Tallaght",
        "Time": "00:05:05",
        "AVLS": "00:05:45",
        "Tram": "4009",
        "Action": "a",
        "Msg Sent": "16/10/2019 21:48:57",
        "Msg Received": "16/10/2019 21:48:57",
        "Msg Processed": "16/10/2019 21:48:57",
        "XML ID": "36037",
        "Total Lag": "0.6235186",
        "Create Lag": "0.311021",
        "Process Lag": "0.3124976"
      },
      {
        "Direction": "Outbound",
        "Destination": "Tallaght",
        "Time": "00:17:23",
        "AVLS": "00:18:03",
        "Tram": "3009",
        "Action": "a",
        "Msg Sent": "16/10/2019 21:48:57",
        "Msg Received": "16/10/2019 21:48:57",
        "Msg Processed": "16/10/2019 21:48:57",
        "XML ID": "36037",
        "Total Lag": "0.3735154",
        "Create Lag": "0.311021",
        "Process Lag": "0.0624944"
      }
    ]
  },
  {
    "stopID": "18",
    "stopQueryTime": 1571258940859,
    "count": 3,
    "results": [
      {
        "Direction": "Inbound",
        "Destination": "The Point",
        "Time": "00:00:18",
        "AVLS": "00:00:58",
        "Tram": "3002",
        "Action": "a",
        "Msg Sent": "16/10/2019 21:48:57",
        "Msg Received": "16/10/2019 21:48:57",
        "Msg Processed": "16/10/2019 21:48:57",
        "XML ID": "36037",
        "Total Lag": "0.311021",
        "Create Lag": "0.311021",
        "Process Lag": "0"
      },
      {
        "Direction": "Inbound",
        "Destination": "The Point",
        "Time": "00:18:14",
        "AVLS": "00:18:54",
        "Tram": "3025",
        "Action": "a",
        "Msg Sent": "16/10/2019 21:48:57",
        "Msg Received": "16/10/2019 21:48:57",
        "Msg Processed": "16/10/2019 21:48:57",
        "XML ID": "36037",
        "Total Lag": "0.5610159",
        "Create Lag": "0.311021",
        "Process Lag": "0.2499949"
      },
      {
        "Direction": "Outbound",
        "Destination": "Tallaght",
        "Time": "00:08:01",
        "AVLS": "00:08:41",
        "Tram": "3009",
        "Action": "a",
        "Msg Sent": "16/10/2019 21:48:57",
        "Msg Received": "16/10/2019 21:48:57",
        "Msg Processed": "16/10/2019 21:48:57",
        "XML ID": "36037",
        "Total Lag": "0.3422667",
        "Create Lag": "0.311021",
        "Process Lag": "0.0312457"
      }
    ]
  },
  {
    "stopID": "19",
    "stopQueryTime": 1571258940873,
    "count": 3,
    "results": [
      {
        "Direction": "Inbound",
        "Destination": "The Point",
        "Time": "00:01:42",
        "AVLS": "00:02:22",
        "Tram": "3002",
        "Action": "a",
        "Msg Sent": "16/10/2019 21:48:57",
        "Msg Received": "16/10/2019 21:48:57",
        "Msg Processed": "16/10/2019 21:48:57",
        "XML ID": "36037",
        "Total Lag": "0.311021",
        "Create Lag": "0.311021",
        "Process Lag": "0"
      },
      {
        "Direction": "Outbound",
        "Destination": "Tallaght",
        "Time": "00:06:49",
        "AVLS": "00:07:29",
        "Tram": "3009",
        "Action": "a",
        "Msg Sent": "16/10/2019 21:48:57",
        "Msg Received": "16/10/2019 21:48:57",
        "Msg Processed": "16/10/2019 21:48:57",
        "XML ID": "36037",
        "Total Lag": "0.3422667",
        "Create Lag": "0.311021",
        "Process Lag": "0.0312457"
      },
      {
        "Direction": "Outbound",
        "Destination": "Tallaght",
        "Time": "00:19:00",
        "AVLS": "00:19:40",
        "Tram": "4006",
        "Action": "a",
        "Msg Sent": "16/10/2019 21:48:57",
        "Msg Received": "16/10/2019 21:48:57",
        "Msg Processed": "16/10/2019 21:48:57",
        "XML ID": "36037",
        "Total Lag": "0.6078908",
        "Create Lag": "0.311021",
        "Process Lag": "0.2968698"
      }
    ]
  },
  {
    "stopID": "57",
    "stopQueryTime": 1571258940877,
    "count": 2,
    "results": [
      {
        "Direction": "Outbound",
        "Destination": "Tallaght",
        "Time": "00:04:54",
        "AVLS": "00:05:34",
        "Tram": "4006",
        "Action": "d",
        "Msg Sent": "16/10/2019 21:48:57",
        "Msg Received": "16/10/2019 21:48:57",
        "Msg Processed": "16/10/2019 21:48:57",
        "XML ID": "36037",
        "Total Lag": "0.5922864",
        "Create Lag": "0.311021",
        "Process Lag": "0.2812654"
      },
      {
        "Direction": "Outbound",
        "Destination": "Tallaght",
        "Time": "00:16:54",
        "AVLS": "00:17:34",
        "Tram": "4002",
        "Action": "d",
        "Msg Sent": "16/10/2019 21:48:57",
        "Msg Received": "16/10/2019 21:48:57",
        "Msg Processed": "16/10/2019 21:48:57",
        "XML ID": "36037",
        "Total Lag": "0.5766408",
        "Create Lag": "0.311021",
        "Process Lag": "0.2656198"
      }
    ]
  },
  {
    "stopID": "26",
    "stopQueryTime": 1571258940879,
    "count": 3,
    "results": [
      {
        "Direction": "Inbound",
        "Destination": "Broombridge",
        "Time": "00:15:43",
        "AVLS": "00:16:23",
        "Tram": "5013",
        "Action": "a",
        "Msg Sent": "16/10/2019 21:49:00",
        "Msg Received": "16/10/2019 21:49:00",
        "Msg Processed": "16/10/2019 21:49:00",
        "XML ID": "36039",
        "Total Lag": "0.2953924",
        "Create Lag": "0.1703837",
        "Process Lag": "0.1250087"
      },
      {
        "Direction": "Outbound",
        "Destination": "Sandyford",
        "Time": "00:03:29",
        "AVLS": "00:04:09",
        "Tram": "5023",
        "Action": "a",
        "Msg Sent": "16/10/2019 21:48:57",
        "Msg Received": "16/10/2019 21:48:57",
        "Msg Processed": "16/10/2019 21:48:57",
        "XML ID": "36038",
        "Total Lag": "0.9672724",
        "Create Lag": "0.6860161",
        "Process Lag": "0.2812563"
      },
      {
        "Direction": "Outbound",
        "Destination": "Bride's Glen",
        "Time": "00:09:54",
        "AVLS": "00:10:34",
        "Tram": "5028",
        "Action": "a",
        "Msg Sent": "16/10/2019 21:49:00",
        "Msg Received": "16/10/2019 21:49:00",
        "Msg Processed": "16/10/2019 21:49:00",
        "XML ID": "36039",
        "Total Lag": "0.1860183",
        "Create Lag": "0.1703837",
        "Process Lag": "0.0156346"
      }
    ]
  },
  {
    "stopID": "12",
    "stopQueryTime": 1571258940883,
    "count": 3,
    "results": [
      {
        "Direction": "Inbound",
        "Destination": "The Point",
        "Time": "00:06:41",
        "AVLS": "00:07:21",
        "Tram": "3025",
        "Action": "a",
        "Msg Sent": "16/10/2019 21:48:57",
        "Msg Received": "16/10/2019 21:48:57",
        "Msg Processed": "16/10/2019 21:48:57",
        "XML ID": "36037",
        "Total Lag": "0.5453987",
        "Create Lag": "0.311021",
        "Process Lag": "0.2343777"
      },
      {
        "Direction": "Inbound",
        "Destination": "The Point",
        "Time": "00:19:19",
        "AVLS": "00:19:59",
        "Tram": "3012",
        "Action": "a",
        "Msg Sent": "16/10/2019 21:48:57",
        "Msg Received": "16/10/2019 21:48:57",
        "Msg Processed": "16/10/2019 21:48:57",
        "XML ID": "36037",
        "Total Lag": "0.4203904",
        "Create Lag": "0.311021",
        "Process Lag": "0.1093694"
      },
      {
        "Direction": "Outbound",
        "Destination": "Tallaght",
        "Time": "00:07:46",
        "AVLS": "00:08:26",
        "Tram": "4009",
        "Action": "a",
        "Msg Sent": "16/10/2019 21:48:57",
        "Msg Received": "16/10/2019 21:48:57",
        "Msg Processed": "16/10/2019 21:48:57",
        "XML ID": "36037",
        "Total Lag": "0.6235186",
        "Create Lag": "0.311021",
        "Process Lag": "0.3124976"
      }
    ]
  },
  {
    "stopID": "20",
    "stopQueryTime": 1571258940885,
    "count": 3,
    "results": [
      {
        "Direction": "Inbound",
        "Destination": "The Point",
        "Time": "00:03:52",
        "AVLS": "00:04:32",
        "Tram": "3002",
        "Action": "a",
        "Msg Sent": "16/10/2019 21:48:57",
        "Msg Received": "16/10/2019 21:48:57",
        "Msg Processed": "16/10/2019 21:48:57",
        "XML ID": "36037",
        "Total Lag": "0.3266411",
        "Create Lag": "0.311021",
        "Process Lag": "0.0156201"
      },
      {
        "Direction": "Outbound",
        "Destination": "Tallaght",
        "Time": "00:04:40",
        "AVLS": "00:05:20",
        "Tram": "3009",
        "Action": "a",
        "Msg Sent": "16/10/2019 21:48:57",
        "Msg Received": "16/10/2019 21:48:57",
        "Msg Processed": "16/10/2019 21:48:57",
        "XML ID": "36037",
        "Total Lag": "0.3422667",
        "Create Lag": "0.311021",
        "Process Lag": "0.0312457"
      },
      {
        "Direction": "Outbound",
        "Destination": "Tallaght",
        "Time": "00:16:51",
        "AVLS": "00:17:31",
        "Tram": "4006",
        "Action": "a",
        "Msg Sent": "16/10/2019 21:48:57",
        "Msg Received": "16/10/2019 21:48:57",
        "Msg Processed": "16/10/2019 21:48:57",
        "XML ID": "36037",
        "Total Lag": "0.6078908",
        "Create Lag": "0.311021",
        "Process Lag": "0.2968698"
      }
    ]
  },
  {
    "stopID": "28",
    "stopQueryTime": 1571258940888,
    "count": 3,
    "results": [
      {
        "Direction": "Inbound",
        "Destination": "Broombridge",
        "Time": "00:12:51",
        "AVLS": "00:13:31",
        "Tram": "5013",
        "Action": "a",
        "Msg Sent": "16/10/2019 21:49:00",
        "Msg Received": "16/10/2019 21:49:00",
        "Msg Processed": "16/10/2019 21:49:00",
        "XML ID": "36039",
        "Total Lag": "0.2953924",
        "Create Lag": "0.1703837",
        "Process Lag": "0.1250087"
      },
      {
        "Direction": "Outbound",
        "Destination": "Sandyford",
        "Time": "00:06:51",
        "AVLS": "00:07:31",
        "Tram": "5023",
        "Action": "a",
        "Msg Sent": "16/10/2019 21:48:57",
        "Msg Received": "16/10/2019 21:48:57",
        "Msg Processed": "16/10/2019 21:48:57",
        "XML ID": "36038",
        "Total Lag": "0.9828902",
        "Create Lag": "0.6860161",
        "Process Lag": "0.2968741"
      },
      {
        "Direction": "Outbound",
        "Destination": "Bride's Glen",
        "Time": "00:13:16",
        "AVLS": "00:13:56",
        "Tram": "5028",
        "Action": "a",
        "Msg Sent": "16/10/2019 21:49:00",
        "Msg Received": "16/10/2019 21:49:00",
        "Msg Processed": "16/10/2019 21:49:00",
        "XML ID": "36039",
        "Total Lag": "0.1860183",
        "Create Lag": "0.1703837",
        "Process Lag": "0.0156346"
      }
    ]
  },
  {
    "stopID": "15",
    "stopQueryTime": 1571258940890,
    "count": 3,
    "results": [
      {
        "Direction": "Inbound",
        "Destination": "The Point",
        "Time": "00:10:59",
        "AVLS": "00:11:39",
        "Tram": "3025",
        "Action": "a",
        "Msg Sent": "16/10/2019 21:48:57",
        "Msg Received": "16/10/2019 21:48:57",
        "Msg Processed": "16/10/2019 21:48:57",
        "XML ID": "36037",
        "Total Lag": "0.5453987",
        "Create Lag": "0.311021",
        "Process Lag": "0.2343777"
      },
      {
        "Direction": "Outbound",
        "Destination": "Tallaght",
        "Time": "00:03:06",
        "AVLS": "00:03:46",
        "Tram": "4009",
        "Action": "a",
        "Msg Sent": "16/10/2019 21:48:57",
        "Msg Received": "16/10/2019 21:48:57",
        "Msg Processed": "16/10/2019 21:48:57",
        "XML ID": "36037",
        "Total Lag": "0.6235186",
        "Create Lag": "0.311021",
        "Process Lag": "0.3124976"
      },
      {
        "Direction": "Outbound",
        "Destination": "Tallaght",
        "Time": "00:15:24",
        "AVLS": "00:16:04",
        "Tram": "3009",
        "Action": "a",
        "Msg Sent": "16/10/2019 21:48:57",
        "Msg Received": "16/10/2019 21:48:57",
        "Msg Processed": "16/10/2019 21:48:57",
        "XML ID": "36037",
        "Total Lag": "0.3578873",
        "Create Lag": "0.311021",
        "Process Lag": "0.0468663"
      }
    ]
  },
  {
    "stopID": "3",
    "stopQueryTime": 1571258940894,
    "count": 4,
    "results": [
      {
        "Direction": "Inbound",
        "Destination": "The Point",
        "Time": "00:00:07",
        "AVLS": "00:00:47",
        "Tram": "3012",
        "Action": "a",
        "Msg Sent": "16/10/2019 21:48:57",
        "Msg Received": "16/10/2019 21:48:57",
        "Msg Processed": "16/10/2019 21:48:57",
        "XML ID": "36037",
        "Total Lag": "0.3891406",
        "Create Lag": "0.311021",
        "Process Lag": "0.0781196"
      },
      {
        "Direction": "Inbound",
        "Destination": "The Point",
        "Time": "00:13:19",
        "AVLS": "00:13:59",
        "Tram": "3016",
        "Action": "a",
        "Msg Sent": "16/10/2019 21:48:57",
        "Msg Received": "16/10/2019 21:48:57",
        "Msg Processed": "16/10/2019 21:48:57",
        "XML ID": "36037",
        "Total Lag": "0.4672722",
        "Create Lag": "0.311021",
        "Process Lag": "0.1562512"
      },
      {
        "Direction": "Outbound",
        "Destination": "Tallaght",
        "Time": "00:06:19",
        "AVLS": "00:06:59",
        "Tram": "3014",
        "Action": "a",
        "Msg Sent": "16/10/2019 21:48:57",
        "Msg Received": "16/10/2019 21:48:57",
        "Msg Processed": "16/10/2019 21:48:57",
        "XML ID": "36037",
        "Total Lag": "0.4360163",
        "Create Lag": "0.311021",
        "Process Lag": "0.1249953"
      },
      {
        "Direction": "Outbound",
        "Destination": "Tallaght",
        "Time": "00:15:10",
        "AVLS": "00:15:50",
        "Tram": "3017",
        "Action": "a",
        "Msg Sent": "16/10/2019 21:48:57",
        "Msg Received": "16/10/2019 21:48:57",
        "Msg Processed": "16/10/2019 21:48:57",
        "XML ID": "36037",
        "Total Lag": "0.4985154",
        "Create Lag": "0.311021",
        "Process Lag": "0.1874944"
      }
    ]
  },
  {
    "stopID": "13",
    "stopQueryTime": 1571258940897,
    "count": 3,
    "results": [
      {
        "Direction": "Inbound",
        "Destination": "The Point",
        "Time": "00:08:19",
        "AVLS": "00:08:59",
        "Tram": "3025",
        "Action": "a",
        "Msg Sent": "16/10/2019 21:48:57",
        "Msg Received": "16/10/2019 21:48:57",
        "Msg Processed": "16/10/2019 21:48:57",
        "XML ID": "36037",
        "Total Lag": "0.5453987",
        "Create Lag": "0.311021",
        "Process Lag": "0.2343777"
      },
      {
        "Direction": "Outbound",
        "Destination": "Tallaght",
        "Time": "00:06:05",
        "AVLS": "00:06:45",
        "Tram": "4009",
        "Action": "a",
        "Msg Sent": "16/10/2019 21:48:57",
        "Msg Received": "16/10/2019 21:48:57",
        "Msg Processed": "16/10/2019 21:48:57",
        "XML ID": "36037",
        "Total Lag": "0.6235186",
        "Create Lag": "0.311021",
        "Process Lag": "0.3124976"
      },
      {
        "Direction": "Outbound",
        "Destination": "Tallaght",
        "Time": "00:18:23",
        "AVLS": "00:19:03",
        "Tram": "3009",
        "Action": "a",
        "Msg Sent": "16/10/2019 21:48:57",
        "Msg Received": "16/10/2019 21:48:57",
        "Msg Processed": "16/10/2019 21:48:57",
        "XML ID": "36037",
        "Total Lag": "0.3735154",
        "Create Lag": "0.311021",
        "Process Lag": "0.0624944"
      }
    ]
  },
  {
    "stopID": "10",
    "stopQueryTime": 1571258940903,
    "count": 3,
    "results": [
      {
        "Direction": "Inbound",
        "Destination": "The Point",
        "Time": "00:04:44",
        "AVLS": "00:05:24",
        "Tram": "3025",
        "Action": "a",
        "Msg Sent": "16/10/2019 21:48:57",
        "Msg Received": "16/10/2019 21:48:57",
        "Msg Processed": "16/10/2019 21:48:57",
        "XML ID": "36037",
        "Total Lag": "0.5297666",
        "Create Lag": "0.311021",
        "Process Lag": "0.2187456"
      },
      {
        "Direction": "Inbound",
        "Destination": "The Point",
        "Time": "00:17:22",
        "AVLS": "00:18:02",
        "Tram": "3012",
        "Action": "a",
        "Msg Sent": "16/10/2019 21:48:57",
        "Msg Received": "16/10/2019 21:48:57",
        "Msg Processed": "16/10/2019 21:48:57",
        "XML ID": "36037",
        "Total Lag": "0.4047655",
        "Create Lag": "0.311021",
        "Process Lag": "0.0937445"
      },
      {
        "Direction": "Outbound",
        "Destination": "Tallaght",
        "Time": "00:09:47",
        "AVLS": "00:10:27",
        "Tram": "4009",
        "Action": "a",
        "Msg Sent": "16/10/2019 21:48:57",
        "Msg Received": "16/10/2019 21:48:57",
        "Msg Processed": "16/10/2019 21:48:57",
        "XML ID": "36037",
        "Total Lag": "0.6391434",
        "Create Lag": "0.311021",
        "Process Lag": "0.3281224"
      }
    ]
  },
  {
    "stopID": "38",
    "stopQueryTime": 1571258940908,
    "count": 3,
    "results": [
      {
        "Direction": "Inbound",
        "Destination": "Broombridge",
        "Time": "00:09:41",
        "AVLS": "00:10:21",
        "Tram": "5010",
        "Action": "a",
        "Msg Sent": "16/10/2019 21:48:57",
        "Msg Received": "16/10/2019 21:48:57",
        "Msg Processed": "16/10/2019 21:48:57",
        "XML ID": "36038",
        "Total Lag": "0.8110133",
        "Create Lag": "0.6860161",
        "Process Lag": "0.1249972"
      },
      {
        "Direction": "Outbound",
        "Destination": "Bride's Glen",
        "Time": "00:00:22",
        "AVLS": "00:01:02",
        "Tram": "5030",
        "Action": "a",
        "Msg Sent": "16/10/2019 21:49:00",
        "Msg Received": "16/10/2019 21:49:00",
        "Msg Processed": "16/10/2019 21:49:00",
        "XML ID": "36039",
        "Total Lag": "0.2172567",
        "Create Lag": "0.1703837",
        "Process Lag": "0.046873"
      },
      {
        "Direction": "Outbound",
        "Destination": "Bride's Glen",
        "Time": "00:15:19",
        "AVLS": "00:15:59",
        "Tram": "5002",
        "Action": "a",
        "Msg Sent": "16/10/2019 21:48:57",
        "Msg Received": "16/10/2019 21:48:57",
        "Msg Processed": "16/10/2019 21:48:57",
        "XML ID": "36038",
        "Total Lag": "0.7328883",
        "Create Lag": "0.6860161",
        "Process Lag": "0.0468722"
      }
    ]
  },
  {
    "stopID": "11",
    "stopQueryTime": 1571258940912,
    "count": 3,
    "results": [
      {
        "Direction": "Inbound",
        "Destination": "The Point",
        "Time": "00:05:39",
        "AVLS": "00:06:19",
        "Tram": "3025",
        "Action": "a",
        "Msg Sent": "16/10/2019 21:48:57",
        "Msg Received": "16/10/2019 21:48:57",
        "Msg Processed": "16/10/2019 21:48:57",
        "XML ID": "36037",
        "Total Lag": "0.5297666",
        "Create Lag": "0.311021",
        "Process Lag": "0.2187456"
      },
      {
        "Direction": "Inbound",
        "Destination": "The Point",
        "Time": "00:18:17",
        "AVLS": "00:18:57",
        "Tram": "3012",
        "Action": "a",
        "Msg Sent": "16/10/2019 21:48:57",
        "Msg Received": "16/10/2019 21:48:57",
        "Msg Processed": "16/10/2019 21:48:57",
        "XML ID": "36037",
        "Total Lag": "0.4203904",
        "Create Lag": "0.311021",
        "Process Lag": "0.1093694"
      },
      {
        "Direction": "Outbound",
        "Destination": "Tallaght",
        "Time": "00:08:51",
        "AVLS": "00:09:31",
        "Tram": "4009",
        "Action": "a",
        "Msg Sent": "16/10/2019 21:48:57",
        "Msg Received": "16/10/2019 21:48:57",
        "Msg Processed": "16/10/2019 21:48:57",
        "XML ID": "36037",
        "Total Lag": "0.6235186",
        "Create Lag": "0.311021",
        "Process Lag": "0.3124976"
      }
    ]
  },
  {
    "stopID": "39",
    "stopQueryTime": 1571258940913,
    "count": 3,
    "results": [
      {
        "Direction": "Inbound",
        "Destination": "Broombridge",
        "Time": "00:07:56",
        "AVLS": "00:08:36",
        "Tram": "5010",
        "Action": "a",
        "Msg Sent": "16/10/2019 21:48:57",
        "Msg Received": "16/10/2019 21:48:57",
        "Msg Processed": "16/10/2019 21:48:57",
        "XML ID": "36038",
        "Total Lag": "0.7953905",
        "Create Lag": "0.6860161",
        "Process Lag": "0.1093744"
      },
      {
        "Direction": "Outbound",
        "Destination": "Bride's Glen",
        "Time": "00:02:07",
        "AVLS": "00:02:47",
        "Tram": "5030",
        "Action": "a",
        "Msg Sent": "16/10/2019 21:49:00",
        "Msg Received": "16/10/2019 21:49:00",
        "Msg Processed": "16/10/2019 21:49:00",
        "XML ID": "36039",
        "Total Lag": "0.2172567",
        "Create Lag": "0.1703837",
        "Process Lag": "0.046873"
      },
      {
        "Direction": "Outbound",
        "Destination": "Bride's Glen",
        "Time": "00:17:04",
        "AVLS": "00:17:44",
        "Tram": "5002",
        "Action": "a",
        "Msg Sent": "16/10/2019 21:48:57",
        "Msg Received": "16/10/2019 21:48:57",
        "Msg Processed": "16/10/2019 21:48:57",
        "XML ID": "36038",
        "Total Lag": "0.7328883",
        "Create Lag": "0.6860161",
        "Process Lag": "0.0468722"
      }
    ]
  },
  {
    "stopID": "43",
    "stopQueryTime": 1571258940918,
    "count": 3,
    "results": [
      {
        "Direction": "Inbound",
        "Destination": "Broombridge",
        "Time": "00:02:39",
        "AVLS": "00:03:19",
        "Tram": "5010",
        "Action": "a",
        "Msg Sent": "16/10/2019 21:48:57",
        "Msg Received": "16/10/2019 21:48:57",
        "Msg Processed": "16/10/2019 21:48:57",
        "XML ID": "36038",
        "Total Lag": "0.7953905",
        "Create Lag": "0.6860161",
        "Process Lag": "0.1093744"
      },
      {
        "Direction": "Inbound",
        "Destination": "Broombridge",
        "Time": "00:17:28",
        "AVLS": "00:18:08",
        "Tram": "5003",
        "Action": "a",
        "Msg Sent": "16/10/2019 21:48:57",
        "Msg Received": "16/10/2019 21:48:57",
        "Msg Processed": "16/10/2019 21:48:57",
        "XML ID": "36038",
        "Total Lag": "0.7641418",
        "Create Lag": "0.6860161",
        "Process Lag": "0.0781257"
      },
      {
        "Direction": "Outbound",
        "Destination": "Bride's Glen",
        "Time": "00:07:16",
        "AVLS": "00:07:56",
        "Tram": "5030",
        "Action": "a",
        "Msg Sent": "16/10/2019 21:49:00",
        "Msg Received": "16/10/2019 21:49:00",
        "Msg Processed": "16/10/2019 21:49:00",
        "XML ID": "36039",
        "Total Lag": "0.232886",
        "Create Lag": "0.1703837",
        "Process Lag": "0.0625023"
      }
    ]
  },
  {
    "stopID": "42",
    "stopQueryTime": 1571258940920,
    "count": 3,
    "results": [
      {
        "Direction": "Inbound",
        "Destination": "Broombridge",
        "Time": "00:04:15",
        "AVLS": "00:04:55",
        "Tram": "5010",
        "Action": "a",
        "Msg Sent": "16/10/2019 21:48:57",
        "Msg Received": "16/10/2019 21:48:57",
        "Msg Processed": "16/10/2019 21:48:57",
        "XML ID": "36038",
        "Total Lag": "0.7953905",
        "Create Lag": "0.6860161",
        "Process Lag": "0.1093744"
      },
      {
        "Direction": "Inbound",
        "Destination": "Broombridge",
        "Time": "00:19:04",
        "AVLS": "00:19:44",
        "Tram": "5003",
        "Action": "a",
        "Msg Sent": "16/10/2019 21:48:57",
        "Msg Received": "16/10/2019 21:48:57",
        "Msg Processed": "16/10/2019 21:48:57",
        "XML ID": "36038",
        "Total Lag": "0.7641418",
        "Create Lag": "0.6860161",
        "Process Lag": "0.0781257"
      },
      {
        "Direction": "Outbound",
        "Destination": "Bride's Glen",
        "Time": "00:05:43",
        "AVLS": "00:06:23",
        "Tram": "5030",
        "Action": "a",
        "Msg Sent": "16/10/2019 21:49:00",
        "Msg Received": "16/10/2019 21:49:00",
        "Msg Processed": "16/10/2019 21:49:00",
        "XML ID": "36039",
        "Total Lag": "0.232886",
        "Create Lag": "0.1703837",
        "Process Lag": "0.0625023"
      }
    ]
  },
  {
    "stopID": "46",
    "stopQueryTime": 1571258940923,
    "count": 3,
    "results": [
      {
        "Direction": "Inbound",
        "Destination": "Broombridge",
        "Time": "00:13:33",
        "AVLS": "00:14:13",
        "Tram": "5003",
        "Action": "a",
        "Msg Sent": "16/10/2019 21:48:57",
        "Msg Received": "16/10/2019 21:48:57",
        "Msg Processed": "16/10/2019 21:48:57",
        "XML ID": "36038",
        "Total Lag": "0.7485283",
        "Create Lag": "0.6860161",
        "Process Lag": "0.0625122"
      },
      {
        "Direction": "Outbound",
        "Destination": "Bride's Glen",
        "Time": "00:00:00",
        "AVLS": "00:00:31",
        "Tram": "5003",
        "Action": "a",
        "Msg Sent": "16/10/2019 21:48:57",
        "Msg Received": "16/10/2019 21:48:57",
        "Msg Processed": "16/10/2019 21:48:57",
        "XML ID": "36038",
        "Total Lag": "0.7328883",
        "Create Lag": "0.6860161",
        "Process Lag": "0.0468722"
      },
      {
        "Direction": "Outbound",
        "Destination": "Bride's Glen",
        "Time": "00:11:12",
        "AVLS": "00:11:52",
        "Tram": "5030",
        "Action": "a",
        "Msg Sent": "16/10/2019 21:49:00",
        "Msg Received": "16/10/2019 21:49:00",
        "Msg Processed": "16/10/2019 21:49:00",
        "XML ID": "36039",
        "Total Lag": "0.2485168",
        "Create Lag": "0.1703837",
        "Process Lag": "0.0781331"
      }
    ]
  },
  {
    "stopID": "45",
    "stopQueryTime": 1571258940924,
    "count": 3,
    "results": [
      {
        "Direction": "Inbound",
        "Destination": "Broombridge",
        "Time": "00:00:06",
        "AVLS": "00:00:46",
        "Tram": "5010",
        "Action": "a",
        "Msg Sent": "16/10/2019 21:48:57",
        "Msg Received": "16/10/2019 21:48:57",
        "Msg Processed": "16/10/2019 21:48:57",
        "XML ID": "36038",
        "Total Lag": "0.7797657",
        "Create Lag": "0.6860161",
        "Process Lag": "0.0937496"
      },
      {
        "Direction": "Inbound",
        "Destination": "Broombridge",
        "Time": "00:14:55",
        "AVLS": "00:15:35",
        "Tram": "5003",
        "Action": "a",
        "Msg Sent": "16/10/2019 21:48:57",
        "Msg Received": "16/10/2019 21:48:57",
        "Msg Processed": "16/10/2019 21:48:57",
        "XML ID": "36038",
        "Total Lag": "0.7485283",
        "Create Lag": "0.6860161",
        "Process Lag": "0.0625122"
      },
      {
        "Direction": "Outbound",
        "Destination": "Bride's Glen",
        "Time": "00:09:49",
        "AVLS": "00:10:29",
        "Tram": "5030",
        "Action": "a",
        "Msg Sent": "16/10/2019 21:49:00",
        "Msg Received": "16/10/2019 21:49:00",
        "Msg Processed": "16/10/2019 21:49:00",
        "XML ID": "36039",
        "Total Lag": "0.232886",
        "Create Lag": "0.1703837",
        "Process Lag": "0.0625023"
      }
    ]
  },
  {
    "stopID": "31",
    "stopQueryTime": 1571258940928,
    "count": 4,
    "results": [
      {
        "Direction": "Inbound",
        "Destination": "Broombridge",
        "Time": "00:07:50",
        "AVLS": "00:08:30",
        "Tram": "5013",
        "Action": "a",
        "Msg Sent": "16/10/2019 21:49:00",
        "Msg Received": "16/10/2019 21:49:00",
        "Msg Processed": "16/10/2019 21:49:00",
        "XML ID": "36039",
        "Total Lag": "0.2797666",
        "Create Lag": "0.1703837",
        "Process Lag": "0.1093829"
      },
      {
        "Direction": "Outbound",
        "Destination": "Bride's Glen",
        "Time": "00:03:20",
        "AVLS": "00:04:00",
        "Tram": "5002",
        "Action": "a",
        "Msg Sent": "16/10/2019 21:48:57",
        "Msg Received": "16/10/2019 21:48:57",
        "Msg Processed": "16/10/2019 21:48:57",
        "XML ID": "36038",
        "Total Lag": "0.7016427",
        "Create Lag": "0.6860161",
        "Process Lag": "0.0156266"
      },
      {
        "Direction": "Outbound",
        "Destination": "Sandyford",
        "Time": "00:11:53",
        "AVLS": "00:12:33",
        "Tram": "5023",
        "Action": "a",
        "Msg Sent": "16/10/2019 21:48:57",
        "Msg Received": "16/10/2019 21:48:57",
        "Msg Processed": "16/10/2019 21:48:57",
        "XML ID": "36038",
        "Total Lag": "0.9828902",
        "Create Lag": "0.6860161",
        "Process Lag": "0.2968741"
      },
      {
        "Direction": "Outbound",
        "Destination": "Bride's Glen",
        "Time": "00:18:18",
        "AVLS": "00:18:58",
        "Tram": "5028",
        "Action": "a",
        "Msg Sent": "16/10/2019 21:49:00",
        "Msg Received": "16/10/2019 21:49:00",
        "Msg Processed": "16/10/2019 21:49:00",
        "XML ID": "36039",
        "Total Lag": "0.2016355",
        "Create Lag": "0.1703837",
        "Process Lag": "0.0312518"
      }
    ]
  },
  {
    "stopID": "5",
    "stopQueryTime": 1571258940931,
    "count": 4,
    "results": [
      {
        "Direction": "Inbound",
        "Destination": "The Point",
        "Time": "00:05:05",
        "AVLS": "00:05:45",
        "Tram": "3012",
        "Action": "a",
        "Msg Sent": "16/10/2019 21:48:57",
        "Msg Received": "16/10/2019 21:48:57",
        "Msg Processed": "16/10/2019 21:48:57",
        "XML ID": "36037",
        "Total Lag": "0.3891406",
        "Create Lag": "0.311021",
        "Process Lag": "0.0781196"
      },
      {
        "Direction": "Inbound",
        "Destination": "The Point",
        "Time": "00:18:17",
        "AVLS": "00:18:57",
        "Tram": "3016",
        "Action": "a",
        "Msg Sent": "16/10/2019 21:48:57",
        "Msg Received": "16/10/2019 21:48:57",
        "Msg Processed": "16/10/2019 21:48:57",
        "XML ID": "36037",
        "Total Lag": "0.4672722",
        "Create Lag": "0.311021",
        "Process Lag": "0.1562512"
      },
      {
        "Direction": "Outbound",
        "Destination": "Tallaght",
        "Time": "00:02:15",
        "AVLS": "00:02:55",
        "Tram": "3014",
        "Action": "a",
        "Msg Sent": "16/10/2019 21:48:57",
        "Msg Received": "16/10/2019 21:48:57",
        "Msg Processed": "16/10/2019 21:48:57",
        "XML ID": "36037",
        "Total Lag": "0.4203904",
        "Create Lag": "0.311021",
        "Process Lag": "0.1093694"
      },
      {
        "Direction": "Outbound",
        "Destination": "Tallaght",
        "Time": "00:11:06",
        "AVLS": "00:11:46",
        "Tram": "3017",
        "Action": "a",
        "Msg Sent": "16/10/2019 21:48:57",
        "Msg Received": "16/10/2019 21:48:57",
        "Msg Processed": "16/10/2019 21:48:57",
        "XML ID": "36037",
        "Total Lag": "0.482899",
        "Create Lag": "0.311021",
        "Process Lag": "0.171878"
      }
    ]
  },
  {
    "stopID": "37",
    "stopQueryTime": 1571258940933,
    "count": 3,
    "results": [
      {
        "Direction": "Inbound",
        "Destination": "Broombridge",
        "Time": "00:11:11",
        "AVLS": "00:11:51",
        "Tram": "5010",
        "Action": "a",
        "Msg Sent": "16/10/2019 21:48:57",
        "Msg Received": "16/10/2019 21:48:57",
        "Msg Processed": "16/10/2019 21:48:57",
        "XML ID": "36038",
        "Total Lag": "0.8110133",
        "Create Lag": "0.6860161",
        "Process Lag": "0.1249972"
      },
      {
        "Direction": "Outbound",
        "Destination": "Bride's Glen",
        "Time": "00:00:00",
        "AVLS": "00:00:00",
        "Tram": "5030",
        "Action": "a",
        "Msg Sent": "16/10/2019 21:48:32",
        "Msg Received": "16/10/2019 21:48:32",
        "Msg Processed": "16/10/2019 21:48:32",
        "XML ID": "36029",
        "Total Lag": "0.5123533",
        "Create Lag": "0.5123533",
        "Process Lag": "0"
      },
      {
        "Direction": "Outbound",
        "Destination": "Bride's Glen",
        "Time": "00:13:51",
        "AVLS": "00:14:31",
        "Tram": "5002",
        "Action": "a",
        "Msg Sent": "16/10/2019 21:48:57",
        "Msg Received": "16/10/2019 21:48:57",
        "Msg Processed": "16/10/2019 21:48:57",
        "XML ID": "36038",
        "Total Lag": "0.7172665",
        "Create Lag": "0.6860161",
        "Process Lag": "0.0312504"
      }
    ]
  },
  {
    "stopID": "7",
    "stopQueryTime": 1571258940937,
    "count": 4,
    "results": [
      {
        "Direction": "Inbound",
        "Destination": "The Point",
        "Time": "00:00:00",
        "AVLS": "00:00:30",
        "Tram": "3025",
        "Action": "a",
        "Msg Sent": "16/10/2019 21:48:57",
        "Msg Received": "16/10/2019 21:48:57",
        "Msg Processed": "16/10/2019 21:48:57",
        "XML ID": "36037",
        "Total Lag": "0.5297666",
        "Create Lag": "0.311021",
        "Process Lag": "0.2187456"
      },
      {
        "Direction": "Inbound",
        "Destination": "The Point",
        "Time": "00:12:28",
        "AVLS": "00:13:08",
        "Tram": "3012",
        "Action": "a",
        "Msg Sent": "16/10/2019 21:48:57",
        "Msg Received": "16/10/2019 21:48:57",
        "Msg Processed": "16/10/2019 21:48:57",
        "XML ID": "36037",
        "Total Lag": "0.4047655",
        "Create Lag": "0.311021",
        "Process Lag": "0.0937445"
      },
      {
        "Direction": "Outbound",
        "Destination": "Tallaght",
        "Time": "00:03:48",
        "AVLS": "00:04:28",
        "Tram": "3017",
        "Action": "a",
        "Msg Sent": "16/10/2019 21:48:57",
        "Msg Received": "16/10/2019 21:48:57",
        "Msg Processed": "16/10/2019 21:48:57",
        "XML ID": "36037",
        "Total Lag": "0.482899",
        "Create Lag": "0.311021",
        "Process Lag": "0.171878"
      },
      {
        "Direction": "Outbound",
        "Destination": "Tallaght",
        "Time": "00:14:52",
        "AVLS": "00:15:32",
        "Tram": "4009",
        "Action": "a",
        "Msg Sent": "16/10/2019 21:48:57",
        "Msg Received": "16/10/2019 21:48:57",
        "Msg Processed": "16/10/2019 21:48:57",
        "XML ID": "36038",
        "Total Lag": "0.6860161",
        "Create Lag": "0.6860161",
        "Process Lag": "0"
      }
    ]
  },
  {
    "stopID": "52",
    "stopQueryTime": 1571258940939,
    "count": 3,
    "results": [
      {
        "Direction": "Inbound",
        "Destination": "Belgard",
        "Time": "00:05:35",
        "AVLS": "00:06:15",
        "Tram": "3011",
        "Action": "a",
        "Msg Sent": "16/10/2019 21:48:57",
        "Msg Received": "16/10/2019 21:48:57",
        "Msg Processed": "16/10/2019 21:48:57",
        "XML ID": "36037",
        "Total Lag": "0.3735154",
        "Create Lag": "0.311021",
        "Process Lag": "0.0624944"
      },
      {
        "Direction": "Outbound",
        "Destination": "Saggart",
        "Time": "00:06:16",
        "AVLS": "00:06:56",
        "Tram": "3015",
        "Action": "a",
        "Msg Sent": "16/10/2019 21:48:57",
        "Msg Received": "16/10/2019 21:48:57",
        "Msg Processed": "16/10/2019 21:48:57",
        "XML ID": "36037",
        "Total Lag": "0.4516477",
        "Create Lag": "0.311021",
        "Process Lag": "0.1406267"
      },
      {
        "Direction": "Outbound",
        "Destination": "Saggart",
        "Time": "00:15:11",
        "AVLS": "00:15:51",
        "Tram": "3018",
        "Action": "a",
        "Msg Sent": "16/10/2019 21:48:57",
        "Msg Received": "16/10/2019 21:48:57",
        "Msg Processed": "16/10/2019 21:48:57",
        "XML ID": "36037",
        "Total Lag": "0.514175",
        "Create Lag": "0.311021",
        "Process Lag": "0.203154"
      }
    ]
  },
  {
    "stopID": "47",
    "stopQueryTime": 1571258940941,
    "count": 3,
    "results": [
      {
        "Direction": "Inbound",
        "Destination": "Broombridge",
        "Time": "00:11:32",
        "AVLS": "00:12:12",
        "Tram": "5003",
        "Action": "a",
        "Msg Sent": "16/10/2019 21:48:57",
        "Msg Received": "16/10/2019 21:48:57",
        "Msg Processed": "16/10/2019 21:48:57",
        "XML ID": "36038",
        "Total Lag": "0.7485283",
        "Create Lag": "0.6860161",
        "Process Lag": "0.0625122"
      },
      {
        "Direction": "Outbound",
        "Destination": "Bride's Glen",
        "Time": "00:01:48",
        "AVLS": "00:02:28",
        "Tram": "5003",
        "Action": "a",
        "Msg Sent": "16/10/2019 21:48:57",
        "Msg Received": "16/10/2019 21:48:57",
        "Msg Processed": "16/10/2019 21:48:57",
        "XML ID": "36038",
        "Total Lag": "0.7328883",
        "Create Lag": "0.6860161",
        "Process Lag": "0.0468722"
      },
      {
        "Direction": "Outbound",
        "Destination": "Bride's Glen",
        "Time": "00:13:09",
        "AVLS": "00:13:49",
        "Tram": "5030",
        "Action": "a",
        "Msg Sent": "16/10/2019 21:49:00",
        "Msg Received": "16/10/2019 21:49:00",
        "Msg Processed": "16/10/2019 21:49:00",
        "XML ID": "36039",
        "Total Lag": "0.2485168",
        "Create Lag": "0.1703837",
        "Process Lag": "0.0781331"
      }
    ]
  },
  {
    "stopID": "27",
    "stopQueryTime": 1571258940943,
    "count": 3,
    "results": [
      {
        "Direction": "Inbound",
        "Destination": "Broombridge",
        "Time": "00:14:22",
        "AVLS": "00:15:02",
        "Tram": "5013",
        "Action": "a",
        "Msg Sent": "16/10/2019 21:49:00",
        "Msg Received": "16/10/2019 21:49:00",
        "Msg Processed": "16/10/2019 21:49:00",
        "XML ID": "36039",
        "Total Lag": "0.2953924",
        "Create Lag": "0.1703837",
        "Process Lag": "0.1250087"
      },
      {
        "Direction": "Outbound",
        "Destination": "Sandyford",
        "Time": "00:04:57",
        "AVLS": "00:05:37",
        "Tram": "5023",
        "Action": "a",
        "Msg Sent": "16/10/2019 21:48:57",
        "Msg Received": "16/10/2019 21:48:57",
        "Msg Processed": "16/10/2019 21:48:57",
        "XML ID": "36038",
        "Total Lag": "0.9672724",
        "Create Lag": "0.6860161",
        "Process Lag": "0.2812563"
      },
      {
        "Direction": "Outbound",
        "Destination": "Bride's Glen",
        "Time": "00:11:22",
        "AVLS": "00:12:02",
        "Tram": "5028",
        "Action": "a",
        "Msg Sent": "16/10/2019 21:49:00",
        "Msg Received": "16/10/2019 21:49:00",
        "Msg Processed": "16/10/2019 21:49:00",
        "XML ID": "36039",
        "Total Lag": "0.1860183",
        "Create Lag": "0.1703837",
        "Process Lag": "0.0156346"
      }
    ]
  },
  {
    "stopID": "50",
    "stopQueryTime": 1571258940951,
    "count": 3,
    "results": [
      {
        "Direction": "Inbound",
        "Destination": "Belgard",
        "Time": "00:08:38",
        "AVLS": "00:09:18",
        "Tram": "3011",
        "Action": "a",
        "Msg Sent": "16/10/2019 21:48:57",
        "Msg Received": "16/10/2019 21:48:57",
        "Msg Processed": "16/10/2019 21:48:57",
        "XML ID": "36037",
        "Total Lag": "0.3891406",
        "Create Lag": "0.311021",
        "Process Lag": "0.0781196"
      },
      {
        "Direction": "Outbound",
        "Destination": "Saggart",
        "Time": "00:03:12",
        "AVLS": "00:03:52",
        "Tram": "3015",
        "Action": "a",
        "Msg Sent": "16/10/2019 21:48:57",
        "Msg Received": "16/10/2019 21:48:57",
        "Msg Processed": "16/10/2019 21:48:57",
        "XML ID": "36037",
        "Total Lag": "0.4360163",
        "Create Lag": "0.311021",
        "Process Lag": "0.1249953"
      },
      {
        "Direction": "Outbound",
        "Destination": "Saggart",
        "Time": "00:12:07",
        "AVLS": "00:12:47",
        "Tram": "3018",
        "Action": "a",
        "Msg Sent": "16/10/2019 21:48:57",
        "Msg Received": "16/10/2019 21:48:57",
        "Msg Processed": "16/10/2019 21:48:57",
        "XML ID": "36037",
        "Total Lag": "0.514175",
        "Create Lag": "0.311021",
        "Process Lag": "0.203154"
      }
    ]
  },
  {
    "stopID": "49",
    "stopQueryTime": 1571258940954,
    "count": 3,
    "results": [
      {
        "Direction": "Inbound",
        "Destination": "Belgard",
        "Time": "00:10:26",
        "AVLS": "00:11:06",
        "Tram": "3011",
        "Action": "a",
        "Msg Sent": "16/10/2019 21:48:57",
        "Msg Received": "16/10/2019 21:48:57",
        "Msg Processed": "16/10/2019 21:48:57",
        "XML ID": "36037",
        "Total Lag": "0.3891406",
        "Create Lag": "0.311021",
        "Process Lag": "0.0781196"
      },
      {
        "Direction": "Outbound",
        "Destination": "Saggart",
        "Time": "00:01:26",
        "AVLS": "00:02:06",
        "Tram": "3015",
        "Action": "a",
        "Msg Sent": "16/10/2019 21:48:57",
        "Msg Received": "16/10/2019 21:48:57",
        "Msg Processed": "16/10/2019 21:48:57",
        "XML ID": "36037",
        "Total Lag": "0.4360163",
        "Create Lag": "0.311021",
        "Process Lag": "0.1249953"
      },
      {
        "Direction": "Outbound",
        "Destination": "Saggart",
        "Time": "00:10:21",
        "AVLS": "00:11:01",
        "Tram": "3018",
        "Action": "a",
        "Msg Sent": "16/10/2019 21:48:57",
        "Msg Received": "16/10/2019 21:48:57",
        "Msg Processed": "16/10/2019 21:48:57",
        "XML ID": "36037",
        "Total Lag": "0.4985154",
        "Create Lag": "0.311021",
        "Process Lag": "0.1874944"
      }
    ]
  },
  {
    "stopID": "29",
    "stopQueryTime": 1571258940956,
    "count": 4,
    "results": [
      {
        "Direction": "Inbound",
        "Destination": "Broombridge",
        "Time": "00:11:22",
        "AVLS": "00:12:02",
        "Tram": "5013",
        "Action": "a",
        "Msg Sent": "16/10/2019 21:49:00",
        "Msg Received": "16/10/2019 21:49:00",
        "Msg Processed": "16/10/2019 21:49:00",
        "XML ID": "36039",
        "Total Lag": "0.2797666",
        "Create Lag": "0.1703837",
        "Process Lag": "0.1093829"
      },
      {
        "Direction": "Outbound",
        "Destination": "Bride's Glen",
        "Time": "00:00:00",
        "AVLS": "00:00:26",
        "Tram": "5002",
        "Action": "a",
        "Msg Sent": "16/10/2019 21:48:57",
        "Msg Received": "16/10/2019 21:48:57",
        "Msg Processed": "16/10/2019 21:48:57",
        "XML ID": "36038",
        "Total Lag": "0.7016427",
        "Create Lag": "0.6860161",
        "Process Lag": "0.0156266"
      },
      {
        "Direction": "Outbound",
        "Destination": "Sandyford",
        "Time": "00:08:19",
        "AVLS": "00:08:59",
        "Tram": "5023",
        "Action": "a",
        "Msg Sent": "16/10/2019 21:48:57",
        "Msg Received": "16/10/2019 21:48:57",
        "Msg Processed": "16/10/2019 21:48:57",
        "XML ID": "36038",
        "Total Lag": "0.9828902",
        "Create Lag": "0.6860161",
        "Process Lag": "0.2968741"
      },
      {
        "Direction": "Outbound",
        "Destination": "Bride's Glen",
        "Time": "00:14:44",
        "AVLS": "00:15:24",
        "Tram": "5028",
        "Action": "a",
        "Msg Sent": "16/10/2019 21:49:00",
        "Msg Received": "16/10/2019 21:49:00",
        "Msg Processed": "16/10/2019 21:49:00",
        "XML ID": "36039",
        "Total Lag": "0.1860183",
        "Create Lag": "0.1703837",
        "Process Lag": "0.0156346"
      }
    ]
  },
  {
    "stopID": "54",
    "stopQueryTime": 1571258940961,
    "count": 3,
    "results": [
      {
        "Direction": "Inbound",
        "Destination": "The Point",
        "Time": "00:00:00",
        "AVLS": "00:00:24",
        "Tram": "4002",
        "Action": "a",
        "Msg Sent": "16/10/2019 21:48:57",
        "Msg Received": "16/10/2019 21:48:57",
        "Msg Processed": "16/10/2019 21:48:57",
        "XML ID": "36037",
        "Total Lag": "0.5766408",
        "Create Lag": "0.311021",
        "Process Lag": "0.2656198"
      },
      {
        "Direction": "Inbound",
        "Destination": "The Point",
        "Time": "00:11:36",
        "AVLS": "00:12:16",
        "Tram": "3002",
        "Action": "a",
        "Msg Sent": "16/10/2019 21:48:57",
        "Msg Received": "16/10/2019 21:48:57",
        "Msg Processed": "16/10/2019 21:48:57",
        "XML ID": "36037",
        "Total Lag": "0.3266411",
        "Create Lag": "0.311021",
        "Process Lag": "0.0156201"
      },
      {
        "Direction": "Outbound",
        "Destination": "Tallaght",
        "Time": "00:09:00",
        "AVLS": "00:09:40",
        "Tram": "4006",
        "Action": "a",
        "Msg Sent": "16/10/2019 21:48:57",
        "Msg Received": "16/10/2019 21:48:57",
        "Msg Processed": "16/10/2019 21:48:57",
        "XML ID": "36037",
        "Total Lag": "0.5922864",
        "Create Lag": "0.311021",
        "Process Lag": "0.2812654"
      }
    ]
  },
  {
    "stopID": "44",
    "stopQueryTime": 1571258940964,
    "count": 3,
    "results": [
      {
        "Direction": "Inbound",
        "Destination": "Broombridge",
        "Time": "00:01:35",
        "AVLS": "00:02:15",
        "Tram": "5010",
        "Action": "a",
        "Msg Sent": "16/10/2019 21:48:57",
        "Msg Received": "16/10/2019 21:48:57",
        "Msg Processed": "16/10/2019 21:48:57",
        "XML ID": "36038",
        "Total Lag": "0.7953905",
        "Create Lag": "0.6860161",
        "Process Lag": "0.1093744"
      },
      {
        "Direction": "Inbound",
        "Destination": "Broombridge",
        "Time": "00:16:24",
        "AVLS": "00:17:04",
        "Tram": "5003",
        "Action": "a",
        "Msg Sent": "16/10/2019 21:48:57",
        "Msg Received": "16/10/2019 21:48:57",
        "Msg Processed": "16/10/2019 21:48:57",
        "XML ID": "36038",
        "Total Lag": "0.7485283",
        "Create Lag": "0.6860161",
        "Process Lag": "0.0625122"
      },
      {
        "Direction": "Outbound",
        "Destination": "Bride's Glen",
        "Time": "00:08:21",
        "AVLS": "00:09:01",
        "Tram": "5030",
        "Action": "a",
        "Msg Sent": "16/10/2019 21:49:00",
        "Msg Received": "16/10/2019 21:49:00",
        "Msg Processed": "16/10/2019 21:49:00",
        "XML ID": "36039",
        "Total Lag": "0.232886",
        "Create Lag": "0.1703837",
        "Process Lag": "0.0625023"
      }
    ]
  },
  {
    "stopID": "51",
    "stopQueryTime": 1571258940967,
    "count": 3,
    "results": [
      {
        "Direction": "Inbound",
        "Destination": "Belgard",
        "Time": "00:06:51",
        "AVLS": "00:07:31",
        "Tram": "3011",
        "Action": "a",
        "Msg Sent": "16/10/2019 21:48:57",
        "Msg Received": "16/10/2019 21:48:57",
        "Msg Processed": "16/10/2019 21:48:57",
        "XML ID": "36037",
        "Total Lag": "0.3735154",
        "Create Lag": "0.311021",
        "Process Lag": "0.0624944"
      },
      {
        "Direction": "Outbound",
        "Destination": "Saggart",
        "Time": "00:04:59",
        "AVLS": "00:05:39",
        "Tram": "3015",
        "Action": "a",
        "Msg Sent": "16/10/2019 21:48:57",
        "Msg Received": "16/10/2019 21:48:57",
        "Msg Processed": "16/10/2019 21:48:57",
        "XML ID": "36037",
        "Total Lag": "0.4360163",
        "Create Lag": "0.311021",
        "Process Lag": "0.1249953"
      },
      {
        "Direction": "Outbound",
        "Destination": "Saggart",
        "Time": "00:13:54",
        "AVLS": "00:14:34",
        "Tram": "3018",
        "Action": "a",
        "Msg Sent": "16/10/2019 21:48:57",
        "Msg Received": "16/10/2019 21:48:57",
        "Msg Processed": "16/10/2019 21:48:57",
        "XML ID": "36037",
        "Total Lag": "0.514175",
        "Create Lag": "0.311021",
        "Process Lag": "0.203154"
      }
    ]
  },
  {
    "stopID": "9",
    "stopQueryTime": 1571258940973,
    "count": 4,
    "results": [
      {
        "Direction": "Inbound",
        "Destination": "The Point",
        "Time": "00:03:30",
        "AVLS": "00:04:10",
        "Tram": "3025",
        "Action": "a",
        "Msg Sent": "16/10/2019 21:48:57",
        "Msg Received": "16/10/2019 21:48:57",
        "Msg Processed": "16/10/2019 21:48:57",
        "XML ID": "36037",
        "Total Lag": "0.5297666",
        "Create Lag": "0.311021",
        "Process Lag": "0.2187456"
      },
      {
        "Direction": "Inbound",
        "Destination": "The Point",
        "Time": "00:16:08",
        "AVLS": "00:16:48",
        "Tram": "3012",
        "Action": "a",
        "Msg Sent": "16/10/2019 21:48:57",
        "Msg Received": "16/10/2019 21:48:57",
        "Msg Processed": "16/10/2019 21:48:57",
        "XML ID": "36037",
        "Total Lag": "0.4047655",
        "Create Lag": "0.311021",
        "Process Lag": "0.0937445"
      },
      {
        "Direction": "Outbound",
        "Destination": "Tallaght",
        "Time": "00:00:00",
        "AVLS": "00:00:39",
        "Tram": "3017",
        "Action": "a",
        "Msg Sent": "16/10/2019 21:48:57",
        "Msg Received": "16/10/2019 21:48:57",
        "Msg Processed": "16/10/2019 21:48:57",
        "XML ID": "36037",
        "Total Lag": "0.482899",
        "Create Lag": "0.311021",
        "Process Lag": "0.171878"
      },
      {
        "Direction": "Outbound",
        "Destination": "Tallaght",
        "Time": "00:11:03",
        "AVLS": "00:11:43",
        "Tram": "4009",
        "Action": "a",
        "Msg Sent": "16/10/2019 21:48:57",
        "Msg Received": "16/10/2019 21:48:57",
        "Msg Processed": "16/10/2019 21:48:57",
        "XML ID": "36037",
        "Total Lag": "0.6391434",
        "Create Lag": "0.311021",
        "Process Lag": "0.3281224"
      }
    ]
  },
  {
    "stopID": "6",
    "stopQueryTime": 1571258940975,
    "count": 4,
    "results": [
      {
        "Direction": "Inbound",
        "Destination": "The Point",
        "Time": "00:08:12",
        "AVLS": "00:08:52",
        "Tram": "3012",
        "Action": "a",
        "Msg Sent": "16/10/2019 21:48:57",
        "Msg Received": "16/10/2019 21:48:57",
        "Msg Processed": "16/10/2019 21:48:57",
        "XML ID": "36037",
        "Total Lag": "0.4047655",
        "Create Lag": "0.311021",
        "Process Lag": "0.0937445"
      },
      {
        "Direction": "Outbound",
        "Destination": "Tallaght",
        "Time": "00:00:00",
        "AVLS": "00:00:00",
        "Tram": "3014",
        "Action": "a",
        "Msg Sent": "16/10/2019 21:48:39",
        "Msg Received": "16/10/2019 21:48:39",
        "Msg Processed": "16/10/2019 21:48:39",
        "XML ID": "36032",
        "Total Lag": "0.6078052",
        "Create Lag": "0.5296741",
        "Process Lag": "0.0781311"
      },
      {
        "Direction": "Outbound",
        "Destination": "Tallaght",
        "Time": "00:07:51",
        "AVLS": "00:08:31",
        "Tram": "3017",
        "Action": "a",
        "Msg Sent": "16/10/2019 21:48:57",
        "Msg Received": "16/10/2019 21:48:57",
        "Msg Processed": "16/10/2019 21:48:57",
        "XML ID": "36037",
        "Total Lag": "0.482899",
        "Create Lag": "0.311021",
        "Process Lag": "0.171878"
      },
      {
        "Direction": "Outbound",
        "Destination": "Tallaght",
        "Time": "00:18:55",
        "AVLS": "00:19:35",
        "Tram": "4009",
        "Action": "a",
        "Msg Sent": "16/10/2019 21:48:57",
        "Msg Received": "16/10/2019 21:48:57",
        "Msg Processed": "16/10/2019 21:48:57",
        "XML ID": "36038",
        "Total Lag": "0.6860161",
        "Create Lag": "0.6860161",
        "Process Lag": "0"
      }
    ]
  },
  {
    "stopID": "55",
    "stopQueryTime": 1571258940976,
    "count": 3,
    "results": [
      {
        "Direction": "Inbound",
        "Destination": "The Point",
        "Time": "00:01:00",
        "AVLS": "00:01:40",
        "Tram": "4002",
        "Action": "a",
        "Msg Sent": "16/10/2019 21:48:57",
        "Msg Received": "16/10/2019 21:48:57",
        "Msg Processed": "16/10/2019 21:48:57",
        "XML ID": "36037",
        "Total Lag": "0.5766408",
        "Create Lag": "0.311021",
        "Process Lag": "0.2656198"
      },
      {
        "Direction": "Inbound",
        "Destination": "The Point",
        "Time": "00:12:52",
        "AVLS": "00:13:32",
        "Tram": "3002",
        "Action": "a",
        "Msg Sent": "16/10/2019 21:48:57",
        "Msg Received": "16/10/2019 21:48:57",
        "Msg Processed": "16/10/2019 21:48:57",
        "XML ID": "36037",
        "Total Lag": "0.3422667",
        "Create Lag": "0.311021",
        "Process Lag": "0.0312457"
      },
      {
        "Direction": "Outbound",
        "Destination": "Tallaght",
        "Time": "00:07:32",
        "AVLS": "00:08:12",
        "Tram": "4006",
        "Action": "a",
        "Msg Sent": "16/10/2019 21:48:57",
        "Msg Received": "16/10/2019 21:48:57",
        "Msg Processed": "16/10/2019 21:48:57",
        "XML ID": "36037",
        "Total Lag": "0.5922864",
        "Create Lag": "0.311021",
        "Process Lag": "0.2812654"
      }
    ]
  },
  {
    "stopID": "30",
    "stopQueryTime": 1571258940979,
    "count": 4,
    "results": [
      {
        "Direction": "Inbound",
        "Destination": "Broombridge",
        "Time": "00:09:37",
        "AVLS": "00:10:17",
        "Tram": "5013",
        "Action": "a",
        "Msg Sent": "16/10/2019 21:49:00",
        "Msg Received": "16/10/2019 21:49:00",
        "Msg Processed": "16/10/2019 21:49:00",
        "XML ID": "36039",
        "Total Lag": "0.2797666",
        "Create Lag": "0.1703837",
        "Process Lag": "0.1093829"
      },
      {
        "Direction": "Outbound",
        "Destination": "Bride's Glen",
        "Time": "00:01:32",
        "AVLS": "00:02:12",
        "Tram": "5002",
        "Action": "a",
        "Msg Sent": "16/10/2019 21:48:57",
        "Msg Received": "16/10/2019 21:48:57",
        "Msg Processed": "16/10/2019 21:48:57",
        "XML ID": "36038",
        "Total Lag": "0.7016427",
        "Create Lag": "0.6860161",
        "Process Lag": "0.0156266"
      },
      {
        "Direction": "Outbound",
        "Destination": "Sandyford",
        "Time": "00:10:05",
        "AVLS": "00:10:45",
        "Tram": "5023",
        "Action": "a",
        "Msg Sent": "16/10/2019 21:48:57",
        "Msg Received": "16/10/2019 21:48:57",
        "Msg Processed": "16/10/2019 21:48:57",
        "XML ID": "36038",
        "Total Lag": "0.9828902",
        "Create Lag": "0.6860161",
        "Process Lag": "0.2968741"
      },
      {
        "Direction": "Outbound",
        "Destination": "Bride's Glen",
        "Time": "00:16:30",
        "AVLS": "00:17:10",
        "Tram": "5028",
        "Action": "a",
        "Msg Sent": "16/10/2019 21:49:00",
        "Msg Received": "16/10/2019 21:49:00",
        "Msg Processed": "16/10/2019 21:49:00",
        "XML ID": "36039",
        "Total Lag": "0.2016355",
        "Create Lag": "0.1703837",
        "Process Lag": "0.0312518"
      }
    ]
  },
  {
    "stopID": "25",
    "stopQueryTime": 1571258940981,
    "count": 4,
    "results": [
      {
        "Direction": "Inbound",
        "Destination": "Broombridge",
        "Time": "00:00:11",
        "AVLS": "00:00:51",
        "Tram": "5008",
        "Action": "a",
        "Msg Sent": "16/10/2019 21:48:57",
        "Msg Received": "16/10/2019 21:48:57",
        "Msg Processed": "16/10/2019 21:48:57",
        "XML ID": "36038",
        "Total Lag": "0.7641418",
        "Create Lag": "0.6860161",
        "Process Lag": "0.0781257"
      },
      {
        "Direction": "Inbound",
        "Destination": "Broombridge",
        "Time": "00:17:53",
        "AVLS": "00:18:33",
        "Tram": "5013",
        "Action": "a",
        "Msg Sent": "16/10/2019 21:49:00",
        "Msg Received": "16/10/2019 21:49:00",
        "Msg Processed": "16/10/2019 21:49:00",
        "XML ID": "36039",
        "Total Lag": "0.2953924",
        "Create Lag": "0.1703837",
        "Process Lag": "0.1250087"
      },
      {
        "Direction": "Outbound",
        "Destination": "Sandyford",
        "Time": "00:00:49",
        "AVLS": "00:01:29",
        "Tram": "5023",
        "Action": "a",
        "Msg Sent": "16/10/2019 21:48:57",
        "Msg Received": "16/10/2019 21:48:57",
        "Msg Processed": "16/10/2019 21:48:57",
        "XML ID": "36038",
        "Total Lag": "0.9672724",
        "Create Lag": "0.6860161",
        "Process Lag": "0.2812563"
      },
      {
        "Direction": "Outbound",
        "Destination": "Bride's Glen",
        "Time": "00:07:14",
        "AVLS": "00:07:54",
        "Tram": "5028",
        "Action": "a",
        "Msg Sent": "16/10/2019 21:49:00",
        "Msg Received": "16/10/2019 21:49:00",
        "Msg Processed": "16/10/2019 21:49:00",
        "XML ID": "36039",
        "Total Lag": "0.1703837",
        "Create Lag": "0.1703837",
        "Process Lag": "0"
      }
    ]
  },
  {
    "stopID": "56",
    "stopQueryTime": 1571258940985,
    "count": 4,
    "results": [
      {
        "Direction": "Inbound",
        "Destination": "The Point",
        "Time": "00:02:39",
        "AVLS": "00:03:19",
        "Tram": "4002",
        "Action": "a",
        "Msg Sent": "16/10/2019 21:48:57",
        "Msg Received": "16/10/2019 21:48:57",
        "Msg Processed": "16/10/2019 21:48:57",
        "XML ID": "36037",
        "Total Lag": "0.5766408",
        "Create Lag": "0.311021",
        "Process Lag": "0.2656198"
      },
      {
        "Direction": "Inbound",
        "Destination": "The Point",
        "Time": "00:14:31",
        "AVLS": "00:15:11",
        "Tram": "3002",
        "Action": "a",
        "Msg Sent": "16/10/2019 21:48:57",
        "Msg Received": "16/10/2019 21:48:57",
        "Msg Processed": "16/10/2019 21:48:57",
        "XML ID": "36037",
        "Total Lag": "0.3422667",
        "Create Lag": "0.311021",
        "Process Lag": "0.0312457"
      },
      {
        "Direction": "Outbound",
        "Destination": "Tallaght",
        "Time": "00:05:33",
        "AVLS": "00:06:13",
        "Tram": "4006",
        "Action": "a",
        "Msg Sent": "16/10/2019 21:48:57",
        "Msg Received": "16/10/2019 21:48:57",
        "Msg Processed": "16/10/2019 21:48:57",
        "XML ID": "36037",
        "Total Lag": "0.5922864",
        "Create Lag": "0.311021",
        "Process Lag": "0.2812654"
      },
      {
        "Direction": "Outbound",
        "Destination": "Tallaght",
        "Time": "00:17:33",
        "AVLS": "00:18:13",
        "Tram": "4002",
        "Action": "a",
        "Msg Sent": "16/10/2019 21:48:57",
        "Msg Received": "16/10/2019 21:48:57",
        "Msg Processed": "16/10/2019 21:48:57",
        "XML ID": "36037",
        "Total Lag": "0.5766408",
        "Create Lag": "0.311021",
        "Process Lag": "0.2656198"
      }
    ]
  },
  {
    "stopID": "35",
    "stopQueryTime": 1571258940991,
    "count": 6,
    "results": [
      {
        "Direction": "Inbound",
        "Destination": "Broombridge",
        "Time": "00:00:26",
        "AVLS": "00:01:06",
        "Tram": "5013",
        "Action": "a",
        "Msg Sent": "16/10/2019 21:49:00",
        "Msg Received": "16/10/2019 21:49:00",
        "Msg Processed": "16/10/2019 21:49:00",
        "XML ID": "36039",
        "Total Lag": "0.2485168",
        "Create Lag": "0.1703837",
        "Process Lag": "0.0781331"
      },
      {
        "Direction": "Inbound",
        "Destination": "Broombridge",
        "Time": "00:15:10",
        "AVLS": "00:15:50",
        "Tram": "5010",
        "Action": "a",
        "Msg Sent": "16/10/2019 21:48:57",
        "Msg Received": "16/10/2019 21:48:57",
        "Msg Processed": "16/10/2019 21:48:57",
        "XML ID": "36038",
        "Total Lag": "0.8110133",
        "Create Lag": "0.6860161",
        "Process Lag": "0.1249972"
      },
      {
        "Direction": "Outbound",
        "Destination": "Sandyford",
        "Time": "00:00:48",
        "AVLS": "00:01:28",
        "Tram": "5006",
        "Action": "a",
        "Msg Sent": "16/10/2019 21:48:57",
        "Msg Received": "16/10/2019 21:48:57",
        "Msg Processed": "16/10/2019 21:48:57",
        "XML ID": "36038",
        "Total Lag": "0.7641418",
        "Create Lag": "0.6860161",
        "Process Lag": "0.0781257"
      },
      {
        "Direction": "Outbound",
        "Destination": "Sandyford",
        "Time": "00:02:33",
        "AVLS": "00:03:13",
        "Tram": "5027",
        "Action": "a",
        "Msg Sent": "16/10/2019 21:48:57",
        "Msg Received": "16/10/2019 21:48:57",
        "Msg Processed": "16/10/2019 21:48:58",
        "XML ID": "36038",
        "Total Lag": "1.014138",
        "Create Lag": "0.6860161",
        "Process Lag": "0.3281219"
      },
      {
        "Direction": "Outbound",
        "Destination": "Bride's Glen",
        "Time": "00:09:57",
        "AVLS": "00:10:37",
        "Tram": "5002",
        "Action": "a",
        "Msg Sent": "16/10/2019 21:48:57",
        "Msg Received": "16/10/2019 21:48:57",
        "Msg Processed": "16/10/2019 21:48:57",
        "XML ID": "36038",
        "Total Lag": "0.7172665",
        "Create Lag": "0.6860161",
        "Process Lag": "0.0312504"
      },
      {
        "Direction": "Outbound",
        "Destination": "Sandyford",
        "Time": "00:18:30",
        "AVLS": "00:19:10",
        "Tram": "5023",
        "Action": "a",
        "Msg Sent": "16/10/2019 21:48:57",
        "Msg Received": "16/10/2019 21:48:57",
        "Msg Processed": "16/10/2019 21:48:57",
        "XML ID": "36038",
        "Total Lag": "0.9985164",
        "Create Lag": "0.6860161",
        "Process Lag": "0.3125003"
      }
    ]
  },
  {
    "stopID": "33",
    "stopQueryTime": 1571258940994,
    "count": 5,
    "results": [
      {
        "Direction": "Inbound",
        "Destination": "Broombridge",
        "Time": "00:04:09",
        "AVLS": "00:04:49",
        "Tram": "5013",
        "Action": "a",
        "Msg Sent": "16/10/2019 21:49:00",
        "Msg Received": "16/10/2019 21:49:00",
        "Msg Processed": "16/10/2019 21:49:00",
        "XML ID": "36039",
        "Total Lag": "0.2641369",
        "Create Lag": "0.1703837",
        "Process Lag": "0.0937532"
      },
      {
        "Direction": "Inbound",
        "Destination": "Broombridge",
        "Time": "00:18:53",
        "AVLS": "00:19:33",
        "Tram": "5010",
        "Action": "a",
        "Msg Sent": "16/10/2019 21:48:57",
        "Msg Received": "16/10/2019 21:48:57",
        "Msg Processed": "16/10/2019 21:48:57",
        "XML ID": "36038",
        "Total Lag": "0.8266422",
        "Create Lag": "0.6860161",
        "Process Lag": "0.1406261"
      },
      {
        "Direction": "Outbound",
        "Destination": "Sandyford",
        "Time": "00:00:00",
        "AVLS": "00:00:00",
        "Tram": "5027",
        "Action": "a",
        "Msg Sent": "16/10/2019 21:48:57",
        "Msg Received": "16/10/2019 21:48:57",
        "Msg Processed": "16/10/2019 21:48:57",
        "XML ID": "36038",
        "Total Lag": "0.9985164",
        "Create Lag": "0.6860161",
        "Process Lag": "0.3125003"
      },
      {
        "Direction": "Outbound",
        "Destination": "Bride's Glen",
        "Time": "00:06:44",
        "AVLS": "00:07:24",
        "Tram": "5002",
        "Action": "a",
        "Msg Sent": "16/10/2019 21:48:57",
        "Msg Received": "16/10/2019 21:48:57",
        "Msg Processed": "16/10/2019 21:48:57",
        "XML ID": "36038",
        "Total Lag": "0.7016427",
        "Create Lag": "0.6860161",
        "Process Lag": "0.0156266"
      },
      {
        "Direction": "Outbound",
        "Destination": "Sandyford",
        "Time": "00:15:17",
        "AVLS": "00:15:57",
        "Tram": "5023",
        "Action": "a",
        "Msg Sent": "16/10/2019 21:48:57",
        "Msg Received": "16/10/2019 21:48:57",
        "Msg Processed": "16/10/2019 21:48:57",
        "XML ID": "36038",
        "Total Lag": "0.9985164",
        "Create Lag": "0.6860161",
        "Process Lag": "0.3125003"
      }
    ]
  },
  {
    "stopID": "53",
    "stopQueryTime": 1571258940997,
    "count": 5,
    "results": [
      {
        "Direction": "Inbound",
        "Destination": "Belgard",
        "Time": "00:03:20",
        "AVLS": "00:04:00",
        "Tram": "3011",
        "Action": "d",
        "Msg Sent": "16/10/2019 21:48:57",
        "Msg Received": "16/10/2019 21:48:57",
        "Msg Processed": "16/10/2019 21:48:57",
        "XML ID": "36037",
        "Total Lag": "0.3735154",
        "Create Lag": "0.311021",
        "Process Lag": "0.0624944"
      },
      {
        "Direction": "Inbound",
        "Destination": "Belgard",
        "Time": "00:18:24",
        "AVLS": "00:19:04",
        "Tram": "3015",
        "Action": "d",
        "Msg Sent": "16/10/2019 21:48:57",
        "Msg Received": "16/10/2019 21:48:57",
        "Msg Processed": "16/10/2019 21:48:57",
        "XML ID": "36037",
        "Total Lag": "0.4516477",
        "Create Lag": "0.311021",
        "Process Lag": "0.1406267"
      },
      {
        "Direction": "Terminating",
        "Destination": "Saggart",
        "Time": "00:00:00",
        "AVLS": "00:00:00",
        "Tram": "3011",
        "Action": "a",
        "Msg Sent": "16/10/2019 21:48:57",
        "Msg Received": "16/10/2019 21:48:57",
        "Msg Processed": "16/10/2019 21:48:57",
        "XML ID": "36037",
        "Total Lag": "0.3735154",
        "Create Lag": "0.311021",
        "Process Lag": "0.0624944"
      },
      {
        "Direction": "Terminating",
        "Destination": "Saggart",
        "Time": "00:08:29",
        "AVLS": "00:09:09",
        "Tram": "3015",
        "Action": "a",
        "Msg Sent": "16/10/2019 21:48:57",
        "Msg Received": "16/10/2019 21:48:57",
        "Msg Processed": "16/10/2019 21:48:57",
        "XML ID": "36037",
        "Total Lag": "0.4516477",
        "Create Lag": "0.311021",
        "Process Lag": "0.1406267"
      },
      {
        "Direction": "Terminating",
        "Destination": "Saggart",
        "Time": "00:17:24",
        "AVLS": "00:18:04",
        "Tram": "3018",
        "Action": "a",
        "Msg Sent": "16/10/2019 21:48:57",
        "Msg Received": "16/10/2019 21:48:57",
        "Msg Processed": "16/10/2019 21:48:57",
        "XML ID": "36037",
        "Total Lag": "0.514175",
        "Create Lag": "0.311021",
        "Process Lag": "0.203154"
      }
    ]
  },
  {
    "stopID": "4",
    "stopQueryTime": 1571258941000,
    "count": 6,
    "results": [
      {
        "Direction": "Inbound",
        "Destination": "The Point",
        "Time": "00:03:12",
        "AVLS": "00:03:52",
        "Tram": "3012",
        "Action": "a",
        "Msg Sent": "16/10/2019 21:48:57",
        "Msg Received": "16/10/2019 21:48:57",
        "Msg Processed": "16/10/2019 21:48:57",
        "XML ID": "36037",
        "Total Lag": "0.3891406",
        "Create Lag": "0.311021",
        "Process Lag": "0.0781196"
      },
      {
        "Direction": "Inbound",
        "Destination": "The Point",
        "Time": "00:16:24",
        "AVLS": "00:17:04",
        "Tram": "3016",
        "Action": "a",
        "Msg Sent": "16/10/2019 21:48:57",
        "Msg Received": "16/10/2019 21:48:57",
        "Msg Processed": "16/10/2019 21:48:57",
        "XML ID": "36037",
        "Total Lag": "0.4672722",
        "Create Lag": "0.311021",
        "Process Lag": "0.1562512"
      },
      {
        "Direction": "Outbound",
        "Destination": "Tallaght",
        "Time": "00:04:00",
        "AVLS": "00:04:40",
        "Tram": "3014",
        "Action": "a",
        "Msg Sent": "16/10/2019 21:48:57",
        "Msg Received": "16/10/2019 21:48:57",
        "Msg Processed": "16/10/2019 21:48:57",
        "XML ID": "36037",
        "Total Lag": "0.4203904",
        "Create Lag": "0.311021",
        "Process Lag": "0.1093694"
      },
      {
        "Direction": "Outbound",
        "Destination": "Saggart",
        "Time": "00:06:54",
        "AVLS": "00:07:34",
        "Tram": "3018",
        "Action": "a",
        "Msg Sent": "16/10/2019 21:48:57",
        "Msg Received": "16/10/2019 21:48:57",
        "Msg Processed": "16/10/2019 21:48:57",
        "XML ID": "36037",
        "Total Lag": "0.4985154",
        "Create Lag": "0.311021",
        "Process Lag": "0.1874944"
      },
      {
        "Direction": "Outbound",
        "Destination": "Tallaght",
        "Time": "00:12:51",
        "AVLS": "00:13:31",
        "Tram": "3017",
        "Action": "a",
        "Msg Sent": "16/10/2019 21:48:57",
        "Msg Received": "16/10/2019 21:48:57",
        "Msg Processed": "16/10/2019 21:48:57",
        "XML ID": "36037",
        "Total Lag": "0.482899",
        "Create Lag": "0.311021",
        "Process Lag": "0.171878"
      },
      {
        "Direction": "Outbound",
        "Destination": "Saggart",
        "Time": "00:17:54",
        "AVLS": "00:18:34",
        "Tram": "3011",
        "Action": "a",
        "Msg Sent": "16/10/2019 21:48:57",
        "Msg Received": "16/10/2019 21:48:57",
        "Msg Processed": "16/10/2019 21:48:57",
        "XML ID": "36037",
        "Total Lag": "0.3891406",
        "Create Lag": "0.311021",
        "Process Lag": "0.0781196"
      }
    ]
  },
  {
    "stopID": "34",
    "stopQueryTime": 1571258941004,
    "count": 6,
    "results": [
      {
        "Direction": "Inbound",
        "Destination": "Broombridge",
        "Time": "00:02:26",
        "AVLS": "00:03:06",
        "Tram": "5013",
        "Action": "a",
        "Msg Sent": "16/10/2019 21:49:00",
        "Msg Received": "16/10/2019 21:49:00",
        "Msg Processed": "16/10/2019 21:49:00",
        "XML ID": "36039",
        "Total Lag": "0.2641369",
        "Create Lag": "0.1703837",
        "Process Lag": "0.0937532"
      },
      {
        "Direction": "Inbound",
        "Destination": "Broombridge",
        "Time": "00:17:10",
        "AVLS": "00:17:50",
        "Tram": "5010",
        "Action": "a",
        "Msg Sent": "16/10/2019 21:48:57",
        "Msg Received": "16/10/2019 21:48:57",
        "Msg Processed": "16/10/2019 21:48:57",
        "XML ID": "36038",
        "Total Lag": "0.8110133",
        "Create Lag": "0.6860161",
        "Process Lag": "0.1249972"
      },
      {
        "Direction": "Outbound",
        "Destination": "Sandyford",
        "Time": "00:00:00",
        "AVLS": "00:00:00",
        "Tram": "5006",
        "Action": "a",
        "Msg Sent": "16/10/2019 21:48:47",
        "Msg Received": "16/10/2019 21:48:47",
        "Msg Processed": "16/10/2019 21:48:47",
        "XML ID": "36033",
        "Total Lag": "0.295421",
        "Create Lag": "0.295421",
        "Process Lag": "0"
      },
      {
        "Direction": "Outbound",
        "Destination": "Sandyford",
        "Time": "00:00:54",
        "AVLS": "00:01:34",
        "Tram": "5027",
        "Action": "a",
        "Msg Sent": "16/10/2019 21:48:57",
        "Msg Received": "16/10/2019 21:48:57",
        "Msg Processed": "16/10/2019 21:48:57",
        "XML ID": "36038",
        "Total Lag": "0.9985164",
        "Create Lag": "0.6860161",
        "Process Lag": "0.3125003"
      },
      {
        "Direction": "Outbound",
        "Destination": "Bride's Glen",
        "Time": "00:08:18",
        "AVLS": "00:08:58",
        "Tram": "5002",
        "Action": "a",
        "Msg Sent": "16/10/2019 21:48:57",
        "Msg Received": "16/10/2019 21:48:57",
        "Msg Processed": "16/10/2019 21:48:57",
        "XML ID": "36038",
        "Total Lag": "0.7172665",
        "Create Lag": "0.6860161",
        "Process Lag": "0.0312504"
      },
      {
        "Direction": "Outbound",
        "Destination": "Sandyford",
        "Time": "00:16:51",
        "AVLS": "00:17:31",
        "Tram": "5023",
        "Action": "a",
        "Msg Sent": "16/10/2019 21:48:57",
        "Msg Received": "16/10/2019 21:48:57",
        "Msg Processed": "16/10/2019 21:48:57",
        "XML ID": "36038",
        "Total Lag": "0.9985164",
        "Create Lag": "0.6860161",
        "Process Lag": "0.3125003"
      }
    ]
  }
]