[
  {
    "stopID": "23",
    "stopQueryTime": 1571259240745,
    "count": 0,
    "results": []
  },
  {
    "stopID": "48",
    "stopQueryTime": 1571259240791,
    "count": 1,
    "results": [
      {
        "Direction": "Inbound",
        "Destination": "Broombridge",
        "Time": "00:05:24",
        "AVLS": "00:06:04",
        "Tram": "5003",
        "Action": "d",
        "Msg Sent": "16/10/2019 21:53:57",
        "Msg Received": "16/10/2019 21:53:58",
        "Msg Processed": "16/10/2019 21:53:58",
        "XML ID": "36171",
        "Total Lag": "1.2300716",
        "Create Lag": "1.1669214",
        "Process Lag": "0.0631502"
      }
    ]
  },
  {
    "stopID": "8",
    "stopQueryTime": 1571259240813,
    "count": 2,
    "results": [
      {
        "Direction": "Inbound",
        "Destination": "The Point",
        "Time": "00:08:14",
        "AVLS": "00:08:54",
        "Tram": "3012",
        "Action": "a",
        "Msg Sent": "16/10/2019 21:53:57",
        "Msg Received": "16/10/2019 21:53:57",
        "Msg Processed": "16/10/2019 21:53:57",
        "XML ID": "36170",
        "Total Lag": "0.9165906",
        "Create Lag": "0.8228597",
        "Process Lag": "0.0937309"
      },
      {
        "Direction": "Outbound",
        "Destination": "Tallaght",
        "Time": "00:07:58",
        "AVLS": "00:08:38",
        "Tram": "4009",
        "Action": "a",
        "Msg Sent": "16/10/2019 21:53:57",
        "Msg Received": "16/10/2019 21:53:57",
        "Msg Processed": "16/10/2019 21:53:58",
        "XML ID": "36170",
        "Total Lag": "1.1669214",
        "Create Lag": "0.8228597",
        "Process Lag": "0.3440617"
      }
    ]
  },
  {
    "stopID": "7",
    "stopQueryTime": 1571259240823,
    "count": 2,
    "results": [
      {
        "Direction": "Inbound",
        "Destination": "The Point",
        "Time": "00:06:43",
        "AVLS": "00:07:23",
        "Tram": "3012",
        "Action": "a",
        "Msg Sent": "16/10/2019 21:53:57",
        "Msg Received": "16/10/2019 21:53:57",
        "Msg Processed": "16/10/2019 21:53:57",
        "XML ID": "36170",
        "Total Lag": "0.9165906",
        "Create Lag": "0.8228597",
        "Process Lag": "0.0937309"
      },
      {
        "Direction": "Outbound",
        "Destination": "Tallaght",
        "Time": "00:09:32",
        "AVLS": "00:10:12",
        "Tram": "4009",
        "Action": "a",
        "Msg Sent": "16/10/2019 21:53:57",
        "Msg Received": "16/10/2019 21:53:57",
        "Msg Processed": "16/10/2019 21:53:58",
        "XML ID": "36170",
        "Total Lag": "1.1669214",
        "Create Lag": "0.8228597",
        "Process Lag": "0.3440617"
      }
    ]
  },
  {
    "stopID": "46",
    "stopQueryTime": 1571259240829,
    "count": 2,
    "results": [
      {
        "Direction": "Inbound",
        "Destination": "Broombridge",
        "Time": "00:08:33",
        "AVLS": "00:09:13",
        "Tram": "5003",
        "Action": "a",
        "Msg Sent": "16/10/2019 21:53:57",
        "Msg Received": "16/10/2019 21:53:58",
        "Msg Processed": "16/10/2019 21:53:58",
        "XML ID": "36171",
        "Total Lag": "1.2300716",
        "Create Lag": "1.1669214",
        "Process Lag": "0.0631502"
      },
      {
        "Direction": "Outbound",
        "Destination": "Bride's Glen",
        "Time": "00:06:23",
        "AVLS": "00:07:03",
        "Tram": "5030",
        "Action": "a",
        "Msg Sent": "16/10/2019 21:53:59",
        "Msg Received": "16/10/2019 21:53:59",
        "Msg Processed": "16/10/2019 21:53:59",
        "XML ID": "36172",
        "Total Lag": "0.7471294",
        "Create Lag": "0.7315016",
        "Process Lag": "0.0156278"
      }
    ]
  },
  {
    "stopID": "38",
    "stopQueryTime": 1571259240832,
    "count": 2,
    "results": [
      {
        "Direction": "Inbound",
        "Destination": "Broombridge",
        "Time": "00:03:00",
        "AVLS": "00:03:40",
        "Tram": "5010",
        "Action": "a",
        "Msg Sent": "16/10/2019 21:53:57",
        "Msg Received": "16/10/2019 21:53:58",
        "Msg Processed": "16/10/2019 21:53:58",
        "XML ID": "36171",
        "Total Lag": "1.2924443",
        "Create Lag": "1.1669214",
        "Process Lag": "0.1255229"
      },
      {
        "Direction": "Outbound",
        "Destination": "Bride's Glen",
        "Time": "00:10:37",
        "AVLS": "00:11:17",
        "Tram": "5002",
        "Action": "a",
        "Msg Sent": "16/10/2019 21:53:57",
        "Msg Received": "16/10/2019 21:53:58",
        "Msg Processed": "16/10/2019 21:53:58",
        "XML ID": "36171",
        "Total Lag": "1.1981811",
        "Create Lag": "1.1669214",
        "Process Lag": "0.0312597"
      }
    ]
  },
  {
    "stopID": "47",
    "stopQueryTime": 1571259240835,
    "count": 2,
    "results": [
      {
        "Direction": "Inbound",
        "Destination": "Broombridge",
        "Time": "00:06:32",
        "AVLS": "00:07:12",
        "Tram": "5003",
        "Action": "a",
        "Msg Sent": "16/10/2019 21:53:57",
        "Msg Received": "16/10/2019 21:53:58",
        "Msg Processed": "16/10/2019 21:53:58",
        "XML ID": "36171",
        "Total Lag": "1.2300716",
        "Create Lag": "1.1669214",
        "Process Lag": "0.0631502"
      },
      {
        "Direction": "Outbound",
        "Destination": "Bride's Glen",
        "Time": "00:08:20",
        "AVLS": "00:09:00",
        "Tram": "5030",
        "Action": "a",
        "Msg Sent": "16/10/2019 21:53:59",
        "Msg Received": "16/10/2019 21:53:59",
        "Msg Processed": "16/10/2019 21:53:59",
        "XML ID": "36172",
        "Total Lag": "0.7471294",
        "Create Lag": "0.7315016",
        "Process Lag": "0.0156278"
      }
    ]
  },
  {
    "stopID": "31",
    "stopQueryTime": 1571259240841,
    "count": 4,
    "results": [
      {
        "Direction": "Inbound",
        "Destination": "Broombridge",
        "Time": "00:02:32",
        "AVLS": "00:03:12",
        "Tram": "5013",
        "Action": "a",
        "Msg Sent": "16/10/2019 21:53:57",
        "Msg Received": "16/10/2019 21:53:58",
        "Msg Processed": "16/10/2019 21:53:58",
        "XML ID": "36171",
        "Total Lag": "1.3554954",
        "Create Lag": "1.1669214",
        "Process Lag": "0.188574"
      },
      {
        "Direction": "Inbound",
        "Destination": "Broombridge",
        "Time": "00:15:53",
        "AVLS": "00:16:33",
        "Tram": "5010",
        "Action": "a",
        "Msg Sent": "16/10/2019 21:53:57",
        "Msg Received": "16/10/2019 21:53:58",
        "Msg Processed": "16/10/2019 21:53:58",
        "XML ID": "36171",
        "Total Lag": "1.3087269",
        "Create Lag": "1.1669214",
        "Process Lag": "0.1418055"
      },
      {
        "Direction": "Outbound",
        "Destination": "Sandyford",
        "Time": "00:07:15",
        "AVLS": "00:07:55",
        "Tram": "5023",
        "Action": "a",
        "Msg Sent": "16/10/2019 21:53:57",
        "Msg Received": "16/10/2019 21:53:58",
        "Msg Processed": "16/10/2019 21:53:58",
        "XML ID": "36171",
        "Total Lag": "1.481493",
        "Create Lag": "1.1669214",
        "Process Lag": "0.3145716"
      },
      {
        "Direction": "Outbound",
        "Destination": "Bride's Glen",
        "Time": "00:14:01",
        "AVLS": "00:14:41",
        "Tram": "5028",
        "Action": "a",
        "Msg Sent": "16/10/2019 21:53:57",
        "Msg Received": "16/10/2019 21:53:58",
        "Msg Processed": "16/10/2019 21:53:58",
        "XML ID": "36171",
        "Total Lag": "1.5127519",
        "Create Lag": "1.1669214",
        "Process Lag": "0.3458305"
      }
    ]
  },
  {
    "stopID": "2",
    "stopQueryTime": 1571259240848,
    "count": 3,
    "results": [
      {
        "Direction": "Inbound",
        "Destination": "The Point",
        "Time": "00:06:38",
        "AVLS": "00:07:18",
        "Tram": "3016",
        "Action": "a",
        "Msg Sent": "16/10/2019 21:53:57",
        "Msg Received": "16/10/2019 21:53:57",
        "Msg Processed": "16/10/2019 21:53:57",
        "XML ID": "36170",
        "Total Lag": "0.9947335",
        "Create Lag": "0.8228597",
        "Process Lag": "0.1718738"
      },
      {
        "Direction": "Outbound",
        "Destination": "Tallaght",
        "Time": "00:03:14",
        "AVLS": "00:03:54",
        "Tram": "3014",
        "Action": "a",
        "Msg Sent": "16/10/2019 21:53:57",
        "Msg Received": "16/10/2019 21:53:57",
        "Msg Processed": "16/10/2019 21:53:57",
        "XML ID": "36170",
        "Total Lag": "0.9634825",
        "Create Lag": "0.8228597",
        "Process Lag": "0.1406228"
      },
      {
        "Direction": "Outbound",
        "Destination": "Tallaght",
        "Time": "00:11:30",
        "AVLS": "00:12:10",
        "Tram": "3017",
        "Action": "a",
        "Msg Sent": "16/10/2019 21:53:57",
        "Msg Received": "16/10/2019 21:53:57",
        "Msg Processed": "16/10/2019 21:53:58",
        "XML ID": "36170",
        "Total Lag": "1.0259704",
        "Create Lag": "0.8228597",
        "Process Lag": "0.2031107"
      }
    ]
  },
  {
    "stopID": "37",
    "stopQueryTime": 1571259240850,
    "count": 2,
    "results": [
      {
        "Direction": "Inbound",
        "Destination": "Broombridge",
        "Time": "00:04:30",
        "AVLS": "00:05:10",
        "Tram": "5010",
        "Action": "a",
        "Msg Sent": "16/10/2019 21:53:57",
        "Msg Received": "16/10/2019 21:53:58",
        "Msg Processed": "16/10/2019 21:53:58",
        "XML ID": "36171",
        "Total Lag": "1.2924443",
        "Create Lag": "1.1669214",
        "Process Lag": "0.1255229"
      },
      {
        "Direction": "Outbound",
        "Destination": "Bride's Glen",
        "Time": "00:09:09",
        "AVLS": "00:09:49",
        "Tram": "5002",
        "Action": "a",
        "Msg Sent": "16/10/2019 21:53:57",
        "Msg Received": "16/10/2019 21:53:58",
        "Msg Processed": "16/10/2019 21:53:58",
        "XML ID": "36171",
        "Total Lag": "1.1981811",
        "Create Lag": "1.1518316",
        "Process Lag": "0.0463495"
      }
    ]
  },
  {
    "stopID": "26",
    "stopQueryTime": 1571259240852,
    "count": 2,
    "results": [
      {
        "Direction": "Inbound",
        "Destination": "Broombridge",
        "Time": "00:10:25",
        "AVLS": "00:11:05",
        "Tram": "5013",
        "Action": "a",
        "Msg Sent": "16/10/2019 21:53:57",
        "Msg Received": "16/10/2019 21:53:58",
        "Msg Processed": "16/10/2019 21:53:58",
        "XML ID": "36171",
        "Total Lag": "1.3711236",
        "Create Lag": "1.1669214",
        "Process Lag": "0.2042022"
      },
      {
        "Direction": "Outbound",
        "Destination": "Bride's Glen",
        "Time": "00:05:37",
        "AVLS": "00:06:17",
        "Tram": "5028",
        "Action": "a",
        "Msg Sent": "16/10/2019 21:53:57",
        "Msg Received": "16/10/2019 21:53:58",
        "Msg Processed": "16/10/2019 21:53:58",
        "XML ID": "36171",
        "Total Lag": "1.4971291",
        "Create Lag": "1.1669214",
        "Process Lag": "0.3302077"
      }
    ]
  },
  {
    "stopID": "3",
    "stopQueryTime": 1571259240854,
    "count": 3,
    "results": [
      {
        "Direction": "Inbound",
        "Destination": "The Point",
        "Time": "00:08:19",
        "AVLS": "00:08:59",
        "Tram": "3016",
        "Action": "a",
        "Msg Sent": "16/10/2019 21:53:57",
        "Msg Received": "16/10/2019 21:53:57",
        "Msg Processed": "16/10/2019 21:53:57",
        "XML ID": "36170",
        "Total Lag": "0.9947335",
        "Create Lag": "0.8228597",
        "Process Lag": "0.1718738"
      },
      {
        "Direction": "Outbound",
        "Destination": "Tallaght",
        "Time": "00:01:39",
        "AVLS": "00:02:19",
        "Tram": "3014",
        "Action": "a",
        "Msg Sent": "16/10/2019 21:53:57",
        "Msg Received": "16/10/2019 21:53:57",
        "Msg Processed": "16/10/2019 21:53:57",
        "XML ID": "36170",
        "Total Lag": "0.9478423",
        "Create Lag": "0.8228597",
        "Process Lag": "0.1249826"
      },
      {
        "Direction": "Outbound",
        "Destination": "Tallaght",
        "Time": "00:09:55",
        "AVLS": "00:10:35",
        "Tram": "3017",
        "Action": "a",
        "Msg Sent": "16/10/2019 21:53:57",
        "Msg Received": "16/10/2019 21:53:57",
        "Msg Processed": "16/10/2019 21:53:58",
        "XML ID": "36170",
        "Total Lag": "1.0259704",
        "Create Lag": "0.8228597",
        "Process Lag": "0.2031107"
      }
    ]
  },
  {
    "stopID": "58",
    "stopQueryTime": 1571259240860,
    "count": 0,
    "results": []
  },
  {
    "stopID": "29",
    "stopQueryTime": 1571259240861,
    "count": 3,
    "results": [
      {
        "Direction": "Inbound",
        "Destination": "Broombridge",
        "Time": "00:06:04",
        "AVLS": "00:06:44",
        "Tram": "5013",
        "Action": "a",
        "Msg Sent": "16/10/2019 21:53:57",
        "Msg Received": "16/10/2019 21:53:58",
        "Msg Processed": "16/10/2019 21:53:58",
        "XML ID": "36171",
        "Total Lag": "1.3711236",
        "Create Lag": "1.1669214",
        "Process Lag": "0.2042022"
      },
      {
        "Direction": "Outbound",
        "Destination": "Sandyford",
        "Time": "00:03:41",
        "AVLS": "00:04:21",
        "Tram": "5023",
        "Action": "a",
        "Msg Sent": "16/10/2019 21:53:57",
        "Msg Received": "16/10/2019 21:53:58",
        "Msg Processed": "16/10/2019 21:53:58",
        "XML ID": "36171",
        "Total Lag": "1.4658889",
        "Create Lag": "1.1669214",
        "Process Lag": "0.2989675"
      },
      {
        "Direction": "Outbound",
        "Destination": "Bride's Glen",
        "Time": "00:10:27",
        "AVLS": "00:11:07",
        "Tram": "5028",
        "Action": "a",
        "Msg Sent": "16/10/2019 21:53:57",
        "Msg Received": "16/10/2019 21:53:58",
        "Msg Processed": "16/10/2019 21:53:58",
        "XML ID": "36171",
        "Total Lag": "1.5127519",
        "Create Lag": "1.1669214",
        "Process Lag": "0.3458305"
      }
    ]
  },
  {
    "stopID": "15",
    "stopQueryTime": 1571259240865,
    "count": 3,
    "results": [
      {
        "Direction": "Inbound",
        "Destination": "The Point",
        "Time": "00:05:43",
        "AVLS": "00:06:23",
        "Tram": "3025",
        "Action": "a",
        "Msg Sent": "16/10/2019 21:53:57",
        "Msg Received": "16/10/2019 21:53:57",
        "Msg Processed": "16/10/2019 21:53:58",
        "XML ID": "36170",
        "Total Lag": "1.0728476",
        "Create Lag": "0.8228597",
        "Process Lag": "0.2499879"
      },
      {
        "Direction": "Inbound",
        "Destination": "The Point",
        "Time": "00:17:52",
        "AVLS": "00:18:32",
        "Tram": "3012",
        "Action": "a",
        "Msg Sent": "16/10/2019 21:53:57",
        "Msg Received": "16/10/2019 21:53:57",
        "Msg Processed": "16/10/2019 21:53:57",
        "XML ID": "36170",
        "Total Lag": "0.9478423",
        "Create Lag": "0.8228597",
        "Process Lag": "0.1249826"
      },
      {
        "Direction": "Outbound",
        "Destination": "Tallaght",
        "Time": "00:10:00",
        "AVLS": "00:10:40",
        "Tram": "3009",
        "Action": "a",
        "Msg Sent": "16/10/2019 21:53:57",
        "Msg Received": "16/10/2019 21:53:57",
        "Msg Processed": "16/10/2019 21:53:57",
        "XML ID": "36170",
        "Total Lag": "0.8540959",
        "Create Lag": "0.8228597",
        "Process Lag": "0.0312362"
      }
    ]
  },
  {
    "stopID": "42",
    "stopQueryTime": 1571259240873,
    "count": 3,
    "results": [
      {
        "Direction": "Inbound",
        "Destination": "Broombridge",
        "Time": "00:14:04",
        "AVLS": "00:14:44",
        "Tram": "5003",
        "Action": "a",
        "Msg Sent": "16/10/2019 21:53:57",
        "Msg Received": "16/10/2019 21:53:58",
        "Msg Processed": "16/10/2019 21:53:58",
        "XML ID": "36171",
        "Total Lag": "1.2455633",
        "Create Lag": "1.1669214",
        "Process Lag": "0.0786419"
      },
      {
        "Direction": "Outbound",
        "Destination": "Bride's Glen",
        "Time": "00:00:54",
        "AVLS": "00:01:34",
        "Tram": "5030",
        "Action": "a",
        "Msg Sent": "16/10/2019 21:53:57",
        "Msg Received": "16/10/2019 21:53:58",
        "Msg Processed": "16/10/2019 21:53:58",
        "XML ID": "36171",
        "Total Lag": "1.5283786",
        "Create Lag": "1.1669214",
        "Process Lag": "0.3614572"
      },
      {
        "Direction": "Outbound",
        "Destination": "Bride's Glen",
        "Time": "00:15:58",
        "AVLS": "00:16:38",
        "Tram": "5002",
        "Action": "a",
        "Msg Sent": "16/10/2019 21:53:57",
        "Msg Received": "16/10/2019 21:53:58",
        "Msg Processed": "16/10/2019 21:53:58",
        "XML ID": "36171",
        "Total Lag": "1.2138162",
        "Create Lag": "1.1669214",
        "Process Lag": "0.0468948"
      }
    ]
  },
  {
    "stopID": "44",
    "stopQueryTime": 1571259240876,
    "count": 3,
    "results": [
      {
        "Direction": "Inbound",
        "Destination": "Broombridge",
        "Time": "00:11:24",
        "AVLS": "00:12:04",
        "Tram": "5003",
        "Action": "a",
        "Msg Sent": "16/10/2019 21:53:57",
        "Msg Received": "16/10/2019 21:53:58",
        "Msg Processed": "16/10/2019 21:53:58",
        "XML ID": "36171",
        "Total Lag": "1.2455633",
        "Create Lag": "1.1669214",
        "Process Lag": "0.0786419"
      },
      {
        "Direction": "Outbound",
        "Destination": "Bride's Glen",
        "Time": "00:03:32",
        "AVLS": "00:04:12",
        "Tram": "5030",
        "Action": "a",
        "Msg Sent": "16/10/2019 21:53:57",
        "Msg Received": "16/10/2019 21:53:58",
        "Msg Processed": "16/10/2019 21:53:58",
        "XML ID": "36171",
        "Total Lag": "1.5440029",
        "Create Lag": "1.1669214",
        "Process Lag": "0.3770815"
      },
      {
        "Direction": "Outbound",
        "Destination": "Bride's Glen",
        "Time": "00:18:36",
        "AVLS": "00:19:16",
        "Tram": "5002",
        "Action": "a",
        "Msg Sent": "16/10/2019 21:53:57",
        "Msg Received": "16/10/2019 21:53:58",
        "Msg Processed": "16/10/2019 21:53:58",
        "XML ID": "36171",
        "Total Lag": "1.2138162",
        "Create Lag": "1.1669214",
        "Process Lag": "0.0468948"
      }
    ]
  },
  {
    "stopID": "21",
    "stopQueryTime": 1571259240886,
    "count": 3,
    "results": [
      {
        "Direction": "Inbound",
        "Destination": "The Point",
        "Time": "00:01:37",
        "AVLS": "00:02:17",
        "Tram": "3002",
        "Action": "a",
        "Msg Sent": "16/10/2019 21:53:59",
        "Msg Received": "16/10/2019 21:53:59",
        "Msg Processed": "16/10/2019 21:53:59",
        "XML ID": "36172",
        "Total Lag": "0.7471294",
        "Create Lag": "0.7315016",
        "Process Lag": "0.0156278"
      },
      {
        "Direction": "Inbound",
        "Destination": "The Point",
        "Time": "00:19:18",
        "AVLS": "00:19:58",
        "Tram": "3025",
        "Action": "a",
        "Msg Sent": "16/10/2019 21:53:57",
        "Msg Received": "16/10/2019 21:53:57",
        "Msg Processed": "16/10/2019 21:53:58",
        "XML ID": "36170",
        "Total Lag": "1.0884655",
        "Create Lag": "0.8228597",
        "Process Lag": "0.2656058"
      },
      {
        "Direction": "Outbound",
        "Destination": "Tallaght",
        "Time": "00:09:24",
        "AVLS": "00:10:04",
        "Tram": "4006",
        "Action": "a",
        "Msg Sent": "16/10/2019 21:53:57",
        "Msg Received": "16/10/2019 21:53:57",
        "Msg Processed": "16/10/2019 21:53:58",
        "XML ID": "36170",
        "Total Lag": "1.1197482",
        "Create Lag": "0.8228597",
        "Process Lag": "0.2968885"
      }
    ]
  },
  {
    "stopID": "1",
    "stopQueryTime": 1571259240890,
    "count": 3,
    "results": [
      {
        "Direction": "Inbound",
        "Destination": "The Point",
        "Time": "00:05:24",
        "AVLS": "00:06:04",
        "Tram": "3016",
        "Action": "d",
        "Msg Sent": "16/10/2019 21:53:57",
        "Msg Received": "16/10/2019 21:53:57",
        "Msg Processed": "16/10/2019 21:53:57",
        "XML ID": "36170",
        "Total Lag": "0.9947335",
        "Create Lag": "0.8228597",
        "Process Lag": "0.1718738"
      },
      {
        "Direction": "Terminating",
        "Destination": "Tallaght",
        "Time": "00:05:20",
        "AVLS": "00:06:00",
        "Tram": "3014",
        "Action": "a",
        "Msg Sent": "16/10/2019 21:53:57",
        "Msg Received": "16/10/2019 21:53:57",
        "Msg Processed": "16/10/2019 21:53:57",
        "XML ID": "36170",
        "Total Lag": "0.9634825",
        "Create Lag": "0.8228597",
        "Process Lag": "0.1406228"
      },
      {
        "Direction": "Terminating",
        "Destination": "Tallaght",
        "Time": "00:13:36",
        "AVLS": "00:14:16",
        "Tram": "3017",
        "Action": "a",
        "Msg Sent": "16/10/2019 21:53:57",
        "Msg Received": "16/10/2019 21:53:57",
        "Msg Processed": "16/10/2019 21:53:58",
        "XML ID": "36170",
        "Total Lag": "1.0259704",
        "Create Lag": "0.8228597",
        "Process Lag": "0.2031107"
      }
    ]
  },
  {
    "stopID": "20",
    "stopQueryTime": 1571259240894,
    "count": 3,
    "results": [
      {
        "Direction": "Inbound",
        "Destination": "The Point",
        "Time": "00:16:32",
        "AVLS": "00:17:12",
        "Tram": "3025",
        "Action": "a",
        "Msg Sent": "16/10/2019 21:53:57",
        "Msg Received": "16/10/2019 21:53:57",
        "Msg Processed": "16/10/2019 21:53:58",
        "XML ID": "36170",
        "Total Lag": "1.0884655",
        "Create Lag": "0.8228597",
        "Process Lag": "0.2656058"
      },
      {
        "Direction": "Outbound",
        "Destination": "Tallaght",
        "Time": "00:00:00",
        "AVLS": "00:00:00",
        "Tram": "3009",
        "Action": "a",
        "Msg Sent": "16/10/2019 21:53:55",
        "Msg Received": "16/10/2019 21:53:55",
        "Msg Processed": "16/10/2019 21:53:55",
        "XML ID": "36169",
        "Total Lag": "0.3697291",
        "Create Lag": "0.3697291",
        "Process Lag": "0"
      },
      {
        "Direction": "Outbound",
        "Destination": "Tallaght",
        "Time": "00:11:51",
        "AVLS": "00:12:31",
        "Tram": "4006",
        "Action": "a",
        "Msg Sent": "16/10/2019 21:53:57",
        "Msg Received": "16/10/2019 21:53:57",
        "Msg Processed": "16/10/2019 21:53:58",
        "XML ID": "36170",
        "Total Lag": "1.1353384",
        "Create Lag": "0.8228597",
        "Process Lag": "0.3124787"
      }
    ]
  },
  {
    "stopID": "6",
    "stopQueryTime": 1571259240897,
    "count": 4,
    "results": [
      {
        "Direction": "Inbound",
        "Destination": "The Point",
        "Time": "00:02:27",
        "AVLS": "00:03:07",
        "Tram": "3012",
        "Action": "a",
        "Msg Sent": "16/10/2019 21:53:57",
        "Msg Received": "16/10/2019 21:53:57",
        "Msg Processed": "16/10/2019 21:53:57",
        "XML ID": "36170",
        "Total Lag": "0.9165906",
        "Create Lag": "0.8228597",
        "Process Lag": "0.0937309"
      },
      {
        "Direction": "Inbound",
        "Destination": "The Point",
        "Time": "00:16:24",
        "AVLS": "00:17:04",
        "Tram": "3016",
        "Action": "a",
        "Msg Sent": "16/10/2019 21:53:57",
        "Msg Received": "16/10/2019 21:53:57",
        "Msg Processed": "16/10/2019 21:53:58",
        "XML ID": "36170",
        "Total Lag": "1.0103449",
        "Create Lag": "0.8228597",
        "Process Lag": "0.1874852"
      },
      {
        "Direction": "Outbound",
        "Destination": "Tallaght",
        "Time": "00:02:36",
        "AVLS": "00:03:16",
        "Tram": "3017",
        "Action": "a",
        "Msg Sent": "16/10/2019 21:53:57",
        "Msg Received": "16/10/2019 21:53:57",
        "Msg Processed": "16/10/2019 21:53:58",
        "XML ID": "36170",
        "Total Lag": "1.0103449",
        "Create Lag": "0.8228597",
        "Process Lag": "0.1874852"
      },
      {
        "Direction": "Outbound",
        "Destination": "Tallaght",
        "Time": "00:13:35",
        "AVLS": "00:14:15",
        "Tram": "4009",
        "Action": "a",
        "Msg Sent": "16/10/2019 21:53:57",
        "Msg Received": "16/10/2019 21:53:57",
        "Msg Processed": "16/10/2019 21:53:58",
        "XML ID": "36170",
        "Total Lag": "1.1825568",
        "Create Lag": "0.8228597",
        "Process Lag": "0.3596971"
      }
    ]
  },
  {
    "stopID": "45",
    "stopQueryTime": 1571259240900,
    "count": 2,
    "results": [
      {
        "Direction": "Inbound",
        "Destination": "Broombridge",
        "Time": "00:09:55",
        "AVLS": "00:10:35",
        "Tram": "5003",
        "Action": "a",
        "Msg Sent": "16/10/2019 21:53:57",
        "Msg Received": "16/10/2019 21:53:58",
        "Msg Processed": "16/10/2019 21:53:58",
        "XML ID": "36171",
        "Total Lag": "1.2300716",
        "Create Lag": "1.1669214",
        "Process Lag": "0.0631502"
      },
      {
        "Direction": "Outbound",
        "Destination": "Bride's Glen",
        "Time": "00:05:00",
        "AVLS": "00:05:40",
        "Tram": "5030",
        "Action": "a",
        "Msg Sent": "16/10/2019 21:53:59",
        "Msg Received": "16/10/2019 21:53:59",
        "Msg Processed": "16/10/2019 21:53:59",
        "XML ID": "36172",
        "Total Lag": "0.7315016",
        "Create Lag": "0.7315016",
        "Process Lag": "0"
      }
    ]
  },
  {
    "stopID": "54",
    "stopQueryTime": 1571259240904,
    "count": 3,
    "results": [
      {
        "Direction": "Inbound",
        "Destination": "The Point",
        "Time": "00:06:35",
        "AVLS": "00:07:15",
        "Tram": "3002",
        "Action": "a",
        "Msg Sent": "16/10/2019 21:53:59",
        "Msg Received": "16/10/2019 21:53:59",
        "Msg Processed": "16/10/2019 21:53:59",
        "XML ID": "36172",
        "Total Lag": "0.7627622",
        "Create Lag": "0.7315016",
        "Process Lag": "0.0312606"
      },
      {
        "Direction": "Outbound",
        "Destination": "Tallaght",
        "Time": "00:04:00",
        "AVLS": "00:04:40",
        "Tram": "4006",
        "Action": "a",
        "Msg Sent": "16/10/2019 21:53:57",
        "Msg Received": "16/10/2019 21:53:57",
        "Msg Processed": "16/10/2019 21:53:58",
        "XML ID": "36170",
        "Total Lag": "1.1197482",
        "Create Lag": "0.8228597",
        "Process Lag": "0.2968885"
      },
      {
        "Direction": "Outbound",
        "Destination": "Tallaght",
        "Time": "00:16:00",
        "AVLS": "00:16:40",
        "Tram": "4002",
        "Action": "a",
        "Msg Sent": "16/10/2019 21:53:57",
        "Msg Received": "16/10/2019 21:53:57",
        "Msg Processed": "16/10/2019 21:53:58",
        "XML ID": "36170",
        "Total Lag": "1.1041067",
        "Create Lag": "0.8228597",
        "Process Lag": "0.281247"
      }
    ]
  },
  {
    "stopID": "32",
    "stopQueryTime": 1571259240907,
    "count": 5,
    "results": [
      {
        "Direction": "Inbound",
        "Destination": "Broombridge",
        "Time": "00:00:33",
        "AVLS": "00:01:13",
        "Tram": "5013",
        "Action": "a",
        "Msg Sent": "16/10/2019 21:53:57",
        "Msg Received": "16/10/2019 21:53:58",
        "Msg Processed": "16/10/2019 21:53:58",
        "XML ID": "36171",
        "Total Lag": "1.3554954",
        "Create Lag": "1.1669214",
        "Process Lag": "0.188574"
      },
      {
        "Direction": "Inbound",
        "Destination": "Broombridge",
        "Time": "00:13:54",
        "AVLS": "00:14:34",
        "Tram": "5010",
        "Action": "a",
        "Msg Sent": "16/10/2019 21:53:57",
        "Msg Received": "16/10/2019 21:53:58",
        "Msg Processed": "16/10/2019 21:53:58",
        "XML ID": "36171",
        "Total Lag": "1.3087269",
        "Create Lag": "1.1669214",
        "Process Lag": "0.1418055"
      },
      {
        "Direction": "Outbound",
        "Destination": "Bride's Glen",
        "Time": "00:00:36",
        "AVLS": "00:01:16",
        "Tram": "5002",
        "Action": "a",
        "Msg Sent": "16/10/2019 21:53:57",
        "Msg Received": "16/10/2019 21:53:58",
        "Msg Processed": "16/10/2019 21:53:58",
        "XML ID": "36171",
        "Total Lag": "1.1825568",
        "Create Lag": "1.1518316",
        "Process Lag": "0.0307252"
      },
      {
        "Direction": "Outbound",
        "Destination": "Sandyford",
        "Time": "00:09:13",
        "AVLS": "00:09:53",
        "Tram": "5023",
        "Action": "a",
        "Msg Sent": "16/10/2019 21:53:57",
        "Msg Received": "16/10/2019 21:53:58",
        "Msg Processed": "16/10/2019 21:53:58",
        "XML ID": "36171",
        "Total Lag": "1.481493",
        "Create Lag": "1.1669214",
        "Process Lag": "0.3145716"
      },
      {
        "Direction": "Outbound",
        "Destination": "Bride's Glen",
        "Time": "00:15:59",
        "AVLS": "00:16:39",
        "Tram": "5028",
        "Action": "a",
        "Msg Sent": "16/10/2019 21:53:57",
        "Msg Received": "16/10/2019 21:53:58",
        "Msg Processed": "16/10/2019 21:53:58",
        "XML ID": "36171",
        "Total Lag": "1.5127519",
        "Create Lag": "1.1669214",
        "Process Lag": "0.3458305"
      }
    ]
  },
  {
    "stopID": "56",
    "stopQueryTime": 1571259240911,
    "count": 3,
    "results": [
      {
        "Direction": "Inbound",
        "Destination": "The Point",
        "Time": "00:09:30",
        "AVLS": "00:10:10",
        "Tram": "3002",
        "Action": "a",
        "Msg Sent": "16/10/2019 21:53:59",
        "Msg Received": "16/10/2019 21:53:59",
        "Msg Processed": "16/10/2019 21:53:59",
        "XML ID": "36172",
        "Total Lag": "0.7627622",
        "Create Lag": "0.7315016",
        "Process Lag": "0.0312606"
      },
      {
        "Direction": "Outbound",
        "Destination": "Tallaght",
        "Time": "00:00:33",
        "AVLS": "00:01:13",
        "Tram": "4006",
        "Action": "a",
        "Msg Sent": "16/10/2019 21:53:57",
        "Msg Received": "16/10/2019 21:53:57",
        "Msg Processed": "16/10/2019 21:53:58",
        "XML ID": "36170",
        "Total Lag": "1.1197482",
        "Create Lag": "0.8228597",
        "Process Lag": "0.2968885"
      },
      {
        "Direction": "Outbound",
        "Destination": "Tallaght",
        "Time": "00:12:33",
        "AVLS": "00:13:13",
        "Tram": "4002",
        "Action": "a",
        "Msg Sent": "16/10/2019 21:53:57",
        "Msg Received": "16/10/2019 21:53:57",
        "Msg Processed": "16/10/2019 21:53:58",
        "XML ID": "36170",
        "Total Lag": "1.1041067",
        "Create Lag": "0.8228597",
        "Process Lag": "0.281247"
      }
    ]
  },
  {
    "stopID": "52",
    "stopQueryTime": 1571259240915,
    "count": 4,
    "results": [
      {
        "Direction": "Inbound",
        "Destination": "Belgard",
        "Time": "00:00:09",
        "AVLS": "00:00:49",
        "Tram": "3011",
        "Action": "a",
        "Msg Sent": "16/10/2019 21:53:57",
        "Msg Received": "16/10/2019 21:53:57",
        "Msg Processed": "16/10/2019 21:53:57",
        "XML ID": "36170",
        "Total Lag": "0.8853432",
        "Create Lag": "0.8228597",
        "Process Lag": "0.0624835"
      },
      {
        "Direction": "Inbound",
        "Destination": "Belgard",
        "Time": "00:15:39",
        "AVLS": "00:16:19",
        "Tram": "3015",
        "Action": "a",
        "Msg Sent": "16/10/2019 21:53:57",
        "Msg Received": "16/10/2019 21:53:57",
        "Msg Processed": "16/10/2019 21:53:57",
        "XML ID": "36170",
        "Total Lag": "0.9791109",
        "Create Lag": "0.8228597",
        "Process Lag": "0.1562512"
      },
      {
        "Direction": "Outbound",
        "Destination": "Saggart",
        "Time": "00:00:47",
        "AVLS": "00:01:27",
        "Tram": "3015",
        "Action": "a",
        "Msg Sent": "16/10/2019 21:53:57",
        "Msg Received": "16/10/2019 21:53:57",
        "Msg Processed": "16/10/2019 21:53:57",
        "XML ID": "36170",
        "Total Lag": "0.9634825",
        "Create Lag": "0.8228597",
        "Process Lag": "0.1406228"
      },
      {
        "Direction": "Outbound",
        "Destination": "Saggart",
        "Time": "00:10:11",
        "AVLS": "00:10:51",
        "Tram": "3018",
        "Action": "a",
        "Msg Sent": "16/10/2019 21:53:57",
        "Msg Received": "16/10/2019 21:53:57",
        "Msg Processed": "16/10/2019 21:53:58",
        "XML ID": "36170",
        "Total Lag": "1.0415955",
        "Create Lag": "0.8228597",
        "Process Lag": "0.2187358"
      }
    ]
  },
  {
    "stopID": "16",
    "stopQueryTime": 1571259240917,
    "count": 2,
    "results": [
      {
        "Direction": "Inbound",
        "Destination": "The Point",
        "Time": "00:08:18",
        "AVLS": "00:08:58",
        "Tram": "3025",
        "Action": "a",
        "Msg Sent": "16/10/2019 21:53:57",
        "Msg Received": "16/10/2019 21:53:57",
        "Msg Processed": "16/10/2019 21:53:58",
        "XML ID": "36170",
        "Total Lag": "1.0728476",
        "Create Lag": "0.8228597",
        "Process Lag": "0.2499879"
      },
      {
        "Direction": "Outbound",
        "Destination": "Tallaght",
        "Time": "00:06:49",
        "AVLS": "00:07:29",
        "Tram": "3009",
        "Action": "a",
        "Msg Sent": "16/10/2019 21:53:57",
        "Msg Received": "16/10/2019 21:53:57",
        "Msg Processed": "16/10/2019 21:53:57",
        "XML ID": "36170",
        "Total Lag": "0.8540959",
        "Create Lag": "0.8228597",
        "Process Lag": "0.0312362"
      }
    ]
  },
  {
    "stopID": "40",
    "stopQueryTime": 1571259240921,
    "count": 3,
    "results": [
      {
        "Direction": "Inbound",
        "Destination": "Broombridge",
        "Time": "00:00:00",
        "AVLS": "00:00:25",
        "Tram": "5010",
        "Action": "a",
        "Msg Sent": "16/10/2019 21:53:57",
        "Msg Received": "16/10/2019 21:53:58",
        "Msg Processed": "16/10/2019 21:53:58",
        "XML ID": "36171",
        "Total Lag": "1.2924443",
        "Create Lag": "1.1669214",
        "Process Lag": "0.1255229"
      },
      {
        "Direction": "Inbound",
        "Destination": "Broombridge",
        "Time": "00:16:15",
        "AVLS": "00:16:55",
        "Tram": "5003",
        "Action": "a",
        "Msg Sent": "16/10/2019 21:53:57",
        "Msg Received": "16/10/2019 21:53:58",
        "Msg Processed": "16/10/2019 21:53:58",
        "XML ID": "36171",
        "Total Lag": "1.2455633",
        "Create Lag": "1.1669214",
        "Process Lag": "0.0786419"
      },
      {
        "Direction": "Outbound",
        "Destination": "Bride's Glen",
        "Time": "00:13:50",
        "AVLS": "00:14:30",
        "Tram": "5002",
        "Action": "a",
        "Msg Sent": "16/10/2019 21:53:57",
        "Msg Received": "16/10/2019 21:53:58",
        "Msg Processed": "16/10/2019 21:53:58",
        "XML ID": "36171",
        "Total Lag": "1.2138162",
        "Create Lag": "1.1669214",
        "Process Lag": "0.0468948"
      }
    ]
  },
  {
    "stopID": "53",
    "stopQueryTime": 1571259240923,
    "count": 3,
    "results": [
      {
        "Direction": "Inbound",
        "Destination": "Belgard",
        "Time": "00:13:24",
        "AVLS": "00:14:04",
        "Tram": "3015",
        "Action": "d",
        "Msg Sent": "16/10/2019 21:53:57",
        "Msg Received": "16/10/2019 21:53:57",
        "Msg Processed": "16/10/2019 21:53:57",
        "XML ID": "36170",
        "Total Lag": "0.9791109",
        "Create Lag": "0.8228597",
        "Process Lag": "0.1562512"
      },
      {
        "Direction": "Terminating",
        "Destination": "Saggart",
        "Time": "00:03:00",
        "AVLS": "00:03:40",
        "Tram": "3015",
        "Action": "a",
        "Msg Sent": "16/10/2019 21:53:57",
        "Msg Received": "16/10/2019 21:53:57",
        "Msg Processed": "16/10/2019 21:53:57",
        "XML ID": "36170",
        "Total Lag": "0.9634825",
        "Create Lag": "0.8228597",
        "Process Lag": "0.1406228"
      },
      {
        "Direction": "Terminating",
        "Destination": "Saggart",
        "Time": "00:12:24",
        "AVLS": "00:13:04",
        "Tram": "3018",
        "Action": "a",
        "Msg Sent": "16/10/2019 21:53:57",
        "Msg Received": "16/10/2019 21:53:57",
        "Msg Processed": "16/10/2019 21:53:58",
        "XML ID": "36170",
        "Total Lag": "1.0572183",
        "Create Lag": "0.8228597",
        "Process Lag": "0.2343586"
      }
    ]
  },
  {
    "stopID": "12",
    "stopQueryTime": 1571259240925,
    "count": 4,
    "results": [
      {
        "Direction": "Inbound",
        "Destination": "The Point",
        "Time": "00:01:25",
        "AVLS": "00:02:05",
        "Tram": "3025",
        "Action": "a",
        "Msg Sent": "16/10/2019 21:53:57",
        "Msg Received": "16/10/2019 21:53:57",
        "Msg Processed": "16/10/2019 21:53:58",
        "XML ID": "36170",
        "Total Lag": "1.0572183",
        "Create Lag": "0.8228597",
        "Process Lag": "0.2343586"
      },
      {
        "Direction": "Inbound",
        "Destination": "The Point",
        "Time": "00:13:34",
        "AVLS": "00:14:14",
        "Tram": "3012",
        "Action": "a",
        "Msg Sent": "16/10/2019 21:53:57",
        "Msg Received": "16/10/2019 21:53:57",
        "Msg Processed": "16/10/2019 21:53:57",
        "XML ID": "36170",
        "Total Lag": "0.9322226",
        "Create Lag": "0.8228597",
        "Process Lag": "0.1093629"
      },
      {
        "Direction": "Outbound",
        "Destination": "Tallaght",
        "Time": "00:02:26",
        "AVLS": "00:03:06",
        "Tram": "4009",
        "Action": "a",
        "Msg Sent": "16/10/2019 21:53:57",
        "Msg Received": "16/10/2019 21:53:57",
        "Msg Processed": "16/10/2019 21:53:58",
        "XML ID": "36170",
        "Total Lag": "1.1518316",
        "Create Lag": "0.8228597",
        "Process Lag": "0.3289719"
      },
      {
        "Direction": "Outbound",
        "Destination": "Tallaght",
        "Time": "00:14:40",
        "AVLS": "00:15:20",
        "Tram": "3009",
        "Action": "a",
        "Msg Sent": "16/10/2019 21:53:57",
        "Msg Received": "16/10/2019 21:53:57",
        "Msg Processed": "16/10/2019 21:53:57",
        "XML ID": "36170",
        "Total Lag": "0.8697312",
        "Create Lag": "0.8228597",
        "Process Lag": "0.0468715"
      }
    ]
  },
  {
    "stopID": "36",
    "stopQueryTime": 1571259240928,
    "count": 2,
    "results": [
      {
        "Direction": "Inbound",
        "Destination": "Broombridge",
        "Time": "00:06:54",
        "AVLS": "00:07:34",
        "Tram": "5010",
        "Action": "a",
        "Msg Sent": "16/10/2019 21:53:57",
        "Msg Received": "16/10/2019 21:53:58",
        "Msg Processed": "16/10/2019 21:53:58",
        "XML ID": "36171",
        "Total Lag": "1.2924443",
        "Create Lag": "1.1669214",
        "Process Lag": "0.1255229"
      },
      {
        "Direction": "Outbound",
        "Destination": "Bride's Glen",
        "Time": "00:06:36",
        "AVLS": "00:07:16",
        "Tram": "5002",
        "Action": "a",
        "Msg Sent": "16/10/2019 21:53:57",
        "Msg Received": "16/10/2019 21:53:58",
        "Msg Processed": "16/10/2019 21:53:58",
        "XML ID": "36171",
        "Total Lag": "1.1981811",
        "Create Lag": "1.1518316",
        "Process Lag": "0.0463495"
      }
    ]
  },
  {
    "stopID": "51",
    "stopQueryTime": 1571259240930,
    "count": 4,
    "results": [
      {
        "Direction": "Inbound",
        "Destination": "Belgard",
        "Time": "00:01:25",
        "AVLS": "00:02:05",
        "Tram": "3011",
        "Action": "a",
        "Msg Sent": "16/10/2019 21:53:57",
        "Msg Received": "16/10/2019 21:53:57",
        "Msg Processed": "16/10/2019 21:53:57",
        "XML ID": "36170",
        "Total Lag": "0.8853432",
        "Create Lag": "0.8228597",
        "Process Lag": "0.0624835"
      },
      {
        "Direction": "Inbound",
        "Destination": "Belgard",
        "Time": "00:16:55",
        "AVLS": "00:17:35",
        "Tram": "3015",
        "Action": "a",
        "Msg Sent": "16/10/2019 21:53:57",
        "Msg Received": "16/10/2019 21:53:57",
        "Msg Processed": "16/10/2019 21:53:57",
        "XML ID": "36170",
        "Total Lag": "0.9791109",
        "Create Lag": "0.8228597",
        "Process Lag": "0.1562512"
      },
      {
        "Direction": "Outbound",
        "Destination": "Saggart",
        "Time": "00:00:00",
        "AVLS": "00:00:10",
        "Tram": "3015",
        "Action": "a",
        "Msg Sent": "16/10/2019 21:53:57",
        "Msg Received": "16/10/2019 21:53:57",
        "Msg Processed": "16/10/2019 21:53:57",
        "XML ID": "36170",
        "Total Lag": "0.9634825",
        "Create Lag": "0.8228597",
        "Process Lag": "0.1406228"
      },
      {
        "Direction": "Outbound",
        "Destination": "Saggart",
        "Time": "00:08:54",
        "AVLS": "00:09:34",
        "Tram": "3018",
        "Action": "a",
        "Msg Sent": "16/10/2019 21:53:57",
        "Msg Received": "16/10/2019 21:53:57",
        "Msg Processed": "16/10/2019 21:53:58",
        "XML ID": "36170",
        "Total Lag": "1.0415955",
        "Create Lag": "0.8228597",
        "Process Lag": "0.2187358"
      }
    ]
  },
  {
    "stopID": "5",
    "stopQueryTime": 1571259240933,
    "count": 4,
    "results": [
      {
        "Direction": "Inbound",
        "Destination": "The Point",
        "Time": "00:00:00",
        "AVLS": "00:00:00",
        "Tram": "3012",
        "Action": "a",
        "Msg Sent": "16/10/2019 21:53:57",
        "Msg Received": "16/10/2019 21:53:57",
        "Msg Processed": "16/10/2019 21:53:57",
        "XML ID": "36170",
        "Total Lag": "0.9009679",
        "Create Lag": "0.8228597",
        "Process Lag": "0.0781082"
      },
      {
        "Direction": "Inbound",
        "Destination": "The Point",
        "Time": "00:13:17",
        "AVLS": "00:13:57",
        "Tram": "3016",
        "Action": "a",
        "Msg Sent": "16/10/2019 21:53:57",
        "Msg Received": "16/10/2019 21:53:57",
        "Msg Processed": "16/10/2019 21:53:58",
        "XML ID": "36170",
        "Total Lag": "1.0103449",
        "Create Lag": "0.8228597",
        "Process Lag": "0.1874852"
      },
      {
        "Direction": "Outbound",
        "Destination": "Tallaght",
        "Time": "00:05:51",
        "AVLS": "00:06:31",
        "Tram": "3017",
        "Action": "a",
        "Msg Sent": "16/10/2019 21:53:57",
        "Msg Received": "16/10/2019 21:53:57",
        "Msg Processed": "16/10/2019 21:53:58",
        "XML ID": "36170",
        "Total Lag": "1.0103449",
        "Create Lag": "0.8228597",
        "Process Lag": "0.1874852"
      },
      {
        "Direction": "Outbound",
        "Destination": "Tallaght",
        "Time": "00:16:50",
        "AVLS": "00:17:30",
        "Tram": "4009",
        "Action": "a",
        "Msg Sent": "16/10/2019 21:53:57",
        "Msg Received": "16/10/2019 21:53:57",
        "Msg Processed": "16/10/2019 21:53:58",
        "XML ID": "36170",
        "Total Lag": "1.1825568",
        "Create Lag": "0.8228597",
        "Process Lag": "0.3596971"
      }
    ]
  },
  {
    "stopID": "27",
    "stopQueryTime": 1571259240947,
    "count": 3,
    "results": [
      {
        "Direction": "Inbound",
        "Destination": "Broombridge",
        "Time": "00:09:04",
        "AVLS": "00:09:44",
        "Tram": "5013",
        "Action": "a",
        "Msg Sent": "16/10/2019 21:53:57",
        "Msg Received": "16/10/2019 21:53:58",
        "Msg Processed": "16/10/2019 21:53:58",
        "XML ID": "36171",
        "Total Lag": "1.3711236",
        "Create Lag": "1.1669214",
        "Process Lag": "0.2042022"
      },
      {
        "Direction": "Outbound",
        "Destination": "Sandyford",
        "Time": "00:00:19",
        "AVLS": "00:00:59",
        "Tram": "5023",
        "Action": "a",
        "Msg Sent": "16/10/2019 21:53:57",
        "Msg Received": "16/10/2019 21:53:58",
        "Msg Processed": "16/10/2019 21:53:58",
        "XML ID": "36171",
        "Total Lag": "1.4658889",
        "Create Lag": "1.1669214",
        "Process Lag": "0.2989675"
      },
      {
        "Direction": "Outbound",
        "Destination": "Bride's Glen",
        "Time": "00:07:05",
        "AVLS": "00:07:45",
        "Tram": "5028",
        "Action": "a",
        "Msg Sent": "16/10/2019 21:53:57",
        "Msg Received": "16/10/2019 21:53:58",
        "Msg Processed": "16/10/2019 21:53:58",
        "XML ID": "36171",
        "Total Lag": "1.4971291",
        "Create Lag": "1.1669214",
        "Process Lag": "0.3302077"
      }
    ]
  },
  {
    "stopID": "57",
    "stopQueryTime": 1571259240950,
    "count": 2,
    "results": [
      {
        "Direction": "Outbound",
        "Destination": "Tallaght",
        "Time": "00:00:00",
        "AVLS": "00:00:34",
        "Tram": "4006",
        "Action": "d",
        "Msg Sent": "16/10/2019 21:53:57",
        "Msg Received": "16/10/2019 21:53:57",
        "Msg Processed": "16/10/2019 21:53:58",
        "XML ID": "36170",
        "Total Lag": "1.1041067",
        "Create Lag": "0.8228597",
        "Process Lag": "0.281247"
      },
      {
        "Direction": "Outbound",
        "Destination": "Tallaght",
        "Time": "00:11:54",
        "AVLS": "00:12:34",
        "Tram": "4002",
        "Action": "d",
        "Msg Sent": "16/10/2019 21:53:57",
        "Msg Received": "16/10/2019 21:53:57",
        "Msg Processed": "16/10/2019 21:53:58",
        "XML ID": "36170",
        "Total Lag": "1.1041067",
        "Create Lag": "0.8228597",
        "Process Lag": "0.281247"
      }
    ]
  },
  {
    "stopID": "25",
    "stopQueryTime": 1571259240954,
    "count": 3,
    "results": [
      {
        "Direction": "Inbound",
        "Destination": "Broombridge",
        "Time": "00:12:35",
        "AVLS": "00:13:15",
        "Tram": "5013",
        "Action": "a",
        "Msg Sent": "16/10/2019 21:53:57",
        "Msg Received": "16/10/2019 21:53:58",
        "Msg Processed": "16/10/2019 21:53:58",
        "XML ID": "36171",
        "Total Lag": "1.3930596",
        "Create Lag": "1.1669214",
        "Process Lag": "0.2261382"
      },
      {
        "Direction": "Outbound",
        "Destination": "Bride's Glen",
        "Time": "00:02:57",
        "AVLS": "00:03:37",
        "Tram": "5028",
        "Action": "a",
        "Msg Sent": "16/10/2019 21:53:57",
        "Msg Received": "16/10/2019 21:53:58",
        "Msg Processed": "16/10/2019 21:53:58",
        "XML ID": "36171",
        "Total Lag": "1.4971291",
        "Create Lag": "1.1669214",
        "Process Lag": "0.3302077"
      },
      {
        "Direction": "Outbound",
        "Destination": "Bride's Glen",
        "Time": "00:19:09",
        "AVLS": "00:19:49",
        "Tram": "5012",
        "Action": "a",
        "Msg Sent": "16/10/2019 21:53:57",
        "Msg Received": "16/10/2019 21:53:58",
        "Msg Processed": "16/10/2019 21:53:58",
        "XML ID": "36171",
        "Total Lag": "1.3554954",
        "Create Lag": "1.1669214",
        "Process Lag": "0.188574"
      }
    ]
  },
  {
    "stopID": "35",
    "stopQueryTime": 1571259240956,
    "count": 3,
    "results": [
      {
        "Direction": "Inbound",
        "Destination": "Broombridge",
        "Time": "00:08:29",
        "AVLS": "00:09:09",
        "Tram": "5010",
        "Action": "a",
        "Msg Sent": "16/10/2019 21:53:57",
        "Msg Received": "16/10/2019 21:53:58",
        "Msg Processed": "16/10/2019 21:53:58",
        "XML ID": "36171",
        "Total Lag": "1.3087269",
        "Create Lag": "1.1669214",
        "Process Lag": "0.1418055"
      },
      {
        "Direction": "Outbound",
        "Destination": "Bride's Glen",
        "Time": "00:05:15",
        "AVLS": "00:05:55",
        "Tram": "5002",
        "Action": "a",
        "Msg Sent": "16/10/2019 21:53:57",
        "Msg Received": "16/10/2019 21:53:58",
        "Msg Processed": "16/10/2019 21:53:58",
        "XML ID": "36171",
        "Total Lag": "1.1981811",
        "Create Lag": "1.1518316",
        "Process Lag": "0.0463495"
      },
      {
        "Direction": "Outbound",
        "Destination": "Sandyford",
        "Time": "00:13:52",
        "AVLS": "00:14:32",
        "Tram": "5023",
        "Action": "a",
        "Msg Sent": "16/10/2019 21:53:57",
        "Msg Received": "16/10/2019 21:53:58",
        "Msg Processed": "16/10/2019 21:53:58",
        "XML ID": "36171",
        "Total Lag": "1.4971291",
        "Create Lag": "1.1669214",
        "Process Lag": "0.3302077"
      }
    ]
  },
  {
    "stopID": "14",
    "stopQueryTime": 1571259240963,
    "count": 4,
    "results": [
      {
        "Direction": "Inbound",
        "Destination": "The Point",
        "Time": "00:03:59",
        "AVLS": "00:04:39",
        "Tram": "3025",
        "Action": "a",
        "Msg Sent": "16/10/2019 21:53:57",
        "Msg Received": "16/10/2019 21:53:57",
        "Msg Processed": "16/10/2019 21:53:58",
        "XML ID": "36170",
        "Total Lag": "1.0728476",
        "Create Lag": "0.8228597",
        "Process Lag": "0.2499879"
      },
      {
        "Direction": "Inbound",
        "Destination": "The Point",
        "Time": "00:16:08",
        "AVLS": "00:16:48",
        "Tram": "3012",
        "Action": "a",
        "Msg Sent": "16/10/2019 21:53:57",
        "Msg Received": "16/10/2019 21:53:57",
        "Msg Processed": "16/10/2019 21:53:57",
        "XML ID": "36170",
        "Total Lag": "0.9478423",
        "Create Lag": "0.8228597",
        "Process Lag": "0.1249826"
      },
      {
        "Direction": "Outbound",
        "Destination": "Tallaght",
        "Time": "00:00:00",
        "AVLS": "00:00:25",
        "Tram": "4009",
        "Action": "a",
        "Msg Sent": "16/10/2019 21:53:57",
        "Msg Received": "16/10/2019 21:53:57",
        "Msg Processed": "16/10/2019 21:53:58",
        "XML ID": "36170",
        "Total Lag": "1.1518316",
        "Create Lag": "0.8228597",
        "Process Lag": "0.3289719"
      },
      {
        "Direction": "Outbound",
        "Destination": "Tallaght",
        "Time": "00:11:59",
        "AVLS": "00:12:39",
        "Tram": "3009",
        "Action": "a",
        "Msg Sent": "16/10/2019 21:53:57",
        "Msg Received": "16/10/2019 21:53:57",
        "Msg Processed": "16/10/2019 21:53:57",
        "XML ID": "36170",
        "Total Lag": "0.8540959",
        "Create Lag": "0.8228597",
        "Process Lag": "0.0312362"
      }
    ]
  },
  {
    "stopID": "33",
    "stopQueryTime": 1571259240971,
    "count": 4,
    "results": [
      {
        "Direction": "Inbound",
        "Destination": "Broombridge",
        "Time": "00:12:12",
        "AVLS": "00:12:52",
        "Tram": "5010",
        "Action": "a",
        "Msg Sent": "16/10/2019 21:53:57",
        "Msg Received": "16/10/2019 21:53:58",
        "Msg Processed": "16/10/2019 21:53:58",
        "XML ID": "36171",
        "Total Lag": "1.3087269",
        "Create Lag": "1.1669214",
        "Process Lag": "0.1418055"
      },
      {
        "Direction": "Outbound",
        "Destination": "Bride's Glen",
        "Time": "00:02:02",
        "AVLS": "00:02:42",
        "Tram": "5002",
        "Action": "a",
        "Msg Sent": "16/10/2019 21:53:57",
        "Msg Received": "16/10/2019 21:53:58",
        "Msg Processed": "16/10/2019 21:53:58",
        "XML ID": "36171",
        "Total Lag": "1.1825568",
        "Create Lag": "1.1518316",
        "Process Lag": "0.0307252"
      },
      {
        "Direction": "Outbound",
        "Destination": "Sandyford",
        "Time": "00:10:39",
        "AVLS": "00:11:19",
        "Tram": "5023",
        "Action": "a",
        "Msg Sent": "16/10/2019 21:53:57",
        "Msg Received": "16/10/2019 21:53:58",
        "Msg Processed": "16/10/2019 21:53:58",
        "XML ID": "36171",
        "Total Lag": "1.481493",
        "Create Lag": "1.1669214",
        "Process Lag": "0.3145716"
      },
      {
        "Direction": "Outbound",
        "Destination": "Bride's Glen",
        "Time": "00:17:25",
        "AVLS": "00:18:05",
        "Tram": "5028",
        "Action": "a",
        "Msg Sent": "16/10/2019 21:53:57",
        "Msg Received": "16/10/2019 21:53:58",
        "Msg Processed": "16/10/2019 21:53:58",
        "XML ID": "36171",
        "Total Lag": "1.5283786",
        "Create Lag": "1.1669214",
        "Process Lag": "0.3614572"
      }
    ]
  },
  {
    "stopID": "9",
    "stopQueryTime": 1571259240974,
    "count": 3,
    "results": [
      {
        "Direction": "Inbound",
        "Destination": "The Point",
        "Time": "00:10:23",
        "AVLS": "00:11:03",
        "Tram": "3012",
        "Action": "a",
        "Msg Sent": "16/10/2019 21:53:57",
        "Msg Received": "16/10/2019 21:53:57",
        "Msg Processed": "16/10/2019 21:53:57",
        "XML ID": "36170",
        "Total Lag": "0.9322226",
        "Create Lag": "0.8228597",
        "Process Lag": "0.1093629"
      },
      {
        "Direction": "Outbound",
        "Destination": "Tallaght",
        "Time": "00:05:43",
        "AVLS": "00:06:23",
        "Tram": "4009",
        "Action": "a",
        "Msg Sent": "16/10/2019 21:53:57",
        "Msg Received": "16/10/2019 21:53:57",
        "Msg Processed": "16/10/2019 21:53:58",
        "XML ID": "36170",
        "Total Lag": "1.1669214",
        "Create Lag": "0.8228597",
        "Process Lag": "0.3440617"
      },
      {
        "Direction": "Outbound",
        "Destination": "Tallaght",
        "Time": "00:17:57",
        "AVLS": "00:18:37",
        "Tram": "3009",
        "Action": "a",
        "Msg Sent": "16/10/2019 21:53:57",
        "Msg Received": "16/10/2019 21:53:57",
        "Msg Processed": "16/10/2019 21:53:57",
        "XML ID": "36170",
        "Total Lag": "0.8853432",
        "Create Lag": "0.8228597",
        "Process Lag": "0.0624835"
      }
    ]
  },
  {
    "stopID": "43",
    "stopQueryTime": 1571259240977,
    "count": 3,
    "results": [
      {
        "Direction": "Inbound",
        "Destination": "Broombridge",
        "Time": "00:12:28",
        "AVLS": "00:13:08",
        "Tram": "5003",
        "Action": "a",
        "Msg Sent": "16/10/2019 21:53:57",
        "Msg Received": "16/10/2019 21:53:58",
        "Msg Processed": "16/10/2019 21:53:58",
        "XML ID": "36171",
        "Total Lag": "1.2455633",
        "Create Lag": "1.1669214",
        "Process Lag": "0.0786419"
      },
      {
        "Direction": "Outbound",
        "Destination": "Bride's Glen",
        "Time": "00:02:27",
        "AVLS": "00:03:07",
        "Tram": "5030",
        "Action": "a",
        "Msg Sent": "16/10/2019 21:53:57",
        "Msg Received": "16/10/2019 21:53:58",
        "Msg Processed": "16/10/2019 21:53:58",
        "XML ID": "36171",
        "Total Lag": "1.5283786",
        "Create Lag": "1.1669214",
        "Process Lag": "0.3614572"
      },
      {
        "Direction": "Outbound",
        "Destination": "Bride's Glen",
        "Time": "00:17:31",
        "AVLS": "00:18:11",
        "Tram": "5002",
        "Action": "a",
        "Msg Sent": "16/10/2019 21:53:57",
        "Msg Received": "16/10/2019 21:53:58",
        "Msg Processed": "16/10/2019 21:53:58",
        "XML ID": "36171",
        "Total Lag": "1.2138162",
        "Create Lag": "1.1669214",
        "Process Lag": "0.0468948"
      }
    ]
  },
  {
    "stopID": "55",
    "stopQueryTime": 1571259240981,
    "count": 3,
    "results": [
      {
        "Direction": "Inbound",
        "Destination": "The Point",
        "Time": "00:07:51",
        "AVLS": "00:08:31",
        "Tram": "3002",
        "Action": "a",
        "Msg Sent": "16/10/2019 21:53:59",
        "Msg Received": "16/10/2019 21:53:59",
        "Msg Processed": "16/10/2019 21:53:59",
        "XML ID": "36172",
        "Total Lag": "0.7627622",
        "Create Lag": "0.7315016",
        "Process Lag": "0.0312606"
      },
      {
        "Direction": "Outbound",
        "Destination": "Tallaght",
        "Time": "00:02:32",
        "AVLS": "00:03:12",
        "Tram": "4006",
        "Action": "a",
        "Msg Sent": "16/10/2019 21:53:57",
        "Msg Received": "16/10/2019 21:53:57",
        "Msg Processed": "16/10/2019 21:53:58",
        "XML ID": "36170",
        "Total Lag": "1.1197482",
        "Create Lag": "0.8228597",
        "Process Lag": "0.2968885"
      },
      {
        "Direction": "Outbound",
        "Destination": "Tallaght",
        "Time": "00:14:32",
        "AVLS": "00:15:12",
        "Tram": "4002",
        "Action": "a",
        "Msg Sent": "16/10/2019 21:53:57",
        "Msg Received": "16/10/2019 21:53:57",
        "Msg Processed": "16/10/2019 21:53:58",
        "XML ID": "36170",
        "Total Lag": "1.1041067",
        "Create Lag": "0.8228597",
        "Process Lag": "0.281247"
      }
    ]
  },
  {
    "stopID": "10",
    "stopQueryTime": 1571259240985,
    "count": 4,
    "results": [
      {
        "Direction": "Inbound",
        "Destination": "The Point",
        "Time": "00:00:00",
        "AVLS": "00:00:08",
        "Tram": "3025",
        "Action": "a",
        "Msg Sent": "16/10/2019 21:53:57",
        "Msg Received": "16/10/2019 21:53:57",
        "Msg Processed": "16/10/2019 21:53:58",
        "XML ID": "36170",
        "Total Lag": "1.0572183",
        "Create Lag": "0.8228597",
        "Process Lag": "0.2343586"
      },
      {
        "Direction": "Inbound",
        "Destination": "The Point",
        "Time": "00:11:37",
        "AVLS": "00:12:17",
        "Tram": "3012",
        "Action": "a",
        "Msg Sent": "16/10/2019 21:53:57",
        "Msg Received": "16/10/2019 21:53:57",
        "Msg Processed": "16/10/2019 21:53:57",
        "XML ID": "36170",
        "Total Lag": "0.9322226",
        "Create Lag": "0.8228597",
        "Process Lag": "0.1093629"
      },
      {
        "Direction": "Outbound",
        "Destination": "Tallaght",
        "Time": "00:04:27",
        "AVLS": "00:05:07",
        "Tram": "4009",
        "Action": "a",
        "Msg Sent": "16/10/2019 21:53:57",
        "Msg Received": "16/10/2019 21:53:57",
        "Msg Processed": "16/10/2019 21:53:58",
        "XML ID": "36170",
        "Total Lag": "1.1518316",
        "Create Lag": "0.8228597",
        "Process Lag": "0.3289719"
      },
      {
        "Direction": "Outbound",
        "Destination": "Tallaght",
        "Time": "00:16:41",
        "AVLS": "00:17:21",
        "Tram": "3009",
        "Action": "a",
        "Msg Sent": "16/10/2019 21:53:57",
        "Msg Received": "16/10/2019 21:53:57",
        "Msg Processed": "16/10/2019 21:53:57",
        "XML ID": "36170",
        "Total Lag": "0.8697312",
        "Create Lag": "0.8228597",
        "Process Lag": "0.0468715"
      }
    ]
  },
  {
    "stopID": "24",
    "stopQueryTime": 1571259240988,
    "count": 3,
    "results": [
      {
        "Direction": "Inbound",
        "Destination": "Broombridge",
        "Time": "00:15:33",
        "AVLS": "00:16:13",
        "Tram": "5013",
        "Action": "a",
        "Msg Sent": "16/10/2019 21:53:57",
        "Msg Received": "16/10/2019 21:53:58",
        "Msg Processed": "16/10/2019 21:53:58",
        "XML ID": "36171",
        "Total Lag": "1.3930596",
        "Create Lag": "1.1669214",
        "Process Lag": "0.2261382"
      },
      {
        "Direction": "Outbound",
        "Destination": "Bride's Glen",
        "Time": "00:00:59",
        "AVLS": "00:01:39",
        "Tram": "5028",
        "Action": "a",
        "Msg Sent": "16/10/2019 21:53:57",
        "Msg Received": "16/10/2019 21:53:58",
        "Msg Processed": "16/10/2019 21:53:58",
        "XML ID": "36171",
        "Total Lag": "1.4971291",
        "Create Lag": "1.1669214",
        "Process Lag": "0.3302077"
      },
      {
        "Direction": "Outbound",
        "Destination": "Bride's Glen",
        "Time": "00:17:11",
        "AVLS": "00:17:51",
        "Tram": "5012",
        "Action": "a",
        "Msg Sent": "16/10/2019 21:53:57",
        "Msg Received": "16/10/2019 21:53:58",
        "Msg Processed": "16/10/2019 21:53:58",
        "XML ID": "36171",
        "Total Lag": "1.3554954",
        "Create Lag": "1.1669214",
        "Process Lag": "0.188574"
      }
    ]
  },
  {
    "stopID": "18",
    "stopQueryTime": 1571259240991,
    "count": 3,
    "results": [
      {
        "Direction": "Inbound",
        "Destination": "The Point",
        "Time": "00:12:58",
        "AVLS": "00:13:38",
        "Tram": "3025",
        "Action": "a",
        "Msg Sent": "16/10/2019 21:53:57",
        "Msg Received": "16/10/2019 21:53:57",
        "Msg Processed": "16/10/2019 21:53:58",
        "XML ID": "36170",
        "Total Lag": "1.0728476",
        "Create Lag": "0.8228597",
        "Process Lag": "0.2499879"
      },
      {
        "Direction": "Outbound",
        "Destination": "Tallaght",
        "Time": "00:02:37",
        "AVLS": "00:03:17",
        "Tram": "3009",
        "Action": "a",
        "Msg Sent": "16/10/2019 21:53:57",
        "Msg Received": "16/10/2019 21:53:57",
        "Msg Processed": "16/10/2019 21:53:57",
        "XML ID": "36170",
        "Total Lag": "0.8540959",
        "Create Lag": "0.8228597",
        "Process Lag": "0.0312362"
      },
      {
        "Direction": "Outbound",
        "Destination": "Tallaght",
        "Time": "00:15:12",
        "AVLS": "00:15:52",
        "Tram": "4006",
        "Action": "a",
        "Msg Sent": "16/10/2019 21:53:57",
        "Msg Received": "16/10/2019 21:53:57",
        "Msg Processed": "16/10/2019 21:53:58",
        "XML ID": "36170",
        "Total Lag": "1.1353384",
        "Create Lag": "0.8228597",
        "Process Lag": "0.3124787"
      }
    ]
  },
  {
    "stopID": "28",
    "stopQueryTime": 1571259240993,
    "count": 3,
    "results": [
      {
        "Direction": "Inbound",
        "Destination": "Broombridge",
        "Time": "00:07:33",
        "AVLS": "00:08:13",
        "Tram": "5013",
        "Action": "a",
        "Msg Sent": "16/10/2019 21:53:57",
        "Msg Received": "16/10/2019 21:53:58",
        "Msg Processed": "16/10/2019 21:53:58",
        "XML ID": "36171",
        "Total Lag": "1.3711236",
        "Create Lag": "1.1669214",
        "Process Lag": "0.2042022"
      },
      {
        "Direction": "Outbound",
        "Destination": "Sandyford",
        "Time": "00:02:13",
        "AVLS": "00:02:53",
        "Tram": "5023",
        "Action": "a",
        "Msg Sent": "16/10/2019 21:53:57",
        "Msg Received": "16/10/2019 21:53:58",
        "Msg Processed": "16/10/2019 21:53:58",
        "XML ID": "36171",
        "Total Lag": "1.4658889",
        "Create Lag": "1.1669214",
        "Process Lag": "0.2989675"
      },
      {
        "Direction": "Outbound",
        "Destination": "Bride's Glen",
        "Time": "00:08:59",
        "AVLS": "00:09:39",
        "Tram": "5028",
        "Action": "a",
        "Msg Sent": "16/10/2019 21:53:57",
        "Msg Received": "16/10/2019 21:53:58",
        "Msg Processed": "16/10/2019 21:53:58",
        "XML ID": "36171",
        "Total Lag": "1.5127519",
        "Create Lag": "1.1669214",
        "Process Lag": "0.3458305"
      }
    ]
  },
  {
    "stopID": "22",
    "stopQueryTime": 1571259240995,
    "count": 3,
    "results": [
      {
        "Direction": "Inbound",
        "Destination": "The Point",
        "Time": "00:04:41",
        "AVLS": "00:05:21",
        "Tram": "3002",
        "Action": "a",
        "Msg Sent": "16/10/2019 21:53:59",
        "Msg Received": "16/10/2019 21:53:59",
        "Msg Processed": "16/10/2019 21:53:59",
        "XML ID": "36172",
        "Total Lag": "0.7471294",
        "Create Lag": "0.7315016",
        "Process Lag": "0.0156278"
      },
      {
        "Direction": "Outbound",
        "Destination": "Tallaght",
        "Time": "00:05:56",
        "AVLS": "00:06:36",
        "Tram": "4006",
        "Action": "a",
        "Msg Sent": "16/10/2019 21:53:57",
        "Msg Received": "16/10/2019 21:53:57",
        "Msg Processed": "16/10/2019 21:53:58",
        "XML ID": "36170",
        "Total Lag": "1.1197482",
        "Create Lag": "0.8228597",
        "Process Lag": "0.2968885"
      },
      {
        "Direction": "Outbound",
        "Destination": "Tallaght",
        "Time": "00:17:56",
        "AVLS": "00:18:36",
        "Tram": "4002",
        "Action": "a",
        "Msg Sent": "16/10/2019 21:53:57",
        "Msg Received": "16/10/2019 21:53:57",
        "Msg Processed": "16/10/2019 21:53:58",
        "XML ID": "36170",
        "Total Lag": "1.1041067",
        "Create Lag": "0.8228597",
        "Process Lag": "0.281247"
      }
    ]
  },
  {
    "stopID": "49",
    "stopQueryTime": 1571259240997,
    "count": 3,
    "results": [
      {
        "Direction": "Inbound",
        "Destination": "Belgard",
        "Time": "00:05:00",
        "AVLS": "00:05:40",
        "Tram": "3011",
        "Action": "a",
        "Msg Sent": "16/10/2019 21:53:57",
        "Msg Received": "16/10/2019 21:53:57",
        "Msg Processed": "16/10/2019 21:53:57",
        "XML ID": "36170",
        "Total Lag": "0.8853432",
        "Create Lag": "0.8228597",
        "Process Lag": "0.0624835"
      },
      {
        "Direction": "Outbound",
        "Destination": "Saggart",
        "Time": "00:05:21",
        "AVLS": "00:06:01",
        "Tram": "3018",
        "Action": "a",
        "Msg Sent": "16/10/2019 21:53:57",
        "Msg Received": "16/10/2019 21:53:57",
        "Msg Processed": "16/10/2019 21:53:58",
        "XML ID": "36170",
        "Total Lag": "1.0415955",
        "Create Lag": "0.8228597",
        "Process Lag": "0.2187358"
      },
      {
        "Direction": "Outbound",
        "Destination": "Saggart",
        "Time": "00:16:21",
        "AVLS": "00:17:01",
        "Tram": "3011",
        "Action": "a",
        "Msg Sent": "16/10/2019 21:53:57",
        "Msg Received": "16/10/2019 21:53:57",
        "Msg Processed": "16/10/2019 21:53:57",
        "XML ID": "36170",
        "Total Lag": "0.9009679",
        "Create Lag": "0.8228597",
        "Process Lag": "0.0781082"
      }
    ]
  },
  {
    "stopID": "17",
    "stopQueryTime": 1571259241000,
    "count": 3,
    "results": [
      {
        "Direction": "Inbound",
        "Destination": "The Point",
        "Time": "00:10:42",
        "AVLS": "00:11:22",
        "Tram": "3025",
        "Action": "a",
        "Msg Sent": "16/10/2019 21:53:57",
        "Msg Received": "16/10/2019 21:53:57",
        "Msg Processed": "16/10/2019 21:53:58",
        "XML ID": "36170",
        "Total Lag": "1.0728476",
        "Create Lag": "0.8228597",
        "Process Lag": "0.2499879"
      },
      {
        "Direction": "Outbound",
        "Destination": "Tallaght",
        "Time": "00:04:50",
        "AVLS": "00:05:30",
        "Tram": "3009",
        "Action": "a",
        "Msg Sent": "16/10/2019 21:53:57",
        "Msg Received": "16/10/2019 21:53:57",
        "Msg Processed": "16/10/2019 21:53:57",
        "XML ID": "36170",
        "Total Lag": "0.8540959",
        "Create Lag": "0.8228597",
        "Process Lag": "0.0312362"
      },
      {
        "Direction": "Outbound",
        "Destination": "Tallaght",
        "Time": "00:17:25",
        "AVLS": "00:18:05",
        "Tram": "4006",
        "Action": "a",
        "Msg Sent": "16/10/2019 21:53:57",
        "Msg Received": "16/10/2019 21:53:57",
        "Msg Processed": "16/10/2019 21:53:58",
        "XML ID": "36170",
        "Total Lag": "1.1353384",
        "Create Lag": "0.8228597",
        "Process Lag": "0.3124787"
      }
    ]
  },
  {
    "stopID": "34",
    "stopQueryTime": 1571259241003,
    "count": 4,
    "results": [
      {
        "Direction": "Inbound",
        "Destination": "Broombridge",
        "Time": "00:10:29",
        "AVLS": "00:11:09",
        "Tram": "5010",
        "Action": "a",
        "Msg Sent": "16/10/2019 21:53:57",
        "Msg Received": "16/10/2019 21:53:58",
        "Msg Processed": "16/10/2019 21:53:58",
        "XML ID": "36171",
        "Total Lag": "1.3087269",
        "Create Lag": "1.1669214",
        "Process Lag": "0.1418055"
      },
      {
        "Direction": "Outbound",
        "Destination": "Bride's Glen",
        "Time": "00:03:36",
        "AVLS": "00:04:16",
        "Tram": "5002",
        "Action": "a",
        "Msg Sent": "16/10/2019 21:53:57",
        "Msg Received": "16/10/2019 21:53:58",
        "Msg Processed": "16/10/2019 21:53:58",
        "XML ID": "36171",
        "Total Lag": "1.1825568",
        "Create Lag": "1.1518316",
        "Process Lag": "0.0307252"
      },
      {
        "Direction": "Outbound",
        "Destination": "Sandyford",
        "Time": "00:12:13",
        "AVLS": "00:12:53",
        "Tram": "5023",
        "Action": "a",
        "Msg Sent": "16/10/2019 21:53:57",
        "Msg Received": "16/10/2019 21:53:58",
        "Msg Processed": "16/10/2019 21:53:58",
        "XML ID": "36171",
        "Total Lag": "1.481493",
        "Create Lag": "1.1669214",
        "Process Lag": "0.3145716"
      },
      {
        "Direction": "Outbound",
        "Destination": "Bride's Glen",
        "Time": "00:18:59",
        "AVLS": "00:19:39",
        "Tram": "5028",
        "Action": "a",
        "Msg Sent": "16/10/2019 21:53:57",
        "Msg Received": "16/10/2019 21:53:58",
        "Msg Processed": "16/10/2019 21:53:58",
        "XML ID": "36171",
        "Total Lag": "1.5283786",
        "Create Lag": "1.1669214",
        "Process Lag": "0.3614572"
      }
    ]
  },
  {
    "stopID": "39",
    "stopQueryTime": 1571259241007,
    "count": 3,
    "results": [
      {
        "Direction": "Inbound",
        "Destination": "Broombridge",
        "Time": "00:01:15",
        "AVLS": "00:01:55",
        "Tram": "5010",
        "Action": "a",
        "Msg Sent": "16/10/2019 21:53:57",
        "Msg Received": "16/10/2019 21:53:58",
        "Msg Processed": "16/10/2019 21:53:58",
        "XML ID": "36171",
        "Total Lag": "1.2924443",
        "Create Lag": "1.1669214",
        "Process Lag": "0.1255229"
      },
      {
        "Direction": "Inbound",
        "Destination": "Broombridge",
        "Time": "00:17:45",
        "AVLS": "00:18:25",
        "Tram": "5003",
        "Action": "a",
        "Msg Sent": "16/10/2019 21:53:57",
        "Msg Received": "16/10/2019 21:53:58",
        "Msg Processed": "16/10/2019 21:53:58",
        "XML ID": "36171",
        "Total Lag": "1.2455633",
        "Create Lag": "1.1669214",
        "Process Lag": "0.0786419"
      },
      {
        "Direction": "Outbound",
        "Destination": "Bride's Glen",
        "Time": "00:12:22",
        "AVLS": "00:13:02",
        "Tram": "5002",
        "Action": "a",
        "Msg Sent": "16/10/2019 21:53:57",
        "Msg Received": "16/10/2019 21:53:58",
        "Msg Processed": "16/10/2019 21:53:58",
        "XML ID": "36171",
        "Total Lag": "1.2138162",
        "Create Lag": "1.1669214",
        "Process Lag": "0.0468948"
      }
    ]
  },
  {
    "stopID": "19",
    "stopQueryTime": 1571259241009,
    "count": 3,
    "results": [
      {
        "Direction": "Inbound",
        "Destination": "The Point",
        "Time": "00:14:22",
        "AVLS": "00:15:02",
        "Tram": "3025",
        "Action": "a",
        "Msg Sent": "16/10/2019 21:53:57",
        "Msg Received": "16/10/2019 21:53:57",
        "Msg Processed": "16/10/2019 21:53:58",
        "XML ID": "36170",
        "Total Lag": "1.0884655",
        "Create Lag": "0.8228597",
        "Process Lag": "0.2656058"
      },
      {
        "Direction": "Outbound",
        "Destination": "Tallaght",
        "Time": "00:01:25",
        "AVLS": "00:02:05",
        "Tram": "3009",
        "Action": "a",
        "Msg Sent": "16/10/2019 21:53:57",
        "Msg Received": "16/10/2019 21:53:57",
        "Msg Processed": "16/10/2019 21:53:57",
        "XML ID": "36170",
        "Total Lag": "0.8384778",
        "Create Lag": "0.8228597",
        "Process Lag": "0.0156181"
      },
      {
        "Direction": "Outbound",
        "Destination": "Tallaght",
        "Time": "00:14:00",
        "AVLS": "00:14:40",
        "Tram": "4006",
        "Action": "a",
        "Msg Sent": "16/10/2019 21:53:57",
        "Msg Received": "16/10/2019 21:53:57",
        "Msg Processed": "16/10/2019 21:53:58",
        "XML ID": "36170",
        "Total Lag": "1.1353384",
        "Create Lag": "0.8228597",
        "Process Lag": "0.3124787"
      }
    ]
  },
  {
    "stopID": "50",
    "stopQueryTime": 1571259241014,
    "count": 4,
    "results": [
      {
        "Direction": "Inbound",
        "Destination": "Belgard",
        "Time": "00:03:12",
        "AVLS": "00:03:52",
        "Tram": "3011",
        "Action": "a",
        "Msg Sent": "16/10/2019 21:53:57",
        "Msg Received": "16/10/2019 21:53:57",
        "Msg Processed": "16/10/2019 21:53:57",
        "XML ID": "36170",
        "Total Lag": "0.8853432",
        "Create Lag": "0.8228597",
        "Process Lag": "0.0624835"
      },
      {
        "Direction": "Inbound",
        "Destination": "Belgard",
        "Time": "00:18:42",
        "AVLS": "00:19:22",
        "Tram": "3015",
        "Action": "a",
        "Msg Sent": "16/10/2019 21:53:57",
        "Msg Received": "16/10/2019 21:53:57",
        "Msg Processed": "16/10/2019 21:53:57",
        "XML ID": "36170",
        "Total Lag": "0.9791109",
        "Create Lag": "0.8228597",
        "Process Lag": "0.1562512"
      },
      {
        "Direction": "Outbound",
        "Destination": "Saggart",
        "Time": "00:07:07",
        "AVLS": "00:07:47",
        "Tram": "3018",
        "Action": "a",
        "Msg Sent": "16/10/2019 21:53:57",
        "Msg Received": "16/10/2019 21:53:57",
        "Msg Processed": "16/10/2019 21:53:58",
        "XML ID": "36170",
        "Total Lag": "1.0415955",
        "Create Lag": "0.8228597",
        "Process Lag": "0.2187358"
      },
      {
        "Direction": "Outbound",
        "Destination": "Saggart",
        "Time": "00:18:07",
        "AVLS": "00:18:47",
        "Tram": "3011",
        "Action": "a",
        "Msg Sent": "16/10/2019 21:53:57",
        "Msg Received": "16/10/2019 21:53:57",
        "Msg Processed": "16/10/2019 21:53:57",
        "XML ID": "36170",
        "Total Lag": "0.9009679",
        "Create Lag": "0.8228597",
        "Process Lag": "0.0781082"
      }
    ]
  },
  {
    "stopID": "4",
    "stopQueryTime": 1571259241017,
    "count": 6,
    "results": [
      {
        "Direction": "Inbound",
        "Destination": "The Point",
        "Time": "00:11:24",
        "AVLS": "00:12:04",
        "Tram": "3016",
        "Action": "a",
        "Msg Sent": "16/10/2019 21:53:57",
        "Msg Received": "16/10/2019 21:53:57",
        "Msg Processed": "16/10/2019 21:53:57",
        "XML ID": "36170",
        "Total Lag": "0.9947335",
        "Create Lag": "0.8228597",
        "Process Lag": "0.1718738"
      },
      {
        "Direction": "Outbound",
        "Destination": "Tallaght",
        "Time": "00:00:00",
        "AVLS": "00:00:00",
        "Tram": "3014",
        "Action": "a",
        "Msg Sent": "16/10/2019 21:53:57",
        "Msg Received": "16/10/2019 21:53:57",
        "Msg Processed": "16/10/2019 21:53:57",
        "XML ID": "36170",
        "Total Lag": "0.9478423",
        "Create Lag": "0.8228597",
        "Process Lag": "0.1249826"
      },
      {
        "Direction": "Outbound",
        "Destination": "Saggart",
        "Time": "00:01:54",
        "AVLS": "00:02:34",
        "Tram": "3018",
        "Action": "a",
        "Msg Sent": "16/10/2019 21:53:57",
        "Msg Received": "16/10/2019 21:53:57",
        "Msg Processed": "16/10/2019 21:53:58",
        "XML ID": "36170",
        "Total Lag": "1.0259704",
        "Create Lag": "0.8228597",
        "Process Lag": "0.2031107"
      },
      {
        "Direction": "Outbound",
        "Destination": "Tallaght",
        "Time": "00:07:36",
        "AVLS": "00:08:16",
        "Tram": "3017",
        "Action": "a",
        "Msg Sent": "16/10/2019 21:53:57",
        "Msg Received": "16/10/2019 21:53:57",
        "Msg Processed": "16/10/2019 21:53:58",
        "XML ID": "36170",
        "Total Lag": "1.0103449",
        "Create Lag": "0.8228597",
        "Process Lag": "0.1874852"
      },
      {
        "Direction": "Outbound",
        "Destination": "Saggart",
        "Time": "00:12:54",
        "AVLS": "00:13:34",
        "Tram": "3011",
        "Action": "a",
        "Msg Sent": "16/10/2019 21:53:57",
        "Msg Received": "16/10/2019 21:53:57",
        "Msg Processed": "16/10/2019 21:53:57",
        "XML ID": "36170",
        "Total Lag": "0.9009679",
        "Create Lag": "0.8228597",
        "Process Lag": "0.0781082"
      },
      {
        "Direction": "Outbound",
        "Destination": "Tallaght",
        "Time": "00:18:35",
        "AVLS": "00:19:15",
        "Tram": "4009",
        "Action": "a",
        "Msg Sent": "16/10/2019 21:53:57",
        "Msg Received": "16/10/2019 21:53:58",
        "Msg Processed": "16/10/2019 21:53:58",
        "XML ID": "36171",
        "Total Lag": "1.1825568",
        "Create Lag": "1.1518316",
        "Process Lag": "0.0307252"
      }
    ]
  },
  {
    "stopID": "30",
    "stopQueryTime": 1571259241022,
    "count": 4,
    "results": [
      {
        "Direction": "Inbound",
        "Destination": "Broombridge",
        "Time": "00:04:19",
        "AVLS": "00:04:59",
        "Tram": "5013",
        "Action": "a",
        "Msg Sent": "16/10/2019 21:53:57",
        "Msg Received": "16/10/2019 21:53:58",
        "Msg Processed": "16/10/2019 21:53:58",
        "XML ID": "36171",
        "Total Lag": "1.3554954",
        "Create Lag": "1.1669214",
        "Process Lag": "0.188574"
      },
      {
        "Direction": "Inbound",
        "Destination": "Broombridge",
        "Time": "00:17:40",
        "AVLS": "00:18:20",
        "Tram": "5010",
        "Action": "a",
        "Msg Sent": "16/10/2019 21:53:57",
        "Msg Received": "16/10/2019 21:53:58",
        "Msg Processed": "16/10/2019 21:53:58",
        "XML ID": "36171",
        "Total Lag": "1.3242134",
        "Create Lag": "1.1669214",
        "Process Lag": "0.157292"
      },
      {
        "Direction": "Outbound",
        "Destination": "Sandyford",
        "Time": "00:05:27",
        "AVLS": "00:06:07",
        "Tram": "5023",
        "Action": "a",
        "Msg Sent": "16/10/2019 21:53:57",
        "Msg Received": "16/10/2019 21:53:58",
        "Msg Processed": "16/10/2019 21:53:58",
        "XML ID": "36171",
        "Total Lag": "1.4658889",
        "Create Lag": "1.1669214",
        "Process Lag": "0.2989675"
      },
      {
        "Direction": "Outbound",
        "Destination": "Bride's Glen",
        "Time": "00:12:13",
        "AVLS": "00:12:53",
        "Tram": "5028",
        "Action": "a",
        "Msg Sent": "16/10/2019 21:53:57",
        "Msg Received": "16/10/2019 21:53:58",
        "Msg Processed": "16/10/2019 21:53:58",
        "XML ID": "36171",
        "Total Lag": "1.5127519",
        "Create Lag": "1.1669214",
        "Process Lag": "0.3458305"
      }
    ]
  },
  {
    "stopID": "11",
    "stopQueryTime": 1571259241024,
    "count": 4,
    "results": [
      {
        "Direction": "Inbound",
        "Destination": "The Point",
        "Time": "00:00:23",
        "AVLS": "00:01:03",
        "Tram": "3025",
        "Action": "a",
        "Msg Sent": "16/10/2019 21:53:57",
        "Msg Received": "16/10/2019 21:53:57",
        "Msg Processed": "16/10/2019 21:53:58",
        "XML ID": "36170",
        "Total Lag": "1.0572183",
        "Create Lag": "0.8228597",
        "Process Lag": "0.2343586"
      },
      {
        "Direction": "Inbound",
        "Destination": "The Point",
        "Time": "00:12:32",
        "AVLS": "00:13:12",
        "Tram": "3012",
        "Action": "a",
        "Msg Sent": "16/10/2019 21:53:57",
        "Msg Received": "16/10/2019 21:53:57",
        "Msg Processed": "16/10/2019 21:53:57",
        "XML ID": "36170",
        "Total Lag": "0.9322226",
        "Create Lag": "0.8228597",
        "Process Lag": "0.1093629"
      },
      {
        "Direction": "Outbound",
        "Destination": "Tallaght",
        "Time": "00:03:31",
        "AVLS": "00:04:11",
        "Tram": "4009",
        "Action": "a",
        "Msg Sent": "16/10/2019 21:53:57",
        "Msg Received": "16/10/2019 21:53:57",
        "Msg Processed": "16/10/2019 21:53:58",
        "XML ID": "36170",
        "Total Lag": "1.1518316",
        "Create Lag": "0.8228597",
        "Process Lag": "0.3289719"
      },
      {
        "Direction": "Outbound",
        "Destination": "Tallaght",
        "Time": "00:15:45",
        "AVLS": "00:16:25",
        "Tram": "3009",
        "Action": "a",
        "Msg Sent": "16/10/2019 21:53:57",
        "Msg Received": "16/10/2019 21:53:57",
        "Msg Processed": "16/10/2019 21:53:57",
        "XML ID": "36170",
        "Total Lag": "0.8697312",
        "Create Lag": "0.8228597",
        "Process Lag": "0.0468715"
      }
    ]
  },
  {
    "stopID": "13",
    "stopQueryTime": 1571259241028,
    "count": 4,
    "results": [
      {
        "Direction": "Inbound",
        "Destination": "The Point",
        "Time": "00:03:03",
        "AVLS": "00:03:43",
        "Tram": "3025",
        "Action": "a",
        "Msg Sent": "16/10/2019 21:53:57",
        "Msg Received": "16/10/2019 21:53:57",
        "Msg Processed": "16/10/2019 21:53:58",
        "XML ID": "36170",
        "Total Lag": "1.0572183",
        "Create Lag": "0.8228597",
        "Process Lag": "0.2343586"
      },
      {
        "Direction": "Inbound",
        "Destination": "The Point",
        "Time": "00:15:12",
        "AVLS": "00:15:52",
        "Tram": "3012",
        "Action": "a",
        "Msg Sent": "16/10/2019 21:53:57",
        "Msg Received": "16/10/2019 21:53:57",
        "Msg Processed": "16/10/2019 21:53:57",
        "XML ID": "36170",
        "Total Lag": "0.9322226",
        "Create Lag": "0.8228597",
        "Process Lag": "0.1093629"
      },
      {
        "Direction": "Outbound",
        "Destination": "Tallaght",
        "Time": "00:00:45",
        "AVLS": "00:01:25",
        "Tram": "4009",
        "Action": "a",
        "Msg Sent": "16/10/2019 21:53:57",
        "Msg Received": "16/10/2019 21:53:57",
        "Msg Processed": "16/10/2019 21:53:58",
        "XML ID": "36170",
        "Total Lag": "1.1518316",
        "Create Lag": "0.8228597",
        "Process Lag": "0.3289719"
      },
      {
        "Direction": "Outbound",
        "Destination": "Tallaght",
        "Time": "00:12:59",
        "AVLS": "00:13:39",
        "Tram": "3009",
        "Action": "a",
        "Msg Sent": "16/10/2019 21:53:57",
        "Msg Received": "16/10/2019 21:53:57",
        "Msg Processed": "16/10/2019 21:53:57",
        "XML ID": "36170",
        "Total Lag": "0.8697312",
        "Create Lag": "0.8228597",
        "Process Lag": "0.0468715"
      }
    ]
  }
]