[
  {
    "stopID": "13",
    "stopQueryTime": 1571258820827,
    "count": 2,
    "results": [
      {
        "Direction": "Inbound",
        "Destination": "The Point",
        "Time": "00:10:19",
        "AVLS": "00:10:59",
        "Tram": "3025",
        "Action": "a",
        "Msg Sent": "16/10/2019 21:46:56",
        "Msg Received": "16/10/2019 21:46:56",
        "Msg Processed": "16/10/2019 21:46:57",
        "XML ID": "35985",
        "Total Lag": "1.2387896",
        "Create Lag": "0.8794149",
        "Process Lag": "0.3593747"
      },
      {
        "Direction": "Outbound",
        "Destination": "Tallaght",
        "Time": "00:07:58",
        "AVLS": "00:08:38",
        "Tram": "4009",
        "Action": "a",
        "Msg Sent": "16/10/2019 21:46:56",
        "Msg Received": "16/10/2019 21:46:56",
        "Msg Processed": "16/10/2019 21:46:57",
        "XML ID": "35985",
        "Total Lag": "1.3325538",
        "Create Lag": "0.8794149",
        "Process Lag": "0.4531389"
      }
    ]
  },
  {
    "stopID": "19",
    "stopQueryTime": 1571258820839,
    "count": 2,
    "results": [
      {
        "Direction": "Inbound",
        "Destination": "The Point",
        "Time": "00:04:16",
        "AVLS": "00:04:56",
        "Tram": "3002",
        "Action": "a",
        "Msg Sent": "16/10/2019 21:46:56",
        "Msg Received": "16/10/2019 21:46:56",
        "Msg Processed": "16/10/2019 21:46:56",
        "XML ID": "35985",
        "Total Lag": "0.9262893",
        "Create Lag": "0.8794149",
        "Process Lag": "0.0468744"
      },
      {
        "Direction": "Outbound",
        "Destination": "Tallaght",
        "Time": "00:08:51",
        "AVLS": "00:09:31",
        "Tram": "3009",
        "Action": "a",
        "Msg Sent": "16/10/2019 21:46:56",
        "Msg Received": "16/10/2019 21:46:56",
        "Msg Processed": "16/10/2019 21:46:56",
        "XML ID": "35985",
        "Total Lag": "0.9731656",
        "Create Lag": "0.8794149",
        "Process Lag": "0.0937507"
      }
    ]
  },
  {
    "stopID": "11",
    "stopQueryTime": 1571258820845,
    "count": 3,
    "results": [
      {
        "Direction": "Inbound",
        "Destination": "The Point",
        "Time": "00:07:39",
        "AVLS": "00:08:19",
        "Tram": "3025",
        "Action": "a",
        "Msg Sent": "16/10/2019 21:46:56",
        "Msg Received": "16/10/2019 21:46:56",
        "Msg Processed": "16/10/2019 21:46:57",
        "XML ID": "35985",
        "Total Lag": "1.2387896",
        "Create Lag": "0.8794149",
        "Process Lag": "0.3593747"
      },
      {
        "Direction": "Outbound",
        "Destination": "Tallaght",
        "Time": "00:00:00",
        "AVLS": "00:00:18",
        "Tram": "3017",
        "Action": "a",
        "Msg Sent": "16/10/2019 21:46:56",
        "Msg Received": "16/10/2019 21:46:56",
        "Msg Processed": "16/10/2019 21:46:57",
        "XML ID": "35985",
        "Total Lag": "1.1450483",
        "Create Lag": "0.8794149",
        "Process Lag": "0.2656334"
      },
      {
        "Direction": "Outbound",
        "Destination": "Tallaght",
        "Time": "00:10:44",
        "AVLS": "00:11:24",
        "Tram": "4009",
        "Action": "a",
        "Msg Sent": "16/10/2019 21:46:56",
        "Msg Received": "16/10/2019 21:46:57",
        "Msg Processed": "16/10/2019 21:46:57",
        "XML ID": "35986",
        "Total Lag": "1.5825412",
        "Create Lag": "1.5825412",
        "Process Lag": "0"
      }
    ]
  },
  {
    "stopID": "5",
    "stopQueryTime": 1571258820856,
    "count": 3,
    "results": [
      {
        "Direction": "Inbound",
        "Destination": "The Point",
        "Time": "00:07:33",
        "AVLS": "00:08:13",
        "Tram": "3012",
        "Action": "a",
        "Msg Sent": "16/10/2019 21:46:56",
        "Msg Received": "16/10/2019 21:46:56",
        "Msg Processed": "16/10/2019 21:46:57",
        "XML ID": "35985",
        "Total Lag": "1.0356846",
        "Create Lag": "0.8794149",
        "Process Lag": "0.1562697"
      },
      {
        "Direction": "Outbound",
        "Destination": "Tallaght",
        "Time": "00:03:58",
        "AVLS": "00:04:38",
        "Tram": "3014",
        "Action": "a",
        "Msg Sent": "16/10/2019 21:46:56",
        "Msg Received": "16/10/2019 21:46:56",
        "Msg Processed": "16/10/2019 21:46:57",
        "XML ID": "35985",
        "Total Lag": "1.0513198",
        "Create Lag": "0.8794149",
        "Process Lag": "0.1719049"
      },
      {
        "Direction": "Outbound",
        "Destination": "Tallaght",
        "Time": "00:12:57",
        "AVLS": "00:13:37",
        "Tram": "3017",
        "Action": "a",
        "Msg Sent": "16/10/2019 21:46:56",
        "Msg Received": "16/10/2019 21:46:56",
        "Msg Processed": "16/10/2019 21:46:57",
        "XML ID": "35985",
        "Total Lag": "1.1606664",
        "Create Lag": "0.8794149",
        "Process Lag": "0.2812515"
      }
    ]
  },
  {
    "stopID": "15",
    "stopQueryTime": 1571258820860,
    "count": 3,
    "results": [
      {
        "Direction": "Inbound",
        "Destination": "The Point",
        "Time": "00:12:59",
        "AVLS": "00:13:39",
        "Tram": "3025",
        "Action": "a",
        "Msg Sent": "16/10/2019 21:46:56",
        "Msg Received": "16/10/2019 21:46:56",
        "Msg Processed": "16/10/2019 21:46:57",
        "XML ID": "35985",
        "Total Lag": "1.2544134",
        "Create Lag": "0.8794149",
        "Process Lag": "0.3749985"
      },
      {
        "Direction": "Outbound",
        "Destination": "Tallaght",
        "Time": "00:04:59",
        "AVLS": "00:05:39",
        "Tram": "4009",
        "Action": "a",
        "Msg Sent": "16/10/2019 21:46:56",
        "Msg Received": "16/10/2019 21:46:56",
        "Msg Processed": "16/10/2019 21:46:57",
        "XML ID": "35985",
        "Total Lag": "1.3325538",
        "Create Lag": "0.8794149",
        "Process Lag": "0.4531389"
      },
      {
        "Direction": "Outbound",
        "Destination": "Tallaght",
        "Time": "00:17:26",
        "AVLS": "00:18:06",
        "Tram": "3009",
        "Action": "a",
        "Msg Sent": "16/10/2019 21:46:56",
        "Msg Received": "16/10/2019 21:46:56",
        "Msg Processed": "16/10/2019 21:46:56",
        "XML ID": "35985",
        "Total Lag": "0.9887982",
        "Create Lag": "0.8794149",
        "Process Lag": "0.1093833"
      }
    ]
  },
  {
    "stopID": "10",
    "stopQueryTime": 1571258820863,
    "count": 3,
    "results": [
      {
        "Direction": "Inbound",
        "Destination": "The Point",
        "Time": "00:06:44",
        "AVLS": "00:07:24",
        "Tram": "3025",
        "Action": "a",
        "Msg Sent": "16/10/2019 21:46:56",
        "Msg Received": "16/10/2019 21:46:56",
        "Msg Processed": "16/10/2019 21:46:57",
        "XML ID": "35985",
        "Total Lag": "1.2387896",
        "Create Lag": "0.8794149",
        "Process Lag": "0.3593747"
      },
      {
        "Direction": "Outbound",
        "Destination": "Tallaght",
        "Time": "00:00:34",
        "AVLS": "00:01:14",
        "Tram": "3017",
        "Action": "a",
        "Msg Sent": "16/10/2019 21:46:56",
        "Msg Received": "16/10/2019 21:46:56",
        "Msg Processed": "16/10/2019 21:46:57",
        "XML ID": "35985",
        "Total Lag": "1.1450483",
        "Create Lag": "0.8794149",
        "Process Lag": "0.2656334"
      },
      {
        "Direction": "Outbound",
        "Destination": "Tallaght",
        "Time": "00:11:40",
        "AVLS": "00:12:20",
        "Tram": "4009",
        "Action": "a",
        "Msg Sent": "16/10/2019 21:46:56",
        "Msg Received": "16/10/2019 21:46:57",
        "Msg Processed": "16/10/2019 21:46:57",
        "XML ID": "35986",
        "Total Lag": "1.5981635",
        "Create Lag": "1.5825412",
        "Process Lag": "0.0156223"
      }
    ]
  },
  {
    "stopID": "9",
    "stopQueryTime": 1571258820882,
    "count": 4,
    "results": [
      {
        "Direction": "Inbound",
        "Destination": "The Point",
        "Time": "00:05:30",
        "AVLS": "00:06:10",
        "Tram": "3025",
        "Action": "a",
        "Msg Sent": "16/10/2019 21:46:56",
        "Msg Received": "16/10/2019 21:46:56",
        "Msg Processed": "16/10/2019 21:46:57",
        "XML ID": "35985",
        "Total Lag": "1.2231728",
        "Create Lag": "0.8794149",
        "Process Lag": "0.3437579"
      },
      {
        "Direction": "Inbound",
        "Destination": "The Point",
        "Time": "00:18:36",
        "AVLS": "00:19:16",
        "Tram": "3012",
        "Action": "a",
        "Msg Sent": "16/10/2019 21:46:56",
        "Msg Received": "16/10/2019 21:46:56",
        "Msg Processed": "16/10/2019 21:46:57",
        "XML ID": "35985",
        "Total Lag": "1.0513198",
        "Create Lag": "0.8794149",
        "Process Lag": "0.1719049"
      },
      {
        "Direction": "Outbound",
        "Destination": "Tallaght",
        "Time": "00:01:50",
        "AVLS": "00:02:30",
        "Tram": "3017",
        "Action": "a",
        "Msg Sent": "16/10/2019 21:46:56",
        "Msg Received": "16/10/2019 21:46:56",
        "Msg Processed": "16/10/2019 21:46:57",
        "XML ID": "35985",
        "Total Lag": "1.1450483",
        "Create Lag": "0.8794149",
        "Process Lag": "0.2656334"
      },
      {
        "Direction": "Outbound",
        "Destination": "Tallaght",
        "Time": "00:12:56",
        "AVLS": "00:13:36",
        "Tram": "4009",
        "Action": "a",
        "Msg Sent": "16/10/2019 21:46:56",
        "Msg Received": "16/10/2019 21:46:57",
        "Msg Processed": "16/10/2019 21:46:57",
        "XML ID": "35986",
        "Total Lag": "1.5981635",
        "Create Lag": "1.5825412",
        "Process Lag": "0.0156223"
      }
    ]
  },
  {
    "stopID": "20",
    "stopQueryTime": 1571258820886,
    "count": 3,
    "results": [
      {
        "Direction": "Inbound",
        "Destination": "The Point",
        "Time": "00:06:26",
        "AVLS": "00:07:06",
        "Tram": "3002",
        "Action": "a",
        "Msg Sent": "16/10/2019 21:46:56",
        "Msg Received": "16/10/2019 21:46:56",
        "Msg Processed": "16/10/2019 21:46:56",
        "XML ID": "35985",
        "Total Lag": "0.9262893",
        "Create Lag": "0.8794149",
        "Process Lag": "0.0468744"
      },
      {
        "Direction": "Outbound",
        "Destination": "Tallaght",
        "Time": "00:06:42",
        "AVLS": "00:07:22",
        "Tram": "3009",
        "Action": "a",
        "Msg Sent": "16/10/2019 21:46:56",
        "Msg Received": "16/10/2019 21:46:56",
        "Msg Processed": "16/10/2019 21:46:56",
        "XML ID": "35985",
        "Total Lag": "0.9731656",
        "Create Lag": "0.8794149",
        "Process Lag": "0.0937507"
      },
      {
        "Direction": "Outbound",
        "Destination": "Tallaght",
        "Time": "00:18:51",
        "AVLS": "00:19:31",
        "Tram": "4006",
        "Action": "a",
        "Msg Sent": "16/10/2019 21:46:56",
        "Msg Received": "16/10/2019 21:46:56",
        "Msg Processed": "16/10/2019 21:46:57",
        "XML ID": "35985",
        "Total Lag": "1.3169147",
        "Create Lag": "0.8794149",
        "Process Lag": "0.4374998"
      }
    ]
  },
  {
    "stopID": "48",
    "stopQueryTime": 1571258820892,
    "count": 1,
    "results": [
      {
        "Direction": "Inbound",
        "Destination": "Broombridge",
        "Time": "00:12:24",
        "AVLS": "00:13:04",
        "Tram": "5003",
        "Action": "d",
        "Msg Sent": "16/10/2019 21:46:56",
        "Msg Received": "16/10/2019 21:46:57",
        "Msg Processed": "16/10/2019 21:46:57",
        "XML ID": "35986",
        "Total Lag": "1.6450381",
        "Create Lag": "1.5825412",
        "Process Lag": "0.0624969"
      }
    ]
  },
  {
    "stopID": "18",
    "stopQueryTime": 1571258820894,
    "count": 2,
    "results": [
      {
        "Direction": "Inbound",
        "Destination": "The Point",
        "Time": "00:02:52",
        "AVLS": "00:03:32",
        "Tram": "3002",
        "Action": "a",
        "Msg Sent": "16/10/2019 21:46:56",
        "Msg Received": "16/10/2019 21:46:56",
        "Msg Processed": "16/10/2019 21:46:56",
        "XML ID": "35985",
        "Total Lag": "0.9262893",
        "Create Lag": "0.8794149",
        "Process Lag": "0.0468744"
      },
      {
        "Direction": "Outbound",
        "Destination": "Tallaght",
        "Time": "00:10:03",
        "AVLS": "00:10:43",
        "Tram": "3009",
        "Action": "a",
        "Msg Sent": "16/10/2019 21:46:56",
        "Msg Received": "16/10/2019 21:46:56",
        "Msg Processed": "16/10/2019 21:46:56",
        "XML ID": "35985",
        "Total Lag": "0.9731656",
        "Create Lag": "0.8794149",
        "Process Lag": "0.0937507"
      }
    ]
  },
  {
    "stopID": "8",
    "stopQueryTime": 1571258820896,
    "count": 4,
    "results": [
      {
        "Direction": "Inbound",
        "Destination": "The Point",
        "Time": "00:03:21",
        "AVLS": "00:04:01",
        "Tram": "3025",
        "Action": "a",
        "Msg Sent": "16/10/2019 21:46:56",
        "Msg Received": "16/10/2019 21:46:56",
        "Msg Processed": "16/10/2019 21:46:57",
        "XML ID": "35985",
        "Total Lag": "1.2231728",
        "Create Lag": "0.8794149",
        "Process Lag": "0.3437579"
      },
      {
        "Direction": "Inbound",
        "Destination": "The Point",
        "Time": "00:16:27",
        "AVLS": "00:17:07",
        "Tram": "3012",
        "Action": "a",
        "Msg Sent": "16/10/2019 21:46:56",
        "Msg Received": "16/10/2019 21:46:56",
        "Msg Processed": "16/10/2019 21:46:57",
        "XML ID": "35985",
        "Total Lag": "1.0513198",
        "Create Lag": "0.8794149",
        "Process Lag": "0.1719049"
      },
      {
        "Direction": "Outbound",
        "Destination": "Tallaght",
        "Time": "00:04:05",
        "AVLS": "00:04:45",
        "Tram": "3017",
        "Action": "a",
        "Msg Sent": "16/10/2019 21:46:56",
        "Msg Received": "16/10/2019 21:46:56",
        "Msg Processed": "16/10/2019 21:46:57",
        "XML ID": "35985",
        "Total Lag": "1.1450483",
        "Create Lag": "0.8794149",
        "Process Lag": "0.2656334"
      },
      {
        "Direction": "Outbound",
        "Destination": "Tallaght",
        "Time": "00:15:11",
        "AVLS": "00:15:51",
        "Tram": "4009",
        "Action": "a",
        "Msg Sent": "16/10/2019 21:46:56",
        "Msg Received": "16/10/2019 21:46:57",
        "Msg Processed": "16/10/2019 21:46:57",
        "XML ID": "35986",
        "Total Lag": "1.5981635",
        "Create Lag": "1.5825412",
        "Process Lag": "0.0156223"
      }
    ]
  },
  {
    "stopID": "23",
    "stopQueryTime": 1571258820899,
    "count": 0,
    "results": []
  },
  {
    "stopID": "6",
    "stopQueryTime": 1571258820901,
    "count": 3,
    "results": [
      {
        "Direction": "Inbound",
        "Destination": "The Point",
        "Time": "00:10:40",
        "AVLS": "00:11:20",
        "Tram": "3012",
        "Action": "a",
        "Msg Sent": "16/10/2019 21:46:56",
        "Msg Received": "16/10/2019 21:46:56",
        "Msg Processed": "16/10/2019 21:46:57",
        "XML ID": "35985",
        "Total Lag": "1.0356846",
        "Create Lag": "0.8794149",
        "Process Lag": "0.1562697"
      },
      {
        "Direction": "Outbound",
        "Destination": "Tallaght",
        "Time": "00:00:43",
        "AVLS": "00:01:23",
        "Tram": "3014",
        "Action": "a",
        "Msg Sent": "16/10/2019 21:46:56",
        "Msg Received": "16/10/2019 21:46:56",
        "Msg Processed": "16/10/2019 21:46:57",
        "XML ID": "35985",
        "Total Lag": "1.0513198",
        "Create Lag": "0.8794149",
        "Process Lag": "0.1719049"
      },
      {
        "Direction": "Outbound",
        "Destination": "Tallaght",
        "Time": "00:09:42",
        "AVLS": "00:10:22",
        "Tram": "3017",
        "Action": "a",
        "Msg Sent": "16/10/2019 21:46:56",
        "Msg Received": "16/10/2019 21:46:56",
        "Msg Processed": "16/10/2019 21:46:57",
        "XML ID": "35985",
        "Total Lag": "1.1606664",
        "Create Lag": "0.8794149",
        "Process Lag": "0.2812515"
      }
    ]
  },
  {
    "stopID": "17",
    "stopQueryTime": 1571258820903,
    "count": 4,
    "results": [
      {
        "Direction": "Inbound",
        "Destination": "The Point",
        "Time": "00:00:36",
        "AVLS": "00:01:16",
        "Tram": "3002",
        "Action": "a",
        "Msg Sent": "16/10/2019 21:46:56",
        "Msg Received": "16/10/2019 21:46:56",
        "Msg Processed": "16/10/2019 21:46:56",
        "XML ID": "35985",
        "Total Lag": "0.910665",
        "Create Lag": "0.8794149",
        "Process Lag": "0.0312501"
      },
      {
        "Direction": "Inbound",
        "Destination": "The Point",
        "Time": "00:17:58",
        "AVLS": "00:18:38",
        "Tram": "3025",
        "Action": "a",
        "Msg Sent": "16/10/2019 21:46:56",
        "Msg Received": "16/10/2019 21:46:56",
        "Msg Processed": "16/10/2019 21:46:57",
        "XML ID": "35985",
        "Total Lag": "1.2700477",
        "Create Lag": "0.8794149",
        "Process Lag": "0.3906328"
      },
      {
        "Direction": "Outbound",
        "Destination": "Tallaght",
        "Time": "00:00:00",
        "AVLS": "00:00:29",
        "Tram": "4009",
        "Action": "a",
        "Msg Sent": "16/10/2019 21:46:56",
        "Msg Received": "16/10/2019 21:46:56",
        "Msg Processed": "16/10/2019 21:46:57",
        "XML ID": "35985",
        "Total Lag": "1.3169147",
        "Create Lag": "0.8794149",
        "Process Lag": "0.4374998"
      },
      {
        "Direction": "Outbound",
        "Destination": "Tallaght",
        "Time": "00:12:16",
        "AVLS": "00:12:56",
        "Tram": "3009",
        "Action": "a",
        "Msg Sent": "16/10/2019 21:46:56",
        "Msg Received": "16/10/2019 21:46:56",
        "Msg Processed": "16/10/2019 21:46:56",
        "XML ID": "35985",
        "Total Lag": "0.9731656",
        "Create Lag": "0.8794149",
        "Process Lag": "0.0937507"
      }
    ]
  },
  {
    "stopID": "3",
    "stopQueryTime": 1571258820907,
    "count": 5,
    "results": [
      {
        "Direction": "Inbound",
        "Destination": "The Point",
        "Time": "00:02:35",
        "AVLS": "00:03:15",
        "Tram": "3012",
        "Action": "a",
        "Msg Sent": "16/10/2019 21:46:56",
        "Msg Received": "16/10/2019 21:46:56",
        "Msg Processed": "16/10/2019 21:46:57",
        "XML ID": "35985",
        "Total Lag": "1.0200482",
        "Create Lag": "0.8794149",
        "Process Lag": "0.1406333"
      },
      {
        "Direction": "Inbound",
        "Destination": "The Point",
        "Time": "00:15:19",
        "AVLS": "00:15:59",
        "Tram": "3016",
        "Action": "a",
        "Msg Sent": "16/10/2019 21:46:56",
        "Msg Received": "16/10/2019 21:46:56",
        "Msg Processed": "16/10/2019 21:46:57",
        "XML ID": "35985",
        "Total Lag": "1.1294224",
        "Create Lag": "0.8794149",
        "Process Lag": "0.2500075"
      },
      {
        "Direction": "Outbound",
        "Destination": "Tallaght",
        "Time": "00:00:00",
        "AVLS": "00:00:21",
        "Tram": "3016",
        "Action": "a",
        "Msg Sent": "16/10/2019 21:46:56",
        "Msg Received": "16/10/2019 21:46:56",
        "Msg Processed": "16/10/2019 21:46:57",
        "XML ID": "35985",
        "Total Lag": "1.0981711",
        "Create Lag": "0.8794149",
        "Process Lag": "0.2187562"
      },
      {
        "Direction": "Outbound",
        "Destination": "Tallaght",
        "Time": "00:08:02",
        "AVLS": "00:08:42",
        "Tram": "3014",
        "Action": "a",
        "Msg Sent": "16/10/2019 21:46:56",
        "Msg Received": "16/10/2019 21:46:56",
        "Msg Processed": "16/10/2019 21:46:57",
        "XML ID": "35985",
        "Total Lag": "1.0669171",
        "Create Lag": "0.8794149",
        "Process Lag": "0.1875022"
      },
      {
        "Direction": "Outbound",
        "Destination": "Tallaght",
        "Time": "00:17:01",
        "AVLS": "00:17:41",
        "Tram": "3017",
        "Action": "a",
        "Msg Sent": "16/10/2019 21:46:56",
        "Msg Received": "16/10/2019 21:46:56",
        "Msg Processed": "16/10/2019 21:46:57",
        "XML ID": "35985",
        "Total Lag": "1.1762897",
        "Create Lag": "0.8794149",
        "Process Lag": "0.2968748"
      }
    ]
  },
  {
    "stopID": "42",
    "stopQueryTime": 1571258820918,
    "count": 2,
    "results": [
      {
        "Direction": "Inbound",
        "Destination": "Broombridge",
        "Time": "00:06:16",
        "AVLS": "00:06:56",
        "Tram": "5010",
        "Action": "a",
        "Msg Sent": "16/10/2019 21:46:56",
        "Msg Received": "16/10/2019 21:46:57",
        "Msg Processed": "16/10/2019 21:46:57",
        "XML ID": "35986",
        "Total Lag": "1.7231742",
        "Create Lag": "1.5825412",
        "Process Lag": "0.140633"
      },
      {
        "Direction": "Outbound",
        "Destination": "Bride's Glen",
        "Time": "00:07:18",
        "AVLS": "00:07:58",
        "Tram": "5030",
        "Action": "a",
        "Msg Sent": "16/10/2019 21:46:59",
        "Msg Received": "16/10/2019 21:46:59",
        "Msg Processed": "16/10/2019 21:46:59",
        "XML ID": "35987",
        "Total Lag": "0.629435",
        "Create Lag": "0.5200421",
        "Process Lag": "0.1093929"
      }
    ]
  },
  {
    "stopID": "38",
    "stopQueryTime": 1571258820924,
    "count": 3,
    "results": [
      {
        "Direction": "Inbound",
        "Destination": "Broombridge",
        "Time": "00:11:42",
        "AVLS": "00:12:22",
        "Tram": "5010",
        "Action": "a",
        "Msg Sent": "16/10/2019 21:46:56",
        "Msg Received": "16/10/2019 21:46:57",
        "Msg Processed": "16/10/2019 21:46:57",
        "XML ID": "35986",
        "Total Lag": "1.7231742",
        "Create Lag": "1.5825412",
        "Process Lag": "0.140633"
      },
      {
        "Direction": "Outbound",
        "Destination": "Bride's Glen",
        "Time": "00:01:57",
        "AVLS": "00:02:37",
        "Tram": "5030",
        "Action": "a",
        "Msg Sent": "16/10/2019 21:46:59",
        "Msg Received": "16/10/2019 21:46:59",
        "Msg Processed": "16/10/2019 21:46:59",
        "XML ID": "35987",
        "Total Lag": "0.6137902",
        "Create Lag": "0.5200421",
        "Process Lag": "0.0937481"
      },
      {
        "Direction": "Outbound",
        "Destination": "Bride's Glen",
        "Time": "00:18:00",
        "AVLS": "00:18:40",
        "Tram": "5002",
        "Action": "a",
        "Msg Sent": "16/10/2019 21:46:56",
        "Msg Received": "16/10/2019 21:46:57",
        "Msg Processed": "16/10/2019 21:46:57",
        "XML ID": "35986",
        "Total Lag": "1.6294153",
        "Create Lag": "1.5825412",
        "Process Lag": "0.0468741"
      }
    ]
  },
  {
    "stopID": "51",
    "stopQueryTime": 1571258820937,
    "count": 3,
    "results": [
      {
        "Direction": "Inbound",
        "Destination": "Belgard",
        "Time": "00:08:35",
        "AVLS": "00:09:15",
        "Tram": "3011",
        "Action": "a",
        "Msg Sent": "16/10/2019 21:46:56",
        "Msg Received": "16/10/2019 21:46:56",
        "Msg Processed": "16/10/2019 21:46:57",
        "XML ID": "35985",
        "Total Lag": "1.0044214",
        "Create Lag": "0.8794149",
        "Process Lag": "0.1250065"
      },
      {
        "Direction": "Outbound",
        "Destination": "Saggart",
        "Time": "00:06:54",
        "AVLS": "00:07:34",
        "Tram": "3015",
        "Action": "a",
        "Msg Sent": "16/10/2019 21:46:56",
        "Msg Received": "16/10/2019 21:46:56",
        "Msg Processed": "16/10/2019 21:46:57",
        "XML ID": "35985",
        "Total Lag": "1.0825361",
        "Create Lag": "0.8794149",
        "Process Lag": "0.2031212"
      },
      {
        "Direction": "Outbound",
        "Destination": "Saggart",
        "Time": "00:15:54",
        "AVLS": "00:16:34",
        "Tram": "3018",
        "Action": "a",
        "Msg Sent": "16/10/2019 21:46:56",
        "Msg Received": "16/10/2019 21:46:56",
        "Msg Processed": "16/10/2019 21:46:57",
        "XML ID": "35985",
        "Total Lag": "1.2075456",
        "Create Lag": "0.8794149",
        "Process Lag": "0.3281307"
      }
    ]
  },
  {
    "stopID": "40",
    "stopQueryTime": 1571258820939,
    "count": 2,
    "results": [
      {
        "Direction": "Inbound",
        "Destination": "Broombridge",
        "Time": "00:08:27",
        "AVLS": "00:09:07",
        "Tram": "5010",
        "Action": "a",
        "Msg Sent": "16/10/2019 21:46:56",
        "Msg Received": "16/10/2019 21:46:57",
        "Msg Processed": "16/10/2019 21:46:57",
        "XML ID": "35986",
        "Total Lag": "1.7231742",
        "Create Lag": "1.5825412",
        "Process Lag": "0.140633"
      },
      {
        "Direction": "Outbound",
        "Destination": "Bride's Glen",
        "Time": "00:05:10",
        "AVLS": "00:05:50",
        "Tram": "5030",
        "Action": "a",
        "Msg Sent": "16/10/2019 21:46:59",
        "Msg Received": "16/10/2019 21:46:59",
        "Msg Processed": "16/10/2019 21:46:59",
        "XML ID": "35987",
        "Total Lag": "0.6137902",
        "Create Lag": "0.5200421",
        "Process Lag": "0.0937481"
      }
    ]
  },
  {
    "stopID": "37",
    "stopQueryTime": 1571258820941,
    "count": 3,
    "results": [
      {
        "Direction": "Inbound",
        "Destination": "Broombridge",
        "Time": "00:13:12",
        "AVLS": "00:13:52",
        "Tram": "5010",
        "Action": "a",
        "Msg Sent": "16/10/2019 21:46:56",
        "Msg Received": "16/10/2019 21:46:57",
        "Msg Processed": "16/10/2019 21:46:57",
        "XML ID": "35986",
        "Total Lag": "1.7387901",
        "Create Lag": "1.5825412",
        "Process Lag": "0.1562489"
      },
      {
        "Direction": "Outbound",
        "Destination": "Bride's Glen",
        "Time": "00:00:29",
        "AVLS": "00:01:09",
        "Tram": "5030",
        "Action": "a",
        "Msg Sent": "16/10/2019 21:46:59",
        "Msg Received": "16/10/2019 21:46:59",
        "Msg Processed": "16/10/2019 21:46:59",
        "XML ID": "35987",
        "Total Lag": "0.6137902",
        "Create Lag": "0.5200421",
        "Process Lag": "0.0937481"
      },
      {
        "Direction": "Outbound",
        "Destination": "Bride's Glen",
        "Time": "00:16:32",
        "AVLS": "00:17:12",
        "Tram": "5002",
        "Action": "a",
        "Msg Sent": "16/10/2019 21:46:56",
        "Msg Received": "16/10/2019 21:46:57",
        "Msg Processed": "16/10/2019 21:46:57",
        "XML ID": "35986",
        "Total Lag": "1.6294153",
        "Create Lag": "1.5825412",
        "Process Lag": "0.0468741"
      }
    ]
  },
  {
    "stopID": "27",
    "stopQueryTime": 1571258820944,
    "count": 4,
    "results": [
      {
        "Direction": "Inbound",
        "Destination": "Broombridge",
        "Time": "00:15:17",
        "AVLS": "00:15:57",
        "Tram": "5013",
        "Action": "a",
        "Msg Sent": "16/10/2019 21:46:56",
        "Msg Received": "16/10/2019 21:46:57",
        "Msg Processed": "16/10/2019 21:46:57",
        "XML ID": "35986",
        "Total Lag": "1.8012887",
        "Create Lag": "1.5825412",
        "Process Lag": "0.2187475"
      },
      {
        "Direction": "Outbound",
        "Destination": "Bride's Glen",
        "Time": "00:00:00",
        "AVLS": "00:00:00",
        "Tram": "5002",
        "Action": "a",
        "Msg Sent": "16/10/2019 21:46:42",
        "Msg Received": "16/10/2019 21:46:42",
        "Msg Processed": "16/10/2019 21:46:42",
        "XML ID": "35980",
        "Total Lag": "0.5978708",
        "Create Lag": "0.519742",
        "Process Lag": "0.0781288"
      },
      {
        "Direction": "Outbound",
        "Destination": "Sandyford",
        "Time": "00:06:53",
        "AVLS": "00:07:33",
        "Tram": "5023",
        "Action": "a",
        "Msg Sent": "16/10/2019 21:46:56",
        "Msg Received": "16/10/2019 21:46:57",
        "Msg Processed": "16/10/2019 21:46:57",
        "XML ID": "35986",
        "Total Lag": "1.8950387",
        "Create Lag": "1.5825412",
        "Process Lag": "0.3124975"
      },
      {
        "Direction": "Outbound",
        "Destination": "Bride's Glen",
        "Time": "00:13:10",
        "AVLS": "00:13:50",
        "Tram": "5028",
        "Action": "a",
        "Msg Sent": "16/10/2019 21:46:59",
        "Msg Received": "16/10/2019 21:46:59",
        "Msg Processed": "16/10/2019 21:46:59",
        "XML ID": "35987",
        "Total Lag": "0.566923",
        "Create Lag": "0.5200421",
        "Process Lag": "0.0468809"
      }
    ]
  },
  {
    "stopID": "58",
    "stopQueryTime": 1571258820946,
    "count": 0,
    "results": []
  },
  {
    "stopID": "53",
    "stopQueryTime": 1571258820955,
    "count": 3,
    "results": [
      {
        "Direction": "Inbound",
        "Destination": "Belgard",
        "Time": "00:05:04",
        "AVLS": "00:05:44",
        "Tram": "3011",
        "Action": "d",
        "Msg Sent": "16/10/2019 21:46:56",
        "Msg Received": "16/10/2019 21:46:56",
        "Msg Processed": "16/10/2019 21:46:56",
        "XML ID": "35985",
        "Total Lag": "0.9887982",
        "Create Lag": "0.8794149",
        "Process Lag": "0.1093833"
      },
      {
        "Direction": "Terminating",
        "Destination": "Saggart",
        "Time": "00:01:04",
        "AVLS": "00:01:44",
        "Tram": "3011",
        "Action": "a",
        "Msg Sent": "16/10/2019 21:46:56",
        "Msg Received": "16/10/2019 21:46:56",
        "Msg Processed": "16/10/2019 21:46:56",
        "XML ID": "35985",
        "Total Lag": "0.9887982",
        "Create Lag": "0.8794149",
        "Process Lag": "0.1093833"
      },
      {
        "Direction": "Terminating",
        "Destination": "Saggart",
        "Time": "00:10:24",
        "AVLS": "00:11:04",
        "Tram": "3015",
        "Action": "a",
        "Msg Sent": "16/10/2019 21:46:56",
        "Msg Received": "16/10/2019 21:46:56",
        "Msg Processed": "16/10/2019 21:46:57",
        "XML ID": "35985",
        "Total Lag": "1.0981711",
        "Create Lag": "0.8794149",
        "Process Lag": "0.2187562"
      }
    ]
  },
  {
    "stopID": "55",
    "stopQueryTime": 1571258820967,
    "count": 3,
    "results": [
      {
        "Direction": "Inbound",
        "Destination": "The Point",
        "Time": "00:02:01",
        "AVLS": "00:02:41",
        "Tram": "4002",
        "Action": "a",
        "Msg Sent": "16/10/2019 21:46:56",
        "Msg Received": "16/10/2019 21:46:56",
        "Msg Processed": "16/10/2019 21:46:57",
        "XML ID": "35985",
        "Total Lag": "1.2856631",
        "Create Lag": "0.8794149",
        "Process Lag": "0.4062482"
      },
      {
        "Direction": "Inbound",
        "Destination": "The Point",
        "Time": "00:15:26",
        "AVLS": "00:16:06",
        "Tram": "3002",
        "Action": "a",
        "Msg Sent": "16/10/2019 21:46:56",
        "Msg Received": "16/10/2019 21:46:56",
        "Msg Processed": "16/10/2019 21:46:56",
        "XML ID": "35985",
        "Total Lag": "0.941915",
        "Create Lag": "0.8794149",
        "Process Lag": "0.0625001"
      },
      {
        "Direction": "Outbound",
        "Destination": "Tallaght",
        "Time": "00:09:32",
        "AVLS": "00:10:12",
        "Tram": "4006",
        "Action": "a",
        "Msg Sent": "16/10/2019 21:46:56",
        "Msg Received": "16/10/2019 21:46:56",
        "Msg Processed": "16/10/2019 21:46:57",
        "XML ID": "35985",
        "Total Lag": "1.3012908",
        "Create Lag": "0.8794149",
        "Process Lag": "0.4218759"
      }
    ]
  },
  {
    "stopID": "4",
    "stopQueryTime": 1571258820971,
    "count": 6,
    "results": [
      {
        "Direction": "Inbound",
        "Destination": "The Point",
        "Time": "00:05:40",
        "AVLS": "00:06:20",
        "Tram": "3012",
        "Action": "a",
        "Msg Sent": "16/10/2019 21:46:56",
        "Msg Received": "16/10/2019 21:46:56",
        "Msg Processed": "16/10/2019 21:46:57",
        "XML ID": "35985",
        "Total Lag": "1.0356846",
        "Create Lag": "0.8794149",
        "Process Lag": "0.1562697"
      },
      {
        "Direction": "Inbound",
        "Destination": "The Point",
        "Time": "00:18:24",
        "AVLS": "00:19:04",
        "Tram": "3016",
        "Action": "a",
        "Msg Sent": "16/10/2019 21:46:56",
        "Msg Received": "16/10/2019 21:46:56",
        "Msg Processed": "16/10/2019 21:46:57",
        "XML ID": "35985",
        "Total Lag": "1.1294224",
        "Create Lag": "0.8794149",
        "Process Lag": "0.2500075"
      },
      {
        "Direction": "Outbound",
        "Destination": "Saggart",
        "Time": "00:00:00",
        "AVLS": "00:00:34",
        "Tram": "3015",
        "Action": "a",
        "Msg Sent": "16/10/2019 21:46:56",
        "Msg Received": "16/10/2019 21:46:56",
        "Msg Processed": "16/10/2019 21:46:57",
        "XML ID": "35985",
        "Total Lag": "1.0825361",
        "Create Lag": "0.8794149",
        "Process Lag": "0.2031212"
      },
      {
        "Direction": "Outbound",
        "Destination": "Tallaght",
        "Time": "00:05:43",
        "AVLS": "00:06:23",
        "Tram": "3014",
        "Action": "a",
        "Msg Sent": "16/10/2019 21:46:56",
        "Msg Received": "16/10/2019 21:46:56",
        "Msg Processed": "16/10/2019 21:46:57",
        "XML ID": "35985",
        "Total Lag": "1.0669171",
        "Create Lag": "0.8794149",
        "Process Lag": "0.1875022"
      },
      {
        "Direction": "Outbound",
        "Destination": "Saggart",
        "Time": "00:08:54",
        "AVLS": "00:09:34",
        "Tram": "3018",
        "Action": "a",
        "Msg Sent": "16/10/2019 21:46:56",
        "Msg Received": "16/10/2019 21:46:56",
        "Msg Processed": "16/10/2019 21:46:57",
        "XML ID": "35985",
        "Total Lag": "1.1919151",
        "Create Lag": "0.8794149",
        "Process Lag": "0.3125002"
      },
      {
        "Direction": "Outbound",
        "Destination": "Tallaght",
        "Time": "00:14:42",
        "AVLS": "00:15:22",
        "Tram": "3017",
        "Action": "a",
        "Msg Sent": "16/10/2019 21:46:56",
        "Msg Received": "16/10/2019 21:46:56",
        "Msg Processed": "16/10/2019 21:46:57",
        "XML ID": "35985",
        "Total Lag": "1.1762897",
        "Create Lag": "0.8794149",
        "Process Lag": "0.2968748"
      }
    ]
  },
  {
    "stopID": "31",
    "stopQueryTime": 1571258820975,
    "count": 3,
    "results": [
      {
        "Direction": "Inbound",
        "Destination": "Broombridge",
        "Time": "00:08:45",
        "AVLS": "00:09:25",
        "Tram": "5013",
        "Action": "a",
        "Msg Sent": "16/10/2019 21:46:56",
        "Msg Received": "16/10/2019 21:46:57",
        "Msg Processed": "16/10/2019 21:46:57",
        "XML ID": "35986",
        "Total Lag": "1.8012887",
        "Create Lag": "1.5825412",
        "Process Lag": "0.2187475"
      },
      {
        "Direction": "Outbound",
        "Destination": "Bride's Glen",
        "Time": "00:06:01",
        "AVLS": "00:06:41",
        "Tram": "5002",
        "Action": "a",
        "Msg Sent": "16/10/2019 21:46:56",
        "Msg Received": "16/10/2019 21:46:57",
        "Msg Processed": "16/10/2019 21:46:57",
        "XML ID": "35986",
        "Total Lag": "1.6137975",
        "Create Lag": "1.5825412",
        "Process Lag": "0.0312563"
      },
      {
        "Direction": "Outbound",
        "Destination": "Sandyford",
        "Time": "00:13:49",
        "AVLS": "00:14:29",
        "Tram": "5023",
        "Action": "a",
        "Msg Sent": "16/10/2019 21:46:56",
        "Msg Received": "16/10/2019 21:46:57",
        "Msg Processed": "16/10/2019 21:46:57",
        "XML ID": "35986",
        "Total Lag": "1.8950387",
        "Create Lag": "1.5825412",
        "Process Lag": "0.3124975"
      }
    ]
  },
  {
    "stopID": "12",
    "stopQueryTime": 1571258820976,
    "count": 2,
    "results": [
      {
        "Direction": "Inbound",
        "Destination": "The Point",
        "Time": "00:08:41",
        "AVLS": "00:09:21",
        "Tram": "3025",
        "Action": "a",
        "Msg Sent": "16/10/2019 21:46:56",
        "Msg Received": "16/10/2019 21:46:56",
        "Msg Processed": "16/10/2019 21:46:57",
        "XML ID": "35985",
        "Total Lag": "1.2387896",
        "Create Lag": "0.8794149",
        "Process Lag": "0.3593747"
      },
      {
        "Direction": "Outbound",
        "Destination": "Tallaght",
        "Time": "00:09:39",
        "AVLS": "00:10:19",
        "Tram": "4009",
        "Action": "a",
        "Msg Sent": "16/10/2019 21:46:56",
        "Msg Received": "16/10/2019 21:46:56",
        "Msg Processed": "16/10/2019 21:46:57",
        "XML ID": "35985",
        "Total Lag": "1.3481726",
        "Create Lag": "0.8794149",
        "Process Lag": "0.4687577"
      }
    ]
  },
  {
    "stopID": "14",
    "stopQueryTime": 1571258820979,
    "count": 2,
    "results": [
      {
        "Direction": "Inbound",
        "Destination": "The Point",
        "Time": "00:11:15",
        "AVLS": "00:11:55",
        "Tram": "3025",
        "Action": "a",
        "Msg Sent": "16/10/2019 21:46:56",
        "Msg Received": "16/10/2019 21:46:56",
        "Msg Processed": "16/10/2019 21:46:57",
        "XML ID": "35985",
        "Total Lag": "1.2544134",
        "Create Lag": "0.8794149",
        "Process Lag": "0.3749985"
      },
      {
        "Direction": "Outbound",
        "Destination": "Tallaght",
        "Time": "00:06:58",
        "AVLS": "00:07:38",
        "Tram": "4009",
        "Action": "a",
        "Msg Sent": "16/10/2019 21:46:56",
        "Msg Received": "16/10/2019 21:46:56",
        "Msg Processed": "16/10/2019 21:46:57",
        "XML ID": "35985",
        "Total Lag": "1.3325538",
        "Create Lag": "0.8794149",
        "Process Lag": "0.4531389"
      }
    ]
  },
  {
    "stopID": "46",
    "stopQueryTime": 1571258820981,
    "count": 4,
    "results": [
      {
        "Direction": "Inbound",
        "Destination": "Broombridge",
        "Time": "00:00:45",
        "AVLS": "00:01:25",
        "Tram": "5010",
        "Action": "a",
        "Msg Sent": "16/10/2019 21:46:56",
        "Msg Received": "16/10/2019 21:46:57",
        "Msg Processed": "16/10/2019 21:46:57",
        "XML ID": "35986",
        "Total Lag": "1.7075456",
        "Create Lag": "1.5825412",
        "Process Lag": "0.1250044"
      },
      {
        "Direction": "Inbound",
        "Destination": "Broombridge",
        "Time": "00:15:33",
        "AVLS": "00:16:13",
        "Tram": "5003",
        "Action": "a",
        "Msg Sent": "16/10/2019 21:46:56",
        "Msg Received": "16/10/2019 21:46:57",
        "Msg Processed": "16/10/2019 21:46:57",
        "XML ID": "35986",
        "Total Lag": "1.6606648",
        "Create Lag": "1.5825412",
        "Process Lag": "0.0781236"
      },
      {
        "Direction": "Outbound",
        "Destination": "Bride's Glen",
        "Time": "00:02:05",
        "AVLS": "00:02:45",
        "Tram": "5003",
        "Action": "a",
        "Msg Sent": "16/10/2019 21:46:56",
        "Msg Received": "16/10/2019 21:46:57",
        "Msg Processed": "16/10/2019 21:46:57",
        "XML ID": "35986",
        "Total Lag": "1.6450381",
        "Create Lag": "1.5825412",
        "Process Lag": "0.0624969"
      },
      {
        "Direction": "Outbound",
        "Destination": "Bride's Glen",
        "Time": "00:12:47",
        "AVLS": "00:13:27",
        "Tram": "5030",
        "Action": "a",
        "Msg Sent": "16/10/2019 21:46:59",
        "Msg Received": "16/10/2019 21:46:59",
        "Msg Processed": "16/10/2019 21:46:59",
        "XML ID": "35987",
        "Total Lag": "0.6619766",
        "Create Lag": "0.5200421",
        "Process Lag": "0.1419345"
      }
    ]
  },
  {
    "stopID": "49",
    "stopQueryTime": 1571258820985,
    "count": 3,
    "results": [
      {
        "Direction": "Inbound",
        "Destination": "Belgard",
        "Time": "00:12:10",
        "AVLS": "00:12:50",
        "Tram": "3011",
        "Action": "a",
        "Msg Sent": "16/10/2019 21:46:56",
        "Msg Received": "16/10/2019 21:46:56",
        "Msg Processed": "16/10/2019 21:46:57",
        "XML ID": "35985",
        "Total Lag": "1.0044214",
        "Create Lag": "0.8794149",
        "Process Lag": "0.1250065"
      },
      {
        "Direction": "Outbound",
        "Destination": "Saggart",
        "Time": "00:03:21",
        "AVLS": "00:04:01",
        "Tram": "3015",
        "Action": "a",
        "Msg Sent": "16/10/2019 21:46:56",
        "Msg Received": "16/10/2019 21:46:56",
        "Msg Processed": "16/10/2019 21:46:57",
        "XML ID": "35985",
        "Total Lag": "1.0825361",
        "Create Lag": "0.8794149",
        "Process Lag": "0.2031212"
      },
      {
        "Direction": "Outbound",
        "Destination": "Saggart",
        "Time": "00:12:21",
        "AVLS": "00:13:01",
        "Tram": "3018",
        "Action": "a",
        "Msg Sent": "16/10/2019 21:46:56",
        "Msg Received": "16/10/2019 21:46:56",
        "Msg Processed": "16/10/2019 21:46:57",
        "XML ID": "35985",
        "Total Lag": "1.1919151",
        "Create Lag": "0.8794149",
        "Process Lag": "0.3125002"
      }
    ]
  },
  {
    "stopID": "7",
    "stopQueryTime": 1571258820987,
    "count": 4,
    "results": [
      {
        "Direction": "Inbound",
        "Destination": "The Point",
        "Time": "00:01:50",
        "AVLS": "00:02:30",
        "Tram": "3025",
        "Action": "a",
        "Msg Sent": "16/10/2019 21:46:56",
        "Msg Received": "16/10/2019 21:46:56",
        "Msg Processed": "16/10/2019 21:46:57",
        "XML ID": "35985",
        "Total Lag": "1.2231728",
        "Create Lag": "0.8794149",
        "Process Lag": "0.3437579"
      },
      {
        "Direction": "Inbound",
        "Destination": "The Point",
        "Time": "00:14:56",
        "AVLS": "00:15:36",
        "Tram": "3012",
        "Action": "a",
        "Msg Sent": "16/10/2019 21:46:56",
        "Msg Received": "16/10/2019 21:46:56",
        "Msg Processed": "16/10/2019 21:46:57",
        "XML ID": "35985",
        "Total Lag": "1.0356846",
        "Create Lag": "0.8794149",
        "Process Lag": "0.1562697"
      },
      {
        "Direction": "Outbound",
        "Destination": "Tallaght",
        "Time": "00:05:39",
        "AVLS": "00:06:19",
        "Tram": "3017",
        "Action": "a",
        "Msg Sent": "16/10/2019 21:46:56",
        "Msg Received": "16/10/2019 21:46:56",
        "Msg Processed": "16/10/2019 21:46:57",
        "XML ID": "35985",
        "Total Lag": "1.1606664",
        "Create Lag": "0.8794149",
        "Process Lag": "0.2812515"
      },
      {
        "Direction": "Outbound",
        "Destination": "Tallaght",
        "Time": "00:16:45",
        "AVLS": "00:17:25",
        "Tram": "4009",
        "Action": "a",
        "Msg Sent": "16/10/2019 21:46:56",
        "Msg Received": "16/10/2019 21:46:57",
        "Msg Processed": "16/10/2019 21:46:57",
        "XML ID": "35986",
        "Total Lag": "1.5981635",
        "Create Lag": "1.5825412",
        "Process Lag": "0.0156223"
      }
    ]
  },
  {
    "stopID": "57",
    "stopQueryTime": 1571258821028,
    "count": 2,
    "results": [
      {
        "Direction": "Outbound",
        "Destination": "Tallaght",
        "Time": "00:06:54",
        "AVLS": "00:07:34",
        "Tram": "4006",
        "Action": "d",
        "Msg Sent": "16/10/2019 21:46:56",
        "Msg Received": "16/10/2019 21:46:56",
        "Msg Processed": "16/10/2019 21:46:57",
        "XML ID": "35985",
        "Total Lag": "1.2856631",
        "Create Lag": "0.8794149",
        "Process Lag": "0.4062482"
      },
      {
        "Direction": "Outbound",
        "Destination": "Tallaght",
        "Time": "00:18:54",
        "AVLS": "00:19:34",
        "Tram": "4002",
        "Action": "d",
        "Msg Sent": "16/10/2019 21:46:56",
        "Msg Received": "16/10/2019 21:46:56",
        "Msg Processed": "16/10/2019 21:46:57",
        "XML ID": "35985",
        "Total Lag": "1.2856631",
        "Create Lag": "0.8794149",
        "Process Lag": "0.4062482"
      }
    ]
  },
  {
    "stopID": "32",
    "stopQueryTime": 1571258821035,
    "count": 4,
    "results": [
      {
        "Direction": "Inbound",
        "Destination": "Broombridge",
        "Time": "00:06:46",
        "AVLS": "00:07:26",
        "Tram": "5013",
        "Action": "a",
        "Msg Sent": "16/10/2019 21:46:56",
        "Msg Received": "16/10/2019 21:46:57",
        "Msg Processed": "16/10/2019 21:46:57",
        "XML ID": "35986",
        "Total Lag": "1.7856774",
        "Create Lag": "1.5825412",
        "Process Lag": "0.2031362"
      },
      {
        "Direction": "Outbound",
        "Destination": "Sandyford",
        "Time": "00:00:00",
        "AVLS": "00:00:32",
        "Tram": "5027",
        "Action": "a",
        "Msg Sent": "16/10/2019 21:46:56",
        "Msg Received": "16/10/2019 21:46:57",
        "Msg Processed": "16/10/2019 21:46:57",
        "XML ID": "35986",
        "Total Lag": "1.9106607",
        "Create Lag": "1.5825412",
        "Process Lag": "0.3281195"
      },
      {
        "Direction": "Outbound",
        "Destination": "Bride's Glen",
        "Time": "00:07:59",
        "AVLS": "00:08:39",
        "Tram": "5002",
        "Action": "a",
        "Msg Sent": "16/10/2019 21:46:56",
        "Msg Received": "16/10/2019 21:46:57",
        "Msg Processed": "16/10/2019 21:46:57",
        "XML ID": "35986",
        "Total Lag": "1.6137975",
        "Create Lag": "1.5825412",
        "Process Lag": "0.0312563"
      },
      {
        "Direction": "Outbound",
        "Destination": "Sandyford",
        "Time": "00:15:47",
        "AVLS": "00:16:27",
        "Tram": "5023",
        "Action": "a",
        "Msg Sent": "16/10/2019 21:46:56",
        "Msg Received": "16/10/2019 21:46:57",
        "Msg Processed": "16/10/2019 21:46:57",
        "XML ID": "35986",
        "Total Lag": "1.8950387",
        "Create Lag": "1.5825412",
        "Process Lag": "0.3124975"
      }
    ]
  },
  {
    "stopID": "45",
    "stopQueryTime": 1571258821039,
    "count": 4,
    "results": [
      {
        "Direction": "Inbound",
        "Destination": "Broombridge",
        "Time": "00:02:07",
        "AVLS": "00:02:47",
        "Tram": "5010",
        "Action": "a",
        "Msg Sent": "16/10/2019 21:46:56",
        "Msg Received": "16/10/2019 21:46:57",
        "Msg Processed": "16/10/2019 21:46:57",
        "XML ID": "35986",
        "Total Lag": "1.7075456",
        "Create Lag": "1.5825412",
        "Process Lag": "0.1250044"
      },
      {
        "Direction": "Inbound",
        "Destination": "Broombridge",
        "Time": "00:16:55",
        "AVLS": "00:17:35",
        "Tram": "5003",
        "Action": "a",
        "Msg Sent": "16/10/2019 21:46:56",
        "Msg Received": "16/10/2019 21:46:57",
        "Msg Processed": "16/10/2019 21:46:57",
        "XML ID": "35986",
        "Total Lag": "1.6606648",
        "Create Lag": "1.5825412",
        "Process Lag": "0.0781236"
      },
      {
        "Direction": "Outbound",
        "Destination": "Bride's Glen",
        "Time": "00:00:42",
        "AVLS": "00:01:22",
        "Tram": "5003",
        "Action": "a",
        "Msg Sent": "16/10/2019 21:46:56",
        "Msg Received": "16/10/2019 21:46:57",
        "Msg Processed": "16/10/2019 21:46:57",
        "XML ID": "35986",
        "Total Lag": "1.6450381",
        "Create Lag": "1.5825412",
        "Process Lag": "0.0624969"
      },
      {
        "Direction": "Outbound",
        "Destination": "Bride's Glen",
        "Time": "00:11:24",
        "AVLS": "00:12:04",
        "Tram": "5030",
        "Action": "a",
        "Msg Sent": "16/10/2019 21:46:59",
        "Msg Received": "16/10/2019 21:46:59",
        "Msg Processed": "16/10/2019 21:46:59",
        "XML ID": "35987",
        "Total Lag": "0.6450403",
        "Create Lag": "0.5200421",
        "Process Lag": "0.1249982"
      }
    ]
  },
  {
    "stopID": "16",
    "stopQueryTime": 1571258821042,
    "count": 3,
    "results": [
      {
        "Direction": "Inbound",
        "Destination": "The Point",
        "Time": "00:15:34",
        "AVLS": "00:16:14",
        "Tram": "3025",
        "Action": "a",
        "Msg Sent": "16/10/2019 21:46:56",
        "Msg Received": "16/10/2019 21:46:56",
        "Msg Processed": "16/10/2019 21:46:57",
        "XML ID": "35985",
        "Total Lag": "1.2700477",
        "Create Lag": "0.8794149",
        "Process Lag": "0.3906328"
      },
      {
        "Direction": "Outbound",
        "Destination": "Tallaght",
        "Time": "00:01:48",
        "AVLS": "00:02:28",
        "Tram": "4009",
        "Action": "a",
        "Msg Sent": "16/10/2019 21:46:56",
        "Msg Received": "16/10/2019 21:46:56",
        "Msg Processed": "16/10/2019 21:46:57",
        "XML ID": "35985",
        "Total Lag": "1.3169147",
        "Create Lag": "0.8794149",
        "Process Lag": "0.4374998"
      },
      {
        "Direction": "Outbound",
        "Destination": "Tallaght",
        "Time": "00:14:15",
        "AVLS": "00:14:55",
        "Tram": "3009",
        "Action": "a",
        "Msg Sent": "16/10/2019 21:46:56",
        "Msg Received": "16/10/2019 21:46:56",
        "Msg Processed": "16/10/2019 21:46:56",
        "XML ID": "35985",
        "Total Lag": "0.9887982",
        "Create Lag": "0.8794149",
        "Process Lag": "0.1093833"
      }
    ]
  },
  {
    "stopID": "25",
    "stopQueryTime": 1571258821050,
    "count": 4,
    "results": [
      {
        "Direction": "Inbound",
        "Destination": "Broombridge",
        "Time": "00:02:02",
        "AVLS": "00:02:42",
        "Tram": "5008",
        "Action": "a",
        "Msg Sent": "16/10/2019 21:46:56",
        "Msg Received": "16/10/2019 21:46:57",
        "Msg Processed": "16/10/2019 21:46:57",
        "XML ID": "35986",
        "Total Lag": "1.6762956",
        "Create Lag": "1.5825412",
        "Process Lag": "0.0937544"
      },
      {
        "Direction": "Inbound",
        "Destination": "Broombridge",
        "Time": "00:18:48",
        "AVLS": "00:19:28",
        "Tram": "5013",
        "Action": "a",
        "Msg Sent": "16/10/2019 21:46:56",
        "Msg Received": "16/10/2019 21:46:57",
        "Msg Processed": "16/10/2019 21:46:57",
        "XML ID": "35986",
        "Total Lag": "1.8169147",
        "Create Lag": "1.5825412",
        "Process Lag": "0.2343735"
      },
      {
        "Direction": "Outbound",
        "Destination": "Sandyford",
        "Time": "00:02:45",
        "AVLS": "00:03:25",
        "Tram": "5023",
        "Action": "a",
        "Msg Sent": "16/10/2019 21:46:56",
        "Msg Received": "16/10/2019 21:46:57",
        "Msg Processed": "16/10/2019 21:46:57",
        "XML ID": "35986",
        "Total Lag": "1.8794139",
        "Create Lag": "1.5825412",
        "Process Lag": "0.2968727"
      },
      {
        "Direction": "Outbound",
        "Destination": "Bride's Glen",
        "Time": "00:09:02",
        "AVLS": "00:09:42",
        "Tram": "5028",
        "Action": "a",
        "Msg Sent": "16/10/2019 21:46:59",
        "Msg Received": "16/10/2019 21:46:59",
        "Msg Processed": "16/10/2019 21:46:59",
        "XML ID": "35987",
        "Total Lag": "0.5512891",
        "Create Lag": "0.5200421",
        "Process Lag": "0.031247"
      }
    ]
  },
  {
    "stopID": "21",
    "stopQueryTime": 1571258821053,
    "count": 3,
    "results": [
      {
        "Direction": "Inbound",
        "Destination": "The Point",
        "Time": "00:09:12",
        "AVLS": "00:09:52",
        "Tram": "3002",
        "Action": "a",
        "Msg Sent": "16/10/2019 21:46:56",
        "Msg Received": "16/10/2019 21:46:56",
        "Msg Processed": "16/10/2019 21:46:56",
        "XML ID": "35985",
        "Total Lag": "0.9262893",
        "Create Lag": "0.8794149",
        "Process Lag": "0.0468744"
      },
      {
        "Direction": "Outbound",
        "Destination": "Tallaght",
        "Time": "00:04:15",
        "AVLS": "00:04:55",
        "Tram": "3009",
        "Action": "a",
        "Msg Sent": "16/10/2019 21:46:56",
        "Msg Received": "16/10/2019 21:46:56",
        "Msg Processed": "16/10/2019 21:46:56",
        "XML ID": "35985",
        "Total Lag": "0.9575415",
        "Create Lag": "0.8794149",
        "Process Lag": "0.0781266"
      },
      {
        "Direction": "Outbound",
        "Destination": "Tallaght",
        "Time": "00:16:24",
        "AVLS": "00:17:04",
        "Tram": "4006",
        "Action": "a",
        "Msg Sent": "16/10/2019 21:46:56",
        "Msg Received": "16/10/2019 21:46:56",
        "Msg Processed": "16/10/2019 21:46:57",
        "XML ID": "35985",
        "Total Lag": "1.3169147",
        "Create Lag": "0.8794149",
        "Process Lag": "0.4374998"
      }
    ]
  },
  {
    "stopID": "39",
    "stopQueryTime": 1571258821056,
    "count": 2,
    "results": [
      {
        "Direction": "Inbound",
        "Destination": "Broombridge",
        "Time": "00:09:57",
        "AVLS": "00:10:37",
        "Tram": "5010",
        "Action": "a",
        "Msg Sent": "16/10/2019 21:46:56",
        "Msg Received": "16/10/2019 21:46:57",
        "Msg Processed": "16/10/2019 21:46:57",
        "XML ID": "35986",
        "Total Lag": "1.7231742",
        "Create Lag": "1.5825412",
        "Process Lag": "0.140633"
      },
      {
        "Direction": "Outbound",
        "Destination": "Bride's Glen",
        "Time": "00:03:42",
        "AVLS": "00:04:22",
        "Tram": "5030",
        "Action": "a",
        "Msg Sent": "16/10/2019 21:46:59",
        "Msg Received": "16/10/2019 21:46:59",
        "Msg Processed": "16/10/2019 21:46:59",
        "XML ID": "35987",
        "Total Lag": "0.6137902",
        "Create Lag": "0.5200421",
        "Process Lag": "0.0937481"
      }
    ]
  },
  {
    "stopID": "43",
    "stopQueryTime": 1571258821060,
    "count": 2,
    "results": [
      {
        "Direction": "Inbound",
        "Destination": "Broombridge",
        "Time": "00:04:40",
        "AVLS": "00:05:20",
        "Tram": "5010",
        "Action": "a",
        "Msg Sent": "16/10/2019 21:46:56",
        "Msg Received": "16/10/2019 21:46:57",
        "Msg Processed": "16/10/2019 21:46:57",
        "XML ID": "35986",
        "Total Lag": "1.7231742",
        "Create Lag": "1.5825412",
        "Process Lag": "0.140633"
      },
      {
        "Direction": "Outbound",
        "Destination": "Bride's Glen",
        "Time": "00:08:51",
        "AVLS": "00:09:31",
        "Tram": "5030",
        "Action": "a",
        "Msg Sent": "16/10/2019 21:46:59",
        "Msg Received": "16/10/2019 21:46:59",
        "Msg Processed": "16/10/2019 21:46:59",
        "XML ID": "35987",
        "Total Lag": "0.629435",
        "Create Lag": "0.5200421",
        "Process Lag": "0.1093929"
      }
    ]
  },
  {
    "stopID": "29",
    "stopQueryTime": 1571258821064,
    "count": 4,
    "results": [
      {
        "Direction": "Inbound",
        "Destination": "Broombridge",
        "Time": "00:12:17",
        "AVLS": "00:12:57",
        "Tram": "5013",
        "Action": "a",
        "Msg Sent": "16/10/2019 21:46:56",
        "Msg Received": "16/10/2019 21:46:57",
        "Msg Processed": "16/10/2019 21:46:57",
        "XML ID": "35986",
        "Total Lag": "1.8012887",
        "Create Lag": "1.5825412",
        "Process Lag": "0.2187475"
      },
      {
        "Direction": "Outbound",
        "Destination": "Bride's Glen",
        "Time": "00:02:27",
        "AVLS": "00:03:07",
        "Tram": "5002",
        "Action": "a",
        "Msg Sent": "16/10/2019 21:46:56",
        "Msg Received": "16/10/2019 21:46:57",
        "Msg Processed": "16/10/2019 21:46:57",
        "XML ID": "35986",
        "Total Lag": "1.6137975",
        "Create Lag": "1.5825412",
        "Process Lag": "0.0312563"
      },
      {
        "Direction": "Outbound",
        "Destination": "Sandyford",
        "Time": "00:10:15",
        "AVLS": "00:10:55",
        "Tram": "5023",
        "Action": "a",
        "Msg Sent": "16/10/2019 21:46:56",
        "Msg Received": "16/10/2019 21:46:57",
        "Msg Processed": "16/10/2019 21:46:57",
        "XML ID": "35986",
        "Total Lag": "1.8950387",
        "Create Lag": "1.5825412",
        "Process Lag": "0.3124975"
      },
      {
        "Direction": "Outbound",
        "Destination": "Bride's Glen",
        "Time": "00:16:32",
        "AVLS": "00:17:12",
        "Tram": "5028",
        "Action": "a",
        "Msg Sent": "16/10/2019 21:46:59",
        "Msg Received": "16/10/2019 21:46:59",
        "Msg Processed": "16/10/2019 21:46:59",
        "XML ID": "35987",
        "Total Lag": "0.5825479",
        "Create Lag": "0.5200421",
        "Process Lag": "0.0625058"
      }
    ]
  },
  {
    "stopID": "1",
    "stopQueryTime": 1571258821067,
    "count": 4,
    "results": [
      {
        "Direction": "Inbound",
        "Destination": "The Point",
        "Time": "00:00:00",
        "AVLS": "00:00:20",
        "Tram": "3012",
        "Action": "d",
        "Msg Sent": "16/10/2019 21:46:56",
        "Msg Received": "16/10/2019 21:46:56",
        "Msg Processed": "16/10/2019 21:46:57",
        "XML ID": "35985",
        "Total Lag": "1.0044214",
        "Create Lag": "0.8794149",
        "Process Lag": "0.1250065"
      },
      {
        "Direction": "Inbound",
        "Destination": "The Point",
        "Time": "00:12:24",
        "AVLS": "00:13:04",
        "Tram": "3016",
        "Action": "d",
        "Msg Sent": "16/10/2019 21:46:56",
        "Msg Received": "16/10/2019 21:46:56",
        "Msg Processed": "16/10/2019 21:46:57",
        "XML ID": "35985",
        "Total Lag": "1.1294224",
        "Create Lag": "0.8794149",
        "Process Lag": "0.2500075"
      },
      {
        "Direction": "Terminating",
        "Destination": "Tallaght",
        "Time": "00:03:22",
        "AVLS": "00:04:02",
        "Tram": "3016",
        "Action": "a",
        "Msg Sent": "16/10/2019 21:46:56",
        "Msg Received": "16/10/2019 21:46:56",
        "Msg Processed": "16/10/2019 21:46:57",
        "XML ID": "35985",
        "Total Lag": "1.1138025",
        "Create Lag": "0.8794149",
        "Process Lag": "0.2343876"
      },
      {
        "Direction": "Terminating",
        "Destination": "Tallaght",
        "Time": "00:11:43",
        "AVLS": "00:12:23",
        "Tram": "3014",
        "Action": "a",
        "Msg Sent": "16/10/2019 21:46:56",
        "Msg Received": "16/10/2019 21:46:56",
        "Msg Processed": "16/10/2019 21:46:57",
        "XML ID": "35985",
        "Total Lag": "1.0669171",
        "Create Lag": "0.8794149",
        "Process Lag": "0.1875022"
      }
    ]
  },
  {
    "stopID": "50",
    "stopQueryTime": 1571258821072,
    "count": 3,
    "results": [
      {
        "Direction": "Inbound",
        "Destination": "Belgard",
        "Time": "00:10:22",
        "AVLS": "00:11:02",
        "Tram": "3011",
        "Action": "a",
        "Msg Sent": "16/10/2019 21:46:56",
        "Msg Received": "16/10/2019 21:46:56",
        "Msg Processed": "16/10/2019 21:46:57",
        "XML ID": "35985",
        "Total Lag": "1.0044214",
        "Create Lag": "0.8794149",
        "Process Lag": "0.1250065"
      },
      {
        "Direction": "Outbound",
        "Destination": "Saggart",
        "Time": "00:05:07",
        "AVLS": "00:05:47",
        "Tram": "3015",
        "Action": "a",
        "Msg Sent": "16/10/2019 21:46:56",
        "Msg Received": "16/10/2019 21:46:56",
        "Msg Processed": "16/10/2019 21:46:57",
        "XML ID": "35985",
        "Total Lag": "1.0825361",
        "Create Lag": "0.8794149",
        "Process Lag": "0.2031212"
      },
      {
        "Direction": "Outbound",
        "Destination": "Saggart",
        "Time": "00:14:07",
        "AVLS": "00:14:47",
        "Tram": "3018",
        "Action": "a",
        "Msg Sent": "16/10/2019 21:46:56",
        "Msg Received": "16/10/2019 21:46:56",
        "Msg Processed": "16/10/2019 21:46:57",
        "XML ID": "35985",
        "Total Lag": "1.2075456",
        "Create Lag": "0.8794149",
        "Process Lag": "0.3281307"
      }
    ]
  },
  {
    "stopID": "56",
    "stopQueryTime": 1571258821075,
    "count": 3,
    "results": [
      {
        "Direction": "Inbound",
        "Destination": "The Point",
        "Time": "00:03:40",
        "AVLS": "00:04:20",
        "Tram": "4002",
        "Action": "a",
        "Msg Sent": "16/10/2019 21:46:56",
        "Msg Received": "16/10/2019 21:46:56",
        "Msg Processed": "16/10/2019 21:46:57",
        "XML ID": "35985",
        "Total Lag": "1.2856631",
        "Create Lag": "0.8794149",
        "Process Lag": "0.4062482"
      },
      {
        "Direction": "Inbound",
        "Destination": "The Point",
        "Time": "00:17:05",
        "AVLS": "00:17:45",
        "Tram": "3002",
        "Action": "a",
        "Msg Sent": "16/10/2019 21:46:56",
        "Msg Received": "16/10/2019 21:46:56",
        "Msg Processed": "16/10/2019 21:46:56",
        "XML ID": "35985",
        "Total Lag": "0.9575415",
        "Create Lag": "0.8794149",
        "Process Lag": "0.0781266"
      },
      {
        "Direction": "Outbound",
        "Destination": "Tallaght",
        "Time": "00:07:33",
        "AVLS": "00:08:13",
        "Tram": "4006",
        "Action": "a",
        "Msg Sent": "16/10/2019 21:46:56",
        "Msg Received": "16/10/2019 21:46:56",
        "Msg Processed": "16/10/2019 21:46:57",
        "XML ID": "35985",
        "Total Lag": "1.2856631",
        "Create Lag": "0.8794149",
        "Process Lag": "0.4062482"
      }
    ]
  },
  {
    "stopID": "36",
    "stopQueryTime": 1571258821077,
    "count": 3,
    "results": [
      {
        "Direction": "Inbound",
        "Destination": "Broombridge",
        "Time": "00:00:00",
        "AVLS": "00:00:26",
        "Tram": "5013",
        "Action": "a",
        "Msg Sent": "16/10/2019 21:46:56",
        "Msg Received": "16/10/2019 21:46:57",
        "Msg Processed": "16/10/2019 21:46:57",
        "XML ID": "35986",
        "Total Lag": "1.7856774",
        "Create Lag": "1.5825412",
        "Process Lag": "0.2031362"
      },
      {
        "Direction": "Inbound",
        "Destination": "Broombridge",
        "Time": "00:15:36",
        "AVLS": "00:16:16",
        "Tram": "5010",
        "Action": "a",
        "Msg Sent": "16/10/2019 21:46:56",
        "Msg Received": "16/10/2019 21:46:57",
        "Msg Processed": "16/10/2019 21:46:57",
        "XML ID": "35986",
        "Total Lag": "1.7387901",
        "Create Lag": "1.5825412",
        "Process Lag": "0.1562489"
      },
      {
        "Direction": "Outbound",
        "Destination": "Bride's Glen",
        "Time": "00:13:59",
        "AVLS": "00:14:39",
        "Tram": "5002",
        "Action": "a",
        "Msg Sent": "16/10/2019 21:46:56",
        "Msg Received": "16/10/2019 21:46:57",
        "Msg Processed": "16/10/2019 21:46:57",
        "XML ID": "35986",
        "Total Lag": "1.6294153",
        "Create Lag": "1.5825412",
        "Process Lag": "0.0468741"
      }
    ]
  },
  {
    "stopID": "52",
    "stopQueryTime": 1571258821079,
    "count": 3,
    "results": [
      {
        "Direction": "Inbound",
        "Destination": "Belgard",
        "Time": "00:07:19",
        "AVLS": "00:07:59",
        "Tram": "3011",
        "Action": "a",
        "Msg Sent": "16/10/2019 21:46:56",
        "Msg Received": "16/10/2019 21:46:56",
        "Msg Processed": "16/10/2019 21:46:57",
        "XML ID": "35985",
        "Total Lag": "1.0044214",
        "Create Lag": "0.8794149",
        "Process Lag": "0.1250065"
      },
      {
        "Direction": "Outbound",
        "Destination": "Saggart",
        "Time": "00:08:11",
        "AVLS": "00:08:51",
        "Tram": "3015",
        "Action": "a",
        "Msg Sent": "16/10/2019 21:46:56",
        "Msg Received": "16/10/2019 21:46:56",
        "Msg Processed": "16/10/2019 21:46:57",
        "XML ID": "35985",
        "Total Lag": "1.0981711",
        "Create Lag": "0.8794149",
        "Process Lag": "0.2187562"
      },
      {
        "Direction": "Outbound",
        "Destination": "Saggart",
        "Time": "00:17:11",
        "AVLS": "00:17:51",
        "Tram": "3018",
        "Action": "a",
        "Msg Sent": "16/10/2019 21:46:56",
        "Msg Received": "16/10/2019 21:46:56",
        "Msg Processed": "16/10/2019 21:46:57",
        "XML ID": "35985",
        "Total Lag": "1.2075456",
        "Create Lag": "0.8794149",
        "Process Lag": "0.3281307"
      }
    ]
  },
  {
    "stopID": "54",
    "stopQueryTime": 1571258821087,
    "count": 3,
    "results": [
      {
        "Direction": "Inbound",
        "Destination": "The Point",
        "Time": "00:00:45",
        "AVLS": "00:01:25",
        "Tram": "4002",
        "Action": "a",
        "Msg Sent": "16/10/2019 21:46:56",
        "Msg Received": "16/10/2019 21:46:56",
        "Msg Processed": "16/10/2019 21:46:57",
        "XML ID": "35985",
        "Total Lag": "1.2700477",
        "Create Lag": "0.8794149",
        "Process Lag": "0.3906328"
      },
      {
        "Direction": "Inbound",
        "Destination": "The Point",
        "Time": "00:14:10",
        "AVLS": "00:14:50",
        "Tram": "3002",
        "Action": "a",
        "Msg Sent": "16/10/2019 21:46:56",
        "Msg Received": "16/10/2019 21:46:56",
        "Msg Processed": "16/10/2019 21:46:56",
        "XML ID": "35985",
        "Total Lag": "0.941915",
        "Create Lag": "0.8794149",
        "Process Lag": "0.0625001"
      },
      {
        "Direction": "Outbound",
        "Destination": "Tallaght",
        "Time": "00:11:00",
        "AVLS": "00:11:40",
        "Tram": "4006",
        "Action": "a",
        "Msg Sent": "16/10/2019 21:46:56",
        "Msg Received": "16/10/2019 21:46:56",
        "Msg Processed": "16/10/2019 21:46:57",
        "XML ID": "35985",
        "Total Lag": "1.3012908",
        "Create Lag": "0.8794149",
        "Process Lag": "0.4218759"
      }
    ]
  },
  {
    "stopID": "2",
    "stopQueryTime": 1571258821089,
    "count": 5,
    "results": [
      {
        "Direction": "Inbound",
        "Destination": "The Point",
        "Time": "00:00:54",
        "AVLS": "00:01:34",
        "Tram": "3012",
        "Action": "a",
        "Msg Sent": "16/10/2019 21:46:56",
        "Msg Received": "16/10/2019 21:46:56",
        "Msg Processed": "16/10/2019 21:46:57",
        "XML ID": "35985",
        "Total Lag": "1.0044214",
        "Create Lag": "0.8794149",
        "Process Lag": "0.1250065"
      },
      {
        "Direction": "Inbound",
        "Destination": "The Point",
        "Time": "00:13:38",
        "AVLS": "00:14:18",
        "Tram": "3016",
        "Action": "a",
        "Msg Sent": "16/10/2019 21:46:56",
        "Msg Received": "16/10/2019 21:46:56",
        "Msg Processed": "16/10/2019 21:46:57",
        "XML ID": "35985",
        "Total Lag": "1.1294224",
        "Create Lag": "0.8794149",
        "Process Lag": "0.2500075"
      },
      {
        "Direction": "Outbound",
        "Destination": "Tallaght",
        "Time": "00:01:16",
        "AVLS": "00:01:56",
        "Tram": "3016",
        "Action": "a",
        "Msg Sent": "16/10/2019 21:46:56",
        "Msg Received": "16/10/2019 21:46:56",
        "Msg Processed": "16/10/2019 21:46:57",
        "XML ID": "35985",
        "Total Lag": "1.1138025",
        "Create Lag": "0.8794149",
        "Process Lag": "0.2343876"
      },
      {
        "Direction": "Outbound",
        "Destination": "Tallaght",
        "Time": "00:09:37",
        "AVLS": "00:10:17",
        "Tram": "3014",
        "Action": "a",
        "Msg Sent": "16/10/2019 21:46:56",
        "Msg Received": "16/10/2019 21:46:56",
        "Msg Processed": "16/10/2019 21:46:57",
        "XML ID": "35985",
        "Total Lag": "1.0669171",
        "Create Lag": "0.8794149",
        "Process Lag": "0.1875022"
      },
      {
        "Direction": "Outbound",
        "Destination": "Tallaght",
        "Time": "00:18:36",
        "AVLS": "00:19:16",
        "Tram": "3017",
        "Action": "a",
        "Msg Sent": "16/10/2019 21:46:56",
        "Msg Received": "16/10/2019 21:46:56",
        "Msg Processed": "16/10/2019 21:46:57",
        "XML ID": "35985",
        "Total Lag": "1.1762897",
        "Create Lag": "0.8794149",
        "Process Lag": "0.2968748"
      }
    ]
  },
  {
    "stopID": "44",
    "stopQueryTime": 1571258821095,
    "count": 4,
    "results": [
      {
        "Direction": "Inbound",
        "Destination": "Broombridge",
        "Time": "00:03:36",
        "AVLS": "00:04:16",
        "Tram": "5010",
        "Action": "a",
        "Msg Sent": "16/10/2019 21:46:56",
        "Msg Received": "16/10/2019 21:46:57",
        "Msg Processed": "16/10/2019 21:46:57",
        "XML ID": "35986",
        "Total Lag": "1.7075456",
        "Create Lag": "1.5825412",
        "Process Lag": "0.1250044"
      },
      {
        "Direction": "Inbound",
        "Destination": "Broombridge",
        "Time": "00:18:24",
        "AVLS": "00:19:04",
        "Tram": "5003",
        "Action": "a",
        "Msg Sent": "16/10/2019 21:46:56",
        "Msg Received": "16/10/2019 21:46:57",
        "Msg Processed": "16/10/2019 21:46:57",
        "XML ID": "35986",
        "Total Lag": "1.6606648",
        "Create Lag": "1.5825412",
        "Process Lag": "0.0781236"
      },
      {
        "Direction": "Outbound",
        "Destination": "Bride's Glen",
        "Time": "00:00:00",
        "AVLS": "00:00:00",
        "Tram": "5003",
        "Action": "a",
        "Msg Sent": "16/10/2019 21:46:52",
        "Msg Received": "16/10/2019 21:46:52",
        "Msg Processed": "16/10/2019 21:46:52",
        "XML ID": "35984",
        "Total Lag": "0.4575401",
        "Create Lag": "0.4106615",
        "Process Lag": "0.0468786"
      },
      {
        "Direction": "Outbound",
        "Destination": "Bride's Glen",
        "Time": "00:09:56",
        "AVLS": "00:10:36",
        "Tram": "5030",
        "Action": "a",
        "Msg Sent": "16/10/2019 21:46:59",
        "Msg Received": "16/10/2019 21:46:59",
        "Msg Processed": "16/10/2019 21:46:59",
        "XML ID": "35987",
        "Total Lag": "0.6450403",
        "Create Lag": "0.5200421",
        "Process Lag": "0.1249982"
      }
    ]
  },
  {
    "stopID": "47",
    "stopQueryTime": 1571258821098,
    "count": 3,
    "results": [
      {
        "Direction": "Inbound",
        "Destination": "Broombridge",
        "Time": "00:13:32",
        "AVLS": "00:14:12",
        "Tram": "5003",
        "Action": "a",
        "Msg Sent": "16/10/2019 21:46:56",
        "Msg Received": "16/10/2019 21:46:57",
        "Msg Processed": "16/10/2019 21:46:57",
        "XML ID": "35986",
        "Total Lag": "1.6450381",
        "Create Lag": "1.5825412",
        "Process Lag": "0.0624969"
      },
      {
        "Direction": "Outbound",
        "Destination": "Bride's Glen",
        "Time": "00:04:02",
        "AVLS": "00:04:42",
        "Tram": "5003",
        "Action": "a",
        "Msg Sent": "16/10/2019 21:46:56",
        "Msg Received": "16/10/2019 21:46:57",
        "Msg Processed": "16/10/2019 21:46:57",
        "XML ID": "35986",
        "Total Lag": "1.6450381",
        "Create Lag": "1.5825412",
        "Process Lag": "0.0624969"
      },
      {
        "Direction": "Outbound",
        "Destination": "Bride's Glen",
        "Time": "00:14:44",
        "AVLS": "00:15:24",
        "Tram": "5030",
        "Action": "a",
        "Msg Sent": "16/10/2019 21:46:59",
        "Msg Received": "16/10/2019 21:46:59",
        "Msg Processed": "16/10/2019 21:46:59",
        "XML ID": "35987",
        "Total Lag": "0.6619766",
        "Create Lag": "0.5200421",
        "Process Lag": "0.1419345"
      }
    ]
  },
  {
    "stopID": "24",
    "stopQueryTime": 1571258821105,
    "count": 4,
    "results": [
      {
        "Direction": "Inbound",
        "Destination": "Broombridge",
        "Time": "00:00:39",
        "AVLS": "00:01:19",
        "Tram": "5015",
        "Action": "a",
        "Msg Sent": "16/10/2019 21:46:56",
        "Msg Received": "16/10/2019 21:46:57",
        "Msg Processed": "16/10/2019 21:46:57",
        "XML ID": "35986",
        "Total Lag": "1.8169147",
        "Create Lag": "1.5825412",
        "Process Lag": "0.2343735"
      },
      {
        "Direction": "Inbound",
        "Destination": "Broombridge",
        "Time": "00:05:00",
        "AVLS": "00:05:40",
        "Tram": "5008",
        "Action": "a",
        "Msg Sent": "16/10/2019 21:46:56",
        "Msg Received": "16/10/2019 21:46:57",
        "Msg Processed": "16/10/2019 21:46:57",
        "XML ID": "35986",
        "Total Lag": "1.691919",
        "Create Lag": "1.5825412",
        "Process Lag": "0.1093778"
      },
      {
        "Direction": "Outbound",
        "Destination": "Sandyford",
        "Time": "00:00:47",
        "AVLS": "00:01:27",
        "Tram": "5023",
        "Action": "a",
        "Msg Sent": "16/10/2019 21:46:56",
        "Msg Received": "16/10/2019 21:46:57",
        "Msg Processed": "16/10/2019 21:46:57",
        "XML ID": "35986",
        "Total Lag": "1.8794139",
        "Create Lag": "1.5825412",
        "Process Lag": "0.2968727"
      },
      {
        "Direction": "Outbound",
        "Destination": "Bride's Glen",
        "Time": "00:07:04",
        "AVLS": "00:07:44",
        "Tram": "5028",
        "Action": "a",
        "Msg Sent": "16/10/2019 21:46:59",
        "Msg Received": "16/10/2019 21:46:59",
        "Msg Processed": "16/10/2019 21:46:59",
        "XML ID": "35987",
        "Total Lag": "0.5512891",
        "Create Lag": "0.5200421",
        "Process Lag": "0.031247"
      }
    ]
  },
  {
    "stopID": "22",
    "stopQueryTime": 1571258821109,
    "count": 3,
    "results": [
      {
        "Direction": "Inbound",
        "Destination": "The Point",
        "Time": "00:12:16",
        "AVLS": "00:12:56",
        "Tram": "3002",
        "Action": "a",
        "Msg Sent": "16/10/2019 21:46:56",
        "Msg Received": "16/10/2019 21:46:56",
        "Msg Processed": "16/10/2019 21:46:56",
        "XML ID": "35985",
        "Total Lag": "0.941915",
        "Create Lag": "0.8794149",
        "Process Lag": "0.0625001"
      },
      {
        "Direction": "Outbound",
        "Destination": "Tallaght",
        "Time": "00:00:47",
        "AVLS": "00:01:27",
        "Tram": "3009",
        "Action": "a",
        "Msg Sent": "16/10/2019 21:46:56",
        "Msg Received": "16/10/2019 21:46:56",
        "Msg Processed": "16/10/2019 21:46:56",
        "XML ID": "35985",
        "Total Lag": "0.9575415",
        "Create Lag": "0.8794149",
        "Process Lag": "0.0781266"
      },
      {
        "Direction": "Outbound",
        "Destination": "Tallaght",
        "Time": "00:12:56",
        "AVLS": "00:13:36",
        "Tram": "4006",
        "Action": "a",
        "Msg Sent": "16/10/2019 21:46:56",
        "Msg Received": "16/10/2019 21:46:56",
        "Msg Processed": "16/10/2019 21:46:57",
        "XML ID": "35985",
        "Total Lag": "1.3012908",
        "Create Lag": "0.8794149",
        "Process Lag": "0.4218759"
      }
    ]
  },
  {
    "stopID": "26",
    "stopQueryTime": 1571258821111,
    "count": 4,
    "results": [
      {
        "Direction": "Inbound",
        "Destination": "Broombridge",
        "Time": "00:00:00",
        "AVLS": "00:00:32",
        "Tram": "5008",
        "Action": "a",
        "Msg Sent": "16/10/2019 21:46:56",
        "Msg Received": "16/10/2019 21:46:57",
        "Msg Processed": "16/10/2019 21:46:57",
        "XML ID": "35986",
        "Total Lag": "1.6762956",
        "Create Lag": "1.5825412",
        "Process Lag": "0.0937544"
      },
      {
        "Direction": "Inbound",
        "Destination": "Broombridge",
        "Time": "00:16:38",
        "AVLS": "00:17:18",
        "Tram": "5013",
        "Action": "a",
        "Msg Sent": "16/10/2019 21:46:56",
        "Msg Received": "16/10/2019 21:46:57",
        "Msg Processed": "16/10/2019 21:46:57",
        "XML ID": "35986",
        "Total Lag": "1.8169147",
        "Create Lag": "1.5825412",
        "Process Lag": "0.2343735"
      },
      {
        "Direction": "Outbound",
        "Destination": "Sandyford",
        "Time": "00:05:25",
        "AVLS": "00:06:05",
        "Tram": "5023",
        "Action": "a",
        "Msg Sent": "16/10/2019 21:46:56",
        "Msg Received": "16/10/2019 21:46:57",
        "Msg Processed": "16/10/2019 21:46:57",
        "XML ID": "35986",
        "Total Lag": "1.8794139",
        "Create Lag": "1.5825412",
        "Process Lag": "0.2968727"
      },
      {
        "Direction": "Outbound",
        "Destination": "Bride's Glen",
        "Time": "00:11:42",
        "AVLS": "00:12:22",
        "Tram": "5028",
        "Action": "a",
        "Msg Sent": "16/10/2019 21:46:59",
        "Msg Received": "16/10/2019 21:46:59",
        "Msg Processed": "16/10/2019 21:46:59",
        "XML ID": "35987",
        "Total Lag": "0.566923",
        "Create Lag": "0.5200421",
        "Process Lag": "0.0468809"
      }
    ]
  },
  {
    "stopID": "28",
    "stopQueryTime": 1571258821114,
    "count": 4,
    "results": [
      {
        "Direction": "Inbound",
        "Destination": "Broombridge",
        "Time": "00:13:46",
        "AVLS": "00:14:26",
        "Tram": "5013",
        "Action": "a",
        "Msg Sent": "16/10/2019 21:46:56",
        "Msg Received": "16/10/2019 21:46:57",
        "Msg Processed": "16/10/2019 21:46:57",
        "XML ID": "35986",
        "Total Lag": "1.8012887",
        "Create Lag": "1.5825412",
        "Process Lag": "0.2187475"
      },
      {
        "Direction": "Outbound",
        "Destination": "Bride's Glen",
        "Time": "00:00:59",
        "AVLS": "00:01:39",
        "Tram": "5002",
        "Action": "a",
        "Msg Sent": "16/10/2019 21:46:56",
        "Msg Received": "16/10/2019 21:46:57",
        "Msg Processed": "16/10/2019 21:46:57",
        "XML ID": "35986",
        "Total Lag": "1.5981635",
        "Create Lag": "1.5825412",
        "Process Lag": "0.0156223"
      },
      {
        "Direction": "Outbound",
        "Destination": "Sandyford",
        "Time": "00:08:47",
        "AVLS": "00:09:27",
        "Tram": "5023",
        "Action": "a",
        "Msg Sent": "16/10/2019 21:46:56",
        "Msg Received": "16/10/2019 21:46:57",
        "Msg Processed": "16/10/2019 21:46:57",
        "XML ID": "35986",
        "Total Lag": "1.8950387",
        "Create Lag": "1.5825412",
        "Process Lag": "0.3124975"
      },
      {
        "Direction": "Outbound",
        "Destination": "Bride's Glen",
        "Time": "00:15:04",
        "AVLS": "00:15:44",
        "Tram": "5028",
        "Action": "a",
        "Msg Sent": "16/10/2019 21:46:59",
        "Msg Received": "16/10/2019 21:46:59",
        "Msg Processed": "16/10/2019 21:46:59",
        "XML ID": "35987",
        "Total Lag": "0.566923",
        "Create Lag": "0.5200421",
        "Process Lag": "0.0468809"
      }
    ]
  },
  {
    "stopID": "30",
    "stopQueryTime": 1571258821117,
    "count": 4,
    "results": [
      {
        "Direction": "Inbound",
        "Destination": "Broombridge",
        "Time": "00:10:32",
        "AVLS": "00:11:12",
        "Tram": "5013",
        "Action": "a",
        "Msg Sent": "16/10/2019 21:46:56",
        "Msg Received": "16/10/2019 21:46:57",
        "Msg Processed": "16/10/2019 21:46:57",
        "XML ID": "35986",
        "Total Lag": "1.8012887",
        "Create Lag": "1.5825412",
        "Process Lag": "0.2187475"
      },
      {
        "Direction": "Outbound",
        "Destination": "Bride's Glen",
        "Time": "00:04:13",
        "AVLS": "00:04:53",
        "Tram": "5002",
        "Action": "a",
        "Msg Sent": "16/10/2019 21:46:56",
        "Msg Received": "16/10/2019 21:46:57",
        "Msg Processed": "16/10/2019 21:46:57",
        "XML ID": "35986",
        "Total Lag": "1.6137975",
        "Create Lag": "1.5825412",
        "Process Lag": "0.0312563"
      },
      {
        "Direction": "Outbound",
        "Destination": "Sandyford",
        "Time": "00:12:01",
        "AVLS": "00:12:41",
        "Tram": "5023",
        "Action": "a",
        "Msg Sent": "16/10/2019 21:46:56",
        "Msg Received": "16/10/2019 21:46:57",
        "Msg Processed": "16/10/2019 21:46:57",
        "XML ID": "35986",
        "Total Lag": "1.8950387",
        "Create Lag": "1.5825412",
        "Process Lag": "0.3124975"
      },
      {
        "Direction": "Outbound",
        "Destination": "Bride's Glen",
        "Time": "00:18:18",
        "AVLS": "00:18:58",
        "Tram": "5028",
        "Action": "a",
        "Msg Sent": "16/10/2019 21:46:59",
        "Msg Received": "16/10/2019 21:46:59",
        "Msg Processed": "16/10/2019 21:46:59",
        "XML ID": "35987",
        "Total Lag": "0.5825479",
        "Create Lag": "0.5200421",
        "Process Lag": "0.0625058"
      }
    ]
  },
  {
    "stopID": "35",
    "stopQueryTime": 1571258821121,
    "count": 5,
    "results": [
      {
        "Direction": "Inbound",
        "Destination": "Broombridge",
        "Time": "00:01:21",
        "AVLS": "00:02:01",
        "Tram": "5013",
        "Action": "a",
        "Msg Sent": "16/10/2019 21:46:56",
        "Msg Received": "16/10/2019 21:46:57",
        "Msg Processed": "16/10/2019 21:46:57",
        "XML ID": "35986",
        "Total Lag": "1.7856774",
        "Create Lag": "1.5825412",
        "Process Lag": "0.2031362"
      },
      {
        "Direction": "Inbound",
        "Destination": "Broombridge",
        "Time": "00:17:11",
        "AVLS": "00:17:51",
        "Tram": "5010",
        "Action": "a",
        "Msg Sent": "16/10/2019 21:46:56",
        "Msg Received": "16/10/2019 21:46:57",
        "Msg Processed": "16/10/2019 21:46:57",
        "XML ID": "35986",
        "Total Lag": "1.7387901",
        "Create Lag": "1.5825412",
        "Process Lag": "0.1562489"
      },
      {
        "Direction": "Outbound",
        "Destination": "Sandyford",
        "Time": "00:02:33",
        "AVLS": "00:03:13",
        "Tram": "5006",
        "Action": "a",
        "Msg Sent": "16/10/2019 21:46:56",
        "Msg Received": "16/10/2019 21:46:57",
        "Msg Processed": "16/10/2019 21:46:57",
        "XML ID": "35986",
        "Total Lag": "1.6762956",
        "Create Lag": "1.5825412",
        "Process Lag": "0.0937544"
      },
      {
        "Direction": "Outbound",
        "Destination": "Sandyford",
        "Time": "00:04:31",
        "AVLS": "00:05:11",
        "Tram": "5027",
        "Action": "a",
        "Msg Sent": "16/10/2019 21:46:59",
        "Msg Received": "16/10/2019 21:46:59",
        "Msg Processed": "16/10/2019 21:46:59",
        "XML ID": "35987",
        "Total Lag": "0.5356661",
        "Create Lag": "0.5200421",
        "Process Lag": "0.015624"
      },
      {
        "Direction": "Outbound",
        "Destination": "Bride's Glen",
        "Time": "00:12:38",
        "AVLS": "00:13:18",
        "Tram": "5002",
        "Action": "a",
        "Msg Sent": "16/10/2019 21:46:56",
        "Msg Received": "16/10/2019 21:46:57",
        "Msg Processed": "16/10/2019 21:46:57",
        "XML ID": "35986",
        "Total Lag": "1.6294153",
        "Create Lag": "1.5825412",
        "Process Lag": "0.0468741"
      }
    ]
  },
  {
    "stopID": "34",
    "stopQueryTime": 1571258821125,
    "count": 6,
    "results": [
      {
        "Direction": "Inbound",
        "Destination": "Broombridge",
        "Time": "00:03:21",
        "AVLS": "00:04:01",
        "Tram": "5013",
        "Action": "a",
        "Msg Sent": "16/10/2019 21:46:56",
        "Msg Received": "16/10/2019 21:46:57",
        "Msg Processed": "16/10/2019 21:46:57",
        "XML ID": "35986",
        "Total Lag": "1.7856774",
        "Create Lag": "1.5825412",
        "Process Lag": "0.2031362"
      },
      {
        "Direction": "Inbound",
        "Destination": "Broombridge",
        "Time": "00:19:11",
        "AVLS": "00:19:51",
        "Tram": "5010",
        "Action": "a",
        "Msg Sent": "16/10/2019 21:46:56",
        "Msg Received": "16/10/2019 21:46:57",
        "Msg Processed": "16/10/2019 21:46:57",
        "XML ID": "35986",
        "Total Lag": "1.7387901",
        "Create Lag": "1.5825412",
        "Process Lag": "0.1562489"
      },
      {
        "Direction": "Outbound",
        "Destination": "Sandyford",
        "Time": "00:00:54",
        "AVLS": "00:01:34",
        "Tram": "5006",
        "Action": "a",
        "Msg Sent": "16/10/2019 21:46:56",
        "Msg Received": "16/10/2019 21:46:57",
        "Msg Processed": "16/10/2019 21:46:57",
        "XML ID": "35986",
        "Total Lag": "1.6762956",
        "Create Lag": "1.5825412",
        "Process Lag": "0.0937544"
      },
      {
        "Direction": "Outbound",
        "Destination": "Sandyford",
        "Time": "00:02:52",
        "AVLS": "00:03:32",
        "Tram": "5027",
        "Action": "a",
        "Msg Sent": "16/10/2019 21:46:59",
        "Msg Received": "16/10/2019 21:46:59",
        "Msg Processed": "16/10/2019 21:46:59",
        "XML ID": "35987",
        "Total Lag": "0.5356661",
        "Create Lag": "0.5200421",
        "Process Lag": "0.015624"
      },
      {
        "Direction": "Outbound",
        "Destination": "Bride's Glen",
        "Time": "00:10:59",
        "AVLS": "00:11:39",
        "Tram": "5002",
        "Action": "a",
        "Msg Sent": "16/10/2019 21:46:56",
        "Msg Received": "16/10/2019 21:46:57",
        "Msg Processed": "16/10/2019 21:46:57",
        "XML ID": "35986",
        "Total Lag": "1.6137975",
        "Create Lag": "1.5825412",
        "Process Lag": "0.0312563"
      },
      {
        "Direction": "Outbound",
        "Destination": "Sandyford",
        "Time": "00:18:47",
        "AVLS": "00:19:27",
        "Tram": "5023",
        "Action": "a",
        "Msg Sent": "16/10/2019 21:46:56",
        "Msg Received": "16/10/2019 21:46:57",
        "Msg Processed": "16/10/2019 21:46:57",
        "XML ID": "35986",
        "Total Lag": "1.9106607",
        "Create Lag": "1.5825412",
        "Process Lag": "0.3281195"
      }
    ]
  },
  {
    "stopID": "33",
    "stopQueryTime": 1571258821128,
    "count": 5,
    "results": [
      {
        "Direction": "Inbound",
        "Destination": "Broombridge",
        "Time": "00:05:04",
        "AVLS": "00:05:44",
        "Tram": "5013",
        "Action": "a",
        "Msg Sent": "16/10/2019 21:46:56",
        "Msg Received": "16/10/2019 21:46:57",
        "Msg Processed": "16/10/2019 21:46:57",
        "XML ID": "35986",
        "Total Lag": "1.7856774",
        "Create Lag": "1.5825412",
        "Process Lag": "0.2031362"
      },
      {
        "Direction": "Outbound",
        "Destination": "Sandyford",
        "Time": "00:00:00",
        "AVLS": "00:00:00",
        "Tram": "5006",
        "Action": "a",
        "Msg Sent": "16/10/2019 21:46:56",
        "Msg Received": "16/10/2019 21:46:57",
        "Msg Processed": "16/10/2019 21:46:57",
        "XML ID": "35986",
        "Total Lag": "1.6606648",
        "Create Lag": "1.5825412",
        "Process Lag": "0.0781236"
      },
      {
        "Direction": "Outbound",
        "Destination": "Sandyford",
        "Time": "00:01:18",
        "AVLS": "00:01:58",
        "Tram": "5027",
        "Action": "a",
        "Msg Sent": "16/10/2019 21:46:59",
        "Msg Received": "16/10/2019 21:46:59",
        "Msg Processed": "16/10/2019 21:46:59",
        "XML ID": "35987",
        "Total Lag": "0.5200421",
        "Create Lag": "0.5200421",
        "Process Lag": "0"
      },
      {
        "Direction": "Outbound",
        "Destination": "Bride's Glen",
        "Time": "00:09:25",
        "AVLS": "00:10:05",
        "Tram": "5002",
        "Action": "a",
        "Msg Sent": "16/10/2019 21:46:56",
        "Msg Received": "16/10/2019 21:46:57",
        "Msg Processed": "16/10/2019 21:46:57",
        "XML ID": "35986",
        "Total Lag": "1.6137975",
        "Create Lag": "1.5825412",
        "Process Lag": "0.0312563"
      },
      {
        "Direction": "Outbound",
        "Destination": "Sandyford",
        "Time": "00:17:13",
        "AVLS": "00:17:53",
        "Tram": "5023",
        "Action": "a",
        "Msg Sent": "16/10/2019 21:46:56",
        "Msg Received": "16/10/2019 21:46:57",
        "Msg Processed": "16/10/2019 21:46:57",
        "XML ID": "35986",
        "Total Lag": "1.9106607",
        "Create Lag": "1.5825412",
        "Process Lag": "0.3281195"
      }
    ]
  }
]