[
  {
    "stopID": "58",
    "stopQueryTime": 1571259480854,
    "count": 0,
    "results": []
  },
  {
    "stopID": "20",
    "stopQueryTime": 1571259480866,
    "count": 2,
    "results": [
      {
        "Direction": "Inbound",
        "Destination": "The Point",
        "Time": "00:12:44",
        "AVLS": "00:13:24",
        "Tram": "3025",
        "Action": "a",
        "Msg Sent": "16/10/2019 21:57:56",
        "Msg Received": "16/10/2019 21:57:56",
        "Msg Processed": "16/10/2019 21:57:56",
        "XML ID": "36263",
        "Total Lag": "0.6053901",
        "Create Lag": "0.3553758",
        "Process Lag": "0.2500143"
      },
      {
        "Direction": "Outbound",
        "Destination": "Tallaght",
        "Time": "00:08:10",
        "AVLS": "00:08:50",
        "Tram": "4006",
        "Action": "a",
        "Msg Sent": "16/10/2019 21:57:56",
        "Msg Received": "16/10/2019 21:57:56",
        "Msg Processed": "16/10/2019 21:57:56",
        "XML ID": "36263",
        "Total Lag": "0.6522505",
        "Create Lag": "0.3553758",
        "Process Lag": "0.2968747"
      }
    ]
  },
  {
    "stopID": "11",
    "stopQueryTime": 1571259480875,
    "count": 3,
    "results": [
      {
        "Direction": "Inbound",
        "Destination": "The Point",
        "Time": "00:09:01",
        "AVLS": "00:09:41",
        "Tram": "3012",
        "Action": "a",
        "Msg Sent": "16/10/2019 21:57:56",
        "Msg Received": "16/10/2019 21:57:56",
        "Msg Processed": "16/10/2019 21:57:56",
        "XML ID": "36263",
        "Total Lag": "0.4491339",
        "Create Lag": "0.3553758",
        "Process Lag": "0.0937581"
      },
      {
        "Direction": "Outbound",
        "Destination": "Tallaght",
        "Time": "00:00:00",
        "AVLS": "00:00:36",
        "Tram": "4009",
        "Action": "a",
        "Msg Sent": "16/10/2019 21:57:56",
        "Msg Received": "16/10/2019 21:57:56",
        "Msg Processed": "16/10/2019 21:57:56",
        "XML ID": "36263",
        "Total Lag": "0.6835093",
        "Create Lag": "0.3553758",
        "Process Lag": "0.3281335"
      },
      {
        "Direction": "Outbound",
        "Destination": "Tallaght",
        "Time": "00:11:59",
        "AVLS": "00:12:39",
        "Tram": "3009",
        "Action": "a",
        "Msg Sent": "16/10/2019 21:57:56",
        "Msg Received": "16/10/2019 21:57:56",
        "Msg Processed": "16/10/2019 21:57:56",
        "XML ID": "36263",
        "Total Lag": "0.3866254",
        "Create Lag": "0.3553758",
        "Process Lag": "0.0312496"
      }
    ]
  },
  {
    "stopID": "48",
    "stopQueryTime": 1571259480879,
    "count": 2,
    "results": [
      {
        "Direction": "Inbound",
        "Destination": "Broombridge",
        "Time": "00:01:24",
        "AVLS": "00:02:04",
        "Tram": "5003",
        "Action": "d",
        "Msg Sent": "16/10/2019 21:57:57",
        "Msg Received": "16/10/2019 21:57:58",
        "Msg Processed": "16/10/2019 21:57:58",
        "XML ID": "36264",
        "Total Lag": "1.1053928",
        "Create Lag": "1.0741294",
        "Process Lag": "0.0312634"
      },
      {
        "Direction": "Inbound",
        "Destination": "Broombridge",
        "Time": "00:16:21",
        "AVLS": "00:17:01",
        "Tram": "5030",
        "Action": "d",
        "Msg Sent": "16/10/2019 21:58:00",
        "Msg Received": "16/10/2019 21:58:00",
        "Msg Processed": "16/10/2019 21:58:00",
        "XML ID": "36265",
        "Total Lag": "0.5272471",
        "Create Lag": "0.4959964",
        "Process Lag": "0.0312507"
      }
    ]
  },
  {
    "stopID": "14",
    "stopQueryTime": 1571259480882,
    "count": 3,
    "results": [
      {
        "Direction": "Inbound",
        "Destination": "The Point",
        "Time": "00:00:11",
        "AVLS": "00:00:51",
        "Tram": "3025",
        "Action": "a",
        "Msg Sent": "16/10/2019 21:57:56",
        "Msg Received": "16/10/2019 21:57:56",
        "Msg Processed": "16/10/2019 21:57:56",
        "XML ID": "36263",
        "Total Lag": "0.5897589",
        "Create Lag": "0.3553758",
        "Process Lag": "0.2343831"
      },
      {
        "Direction": "Inbound",
        "Destination": "The Point",
        "Time": "00:12:37",
        "AVLS": "00:13:17",
        "Tram": "3012",
        "Action": "a",
        "Msg Sent": "16/10/2019 21:57:56",
        "Msg Received": "16/10/2019 21:57:56",
        "Msg Processed": "16/10/2019 21:57:56",
        "XML ID": "36263",
        "Total Lag": "0.4647512",
        "Create Lag": "0.3553758",
        "Process Lag": "0.1093754"
      },
      {
        "Direction": "Outbound",
        "Destination": "Tallaght",
        "Time": "00:08:13",
        "AVLS": "00:08:53",
        "Tram": "3009",
        "Action": "a",
        "Msg Sent": "16/10/2019 21:57:56",
        "Msg Received": "16/10/2019 21:57:56",
        "Msg Processed": "16/10/2019 21:57:56",
        "XML ID": "36263",
        "Total Lag": "0.3866254",
        "Create Lag": "0.3553758",
        "Process Lag": "0.0312496"
      }
    ]
  },
  {
    "stopID": "10",
    "stopQueryTime": 1571259480885,
    "count": 3,
    "results": [
      {
        "Direction": "Inbound",
        "Destination": "The Point",
        "Time": "00:08:06",
        "AVLS": "00:08:46",
        "Tram": "3012",
        "Action": "a",
        "Msg Sent": "16/10/2019 21:57:56",
        "Msg Received": "16/10/2019 21:57:56",
        "Msg Processed": "16/10/2019 21:57:56",
        "XML ID": "36263",
        "Total Lag": "0.4491339",
        "Create Lag": "0.3553758",
        "Process Lag": "0.0937581"
      },
      {
        "Direction": "Outbound",
        "Destination": "Tallaght",
        "Time": "00:00:52",
        "AVLS": "00:01:32",
        "Tram": "4009",
        "Action": "a",
        "Msg Sent": "16/10/2019 21:57:56",
        "Msg Received": "16/10/2019 21:57:56",
        "Msg Processed": "16/10/2019 21:57:56",
        "XML ID": "36263",
        "Total Lag": "0.6835093",
        "Create Lag": "0.3553758",
        "Process Lag": "0.3281335"
      },
      {
        "Direction": "Outbound",
        "Destination": "Tallaght",
        "Time": "00:12:55",
        "AVLS": "00:13:35",
        "Tram": "3009",
        "Action": "a",
        "Msg Sent": "16/10/2019 21:57:56",
        "Msg Received": "16/10/2019 21:57:56",
        "Msg Processed": "16/10/2019 21:57:56",
        "XML ID": "36263",
        "Total Lag": "0.4022506",
        "Create Lag": "0.3553758",
        "Process Lag": "0.0468748"
      }
    ]
  },
  {
    "stopID": "40",
    "stopQueryTime": 1571259480889,
    "count": 2,
    "results": [
      {
        "Direction": "Inbound",
        "Destination": "Broombridge",
        "Time": "00:12:15",
        "AVLS": "00:12:55",
        "Tram": "5003",
        "Action": "a",
        "Msg Sent": "16/10/2019 21:57:57",
        "Msg Received": "16/10/2019 21:57:58",
        "Msg Processed": "16/10/2019 21:57:58",
        "XML ID": "36264",
        "Total Lag": "1.1366262",
        "Create Lag": "1.0741294",
        "Process Lag": "0.0624968"
      },
      {
        "Direction": "Outbound",
        "Destination": "Bride's Glen",
        "Time": "00:09:56",
        "AVLS": "00:10:36",
        "Tram": "5002",
        "Action": "a",
        "Msg Sent": "16/10/2019 21:57:57",
        "Msg Received": "16/10/2019 21:57:58",
        "Msg Processed": "16/10/2019 21:57:58",
        "XML ID": "36264",
        "Total Lag": "1.0897936",
        "Create Lag": "1.0741294",
        "Process Lag": "0.0156642"
      }
    ]
  },
  {
    "stopID": "23",
    "stopQueryTime": 1571259480891,
    "count": 0,
    "results": []
  },
  {
    "stopID": "19",
    "stopQueryTime": 1571259480893,
    "count": 2,
    "results": [
      {
        "Direction": "Inbound",
        "Destination": "The Point",
        "Time": "00:10:34",
        "AVLS": "00:11:14",
        "Tram": "3025",
        "Action": "a",
        "Msg Sent": "16/10/2019 21:57:56",
        "Msg Received": "16/10/2019 21:57:56",
        "Msg Processed": "16/10/2019 21:57:56",
        "XML ID": "36263",
        "Total Lag": "0.6053901",
        "Create Lag": "0.3553758",
        "Process Lag": "0.2500143"
      },
      {
        "Direction": "Outbound",
        "Destination": "Tallaght",
        "Time": "00:10:19",
        "AVLS": "00:10:59",
        "Tram": "4006",
        "Action": "a",
        "Msg Sent": "16/10/2019 21:57:56",
        "Msg Received": "16/10/2019 21:57:56",
        "Msg Processed": "16/10/2019 21:57:56",
        "XML ID": "36263",
        "Total Lag": "0.6522505",
        "Create Lag": "0.3553758",
        "Process Lag": "0.2968747"
      }
    ]
  },
  {
    "stopID": "5",
    "stopQueryTime": 1571259480896,
    "count": 3,
    "results": [
      {
        "Direction": "Inbound",
        "Destination": "The Point",
        "Time": "00:09:17",
        "AVLS": "00:09:57",
        "Tram": "3016",
        "Action": "a",
        "Msg Sent": "16/10/2019 21:57:56",
        "Msg Received": "16/10/2019 21:57:56",
        "Msg Processed": "16/10/2019 21:57:56",
        "XML ID": "36263",
        "Total Lag": "0.5272513",
        "Create Lag": "0.3553758",
        "Process Lag": "0.1718755"
      },
      {
        "Direction": "Outbound",
        "Destination": "Tallaght",
        "Time": "00:02:06",
        "AVLS": "00:02:46",
        "Tram": "3017",
        "Action": "a",
        "Msg Sent": "16/10/2019 21:57:56",
        "Msg Received": "16/10/2019 21:57:56",
        "Msg Processed": "16/10/2019 21:57:56",
        "XML ID": "36263",
        "Total Lag": "0.5428761",
        "Create Lag": "0.3553758",
        "Process Lag": "0.1875003"
      },
      {
        "Direction": "Outbound",
        "Destination": "Tallaght",
        "Time": "00:13:15",
        "AVLS": "00:13:55",
        "Tram": "4009",
        "Action": "a",
        "Msg Sent": "16/10/2019 21:57:56",
        "Msg Received": "16/10/2019 21:57:56",
        "Msg Processed": "16/10/2019 21:57:56",
        "XML ID": "36263",
        "Total Lag": "0.6991264",
        "Create Lag": "0.3553758",
        "Process Lag": "0.3437506"
      }
    ]
  },
  {
    "stopID": "33",
    "stopQueryTime": 1571259480899,
    "count": 3,
    "results": [
      {
        "Direction": "Inbound",
        "Destination": "Broombridge",
        "Time": "00:08:32",
        "AVLS": "00:09:12",
        "Tram": "5010",
        "Action": "a",
        "Msg Sent": "16/10/2019 21:57:57",
        "Msg Received": "16/10/2019 21:57:58",
        "Msg Processed": "16/10/2019 21:57:58",
        "XML ID": "36264",
        "Total Lag": "1.4178772",
        "Create Lag": "1.0741294",
        "Process Lag": "0.3437478"
      },
      {
        "Direction": "Outbound",
        "Destination": "Sandyford",
        "Time": "00:05:37",
        "AVLS": "00:06:17",
        "Tram": "5023",
        "Action": "a",
        "Msg Sent": "16/10/2019 21:57:57",
        "Msg Received": "16/10/2019 21:57:58",
        "Msg Processed": "16/10/2019 21:57:58",
        "XML ID": "36264",
        "Total Lag": "1.3397504",
        "Create Lag": "1.0741294",
        "Process Lag": "0.265621"
      },
      {
        "Direction": "Outbound",
        "Destination": "Bride's Glen",
        "Time": "00:14:07",
        "AVLS": "00:14:47",
        "Tram": "5028",
        "Action": "a",
        "Msg Sent": "16/10/2019 21:57:57",
        "Msg Received": "16/10/2019 21:57:58",
        "Msg Processed": "16/10/2019 21:57:58",
        "XML ID": "36264",
        "Total Lag": "1.3710068",
        "Create Lag": "1.0741294",
        "Process Lag": "0.2968774"
      }
    ]
  },
  {
    "stopID": "21",
    "stopQueryTime": 1571259480902,
    "count": 3,
    "results": [
      {
        "Direction": "Inbound",
        "Destination": "The Point",
        "Time": "00:15:30",
        "AVLS": "00:16:10",
        "Tram": "3025",
        "Action": "a",
        "Msg Sent": "16/10/2019 21:57:56",
        "Msg Received": "16/10/2019 21:57:56",
        "Msg Processed": "16/10/2019 21:57:56",
        "XML ID": "36263",
        "Total Lag": "0.6210011",
        "Create Lag": "0.3553758",
        "Process Lag": "0.2656253"
      },
      {
        "Direction": "Outbound",
        "Destination": "Tallaght",
        "Time": "00:05:43",
        "AVLS": "00:06:23",
        "Tram": "4006",
        "Action": "a",
        "Msg Sent": "16/10/2019 21:57:56",
        "Msg Received": "16/10/2019 21:57:56",
        "Msg Processed": "16/10/2019 21:57:56",
        "XML ID": "36263",
        "Total Lag": "0.6522505",
        "Create Lag": "0.3553758",
        "Process Lag": "0.2968747"
      },
      {
        "Direction": "Outbound",
        "Destination": "Tallaght",
        "Time": "00:17:24",
        "AVLS": "00:18:04",
        "Tram": "4002",
        "Action": "a",
        "Msg Sent": "16/10/2019 21:57:56",
        "Msg Received": "16/10/2019 21:57:56",
        "Msg Processed": "16/10/2019 21:57:56",
        "XML ID": "36263",
        "Total Lag": "0.6366264",
        "Create Lag": "0.3553758",
        "Process Lag": "0.2812506"
      }
    ]
  },
  {
    "stopID": "6",
    "stopQueryTime": 1571259480905,
    "count": 3,
    "results": [
      {
        "Direction": "Inbound",
        "Destination": "The Point",
        "Time": "00:00:00",
        "AVLS": "00:00:00",
        "Tram": "3012",
        "Action": "a",
        "Msg Sent": "16/10/2019 21:57:33",
        "Msg Received": "16/10/2019 21:57:33",
        "Msg Processed": "16/10/2019 21:57:33",
        "XML ID": "36253",
        "Total Lag": "0.1041718",
        "Create Lag": "0.1041718",
        "Process Lag": "0"
      },
      {
        "Direction": "Inbound",
        "Destination": "The Point",
        "Time": "00:12:24",
        "AVLS": "00:13:04",
        "Tram": "3016",
        "Action": "a",
        "Msg Sent": "16/10/2019 21:57:56",
        "Msg Received": "16/10/2019 21:57:56",
        "Msg Processed": "16/10/2019 21:57:56",
        "XML ID": "36263",
        "Total Lag": "0.5272513",
        "Create Lag": "0.3553758",
        "Process Lag": "0.1718755"
      },
      {
        "Direction": "Outbound",
        "Destination": "Tallaght",
        "Time": "00:10:00",
        "AVLS": "00:10:40",
        "Tram": "4009",
        "Action": "a",
        "Msg Sent": "16/10/2019 21:57:56",
        "Msg Received": "16/10/2019 21:57:56",
        "Msg Processed": "16/10/2019 21:57:56",
        "XML ID": "36263",
        "Total Lag": "0.6991264",
        "Create Lag": "0.3553758",
        "Process Lag": "0.3437506"
      }
    ]
  },
  {
    "stopID": "18",
    "stopQueryTime": 1571259480911,
    "count": 2,
    "results": [
      {
        "Direction": "Inbound",
        "Destination": "The Point",
        "Time": "00:09:10",
        "AVLS": "00:09:50",
        "Tram": "3025",
        "Action": "a",
        "Msg Sent": "16/10/2019 21:57:56",
        "Msg Received": "16/10/2019 21:57:56",
        "Msg Processed": "16/10/2019 21:57:56",
        "XML ID": "36263",
        "Total Lag": "0.6053901",
        "Create Lag": "0.3553758",
        "Process Lag": "0.2500143"
      },
      {
        "Direction": "Outbound",
        "Destination": "Tallaght",
        "Time": "00:11:31",
        "AVLS": "00:12:11",
        "Tram": "4006",
        "Action": "a",
        "Msg Sent": "16/10/2019 21:57:56",
        "Msg Received": "16/10/2019 21:57:56",
        "Msg Processed": "16/10/2019 21:57:56",
        "XML ID": "36263",
        "Total Lag": "0.6678748",
        "Create Lag": "0.3553758",
        "Process Lag": "0.312499"
      }
    ]
  },
  {
    "stopID": "29",
    "stopQueryTime": 1571259480915,
    "count": 3,
    "results": [
      {
        "Direction": "Inbound",
        "Destination": "Broombridge",
        "Time": "00:02:23",
        "AVLS": "00:03:03",
        "Tram": "5013",
        "Action": "a",
        "Msg Sent": "16/10/2019 21:57:57",
        "Msg Received": "16/10/2019 21:57:58",
        "Msg Processed": "16/10/2019 21:57:58",
        "XML ID": "36264",
        "Total Lag": "1.2460064",
        "Create Lag": "1.0741294",
        "Process Lag": "0.171877"
      },
      {
        "Direction": "Inbound",
        "Destination": "Broombridge",
        "Time": "00:15:45",
        "AVLS": "00:16:25",
        "Tram": "5010",
        "Action": "a",
        "Msg Sent": "16/10/2019 21:58:00",
        "Msg Received": "16/10/2019 21:58:00",
        "Msg Processed": "16/10/2019 21:58:00",
        "XML ID": "36265",
        "Total Lag": "0.5116231",
        "Create Lag": "0.4959964",
        "Process Lag": "0.0156267"
      },
      {
        "Direction": "Outbound",
        "Destination": "Bride's Glen",
        "Time": "00:07:09",
        "AVLS": "00:07:49",
        "Tram": "5028",
        "Action": "a",
        "Msg Sent": "16/10/2019 21:57:57",
        "Msg Received": "16/10/2019 21:57:58",
        "Msg Processed": "16/10/2019 21:57:58",
        "XML ID": "36264",
        "Total Lag": "1.3553731",
        "Create Lag": "1.0741294",
        "Process Lag": "0.2812437"
      }
    ]
  },
  {
    "stopID": "32",
    "stopQueryTime": 1571259480918,
    "count": 3,
    "results": [
      {
        "Direction": "Inbound",
        "Destination": "Broombridge",
        "Time": "00:10:14",
        "AVLS": "00:10:54",
        "Tram": "5010",
        "Action": "a",
        "Msg Sent": "16/10/2019 21:58:00",
        "Msg Received": "16/10/2019 21:58:00",
        "Msg Processed": "16/10/2019 21:58:00",
        "XML ID": "36265",
        "Total Lag": "0.4959964",
        "Create Lag": "0.4959964",
        "Process Lag": "0"
      },
      {
        "Direction": "Outbound",
        "Destination": "Sandyford",
        "Time": "00:04:11",
        "AVLS": "00:04:51",
        "Tram": "5023",
        "Action": "a",
        "Msg Sent": "16/10/2019 21:57:57",
        "Msg Received": "16/10/2019 21:57:58",
        "Msg Processed": "16/10/2019 21:57:58",
        "XML ID": "36264",
        "Total Lag": "1.3241249",
        "Create Lag": "1.0741294",
        "Process Lag": "0.2499955"
      },
      {
        "Direction": "Outbound",
        "Destination": "Bride's Glen",
        "Time": "00:12:41",
        "AVLS": "00:13:21",
        "Tram": "5028",
        "Action": "a",
        "Msg Sent": "16/10/2019 21:57:57",
        "Msg Received": "16/10/2019 21:57:58",
        "Msg Processed": "16/10/2019 21:57:58",
        "XML ID": "36264",
        "Total Lag": "1.3710068",
        "Create Lag": "1.0741294",
        "Process Lag": "0.2968774"
      }
    ]
  },
  {
    "stopID": "45",
    "stopQueryTime": 1571259480923,
    "count": 3,
    "results": [
      {
        "Direction": "Inbound",
        "Destination": "Broombridge",
        "Time": "00:05:55",
        "AVLS": "00:06:35",
        "Tram": "5003",
        "Action": "a",
        "Msg Sent": "16/10/2019 21:57:57",
        "Msg Received": "16/10/2019 21:57:58",
        "Msg Processed": "16/10/2019 21:57:58",
        "XML ID": "36264",
        "Total Lag": "1.1209998",
        "Create Lag": "1.0741294",
        "Process Lag": "0.0468704"
      },
      {
        "Direction": "Outbound",
        "Destination": "Bride's Glen",
        "Time": "00:00:19",
        "AVLS": "00:00:59",
        "Tram": "5030",
        "Action": "a",
        "Msg Sent": "16/10/2019 21:58:00",
        "Msg Received": "16/10/2019 21:58:00",
        "Msg Processed": "16/10/2019 21:58:00",
        "XML ID": "36265",
        "Total Lag": "0.5116231",
        "Create Lag": "0.4959964",
        "Process Lag": "0.0156267"
      },
      {
        "Direction": "Outbound",
        "Destination": "Bride's Glen",
        "Time": "00:16:10",
        "AVLS": "00:16:50",
        "Tram": "5002",
        "Action": "a",
        "Msg Sent": "16/10/2019 21:57:57",
        "Msg Received": "16/10/2019 21:57:58",
        "Msg Processed": "16/10/2019 21:57:58",
        "XML ID": "36264",
        "Total Lag": "1.1053928",
        "Create Lag": "1.0741294",
        "Process Lag": "0.0312634"
      }
    ]
  },
  {
    "stopID": "46",
    "stopQueryTime": 1571259480925,
    "count": 3,
    "results": [
      {
        "Direction": "Inbound",
        "Destination": "Broombridge",
        "Time": "00:04:33",
        "AVLS": "00:05:13",
        "Tram": "5003",
        "Action": "a",
        "Msg Sent": "16/10/2019 21:57:57",
        "Msg Received": "16/10/2019 21:57:58",
        "Msg Processed": "16/10/2019 21:57:58",
        "XML ID": "36264",
        "Total Lag": "1.1053928",
        "Create Lag": "1.0741294",
        "Process Lag": "0.0312634"
      },
      {
        "Direction": "Outbound",
        "Destination": "Bride's Glen",
        "Time": "00:01:42",
        "AVLS": "00:02:22",
        "Tram": "5030",
        "Action": "a",
        "Msg Sent": "16/10/2019 21:58:00",
        "Msg Received": "16/10/2019 21:58:00",
        "Msg Processed": "16/10/2019 21:58:00",
        "XML ID": "36265",
        "Total Lag": "0.5272471",
        "Create Lag": "0.4959964",
        "Process Lag": "0.0312507"
      },
      {
        "Direction": "Outbound",
        "Destination": "Bride's Glen",
        "Time": "00:17:33",
        "AVLS": "00:18:13",
        "Tram": "5002",
        "Action": "a",
        "Msg Sent": "16/10/2019 21:57:57",
        "Msg Received": "16/10/2019 21:57:58",
        "Msg Processed": "16/10/2019 21:57:58",
        "XML ID": "36264",
        "Total Lag": "1.1053928",
        "Create Lag": "1.0741294",
        "Process Lag": "0.0312634"
      }
    ]
  },
  {
    "stopID": "9",
    "stopQueryTime": 1571259480934,
    "count": 3,
    "results": [
      {
        "Direction": "Inbound",
        "Destination": "The Point",
        "Time": "00:06:52",
        "AVLS": "00:07:32",
        "Tram": "3012",
        "Action": "a",
        "Msg Sent": "16/10/2019 21:57:56",
        "Msg Received": "16/10/2019 21:57:56",
        "Msg Processed": "16/10/2019 21:57:56",
        "XML ID": "36263",
        "Total Lag": "0.4491339",
        "Create Lag": "0.3553758",
        "Process Lag": "0.0937581"
      },
      {
        "Direction": "Outbound",
        "Destination": "Tallaght",
        "Time": "00:02:08",
        "AVLS": "00:02:48",
        "Tram": "4009",
        "Action": "a",
        "Msg Sent": "16/10/2019 21:57:56",
        "Msg Received": "16/10/2019 21:57:56",
        "Msg Processed": "16/10/2019 21:57:56",
        "XML ID": "36263",
        "Total Lag": "0.6835093",
        "Create Lag": "0.3553758",
        "Process Lag": "0.3281335"
      },
      {
        "Direction": "Outbound",
        "Destination": "Tallaght",
        "Time": "00:14:11",
        "AVLS": "00:14:51",
        "Tram": "3009",
        "Action": "a",
        "Msg Sent": "16/10/2019 21:57:56",
        "Msg Received": "16/10/2019 21:57:56",
        "Msg Processed": "16/10/2019 21:57:56",
        "XML ID": "36263",
        "Total Lag": "0.4022506",
        "Create Lag": "0.3553758",
        "Process Lag": "0.0468748"
      }
    ]
  },
  {
    "stopID": "57",
    "stopQueryTime": 1571259480937,
    "count": 1,
    "results": [
      {
        "Direction": "Outbound",
        "Destination": "Tallaght",
        "Time": "00:07:54",
        "AVLS": "00:08:34",
        "Tram": "4002",
        "Action": "d",
        "Msg Sent": "16/10/2019 21:57:56",
        "Msg Received": "16/10/2019 21:57:56",
        "Msg Processed": "16/10/2019 21:57:56",
        "XML ID": "36263",
        "Total Lag": "0.6210011",
        "Create Lag": "0.3553758",
        "Process Lag": "0.2656253"
      }
    ]
  },
  {
    "stopID": "1",
    "stopQueryTime": 1571259480939,
    "count": 4,
    "results": [
      {
        "Direction": "Inbound",
        "Destination": "The Point",
        "Time": "00:01:24",
        "AVLS": "00:02:04",
        "Tram": "3016",
        "Action": "d",
        "Msg Sent": "16/10/2019 21:57:56",
        "Msg Received": "16/10/2019 21:57:56",
        "Msg Processed": "16/10/2019 21:57:56",
        "XML ID": "36263",
        "Total Lag": "0.5116249",
        "Create Lag": "0.3553758",
        "Process Lag": "0.1562491"
      },
      {
        "Direction": "Inbound",
        "Destination": "The Point",
        "Time": "00:16:24",
        "AVLS": "00:17:04",
        "Tram": "3017",
        "Action": "d",
        "Msg Sent": "16/10/2019 21:57:56",
        "Msg Received": "16/10/2019 21:57:56",
        "Msg Processed": "16/10/2019 21:57:56",
        "XML ID": "36263",
        "Total Lag": "0.5584966",
        "Create Lag": "0.3553758",
        "Process Lag": "0.2031208"
      },
      {
        "Direction": "Terminating",
        "Destination": "Tallaght",
        "Time": "00:02:11",
        "AVLS": "00:02:51",
        "Tram": "3014",
        "Action": "a",
        "Msg Sent": "16/10/2019 21:57:56",
        "Msg Received": "16/10/2019 21:57:56",
        "Msg Processed": "16/10/2019 21:57:56",
        "XML ID": "36263",
        "Total Lag": "0.4803727",
        "Create Lag": "0.3553758",
        "Process Lag": "0.1249969"
      },
      {
        "Direction": "Terminating",
        "Destination": "Tallaght",
        "Time": "00:09:51",
        "AVLS": "00:10:31",
        "Tram": "3017",
        "Action": "a",
        "Msg Sent": "16/10/2019 21:57:56",
        "Msg Received": "16/10/2019 21:57:56",
        "Msg Processed": "16/10/2019 21:57:56",
        "XML ID": "36263",
        "Total Lag": "0.5428761",
        "Create Lag": "0.3553758",
        "Process Lag": "0.1875003"
      }
    ]
  },
  {
    "stopID": "51",
    "stopQueryTime": 1571259480966,
    "count": 3,
    "results": [
      {
        "Direction": "Inbound",
        "Destination": "Belgard",
        "Time": "00:12:55",
        "AVLS": "00:13:35",
        "Tram": "3015",
        "Action": "a",
        "Msg Sent": "16/10/2019 21:57:56",
        "Msg Received": "16/10/2019 21:57:56",
        "Msg Processed": "16/10/2019 21:57:56",
        "XML ID": "36263",
        "Total Lag": "0.496",
        "Create Lag": "0.3553758",
        "Process Lag": "0.1406242"
      },
      {
        "Direction": "Outbound",
        "Destination": "Saggart",
        "Time": "00:05:04",
        "AVLS": "00:05:44",
        "Tram": "3018",
        "Action": "a",
        "Msg Sent": "16/10/2019 21:57:56",
        "Msg Received": "16/10/2019 21:57:56",
        "Msg Processed": "16/10/2019 21:57:56",
        "XML ID": "36263",
        "Total Lag": "0.5741338",
        "Create Lag": "0.3553758",
        "Process Lag": "0.218758"
      },
      {
        "Direction": "Outbound",
        "Destination": "Saggart",
        "Time": "00:15:54",
        "AVLS": "00:16:34",
        "Tram": "3011",
        "Action": "a",
        "Msg Sent": "16/10/2019 21:57:56",
        "Msg Received": "16/10/2019 21:57:56",
        "Msg Processed": "16/10/2019 21:57:56",
        "XML ID": "36263",
        "Total Lag": "0.4335018",
        "Create Lag": "0.3553758",
        "Process Lag": "0.078126"
      }
    ]
  },
  {
    "stopID": "38",
    "stopQueryTime": 1571259480972,
    "count": 3,
    "results": [
      {
        "Direction": "Inbound",
        "Destination": "Broombridge",
        "Time": "00:00:00",
        "AVLS": "00:00:00",
        "Tram": "5010",
        "Action": "a",
        "Msg Sent": "16/10/2019 21:57:57",
        "Msg Received": "16/10/2019 21:57:58",
        "Msg Processed": "16/10/2019 21:57:58",
        "XML ID": "36264",
        "Total Lag": "1.402251",
        "Create Lag": "1.0741294",
        "Process Lag": "0.3281216"
      },
      {
        "Direction": "Inbound",
        "Destination": "Broombridge",
        "Time": "00:15:30",
        "AVLS": "00:16:10",
        "Tram": "5003",
        "Action": "a",
        "Msg Sent": "16/10/2019 21:57:57",
        "Msg Received": "16/10/2019 21:57:58",
        "Msg Processed": "16/10/2019 21:57:58",
        "XML ID": "36264",
        "Total Lag": "1.1366262",
        "Create Lag": "1.0741294",
        "Process Lag": "0.0624968"
      },
      {
        "Direction": "Outbound",
        "Destination": "Bride's Glen",
        "Time": "00:06:43",
        "AVLS": "00:07:23",
        "Tram": "5002",
        "Action": "a",
        "Msg Sent": "16/10/2019 21:57:57",
        "Msg Received": "16/10/2019 21:57:58",
        "Msg Processed": "16/10/2019 21:57:58",
        "XML ID": "36264",
        "Total Lag": "1.0741294",
        "Create Lag": "1.0741294",
        "Process Lag": "0"
      }
    ]
  },
  {
    "stopID": "15",
    "stopQueryTime": 1571259480977,
    "count": 4,
    "results": [
      {
        "Direction": "Inbound",
        "Destination": "The Point",
        "Time": "00:01:55",
        "AVLS": "00:02:35",
        "Tram": "3025",
        "Action": "a",
        "Msg Sent": "16/10/2019 21:57:56",
        "Msg Received": "16/10/2019 21:57:56",
        "Msg Processed": "16/10/2019 21:57:56",
        "XML ID": "36263",
        "Total Lag": "0.5897589",
        "Create Lag": "0.3553758",
        "Process Lag": "0.2343831"
      },
      {
        "Direction": "Inbound",
        "Destination": "The Point",
        "Time": "00:14:21",
        "AVLS": "00:15:01",
        "Tram": "3012",
        "Action": "a",
        "Msg Sent": "16/10/2019 21:57:56",
        "Msg Received": "16/10/2019 21:57:56",
        "Msg Processed": "16/10/2019 21:57:56",
        "XML ID": "36263",
        "Total Lag": "0.4647512",
        "Create Lag": "0.3553758",
        "Process Lag": "0.1093754"
      },
      {
        "Direction": "Outbound",
        "Destination": "Tallaght",
        "Time": "00:06:14",
        "AVLS": "00:06:54",
        "Tram": "3009",
        "Action": "a",
        "Msg Sent": "16/10/2019 21:57:56",
        "Msg Received": "16/10/2019 21:57:56",
        "Msg Processed": "16/10/2019 21:57:56",
        "XML ID": "36263",
        "Total Lag": "0.3866254",
        "Create Lag": "0.3553758",
        "Process Lag": "0.0312496"
      },
      {
        "Direction": "Outbound",
        "Destination": "Tallaght",
        "Time": "00:18:54",
        "AVLS": "00:19:34",
        "Tram": "4006",
        "Action": "a",
        "Msg Sent": "16/10/2019 21:57:56",
        "Msg Received": "16/10/2019 21:57:56",
        "Msg Processed": "16/10/2019 21:57:56",
        "XML ID": "36263",
        "Total Lag": "0.6678748",
        "Create Lag": "0.3553758",
        "Process Lag": "0.312499"
      }
    ]
  },
  {
    "stopID": "42",
    "stopQueryTime": 1571259480986,
    "count": 2,
    "results": [
      {
        "Direction": "Inbound",
        "Destination": "Broombridge",
        "Time": "00:10:04",
        "AVLS": "00:10:44",
        "Tram": "5003",
        "Action": "a",
        "Msg Sent": "16/10/2019 21:57:57",
        "Msg Received": "16/10/2019 21:57:58",
        "Msg Processed": "16/10/2019 21:57:58",
        "XML ID": "36264",
        "Total Lag": "1.1209998",
        "Create Lag": "1.0741294",
        "Process Lag": "0.0468704"
      },
      {
        "Direction": "Outbound",
        "Destination": "Bride's Glen",
        "Time": "00:12:04",
        "AVLS": "00:12:44",
        "Tram": "5002",
        "Action": "a",
        "Msg Sent": "16/10/2019 21:57:57",
        "Msg Received": "16/10/2019 21:57:58",
        "Msg Processed": "16/10/2019 21:57:58",
        "XML ID": "36264",
        "Total Lag": "1.0897936",
        "Create Lag": "1.0741294",
        "Process Lag": "0.0156642"
      }
    ]
  },
  {
    "stopID": "24",
    "stopQueryTime": 1571259480988,
    "count": 2,
    "results": [
      {
        "Direction": "Inbound",
        "Destination": "Broombridge",
        "Time": "00:11:52",
        "AVLS": "00:12:32",
        "Tram": "5013",
        "Action": "a",
        "Msg Sent": "16/10/2019 21:57:57",
        "Msg Received": "16/10/2019 21:57:58",
        "Msg Processed": "16/10/2019 21:57:58",
        "XML ID": "36264",
        "Total Lag": "1.2616248",
        "Create Lag": "1.0741294",
        "Process Lag": "0.1874954"
      },
      {
        "Direction": "Outbound",
        "Destination": "Bride's Glen",
        "Time": "00:12:29",
        "AVLS": "00:13:09",
        "Tram": "5012",
        "Action": "a",
        "Msg Sent": "16/10/2019 21:57:57",
        "Msg Received": "16/10/2019 21:57:58",
        "Msg Processed": "16/10/2019 21:57:58",
        "XML ID": "36264",
        "Total Lag": "1.2303796",
        "Create Lag": "1.0741294",
        "Process Lag": "0.1562502"
      }
    ]
  },
  {
    "stopID": "39",
    "stopQueryTime": 1571259480989,
    "count": 2,
    "results": [
      {
        "Direction": "Inbound",
        "Destination": "Broombridge",
        "Time": "00:13:45",
        "AVLS": "00:14:25",
        "Tram": "5003",
        "Action": "a",
        "Msg Sent": "16/10/2019 21:57:57",
        "Msg Received": "16/10/2019 21:57:58",
        "Msg Processed": "16/10/2019 21:57:58",
        "XML ID": "36264",
        "Total Lag": "1.1366262",
        "Create Lag": "1.0741294",
        "Process Lag": "0.0624968"
      },
      {
        "Direction": "Outbound",
        "Destination": "Bride's Glen",
        "Time": "00:08:28",
        "AVLS": "00:09:08",
        "Tram": "5002",
        "Action": "a",
        "Msg Sent": "16/10/2019 21:57:57",
        "Msg Received": "16/10/2019 21:57:58",
        "Msg Processed": "16/10/2019 21:57:58",
        "XML ID": "36264",
        "Total Lag": "1.0741294",
        "Create Lag": "1.0741294",
        "Process Lag": "0"
      }
    ]
  },
  {
    "stopID": "26",
    "stopQueryTime": 1571259480993,
    "count": 3,
    "results": [
      {
        "Direction": "Inbound",
        "Destination": "Broombridge",
        "Time": "00:06:44",
        "AVLS": "00:07:24",
        "Tram": "5013",
        "Action": "a",
        "Msg Sent": "16/10/2019 21:57:57",
        "Msg Received": "16/10/2019 21:57:58",
        "Msg Processed": "16/10/2019 21:57:58",
        "XML ID": "36264",
        "Total Lag": "1.2460064",
        "Create Lag": "1.0741294",
        "Process Lag": "0.171877"
      },
      {
        "Direction": "Outbound",
        "Destination": "Bride's Glen",
        "Time": "00:02:19",
        "AVLS": "00:02:59",
        "Tram": "5028",
        "Action": "a",
        "Msg Sent": "16/10/2019 21:57:57",
        "Msg Received": "16/10/2019 21:57:58",
        "Msg Processed": "16/10/2019 21:57:58",
        "XML ID": "36264",
        "Total Lag": "1.3553731",
        "Create Lag": "1.0741294",
        "Process Lag": "0.2812437"
      },
      {
        "Direction": "Outbound",
        "Destination": "Bride's Glen",
        "Time": "00:17:07",
        "AVLS": "00:17:47",
        "Tram": "5012",
        "Action": "a",
        "Msg Sent": "16/10/2019 21:57:57",
        "Msg Received": "16/10/2019 21:57:58",
        "Msg Processed": "16/10/2019 21:57:58",
        "XML ID": "36264",
        "Total Lag": "1.2303796",
        "Create Lag": "1.0741294",
        "Process Lag": "0.1562502"
      }
    ]
  },
  {
    "stopID": "3",
    "stopQueryTime": 1571259480997,
    "count": 4,
    "results": [
      {
        "Direction": "Inbound",
        "Destination": "The Point",
        "Time": "00:04:19",
        "AVLS": "00:04:59",
        "Tram": "3016",
        "Action": "a",
        "Msg Sent": "16/10/2019 21:57:56",
        "Msg Received": "16/10/2019 21:57:56",
        "Msg Processed": "16/10/2019 21:57:56",
        "XML ID": "36263",
        "Total Lag": "0.5272513",
        "Create Lag": "0.3553758",
        "Process Lag": "0.1718755"
      },
      {
        "Direction": "Inbound",
        "Destination": "The Point",
        "Time": "00:19:19",
        "AVLS": "00:19:59",
        "Tram": "3017",
        "Action": "a",
        "Msg Sent": "16/10/2019 21:57:56",
        "Msg Received": "16/10/2019 21:57:56",
        "Msg Processed": "16/10/2019 21:57:56",
        "XML ID": "36263",
        "Total Lag": "0.5584966",
        "Create Lag": "0.3553758",
        "Process Lag": "0.2031208"
      },
      {
        "Direction": "Outbound",
        "Destination": "Tallaght",
        "Time": "00:06:10",
        "AVLS": "00:06:50",
        "Tram": "3017",
        "Action": "a",
        "Msg Sent": "16/10/2019 21:57:56",
        "Msg Received": "16/10/2019 21:57:56",
        "Msg Processed": "16/10/2019 21:57:56",
        "XML ID": "36263",
        "Total Lag": "0.5428761",
        "Create Lag": "0.3553758",
        "Process Lag": "0.1875003"
      },
      {
        "Direction": "Outbound",
        "Destination": "Tallaght",
        "Time": "00:17:19",
        "AVLS": "00:17:59",
        "Tram": "4009",
        "Action": "a",
        "Msg Sent": "16/10/2019 21:57:56",
        "Msg Received": "16/10/2019 21:57:56",
        "Msg Processed": "16/10/2019 21:57:56",
        "XML ID": "36263",
        "Total Lag": "0.714757",
        "Create Lag": "0.3553758",
        "Process Lag": "0.3593812"
      }
    ]
  },
  {
    "stopID": "54",
    "stopQueryTime": 1571259480999,
    "count": 3,
    "results": [
      {
        "Direction": "Inbound",
        "Destination": "The Point",
        "Time": "00:03:20",
        "AVLS": "00:04:00",
        "Tram": "3002",
        "Action": "a",
        "Msg Sent": "16/10/2019 21:57:56",
        "Msg Received": "16/10/2019 21:57:56",
        "Msg Processed": "16/10/2019 21:57:56",
        "XML ID": "36263",
        "Total Lag": "0.3710022",
        "Create Lag": "0.3553758",
        "Process Lag": "0.0156264"
      },
      {
        "Direction": "Outbound",
        "Destination": "Tallaght",
        "Time": "00:00:19",
        "AVLS": "00:00:59",
        "Tram": "4006",
        "Action": "a",
        "Msg Sent": "16/10/2019 21:57:56",
        "Msg Received": "16/10/2019 21:57:56",
        "Msg Processed": "16/10/2019 21:57:56",
        "XML ID": "36263",
        "Total Lag": "0.6522505",
        "Create Lag": "0.3553758",
        "Process Lag": "0.2968747"
      },
      {
        "Direction": "Outbound",
        "Destination": "Tallaght",
        "Time": "00:12:00",
        "AVLS": "00:12:40",
        "Tram": "4002",
        "Action": "a",
        "Msg Sent": "16/10/2019 21:57:56",
        "Msg Received": "16/10/2019 21:57:56",
        "Msg Processed": "16/10/2019 21:57:56",
        "XML ID": "36263",
        "Total Lag": "0.6366264",
        "Create Lag": "0.3553758",
        "Process Lag": "0.2812506"
      }
    ]
  },
  {
    "stopID": "43",
    "stopQueryTime": 1571259481003,
    "count": 2,
    "results": [
      {
        "Direction": "Inbound",
        "Destination": "Broombridge",
        "Time": "00:08:28",
        "AVLS": "00:09:08",
        "Tram": "5003",
        "Action": "a",
        "Msg Sent": "16/10/2019 21:57:57",
        "Msg Received": "16/10/2019 21:57:58",
        "Msg Processed": "16/10/2019 21:57:58",
        "XML ID": "36264",
        "Total Lag": "1.1209998",
        "Create Lag": "1.0741294",
        "Process Lag": "0.0468704"
      },
      {
        "Direction": "Outbound",
        "Destination": "Bride's Glen",
        "Time": "00:13:37",
        "AVLS": "00:14:17",
        "Tram": "5002",
        "Action": "a",
        "Msg Sent": "16/10/2019 21:57:57",
        "Msg Received": "16/10/2019 21:57:58",
        "Msg Processed": "16/10/2019 21:57:58",
        "XML ID": "36264",
        "Total Lag": "1.0897936",
        "Create Lag": "1.0741294",
        "Process Lag": "0.0156642"
      }
    ]
  },
  {
    "stopID": "36",
    "stopQueryTime": 1571259481006,
    "count": 3,
    "results": [
      {
        "Direction": "Inbound",
        "Destination": "Broombridge",
        "Time": "00:03:14",
        "AVLS": "00:03:54",
        "Tram": "5010",
        "Action": "a",
        "Msg Sent": "16/10/2019 21:57:57",
        "Msg Received": "16/10/2019 21:57:58",
        "Msg Processed": "16/10/2019 21:57:58",
        "XML ID": "36264",
        "Total Lag": "1.402251",
        "Create Lag": "1.0741294",
        "Process Lag": "0.3281216"
      },
      {
        "Direction": "Outbound",
        "Destination": "Bride's Glen",
        "Time": "00:02:42",
        "AVLS": "00:03:22",
        "Tram": "5002",
        "Action": "a",
        "Msg Sent": "16/10/2019 21:57:56",
        "Msg Received": "16/10/2019 21:57:56",
        "Msg Processed": "16/10/2019 21:57:56",
        "XML ID": "36263",
        "Total Lag": "0.714757",
        "Create Lag": "0.3553758",
        "Process Lag": "0.3593812"
      },
      {
        "Direction": "Outbound",
        "Destination": "Bride's Glen",
        "Time": "00:18:41",
        "AVLS": "00:19:21",
        "Tram": "5028",
        "Action": "a",
        "Msg Sent": "16/10/2019 21:57:57",
        "Msg Received": "16/10/2019 21:57:58",
        "Msg Processed": "16/10/2019 21:57:58",
        "XML ID": "36264",
        "Total Lag": "1.3866425",
        "Create Lag": "1.0741294",
        "Process Lag": "0.3125131"
      }
    ]
  },
  {
    "stopID": "37",
    "stopQueryTime": 1571259481007,
    "count": 3,
    "results": [
      {
        "Direction": "Inbound",
        "Destination": "Broombridge",
        "Time": "00:00:50",
        "AVLS": "00:01:30",
        "Tram": "5010",
        "Action": "a",
        "Msg Sent": "16/10/2019 21:57:57",
        "Msg Received": "16/10/2019 21:57:58",
        "Msg Processed": "16/10/2019 21:57:58",
        "XML ID": "36264",
        "Total Lag": "1.402251",
        "Create Lag": "1.0741294",
        "Process Lag": "0.3281216"
      },
      {
        "Direction": "Inbound",
        "Destination": "Broombridge",
        "Time": "00:17:00",
        "AVLS": "00:17:40",
        "Tram": "5003",
        "Action": "a",
        "Msg Sent": "16/10/2019 21:57:57",
        "Msg Received": "16/10/2019 21:57:58",
        "Msg Processed": "16/10/2019 21:57:58",
        "XML ID": "36264",
        "Total Lag": "1.1366262",
        "Create Lag": "1.0741294",
        "Process Lag": "0.0624968"
      },
      {
        "Direction": "Outbound",
        "Destination": "Bride's Glen",
        "Time": "00:05:15",
        "AVLS": "00:05:55",
        "Tram": "5002",
        "Action": "a",
        "Msg Sent": "16/10/2019 21:57:57",
        "Msg Received": "16/10/2019 21:57:58",
        "Msg Processed": "16/10/2019 21:57:58",
        "XML ID": "36264",
        "Total Lag": "1.0741294",
        "Create Lag": "1.0741294",
        "Process Lag": "0"
      }
    ]
  },
  {
    "stopID": "12",
    "stopQueryTime": 1571259481009,
    "count": 2,
    "results": [
      {
        "Direction": "Inbound",
        "Destination": "The Point",
        "Time": "00:10:03",
        "AVLS": "00:10:43",
        "Tram": "3012",
        "Action": "a",
        "Msg Sent": "16/10/2019 21:57:56",
        "Msg Received": "16/10/2019 21:57:56",
        "Msg Processed": "16/10/2019 21:57:56",
        "XML ID": "36263",
        "Total Lag": "0.4491339",
        "Create Lag": "0.3553758",
        "Process Lag": "0.0937581"
      },
      {
        "Direction": "Outbound",
        "Destination": "Tallaght",
        "Time": "00:10:54",
        "AVLS": "00:11:34",
        "Tram": "3009",
        "Action": "a",
        "Msg Sent": "16/10/2019 21:57:56",
        "Msg Received": "16/10/2019 21:57:56",
        "Msg Processed": "16/10/2019 21:57:56",
        "XML ID": "36263",
        "Total Lag": "0.3866254",
        "Create Lag": "0.3553758",
        "Process Lag": "0.0312496"
      }
    ]
  },
  {
    "stopID": "44",
    "stopQueryTime": 1571259481010,
    "count": 2,
    "results": [
      {
        "Direction": "Inbound",
        "Destination": "Broombridge",
        "Time": "00:07:24",
        "AVLS": "00:08:04",
        "Tram": "5003",
        "Action": "a",
        "Msg Sent": "16/10/2019 21:57:57",
        "Msg Received": "16/10/2019 21:57:58",
        "Msg Processed": "16/10/2019 21:57:58",
        "XML ID": "36264",
        "Total Lag": "1.1209998",
        "Create Lag": "1.0741294",
        "Process Lag": "0.0468704"
      },
      {
        "Direction": "Outbound",
        "Destination": "Bride's Glen",
        "Time": "00:14:42",
        "AVLS": "00:15:22",
        "Tram": "5002",
        "Action": "a",
        "Msg Sent": "16/10/2019 21:57:57",
        "Msg Received": "16/10/2019 21:57:58",
        "Msg Processed": "16/10/2019 21:57:58",
        "XML ID": "36264",
        "Total Lag": "1.0897936",
        "Create Lag": "1.0741294",
        "Process Lag": "0.0156642"
      }
    ]
  },
  {
    "stopID": "30",
    "stopQueryTime": 1571259481021,
    "count": 4,
    "results": [
      {
        "Direction": "Inbound",
        "Destination": "Broombridge",
        "Time": "00:00:38",
        "AVLS": "00:01:18",
        "Tram": "5013",
        "Action": "a",
        "Msg Sent": "16/10/2019 21:57:57",
        "Msg Received": "16/10/2019 21:57:58",
        "Msg Processed": "16/10/2019 21:57:58",
        "XML ID": "36264",
        "Total Lag": "1.2303796",
        "Create Lag": "1.0741294",
        "Process Lag": "0.1562502"
      },
      {
        "Direction": "Inbound",
        "Destination": "Broombridge",
        "Time": "00:14:00",
        "AVLS": "00:14:40",
        "Tram": "5010",
        "Action": "a",
        "Msg Sent": "16/10/2019 21:58:00",
        "Msg Received": "16/10/2019 21:58:00",
        "Msg Processed": "16/10/2019 21:58:00",
        "XML ID": "36265",
        "Total Lag": "0.5116231",
        "Create Lag": "0.4959964",
        "Process Lag": "0.0156267"
      },
      {
        "Direction": "Outbound",
        "Destination": "Sandyford",
        "Time": "00:00:25",
        "AVLS": "00:01:05",
        "Tram": "5023",
        "Action": "a",
        "Msg Sent": "16/10/2019 21:57:57",
        "Msg Received": "16/10/2019 21:57:58",
        "Msg Processed": "16/10/2019 21:57:58",
        "XML ID": "36264",
        "Total Lag": "1.3241249",
        "Create Lag": "1.0741294",
        "Process Lag": "0.2499955"
      },
      {
        "Direction": "Outbound",
        "Destination": "Bride's Glen",
        "Time": "00:08:55",
        "AVLS": "00:09:35",
        "Tram": "5028",
        "Action": "a",
        "Msg Sent": "16/10/2019 21:57:57",
        "Msg Received": "16/10/2019 21:57:58",
        "Msg Processed": "16/10/2019 21:57:58",
        "XML ID": "36264",
        "Total Lag": "1.3710068",
        "Create Lag": "1.0741294",
        "Process Lag": "0.2968774"
      }
    ]
  },
  {
    "stopID": "55",
    "stopQueryTime": 1571259481023,
    "count": 2,
    "results": [
      {
        "Direction": "Inbound",
        "Destination": "The Point",
        "Time": "00:04:36",
        "AVLS": "00:05:16",
        "Tram": "3002",
        "Action": "a",
        "Msg Sent": "16/10/2019 21:57:56",
        "Msg Received": "16/10/2019 21:57:56",
        "Msg Processed": "16/10/2019 21:57:56",
        "XML ID": "36263",
        "Total Lag": "0.3710022",
        "Create Lag": "0.3553758",
        "Process Lag": "0.0156264"
      },
      {
        "Direction": "Outbound",
        "Destination": "Tallaght",
        "Time": "00:10:32",
        "AVLS": "00:11:12",
        "Tram": "4002",
        "Action": "a",
        "Msg Sent": "16/10/2019 21:57:56",
        "Msg Received": "16/10/2019 21:57:56",
        "Msg Processed": "16/10/2019 21:57:56",
        "XML ID": "36263",
        "Total Lag": "0.6210011",
        "Create Lag": "0.3553758",
        "Process Lag": "0.2656253"
      }
    ]
  },
  {
    "stopID": "7",
    "stopQueryTime": 1571259481027,
    "count": 4,
    "results": [
      {
        "Direction": "Inbound",
        "Destination": "The Point",
        "Time": "00:03:12",
        "AVLS": "00:03:52",
        "Tram": "3012",
        "Action": "a",
        "Msg Sent": "16/10/2019 21:57:56",
        "Msg Received": "16/10/2019 21:57:56",
        "Msg Processed": "16/10/2019 21:57:56",
        "XML ID": "36263",
        "Total Lag": "0.4335018",
        "Create Lag": "0.3553758",
        "Process Lag": "0.078126"
      },
      {
        "Direction": "Inbound",
        "Destination": "The Point",
        "Time": "00:16:40",
        "AVLS": "00:17:20",
        "Tram": "3016",
        "Action": "a",
        "Msg Sent": "16/10/2019 21:57:56",
        "Msg Received": "16/10/2019 21:57:56",
        "Msg Processed": "16/10/2019 21:57:56",
        "XML ID": "36263",
        "Total Lag": "0.5272513",
        "Create Lag": "0.3553758",
        "Process Lag": "0.1718755"
      },
      {
        "Direction": "Outbound",
        "Destination": "Tallaght",
        "Time": "00:05:57",
        "AVLS": "00:06:37",
        "Tram": "4009",
        "Action": "a",
        "Msg Sent": "16/10/2019 21:57:56",
        "Msg Received": "16/10/2019 21:57:56",
        "Msg Processed": "16/10/2019 21:57:56",
        "XML ID": "36263",
        "Total Lag": "0.6991264",
        "Create Lag": "0.3553758",
        "Process Lag": "0.3437506"
      },
      {
        "Direction": "Outbound",
        "Destination": "Tallaght",
        "Time": "00:18:00",
        "AVLS": "00:18:40",
        "Tram": "3009",
        "Action": "a",
        "Msg Sent": "16/10/2019 21:57:56",
        "Msg Received": "16/10/2019 21:57:56",
        "Msg Processed": "16/10/2019 21:57:56",
        "XML ID": "36263",
        "Total Lag": "0.4022506",
        "Create Lag": "0.3553758",
        "Process Lag": "0.0468748"
      }
    ]
  },
  {
    "stopID": "49",
    "stopQueryTime": 1571259481029,
    "count": 4,
    "results": [
      {
        "Direction": "Inbound",
        "Destination": "Belgard",
        "Time": "00:01:18",
        "AVLS": "00:01:58",
        "Tram": "3011",
        "Action": "a",
        "Msg Sent": "16/10/2019 21:57:56",
        "Msg Received": "16/10/2019 21:57:56",
        "Msg Processed": "16/10/2019 21:57:56",
        "XML ID": "36263",
        "Total Lag": "0.4178858",
        "Create Lag": "0.3553758",
        "Process Lag": "0.06251"
      },
      {
        "Direction": "Inbound",
        "Destination": "Belgard",
        "Time": "00:16:30",
        "AVLS": "00:17:10",
        "Tram": "3015",
        "Action": "a",
        "Msg Sent": "16/10/2019 21:57:56",
        "Msg Received": "16/10/2019 21:57:56",
        "Msg Processed": "16/10/2019 21:57:56",
        "XML ID": "36263",
        "Total Lag": "0.5116249",
        "Create Lag": "0.3553758",
        "Process Lag": "0.1562491"
      },
      {
        "Direction": "Outbound",
        "Destination": "Saggart",
        "Time": "00:01:31",
        "AVLS": "00:02:11",
        "Tram": "3018",
        "Action": "a",
        "Msg Sent": "16/10/2019 21:57:56",
        "Msg Received": "16/10/2019 21:57:56",
        "Msg Processed": "16/10/2019 21:57:56",
        "XML ID": "36263",
        "Total Lag": "0.5584966",
        "Create Lag": "0.3553758",
        "Process Lag": "0.2031208"
      },
      {
        "Direction": "Outbound",
        "Destination": "Saggart",
        "Time": "00:12:21",
        "AVLS": "00:13:01",
        "Tram": "3011",
        "Action": "a",
        "Msg Sent": "16/10/2019 21:57:56",
        "Msg Received": "16/10/2019 21:57:56",
        "Msg Processed": "16/10/2019 21:57:56",
        "XML ID": "36263",
        "Total Lag": "0.4335018",
        "Create Lag": "0.3553758",
        "Process Lag": "0.078126"
      }
    ]
  },
  {
    "stopID": "47",
    "stopQueryTime": 1571259481031,
    "count": 3,
    "results": [
      {
        "Direction": "Inbound",
        "Destination": "Broombridge",
        "Time": "00:02:32",
        "AVLS": "00:03:12",
        "Tram": "5003",
        "Action": "a",
        "Msg Sent": "16/10/2019 21:57:57",
        "Msg Received": "16/10/2019 21:57:58",
        "Msg Processed": "16/10/2019 21:57:58",
        "XML ID": "36264",
        "Total Lag": "1.1053928",
        "Create Lag": "1.0741294",
        "Process Lag": "0.0312634"
      },
      {
        "Direction": "Inbound",
        "Destination": "Broombridge",
        "Time": "00:17:29",
        "AVLS": "00:18:09",
        "Tram": "5030",
        "Action": "a",
        "Msg Sent": "16/10/2019 21:58:00",
        "Msg Received": "16/10/2019 21:58:00",
        "Msg Processed": "16/10/2019 21:58:00",
        "XML ID": "36265",
        "Total Lag": "0.5272471",
        "Create Lag": "0.4959964",
        "Process Lag": "0.0312507"
      },
      {
        "Direction": "Outbound",
        "Destination": "Bride's Glen",
        "Time": "00:03:39",
        "AVLS": "00:04:19",
        "Tram": "5030",
        "Action": "a",
        "Msg Sent": "16/10/2019 21:58:00",
        "Msg Received": "16/10/2019 21:58:00",
        "Msg Processed": "16/10/2019 21:58:00",
        "XML ID": "36265",
        "Total Lag": "0.5272471",
        "Create Lag": "0.4959964",
        "Process Lag": "0.0312507"
      }
    ]
  },
  {
    "stopID": "31",
    "stopQueryTime": 1571259481035,
    "count": 3,
    "results": [
      {
        "Direction": "Inbound",
        "Destination": "Broombridge",
        "Time": "00:12:13",
        "AVLS": "00:12:53",
        "Tram": "5010",
        "Action": "a",
        "Msg Sent": "16/10/2019 21:58:00",
        "Msg Received": "16/10/2019 21:58:00",
        "Msg Processed": "16/10/2019 21:58:00",
        "XML ID": "36265",
        "Total Lag": "0.4959964",
        "Create Lag": "0.4959964",
        "Process Lag": "0"
      },
      {
        "Direction": "Outbound",
        "Destination": "Sandyford",
        "Time": "00:02:13",
        "AVLS": "00:02:53",
        "Tram": "5023",
        "Action": "a",
        "Msg Sent": "16/10/2019 21:57:57",
        "Msg Received": "16/10/2019 21:57:58",
        "Msg Processed": "16/10/2019 21:57:58",
        "XML ID": "36264",
        "Total Lag": "1.3241249",
        "Create Lag": "1.0741294",
        "Process Lag": "0.2499955"
      },
      {
        "Direction": "Outbound",
        "Destination": "Bride's Glen",
        "Time": "00:10:43",
        "AVLS": "00:11:23",
        "Tram": "5028",
        "Action": "a",
        "Msg Sent": "16/10/2019 21:57:57",
        "Msg Received": "16/10/2019 21:57:58",
        "Msg Processed": "16/10/2019 21:57:58",
        "XML ID": "36264",
        "Total Lag": "1.3710068",
        "Create Lag": "1.0741294",
        "Process Lag": "0.2968774"
      }
    ]
  },
  {
    "stopID": "56",
    "stopQueryTime": 1571259481040,
    "count": 2,
    "results": [
      {
        "Direction": "Inbound",
        "Destination": "The Point",
        "Time": "00:06:15",
        "AVLS": "00:06:55",
        "Tram": "3002",
        "Action": "a",
        "Msg Sent": "16/10/2019 21:57:56",
        "Msg Received": "16/10/2019 21:57:56",
        "Msg Processed": "16/10/2019 21:57:56",
        "XML ID": "36263",
        "Total Lag": "0.3710022",
        "Create Lag": "0.3553758",
        "Process Lag": "0.0156264"
      },
      {
        "Direction": "Outbound",
        "Destination": "Tallaght",
        "Time": "00:08:33",
        "AVLS": "00:09:13",
        "Tram": "4002",
        "Action": "a",
        "Msg Sent": "16/10/2019 21:57:56",
        "Msg Received": "16/10/2019 21:57:56",
        "Msg Processed": "16/10/2019 21:57:56",
        "XML ID": "36263",
        "Total Lag": "0.6210011",
        "Create Lag": "0.3553758",
        "Process Lag": "0.2656253"
      }
    ]
  },
  {
    "stopID": "35",
    "stopQueryTime": 1571259481042,
    "count": 4,
    "results": [
      {
        "Direction": "Inbound",
        "Destination": "Broombridge",
        "Time": "00:04:49",
        "AVLS": "00:05:29",
        "Tram": "5010",
        "Action": "a",
        "Msg Sent": "16/10/2019 21:57:57",
        "Msg Received": "16/10/2019 21:57:58",
        "Msg Processed": "16/10/2019 21:57:58",
        "XML ID": "36264",
        "Total Lag": "1.4178772",
        "Create Lag": "1.0741294",
        "Process Lag": "0.3437478"
      },
      {
        "Direction": "Outbound",
        "Destination": "Bride's Glen",
        "Time": "00:01:21",
        "AVLS": "00:02:01",
        "Tram": "5002",
        "Action": "a",
        "Msg Sent": "16/10/2019 21:57:56",
        "Msg Received": "16/10/2019 21:57:56",
        "Msg Processed": "16/10/2019 21:57:56",
        "XML ID": "36263",
        "Total Lag": "0.714757",
        "Create Lag": "0.3553758",
        "Process Lag": "0.3593812"
      },
      {
        "Direction": "Outbound",
        "Destination": "Sandyford",
        "Time": "00:08:50",
        "AVLS": "00:09:30",
        "Tram": "5023",
        "Action": "a",
        "Msg Sent": "16/10/2019 21:57:57",
        "Msg Received": "16/10/2019 21:57:58",
        "Msg Processed": "16/10/2019 21:57:58",
        "XML ID": "36264",
        "Total Lag": "1.3397504",
        "Create Lag": "1.0741294",
        "Process Lag": "0.265621"
      },
      {
        "Direction": "Outbound",
        "Destination": "Bride's Glen",
        "Time": "00:17:20",
        "AVLS": "00:18:00",
        "Tram": "5028",
        "Action": "a",
        "Msg Sent": "16/10/2019 21:57:57",
        "Msg Received": "16/10/2019 21:57:58",
        "Msg Processed": "16/10/2019 21:57:58",
        "XML ID": "36264",
        "Total Lag": "1.3866425",
        "Create Lag": "1.0741294",
        "Process Lag": "0.3125131"
      }
    ]
  },
  {
    "stopID": "25",
    "stopQueryTime": 1571259481045,
    "count": 3,
    "results": [
      {
        "Direction": "Inbound",
        "Destination": "Broombridge",
        "Time": "00:08:54",
        "AVLS": "00:09:34",
        "Tram": "5013",
        "Action": "a",
        "Msg Sent": "16/10/2019 21:57:57",
        "Msg Received": "16/10/2019 21:57:58",
        "Msg Processed": "16/10/2019 21:57:58",
        "XML ID": "36264",
        "Total Lag": "1.2616248",
        "Create Lag": "1.0741294",
        "Process Lag": "0.1874954"
      },
      {
        "Direction": "Outbound",
        "Destination": "Bride's Glen",
        "Time": "00:00:00",
        "AVLS": "00:00:19",
        "Tram": "5028",
        "Action": "a",
        "Msg Sent": "16/10/2019 21:57:57",
        "Msg Received": "16/10/2019 21:57:58",
        "Msg Processed": "16/10/2019 21:57:58",
        "XML ID": "36264",
        "Total Lag": "1.3553731",
        "Create Lag": "1.0741294",
        "Process Lag": "0.2812437"
      },
      {
        "Direction": "Outbound",
        "Destination": "Bride's Glen",
        "Time": "00:14:27",
        "AVLS": "00:15:07",
        "Tram": "5012",
        "Action": "a",
        "Msg Sent": "16/10/2019 21:57:57",
        "Msg Received": "16/10/2019 21:57:58",
        "Msg Processed": "16/10/2019 21:57:58",
        "XML ID": "36264",
        "Total Lag": "1.2303796",
        "Create Lag": "1.0741294",
        "Process Lag": "0.1562502"
      }
    ]
  },
  {
    "stopID": "22",
    "stopQueryTime": 1571259481047,
    "count": 4,
    "results": [
      {
        "Direction": "Inbound",
        "Destination": "The Point",
        "Time": "00:01:26",
        "AVLS": "00:02:06",
        "Tram": "3002",
        "Action": "a",
        "Msg Sent": "16/10/2019 21:57:56",
        "Msg Received": "16/10/2019 21:57:56",
        "Msg Processed": "16/10/2019 21:57:56",
        "XML ID": "36263",
        "Total Lag": "0.3553758",
        "Create Lag": "0.3553758",
        "Process Lag": "0"
      },
      {
        "Direction": "Inbound",
        "Destination": "The Point",
        "Time": "00:18:34",
        "AVLS": "00:19:14",
        "Tram": "3025",
        "Action": "a",
        "Msg Sent": "16/10/2019 21:57:56",
        "Msg Received": "16/10/2019 21:57:56",
        "Msg Processed": "16/10/2019 21:57:56",
        "XML ID": "36263",
        "Total Lag": "0.6210011",
        "Create Lag": "0.3553758",
        "Process Lag": "0.2656253"
      },
      {
        "Direction": "Outbound",
        "Destination": "Tallaght",
        "Time": "00:02:15",
        "AVLS": "00:02:55",
        "Tram": "4006",
        "Action": "a",
        "Msg Sent": "16/10/2019 21:57:56",
        "Msg Received": "16/10/2019 21:57:56",
        "Msg Processed": "16/10/2019 21:57:56",
        "XML ID": "36263",
        "Total Lag": "0.6522505",
        "Create Lag": "0.3553758",
        "Process Lag": "0.2968747"
      },
      {
        "Direction": "Outbound",
        "Destination": "Tallaght",
        "Time": "00:13:56",
        "AVLS": "00:14:36",
        "Tram": "4002",
        "Action": "a",
        "Msg Sent": "16/10/2019 21:57:56",
        "Msg Received": "16/10/2019 21:57:56",
        "Msg Processed": "16/10/2019 21:57:56",
        "XML ID": "36263",
        "Total Lag": "0.6366264",
        "Create Lag": "0.3553758",
        "Process Lag": "0.2812506"
      }
    ]
  },
  {
    "stopID": "17",
    "stopQueryTime": 1571259481052,
    "count": 4,
    "results": [
      {
        "Direction": "Inbound",
        "Destination": "The Point",
        "Time": "00:06:54",
        "AVLS": "00:07:34",
        "Tram": "3025",
        "Action": "a",
        "Msg Sent": "16/10/2019 21:57:56",
        "Msg Received": "16/10/2019 21:57:56",
        "Msg Processed": "16/10/2019 21:57:56",
        "XML ID": "36263",
        "Total Lag": "0.6053901",
        "Create Lag": "0.3553758",
        "Process Lag": "0.2500143"
      },
      {
        "Direction": "Inbound",
        "Destination": "The Point",
        "Time": "00:19:20",
        "AVLS": "00:20:00",
        "Tram": "3012",
        "Action": "a",
        "Msg Sent": "16/10/2019 21:57:56",
        "Msg Received": "16/10/2019 21:57:56",
        "Msg Processed": "16/10/2019 21:57:56",
        "XML ID": "36263",
        "Total Lag": "0.4647512",
        "Create Lag": "0.3553758",
        "Process Lag": "0.1093754"
      },
      {
        "Direction": "Outbound",
        "Destination": "Tallaght",
        "Time": "00:01:04",
        "AVLS": "00:01:44",
        "Tram": "3009",
        "Action": "a",
        "Msg Sent": "16/10/2019 21:57:56",
        "Msg Received": "16/10/2019 21:57:56",
        "Msg Processed": "16/10/2019 21:57:56",
        "XML ID": "36263",
        "Total Lag": "0.3710022",
        "Create Lag": "0.3553758",
        "Process Lag": "0.0156264"
      },
      {
        "Direction": "Outbound",
        "Destination": "Tallaght",
        "Time": "00:13:44",
        "AVLS": "00:14:24",
        "Tram": "4006",
        "Action": "a",
        "Msg Sent": "16/10/2019 21:57:56",
        "Msg Received": "16/10/2019 21:57:56",
        "Msg Processed": "16/10/2019 21:57:56",
        "XML ID": "36263",
        "Total Lag": "0.6678748",
        "Create Lag": "0.3553758",
        "Process Lag": "0.312499"
      }
    ]
  },
  {
    "stopID": "53",
    "stopQueryTime": 1571259481054,
    "count": 3,
    "results": [
      {
        "Direction": "Inbound",
        "Destination": "Belgard",
        "Time": "00:09:24",
        "AVLS": "00:10:04",
        "Tram": "3015",
        "Action": "d",
        "Msg Sent": "16/10/2019 21:57:56",
        "Msg Received": "16/10/2019 21:57:56",
        "Msg Processed": "16/10/2019 21:57:56",
        "XML ID": "36263",
        "Total Lag": "0.496",
        "Create Lag": "0.3553758",
        "Process Lag": "0.1406242"
      },
      {
        "Direction": "Terminating",
        "Destination": "Saggart",
        "Time": "00:00:00",
        "AVLS": "00:00:06",
        "Tram": "3015",
        "Action": "a",
        "Msg Sent": "16/10/2019 21:57:56",
        "Msg Received": "16/10/2019 21:57:56",
        "Msg Processed": "16/10/2019 21:57:56",
        "XML ID": "36263",
        "Total Lag": "0.496",
        "Create Lag": "0.3553758",
        "Process Lag": "0.1406242"
      },
      {
        "Direction": "Terminating",
        "Destination": "Saggart",
        "Time": "00:08:34",
        "AVLS": "00:09:14",
        "Tram": "3018",
        "Action": "a",
        "Msg Sent": "16/10/2019 21:57:56",
        "Msg Received": "16/10/2019 21:57:56",
        "Msg Processed": "16/10/2019 21:57:56",
        "XML ID": "36263",
        "Total Lag": "0.5897589",
        "Create Lag": "0.3553758",
        "Process Lag": "0.2343831"
      }
    ]
  },
  {
    "stopID": "16",
    "stopQueryTime": 1571259481060,
    "count": 4,
    "results": [
      {
        "Direction": "Inbound",
        "Destination": "The Point",
        "Time": "00:04:30",
        "AVLS": "00:05:10",
        "Tram": "3025",
        "Action": "a",
        "Msg Sent": "16/10/2019 21:57:56",
        "Msg Received": "16/10/2019 21:57:56",
        "Msg Processed": "16/10/2019 21:57:56",
        "XML ID": "36263",
        "Total Lag": "0.6053901",
        "Create Lag": "0.3553758",
        "Process Lag": "0.2500143"
      },
      {
        "Direction": "Inbound",
        "Destination": "The Point",
        "Time": "00:16:56",
        "AVLS": "00:17:36",
        "Tram": "3012",
        "Action": "a",
        "Msg Sent": "16/10/2019 21:57:56",
        "Msg Received": "16/10/2019 21:57:56",
        "Msg Processed": "16/10/2019 21:57:56",
        "XML ID": "36263",
        "Total Lag": "0.4647512",
        "Create Lag": "0.3553758",
        "Process Lag": "0.1093754"
      },
      {
        "Direction": "Outbound",
        "Destination": "Tallaght",
        "Time": "00:03:03",
        "AVLS": "00:03:43",
        "Tram": "3009",
        "Action": "a",
        "Msg Sent": "16/10/2019 21:57:56",
        "Msg Received": "16/10/2019 21:57:56",
        "Msg Processed": "16/10/2019 21:57:56",
        "XML ID": "36263",
        "Total Lag": "0.3710022",
        "Create Lag": "0.3553758",
        "Process Lag": "0.0156264"
      },
      {
        "Direction": "Outbound",
        "Destination": "Tallaght",
        "Time": "00:15:43",
        "AVLS": "00:16:23",
        "Tram": "4006",
        "Action": "a",
        "Msg Sent": "16/10/2019 21:57:56",
        "Msg Received": "16/10/2019 21:57:56",
        "Msg Processed": "16/10/2019 21:57:56",
        "XML ID": "36263",
        "Total Lag": "0.6678748",
        "Create Lag": "0.3553758",
        "Process Lag": "0.312499"
      }
    ]
  },
  {
    "stopID": "34",
    "stopQueryTime": 1571259481062,
    "count": 4,
    "results": [
      {
        "Direction": "Inbound",
        "Destination": "Broombridge",
        "Time": "00:06:49",
        "AVLS": "00:07:29",
        "Tram": "5010",
        "Action": "a",
        "Msg Sent": "16/10/2019 21:57:57",
        "Msg Received": "16/10/2019 21:57:58",
        "Msg Processed": "16/10/2019 21:57:58",
        "XML ID": "36264",
        "Total Lag": "1.4178772",
        "Create Lag": "1.0741294",
        "Process Lag": "0.3437478"
      },
      {
        "Direction": "Outbound",
        "Destination": "Bride's Glen",
        "Time": "00:00:00",
        "AVLS": "00:00:22",
        "Tram": "5002",
        "Action": "a",
        "Msg Sent": "16/10/2019 21:57:56",
        "Msg Received": "16/10/2019 21:57:56",
        "Msg Processed": "16/10/2019 21:57:56",
        "XML ID": "36263",
        "Total Lag": "0.714757",
        "Create Lag": "0.3553758",
        "Process Lag": "0.3593812"
      },
      {
        "Direction": "Outbound",
        "Destination": "Sandyford",
        "Time": "00:07:11",
        "AVLS": "00:07:51",
        "Tram": "5023",
        "Action": "a",
        "Msg Sent": "16/10/2019 21:57:57",
        "Msg Received": "16/10/2019 21:57:58",
        "Msg Processed": "16/10/2019 21:57:58",
        "XML ID": "36264",
        "Total Lag": "1.3397504",
        "Create Lag": "1.0741294",
        "Process Lag": "0.265621"
      },
      {
        "Direction": "Outbound",
        "Destination": "Bride's Glen",
        "Time": "00:15:41",
        "AVLS": "00:16:21",
        "Tram": "5028",
        "Action": "a",
        "Msg Sent": "16/10/2019 21:57:57",
        "Msg Received": "16/10/2019 21:57:58",
        "Msg Processed": "16/10/2019 21:57:58",
        "XML ID": "36264",
        "Total Lag": "1.3710068",
        "Create Lag": "1.0741294",
        "Process Lag": "0.2968774"
      }
    ]
  },
  {
    "stopID": "52",
    "stopQueryTime": 1571259481065,
    "count": 3,
    "results": [
      {
        "Direction": "Inbound",
        "Destination": "Belgard",
        "Time": "00:11:39",
        "AVLS": "00:12:19",
        "Tram": "3015",
        "Action": "a",
        "Msg Sent": "16/10/2019 21:57:56",
        "Msg Received": "16/10/2019 21:57:56",
        "Msg Processed": "16/10/2019 21:57:56",
        "XML ID": "36263",
        "Total Lag": "0.496",
        "Create Lag": "0.3553758",
        "Process Lag": "0.1406242"
      },
      {
        "Direction": "Outbound",
        "Destination": "Saggart",
        "Time": "00:06:21",
        "AVLS": "00:07:01",
        "Tram": "3018",
        "Action": "a",
        "Msg Sent": "16/10/2019 21:57:56",
        "Msg Received": "16/10/2019 21:57:56",
        "Msg Processed": "16/10/2019 21:57:56",
        "XML ID": "36263",
        "Total Lag": "0.5741338",
        "Create Lag": "0.3553758",
        "Process Lag": "0.218758"
      },
      {
        "Direction": "Outbound",
        "Destination": "Saggart",
        "Time": "00:17:11",
        "AVLS": "00:17:51",
        "Tram": "3011",
        "Action": "a",
        "Msg Sent": "16/10/2019 21:57:56",
        "Msg Received": "16/10/2019 21:57:56",
        "Msg Processed": "16/10/2019 21:57:56",
        "XML ID": "36263",
        "Total Lag": "0.4335018",
        "Create Lag": "0.3553758",
        "Process Lag": "0.078126"
      }
    ]
  },
  {
    "stopID": "13",
    "stopQueryTime": 1571259481067,
    "count": 3,
    "results": [
      {
        "Direction": "Inbound",
        "Destination": "The Point",
        "Time": "00:00:00",
        "AVLS": "00:00:00",
        "Tram": "3025",
        "Action": "a",
        "Msg Sent": "16/10/2019 21:57:52",
        "Msg Received": "16/10/2019 21:57:52",
        "Msg Processed": "16/10/2019 21:57:52",
        "XML ID": "36262",
        "Total Lag": "0.4960045",
        "Create Lag": "0.4491267",
        "Process Lag": "0.0468778"
      },
      {
        "Direction": "Inbound",
        "Destination": "The Point",
        "Time": "00:11:41",
        "AVLS": "00:12:21",
        "Tram": "3012",
        "Action": "a",
        "Msg Sent": "16/10/2019 21:57:56",
        "Msg Received": "16/10/2019 21:57:56",
        "Msg Processed": "16/10/2019 21:57:56",
        "XML ID": "36263",
        "Total Lag": "0.4647512",
        "Create Lag": "0.3553758",
        "Process Lag": "0.1093754"
      },
      {
        "Direction": "Outbound",
        "Destination": "Tallaght",
        "Time": "00:09:13",
        "AVLS": "00:09:53",
        "Tram": "3009",
        "Action": "a",
        "Msg Sent": "16/10/2019 21:57:56",
        "Msg Received": "16/10/2019 21:57:56",
        "Msg Processed": "16/10/2019 21:57:56",
        "XML ID": "36263",
        "Total Lag": "0.3866254",
        "Create Lag": "0.3553758",
        "Process Lag": "0.0312496"
      }
    ]
  },
  {
    "stopID": "50",
    "stopQueryTime": 1571259481070,
    "count": 4,
    "results": [
      {
        "Direction": "Inbound",
        "Destination": "Belgard",
        "Time": "00:00:00",
        "AVLS": "00:00:10",
        "Tram": "3011",
        "Action": "a",
        "Msg Sent": "16/10/2019 21:57:56",
        "Msg Received": "16/10/2019 21:57:56",
        "Msg Processed": "16/10/2019 21:57:56",
        "XML ID": "36263",
        "Total Lag": "0.4178858",
        "Create Lag": "0.3553758",
        "Process Lag": "0.06251"
      },
      {
        "Direction": "Inbound",
        "Destination": "Belgard",
        "Time": "00:14:42",
        "AVLS": "00:15:22",
        "Tram": "3015",
        "Action": "a",
        "Msg Sent": "16/10/2019 21:57:56",
        "Msg Received": "16/10/2019 21:57:56",
        "Msg Processed": "16/10/2019 21:57:56",
        "XML ID": "36263",
        "Total Lag": "0.496",
        "Create Lag": "0.3553758",
        "Process Lag": "0.1406242"
      },
      {
        "Direction": "Outbound",
        "Destination": "Saggart",
        "Time": "00:03:17",
        "AVLS": "00:03:57",
        "Tram": "3018",
        "Action": "a",
        "Msg Sent": "16/10/2019 21:57:56",
        "Msg Received": "16/10/2019 21:57:56",
        "Msg Processed": "16/10/2019 21:57:56",
        "XML ID": "36263",
        "Total Lag": "0.5741338",
        "Create Lag": "0.3553758",
        "Process Lag": "0.218758"
      },
      {
        "Direction": "Outbound",
        "Destination": "Saggart",
        "Time": "00:14:07",
        "AVLS": "00:14:47",
        "Tram": "3011",
        "Action": "a",
        "Msg Sent": "16/10/2019 21:57:56",
        "Msg Received": "16/10/2019 21:57:56",
        "Msg Processed": "16/10/2019 21:57:56",
        "XML ID": "36263",
        "Total Lag": "0.4335018",
        "Create Lag": "0.3553758",
        "Process Lag": "0.078126"
      }
    ]
  },
  {
    "stopID": "27",
    "stopQueryTime": 1571259481075,
    "count": 4,
    "results": [
      {
        "Direction": "Inbound",
        "Destination": "Broombridge",
        "Time": "00:05:23",
        "AVLS": "00:06:03",
        "Tram": "5013",
        "Action": "a",
        "Msg Sent": "16/10/2019 21:57:57",
        "Msg Received": "16/10/2019 21:57:58",
        "Msg Processed": "16/10/2019 21:57:58",
        "XML ID": "36264",
        "Total Lag": "1.2460064",
        "Create Lag": "1.0741294",
        "Process Lag": "0.171877"
      },
      {
        "Direction": "Inbound",
        "Destination": "Broombridge",
        "Time": "00:18:45",
        "AVLS": "00:19:25",
        "Tram": "5010",
        "Action": "a",
        "Msg Sent": "16/10/2019 21:58:00",
        "Msg Received": "16/10/2019 21:58:00",
        "Msg Processed": "16/10/2019 21:58:00",
        "XML ID": "36265",
        "Total Lag": "0.5116231",
        "Create Lag": "0.4959964",
        "Process Lag": "0.0156267"
      },
      {
        "Direction": "Outbound",
        "Destination": "Bride's Glen",
        "Time": "00:03:47",
        "AVLS": "00:04:27",
        "Tram": "5028",
        "Action": "a",
        "Msg Sent": "16/10/2019 21:57:57",
        "Msg Received": "16/10/2019 21:57:58",
        "Msg Processed": "16/10/2019 21:57:58",
        "XML ID": "36264",
        "Total Lag": "1.3553731",
        "Create Lag": "1.0741294",
        "Process Lag": "0.2812437"
      },
      {
        "Direction": "Outbound",
        "Destination": "Bride's Glen",
        "Time": "00:18:35",
        "AVLS": "00:19:15",
        "Tram": "5012",
        "Action": "a",
        "Msg Sent": "16/10/2019 21:57:57",
        "Msg Received": "16/10/2019 21:57:58",
        "Msg Processed": "16/10/2019 21:57:58",
        "XML ID": "36264",
        "Total Lag": "1.2303796",
        "Create Lag": "1.0741294",
        "Process Lag": "0.1562502"
      }
    ]
  },
  {
    "stopID": "28",
    "stopQueryTime": 1571259481077,
    "count": 3,
    "results": [
      {
        "Direction": "Inbound",
        "Destination": "Broombridge",
        "Time": "00:03:52",
        "AVLS": "00:04:32",
        "Tram": "5013",
        "Action": "a",
        "Msg Sent": "16/10/2019 21:57:57",
        "Msg Received": "16/10/2019 21:57:58",
        "Msg Processed": "16/10/2019 21:57:58",
        "XML ID": "36264",
        "Total Lag": "1.2460064",
        "Create Lag": "1.0741294",
        "Process Lag": "0.171877"
      },
      {
        "Direction": "Inbound",
        "Destination": "Broombridge",
        "Time": "00:17:14",
        "AVLS": "00:17:54",
        "Tram": "5010",
        "Action": "a",
        "Msg Sent": "16/10/2019 21:58:00",
        "Msg Received": "16/10/2019 21:58:00",
        "Msg Processed": "16/10/2019 21:58:00",
        "XML ID": "36265",
        "Total Lag": "0.5116231",
        "Create Lag": "0.4959964",
        "Process Lag": "0.0156267"
      },
      {
        "Direction": "Outbound",
        "Destination": "Bride's Glen",
        "Time": "00:05:41",
        "AVLS": "00:06:21",
        "Tram": "5028",
        "Action": "a",
        "Msg Sent": "16/10/2019 21:57:57",
        "Msg Received": "16/10/2019 21:57:58",
        "Msg Processed": "16/10/2019 21:57:58",
        "XML ID": "36264",
        "Total Lag": "1.3553731",
        "Create Lag": "1.0741294",
        "Process Lag": "0.2812437"
      }
    ]
  },
  {
    "stopID": "4",
    "stopQueryTime": 1571259481079,
    "count": 5,
    "results": [
      {
        "Direction": "Inbound",
        "Destination": "The Point",
        "Time": "00:07:24",
        "AVLS": "00:08:04",
        "Tram": "3016",
        "Action": "a",
        "Msg Sent": "16/10/2019 21:57:56",
        "Msg Received": "16/10/2019 21:57:56",
        "Msg Processed": "16/10/2019 21:57:56",
        "XML ID": "36263",
        "Total Lag": "0.5272513",
        "Create Lag": "0.3553758",
        "Process Lag": "0.1718755"
      },
      {
        "Direction": "Outbound",
        "Destination": "Tallaght",
        "Time": "00:03:51",
        "AVLS": "00:04:31",
        "Tram": "3017",
        "Action": "a",
        "Msg Sent": "16/10/2019 21:57:56",
        "Msg Received": "16/10/2019 21:57:56",
        "Msg Processed": "16/10/2019 21:57:56",
        "XML ID": "36263",
        "Total Lag": "0.5428761",
        "Create Lag": "0.3553758",
        "Process Lag": "0.1875003"
      },
      {
        "Direction": "Outbound",
        "Destination": "Saggart",
        "Time": "00:08:54",
        "AVLS": "00:09:34",
        "Tram": "3011",
        "Action": "a",
        "Msg Sent": "16/10/2019 21:57:56",
        "Msg Received": "16/10/2019 21:57:56",
        "Msg Processed": "16/10/2019 21:57:56",
        "XML ID": "36263",
        "Total Lag": "0.4178858",
        "Create Lag": "0.3553758",
        "Process Lag": "0.06251"
      },
      {
        "Direction": "Outbound",
        "Destination": "Tallaght",
        "Time": "00:15:00",
        "AVLS": "00:15:40",
        "Tram": "4009",
        "Action": "a",
        "Msg Sent": "16/10/2019 21:57:56",
        "Msg Received": "16/10/2019 21:57:56",
        "Msg Processed": "16/10/2019 21:57:56",
        "XML ID": "36263",
        "Total Lag": "0.6991264",
        "Create Lag": "0.3553758",
        "Process Lag": "0.3437506"
      },
      {
        "Direction": "Outbound",
        "Destination": "Saggart",
        "Time": "00:18:54",
        "AVLS": "00:19:34",
        "Tram": "3014",
        "Action": "a",
        "Msg Sent": "16/10/2019 21:57:56",
        "Msg Received": "16/10/2019 21:57:56",
        "Msg Processed": "16/10/2019 21:57:56",
        "XML ID": "36263",
        "Total Lag": "0.4803727",
        "Create Lag": "0.3553758",
        "Process Lag": "0.1249969"
      }
    ]
  },
  {
    "stopID": "8",
    "stopQueryTime": 1571259481082,
    "count": 4,
    "results": [
      {
        "Direction": "Inbound",
        "Destination": "The Point",
        "Time": "00:04:43",
        "AVLS": "00:05:23",
        "Tram": "3012",
        "Action": "a",
        "Msg Sent": "16/10/2019 21:57:56",
        "Msg Received": "16/10/2019 21:57:56",
        "Msg Processed": "16/10/2019 21:57:56",
        "XML ID": "36263",
        "Total Lag": "0.4491339",
        "Create Lag": "0.3553758",
        "Process Lag": "0.0937581"
      },
      {
        "Direction": "Inbound",
        "Destination": "The Point",
        "Time": "00:18:11",
        "AVLS": "00:18:51",
        "Tram": "3016",
        "Action": "a",
        "Msg Sent": "16/10/2019 21:57:56",
        "Msg Received": "16/10/2019 21:57:56",
        "Msg Processed": "16/10/2019 21:57:56",
        "XML ID": "36263",
        "Total Lag": "0.5272513",
        "Create Lag": "0.3553758",
        "Process Lag": "0.1718755"
      },
      {
        "Direction": "Outbound",
        "Destination": "Tallaght",
        "Time": "00:04:23",
        "AVLS": "00:05:03",
        "Tram": "4009",
        "Action": "a",
        "Msg Sent": "16/10/2019 21:57:56",
        "Msg Received": "16/10/2019 21:57:56",
        "Msg Processed": "16/10/2019 21:57:56",
        "XML ID": "36263",
        "Total Lag": "0.6835093",
        "Create Lag": "0.3553758",
        "Process Lag": "0.3281335"
      },
      {
        "Direction": "Outbound",
        "Destination": "Tallaght",
        "Time": "00:16:26",
        "AVLS": "00:17:06",
        "Tram": "3009",
        "Action": "a",
        "Msg Sent": "16/10/2019 21:57:56",
        "Msg Received": "16/10/2019 21:57:56",
        "Msg Processed": "16/10/2019 21:57:56",
        "XML ID": "36263",
        "Total Lag": "0.4022506",
        "Create Lag": "0.3553758",
        "Process Lag": "0.0468748"
      }
    ]
  },
  {
    "stopID": "2",
    "stopQueryTime": 1571259481091,
    "count": 5,
    "results": [
      {
        "Direction": "Inbound",
        "Destination": "The Point",
        "Time": "00:02:38",
        "AVLS": "00:03:18",
        "Tram": "3016",
        "Action": "a",
        "Msg Sent": "16/10/2019 21:57:56",
        "Msg Received": "16/10/2019 21:57:56",
        "Msg Processed": "16/10/2019 21:57:56",
        "XML ID": "36263",
        "Total Lag": "0.5116249",
        "Create Lag": "0.3553758",
        "Process Lag": "0.1562491"
      },
      {
        "Direction": "Inbound",
        "Destination": "The Point",
        "Time": "00:17:38",
        "AVLS": "00:18:18",
        "Tram": "3017",
        "Action": "a",
        "Msg Sent": "16/10/2019 21:57:56",
        "Msg Received": "16/10/2019 21:57:56",
        "Msg Processed": "16/10/2019 21:57:56",
        "XML ID": "36263",
        "Total Lag": "0.5584966",
        "Create Lag": "0.3553758",
        "Process Lag": "0.2031208"
      },
      {
        "Direction": "Outbound",
        "Destination": "Tallaght",
        "Time": "00:00:05",
        "AVLS": "00:00:45",
        "Tram": "3014",
        "Action": "a",
        "Msg Sent": "16/10/2019 21:57:56",
        "Msg Received": "16/10/2019 21:57:56",
        "Msg Processed": "16/10/2019 21:57:56",
        "XML ID": "36263",
        "Total Lag": "0.4803727",
        "Create Lag": "0.3553758",
        "Process Lag": "0.1249969"
      },
      {
        "Direction": "Outbound",
        "Destination": "Tallaght",
        "Time": "00:07:45",
        "AVLS": "00:08:25",
        "Tram": "3017",
        "Action": "a",
        "Msg Sent": "16/10/2019 21:57:56",
        "Msg Received": "16/10/2019 21:57:56",
        "Msg Processed": "16/10/2019 21:57:56",
        "XML ID": "36263",
        "Total Lag": "0.5428761",
        "Create Lag": "0.3553758",
        "Process Lag": "0.1875003"
      },
      {
        "Direction": "Outbound",
        "Destination": "Tallaght",
        "Time": "00:18:54",
        "AVLS": "00:19:34",
        "Tram": "4009",
        "Action": "a",
        "Msg Sent": "16/10/2019 21:57:56",
        "Msg Received": "16/10/2019 21:57:56",
        "Msg Processed": "16/10/2019 21:57:56",
        "XML ID": "36263",
        "Total Lag": "0.714757",
        "Create Lag": "0.3553758",
        "Process Lag": "0.3593812"
      }
    ]
  }
]